[0.098s] DEBUG:colcon:Command line arguments: ['/usr/bin/colcon', 'build', '--packages-select', 'interbotix_xslocobot_descriptions', 'locobot_control_python']
[0.098s] DEBUG:colcon:Parsed command line arguments: Namespace(log_base=None, log_level=None, verb_name='build', build_base='build', install_base='install', merge_install=False, symlink_install=False, test_result_base=None, continue_on_error=False, executor='parallel', parallel_workers=16, event_handlers=None, ignore_user_meta=False, metas=['./colcon.meta'], base_paths=['.'], packages_ignore=None, packages_ignore_regex=None, paths=None, packages_up_to=None, packages_up_to_regex=None, packages_above=None, packages_above_and_dependencies=None, packages_above_depth=None, packages_select_by_dep=None, packages_skip_by_dep=None, packages_skip_up_to=None, packages_select_build_failed=False, packages_skip_build_finished=False, packages_select_test_failures=False, packages_skip_test_passed=False, packages_select=['interbotix_xslocobot_descriptions', 'locobot_control_python'], packages_skip=None, packages_select_regex=None, packages_skip_regex=None, packages_start=None, packages_end=None, cmake_args=None, cmake_target=None, cmake_target_skip_unavailable=False, cmake_clean_cache=False, cmake_clean_first=False, cmake_force_configure=False, ament_cmake_args=None, catkin_cmake_args=None, catkin_skip_building_tests=False, mixin_files=None, mixin=None, verb_parser=<colcon_mixin.mixin.mixin_argument.MixinArgumentDecorator object at 0x78eda02be4a0>, verb_extension=<colcon_core.verb.build.BuildVerb object at 0x78eda02bdf30>, main=<bound method BuildVerb.main of <colcon_core.verb.build.BuildVerb object at 0x78eda02bdf30>>, mixin_verb=('build',))
[0.236s] Level 1:colcon.colcon_core.package_discovery:discover_packages(colcon_meta) check parameters
[0.236s] Level 1:colcon.colcon_core.package_discovery:discover_packages(recursive) check parameters
[0.236s] Level 1:colcon.colcon_core.package_discovery:discover_packages(ignore) check parameters
[0.236s] Level 1:colcon.colcon_core.package_discovery:discover_packages(path) check parameters
[0.236s] Level 1:colcon.colcon_core.package_discovery:discover_packages(colcon_meta) discover
[0.236s] Level 1:colcon.colcon_core.package_discovery:discover_packages(recursive) discover
[0.236s] INFO:colcon.colcon_core.package_discovery:Crawling recursively for packages in '/home/wellyowo/locobot_sim/locobot_ws'
[0.236s] Level 1:colcon.colcon_core.package_identification:_identify(.) by extensions ['ignore', 'ignore_ament_install']
[0.236s] Level 1:colcon.colcon_core.package_identification:_identify(.) by extension 'ignore'
[0.236s] Level 1:colcon.colcon_core.package_identification:_identify(.) by extension 'ignore_ament_install'
[0.236s] Level 1:colcon.colcon_core.package_identification:_identify(.) by extensions ['colcon_pkg']
[0.236s] Level 1:colcon.colcon_core.package_identification:_identify(.) by extension 'colcon_pkg'
[0.236s] Level 1:colcon.colcon_core.package_identification:_identify(.) by extensions ['colcon_meta']
[0.236s] Level 1:colcon.colcon_core.package_identification:_identify(.) by extension 'colcon_meta'
[0.236s] Level 1:colcon.colcon_core.package_identification:_identify(.) by extensions ['ros']
[0.236s] Level 1:colcon.colcon_core.package_identification:_identify(.) by extension 'ros'
[0.243s] Level 1:colcon.colcon_core.package_identification:_identify(.) by extensions ['cmake', 'python']
[0.243s] Level 1:colcon.colcon_core.package_identification:_identify(.) by extension 'cmake'
[0.243s] Level 1:colcon.colcon_core.package_identification:_identify(.) by extension 'python'
[0.243s] Level 1:colcon.colcon_core.package_identification:_identify(.) by extensions ['python_setup_py']
[0.243s] Level 1:colcon.colcon_core.package_identification:_identify(.) by extension 'python_setup_py'
[0.244s] Level 1:colcon.colcon_core.package_identification:_identify(build) by extensions ['ignore', 'ignore_ament_install']
[0.244s] Level 1:colcon.colcon_core.package_identification:_identify(build) by extension 'ignore'
[0.244s] Level 1:colcon.colcon_core.package_identification:_identify(build) ignored
[0.244s] Level 1:colcon.colcon_core.package_identification:_identify(install) by extensions ['ignore', 'ignore_ament_install']
[0.244s] Level 1:colcon.colcon_core.package_identification:_identify(install) by extension 'ignore'
[0.244s] Level 1:colcon.colcon_core.package_identification:_identify(install) ignored
[0.244s] Level 1:colcon.colcon_core.package_identification:_identify(log) by extensions ['ignore', 'ignore_ament_install']
[0.244s] Level 1:colcon.colcon_core.package_identification:_identify(log) by extension 'ignore'
[0.244s] Level 1:colcon.colcon_core.package_identification:_identify(log) ignored
[0.244s] Level 1:colcon.colcon_core.package_identification:_identify(src) by extensions ['ignore', 'ignore_ament_install']
[0.244s] Level 1:colcon.colcon_core.package_identification:_identify(src) by extension 'ignore'
[0.244s] Level 1:colcon.colcon_core.package_identification:_identify(src) by extension 'ignore_ament_install'
[0.244s] Level 1:colcon.colcon_core.package_identification:_identify(src) by extensions ['colcon_pkg']
[0.244s] Level 1:colcon.colcon_core.package_identification:_identify(src) by extension 'colcon_pkg'
[0.244s] Level 1:colcon.colcon_core.package_identification:_identify(src) by extensions ['colcon_meta']
[0.244s] Level 1:colcon.colcon_core.package_identification:_identify(src) by extension 'colcon_meta'
[0.244s] Level 1:colcon.colcon_core.package_identification:_identify(src) by extensions ['ros']
[0.244s] Level 1:colcon.colcon_core.package_identification:_identify(src) by extension 'ros'
[0.244s] Level 1:colcon.colcon_core.package_identification:_identify(src) by extensions ['cmake', 'python']
[0.244s] Level 1:colcon.colcon_core.package_identification:_identify(src) by extension 'cmake'
[0.244s] Level 1:colcon.colcon_core.package_identification:_identify(src) by extension 'python'
[0.244s] Level 1:colcon.colcon_core.package_identification:_identify(src) by extensions ['python_setup_py']
[0.244s] Level 1:colcon.colcon_core.package_identification:_identify(src) by extension 'python_setup_py'
[0.244s] Level 1:colcon.colcon_core.package_identification:_identify(src/ThirdParty) by extensions ['ignore', 'ignore_ament_install']
[0.244s] Level 1:colcon.colcon_core.package_identification:_identify(src/ThirdParty) by extension 'ignore'
[0.244s] Level 1:colcon.colcon_core.package_identification:_identify(src/ThirdParty) by extension 'ignore_ament_install'
[0.244s] Level 1:colcon.colcon_core.package_identification:_identify(src/ThirdParty) by extensions ['colcon_pkg']
[0.244s] Level 1:colcon.colcon_core.package_identification:_identify(src/ThirdParty) by extension 'colcon_pkg'
[0.244s] Level 1:colcon.colcon_core.package_identification:_identify(src/ThirdParty) by extensions ['colcon_meta']
[0.244s] Level 1:colcon.colcon_core.package_identification:_identify(src/ThirdParty) by extension 'colcon_meta'
[0.245s] Level 1:colcon.colcon_core.package_identification:_identify(src/ThirdParty) by extensions ['ros']
[0.245s] Level 1:colcon.colcon_core.package_identification:_identify(src/ThirdParty) by extension 'ros'
[0.245s] Level 1:colcon.colcon_core.package_identification:_identify(src/ThirdParty) by extensions ['cmake', 'python']
[0.245s] Level 1:colcon.colcon_core.package_identification:_identify(src/ThirdParty) by extension 'cmake'
[0.245s] Level 1:colcon.colcon_core.package_identification:_identify(src/ThirdParty) by extension 'python'
[0.245s] Level 1:colcon.colcon_core.package_identification:_identify(src/ThirdParty) by extensions ['python_setup_py']
[0.245s] Level 1:colcon.colcon_core.package_identification:_identify(src/ThirdParty) by extension 'python_setup_py'
[0.245s] Level 1:colcon.colcon_core.package_identification:_identify(src/ThirdParty/aws-robomaker-racetrack-world) by extensions ['ignore', 'ignore_ament_install']
[0.245s] Level 1:colcon.colcon_core.package_identification:_identify(src/ThirdParty/aws-robomaker-racetrack-world) by extension 'ignore'
[0.245s] Level 1:colcon.colcon_core.package_identification:_identify(src/ThirdParty/aws-robomaker-racetrack-world) by extension 'ignore_ament_install'
[0.245s] Level 1:colcon.colcon_core.package_identification:_identify(src/ThirdParty/aws-robomaker-racetrack-world) by extensions ['colcon_pkg']
[0.245s] Level 1:colcon.colcon_core.package_identification:_identify(src/ThirdParty/aws-robomaker-racetrack-world) by extension 'colcon_pkg'
[0.245s] Level 1:colcon.colcon_core.package_identification:_identify(src/ThirdParty/aws-robomaker-racetrack-world) by extensions ['colcon_meta']
[0.245s] Level 1:colcon.colcon_core.package_identification:_identify(src/ThirdParty/aws-robomaker-racetrack-world) by extension 'colcon_meta'
[0.245s] Level 1:colcon.colcon_core.package_identification:_identify(src/ThirdParty/aws-robomaker-racetrack-world) by extensions ['ros']
[0.245s] Level 1:colcon.colcon_core.package_identification:_identify(src/ThirdParty/aws-robomaker-racetrack-world) by extension 'ros'
[0.246s] DEBUG:colcon.colcon_core.package_identification:Package 'src/ThirdParty/aws-robomaker-racetrack-world' with type 'ros.ament_cmake' and name 'aws_robomaker_racetrack_world'
[0.246s] Level 1:colcon.colcon_core.package_identification:_identify(src/ThirdParty/aws-robomaker-small-house-world) by extensions ['ignore', 'ignore_ament_install']
[0.246s] Level 1:colcon.colcon_core.package_identification:_identify(src/ThirdParty/aws-robomaker-small-house-world) by extension 'ignore'
[0.247s] Level 1:colcon.colcon_core.package_identification:_identify(src/ThirdParty/aws-robomaker-small-house-world) by extension 'ignore_ament_install'
[0.247s] Level 1:colcon.colcon_core.package_identification:_identify(src/ThirdParty/aws-robomaker-small-house-world) by extensions ['colcon_pkg']
[0.247s] Level 1:colcon.colcon_core.package_identification:_identify(src/ThirdParty/aws-robomaker-small-house-world) by extension 'colcon_pkg'
[0.247s] Level 1:colcon.colcon_core.package_identification:_identify(src/ThirdParty/aws-robomaker-small-house-world) by extensions ['colcon_meta']
[0.247s] Level 1:colcon.colcon_core.package_identification:_identify(src/ThirdParty/aws-robomaker-small-house-world) by extension 'colcon_meta'
[0.247s] Level 1:colcon.colcon_core.package_identification:_identify(src/ThirdParty/aws-robomaker-small-house-world) by extensions ['ros']
[0.247s] Level 1:colcon.colcon_core.package_identification:_identify(src/ThirdParty/aws-robomaker-small-house-world) by extension 'ros'
[0.247s] DEBUG:colcon.colcon_core.package_identification:Package 'src/ThirdParty/aws-robomaker-small-house-world' with type 'ros.ament_cmake' and name 'aws_robomaker_small_house_world'
[0.247s] Level 1:colcon.colcon_core.package_identification:_identify(src/ThirdParty/aws-robomaker-small-warehouse-world) by extensions ['ignore', 'ignore_ament_install']
[0.247s] Level 1:colcon.colcon_core.package_identification:_identify(src/ThirdParty/aws-robomaker-small-warehouse-world) by extension 'ignore'
[0.247s] Level 1:colcon.colcon_core.package_identification:_identify(src/ThirdParty/aws-robomaker-small-warehouse-world) by extension 'ignore_ament_install'
[0.247s] Level 1:colcon.colcon_core.package_identification:_identify(src/ThirdParty/aws-robomaker-small-warehouse-world) by extensions ['colcon_pkg']
[0.247s] Level 1:colcon.colcon_core.package_identification:_identify(src/ThirdParty/aws-robomaker-small-warehouse-world) by extension 'colcon_pkg'
[0.247s] Level 1:colcon.colcon_core.package_identification:_identify(src/ThirdParty/aws-robomaker-small-warehouse-world) by extensions ['colcon_meta']
[0.247s] Level 1:colcon.colcon_core.package_identification:_identify(src/ThirdParty/aws-robomaker-small-warehouse-world) by extension 'colcon_meta'
[0.247s] Level 1:colcon.colcon_core.package_identification:_identify(src/ThirdParty/aws-robomaker-small-warehouse-world) by extensions ['ros']
[0.247s] Level 1:colcon.colcon_core.package_identification:_identify(src/ThirdParty/aws-robomaker-small-warehouse-world) by extension 'ros'
[0.248s] DEBUG:colcon.colcon_core.package_identification:Package 'src/ThirdParty/aws-robomaker-small-warehouse-world' with type 'ros.ament_cmake' and name 'aws_robomaker_small_warehouse_world'
[0.248s] Level 1:colcon.colcon_core.package_identification:_identify(src/ThirdParty/ecl) by extensions ['ignore', 'ignore_ament_install']
[0.248s] Level 1:colcon.colcon_core.package_identification:_identify(src/ThirdParty/ecl) by extension 'ignore'
[0.248s] Level 1:colcon.colcon_core.package_identification:_identify(src/ThirdParty/ecl) by extension 'ignore_ament_install'
[0.248s] Level 1:colcon.colcon_core.package_identification:_identify(src/ThirdParty/ecl) by extensions ['colcon_pkg']
[0.248s] Level 1:colcon.colcon_core.package_identification:_identify(src/ThirdParty/ecl) by extension 'colcon_pkg'
[0.248s] Level 1:colcon.colcon_core.package_identification:_identify(src/ThirdParty/ecl) by extensions ['colcon_meta']
[0.248s] Level 1:colcon.colcon_core.package_identification:_identify(src/ThirdParty/ecl) by extension 'colcon_meta'
[0.248s] Level 1:colcon.colcon_core.package_identification:_identify(src/ThirdParty/ecl) by extensions ['ros']
[0.248s] Level 1:colcon.colcon_core.package_identification:_identify(src/ThirdParty/ecl) by extension 'ros'
[0.248s] Level 1:colcon.colcon_core.package_identification:_identify(src/ThirdParty/ecl) by extensions ['cmake', 'python']
[0.248s] Level 1:colcon.colcon_core.package_identification:_identify(src/ThirdParty/ecl) by extension 'cmake'
[0.248s] Level 1:colcon.colcon_core.package_identification:_identify(src/ThirdParty/ecl) by extension 'python'
[0.248s] Level 1:colcon.colcon_core.package_identification:_identify(src/ThirdParty/ecl) by extensions ['python_setup_py']
[0.248s] Level 1:colcon.colcon_core.package_identification:_identify(src/ThirdParty/ecl) by extension 'python_setup_py'
[0.248s] Level 1:colcon.colcon_core.package_identification:_identify(src/ThirdParty/ecl/ecl_core) by extensions ['ignore', 'ignore_ament_install']
[0.248s] Level 1:colcon.colcon_core.package_identification:_identify(src/ThirdParty/ecl/ecl_core) by extension 'ignore'
[0.248s] Level 1:colcon.colcon_core.package_identification:_identify(src/ThirdParty/ecl/ecl_core) by extension 'ignore_ament_install'
[0.248s] Level 1:colcon.colcon_core.package_identification:_identify(src/ThirdParty/ecl/ecl_core) by extensions ['colcon_pkg']
[0.248s] Level 1:colcon.colcon_core.package_identification:_identify(src/ThirdParty/ecl/ecl_core) by extension 'colcon_pkg'
[0.248s] Level 1:colcon.colcon_core.package_identification:_identify(src/ThirdParty/ecl/ecl_core) by extensions ['colcon_meta']
[0.248s] Level 1:colcon.colcon_core.package_identification:_identify(src/ThirdParty/ecl/ecl_core) by extension 'colcon_meta'
[0.248s] Level 1:colcon.colcon_core.package_identification:_identify(src/ThirdParty/ecl/ecl_core) by extensions ['ros']
[0.248s] Level 1:colcon.colcon_core.package_identification:_identify(src/ThirdParty/ecl/ecl_core) by extension 'ros'
[0.248s] Level 1:colcon.colcon_core.package_identification:_identify(src/ThirdParty/ecl/ecl_core) by extensions ['cmake', 'python']
[0.248s] Level 1:colcon.colcon_core.package_identification:_identify(src/ThirdParty/ecl/ecl_core) by extension 'cmake'
[0.249s] Level 1:colcon.colcon_core.package_identification:_identify(src/ThirdParty/ecl/ecl_core) by extension 'python'
[0.249s] Level 1:colcon.colcon_core.package_identification:_identify(src/ThirdParty/ecl/ecl_core) by extensions ['python_setup_py']
[0.249s] Level 1:colcon.colcon_core.package_identification:_identify(src/ThirdParty/ecl/ecl_core) by extension 'python_setup_py'
[0.249s] Level 1:colcon.colcon_core.package_identification:_identify(src/ThirdParty/ecl/ecl_core/ecl_command_line) by extensions ['ignore', 'ignore_ament_install']
[0.249s] Level 1:colcon.colcon_core.package_identification:_identify(src/ThirdParty/ecl/ecl_core/ecl_command_line) by extension 'ignore'
[0.249s] Level 1:colcon.colcon_core.package_identification:_identify(src/ThirdParty/ecl/ecl_core/ecl_command_line) by extension 'ignore_ament_install'
[0.249s] Level 1:colcon.colcon_core.package_identification:_identify(src/ThirdParty/ecl/ecl_core/ecl_command_line) by extensions ['colcon_pkg']
[0.249s] Level 1:colcon.colcon_core.package_identification:_identify(src/ThirdParty/ecl/ecl_core/ecl_command_line) by extension 'colcon_pkg'
[0.249s] Level 1:colcon.colcon_core.package_identification:_identify(src/ThirdParty/ecl/ecl_core/ecl_command_line) by extensions ['colcon_meta']
[0.249s] Level 1:colcon.colcon_core.package_identification:_identify(src/ThirdParty/ecl/ecl_core/ecl_command_line) by extension 'colcon_meta'
[0.249s] Level 1:colcon.colcon_core.package_identification:_identify(src/ThirdParty/ecl/ecl_core/ecl_command_line) by extensions ['ros']
[0.249s] Level 1:colcon.colcon_core.package_identification:_identify(src/ThirdParty/ecl/ecl_core/ecl_command_line) by extension 'ros'
[0.249s] DEBUG:colcon.colcon_core.package_identification:Package 'src/ThirdParty/ecl/ecl_core/ecl_command_line' with type 'ros.ament_cmake' and name 'ecl_command_line'
[0.249s] Level 1:colcon.colcon_core.package_identification:_identify(src/ThirdParty/ecl/ecl_core/ecl_concepts) by extensions ['ignore', 'ignore_ament_install']
[0.249s] Level 1:colcon.colcon_core.package_identification:_identify(src/ThirdParty/ecl/ecl_core/ecl_concepts) by extension 'ignore'
[0.249s] Level 1:colcon.colcon_core.package_identification:_identify(src/ThirdParty/ecl/ecl_core/ecl_concepts) by extension 'ignore_ament_install'
[0.249s] Level 1:colcon.colcon_core.package_identification:_identify(src/ThirdParty/ecl/ecl_core/ecl_concepts) by extensions ['colcon_pkg']
[0.249s] Level 1:colcon.colcon_core.package_identification:_identify(src/ThirdParty/ecl/ecl_core/ecl_concepts) by extension 'colcon_pkg'
[0.249s] Level 1:colcon.colcon_core.package_identification:_identify(src/ThirdParty/ecl/ecl_core/ecl_concepts) by extensions ['colcon_meta']
[0.249s] Level 1:colcon.colcon_core.package_identification:_identify(src/ThirdParty/ecl/ecl_core/ecl_concepts) by extension 'colcon_meta'
[0.249s] Level 1:colcon.colcon_core.package_identification:_identify(src/ThirdParty/ecl/ecl_core/ecl_concepts) by extensions ['ros']
[0.250s] Level 1:colcon.colcon_core.package_identification:_identify(src/ThirdParty/ecl/ecl_core/ecl_concepts) by extension 'ros'
[0.250s] DEBUG:colcon.colcon_core.package_identification:Package 'src/ThirdParty/ecl/ecl_core/ecl_concepts' with type 'ros.ament_cmake' and name 'ecl_concepts'
[0.250s] Level 1:colcon.colcon_core.package_identification:_identify(src/ThirdParty/ecl/ecl_core/ecl_containers) by extensions ['ignore', 'ignore_ament_install']
[0.250s] Level 1:colcon.colcon_core.package_identification:_identify(src/ThirdParty/ecl/ecl_core/ecl_containers) by extension 'ignore'
[0.250s] Level 1:colcon.colcon_core.package_identification:_identify(src/ThirdParty/ecl/ecl_core/ecl_containers) by extension 'ignore_ament_install'
[0.250s] Level 1:colcon.colcon_core.package_identification:_identify(src/ThirdParty/ecl/ecl_core/ecl_containers) by extensions ['colcon_pkg']
[0.250s] Level 1:colcon.colcon_core.package_identification:_identify(src/ThirdParty/ecl/ecl_core/ecl_containers) by extension 'colcon_pkg'
[0.250s] Level 1:colcon.colcon_core.package_identification:_identify(src/ThirdParty/ecl/ecl_core/ecl_containers) by extensions ['colcon_meta']
[0.250s] Level 1:colcon.colcon_core.package_identification:_identify(src/ThirdParty/ecl/ecl_core/ecl_containers) by extension 'colcon_meta'
[0.250s] Level 1:colcon.colcon_core.package_identification:_identify(src/ThirdParty/ecl/ecl_core/ecl_containers) by extensions ['ros']
[0.250s] Level 1:colcon.colcon_core.package_identification:_identify(src/ThirdParty/ecl/ecl_core/ecl_containers) by extension 'ros'
[0.251s] DEBUG:colcon.colcon_core.package_identification:Package 'src/ThirdParty/ecl/ecl_core/ecl_containers' with type 'ros.ament_cmake' and name 'ecl_containers'
[0.251s] Level 1:colcon.colcon_core.package_identification:_identify(src/ThirdParty/ecl/ecl_core/ecl_converters) by extensions ['ignore', 'ignore_ament_install']
[0.251s] Level 1:colcon.colcon_core.package_identification:_identify(src/ThirdParty/ecl/ecl_core/ecl_converters) by extension 'ignore'
[0.251s] Level 1:colcon.colcon_core.package_identification:_identify(src/ThirdParty/ecl/ecl_core/ecl_converters) by extension 'ignore_ament_install'
[0.251s] Level 1:colcon.colcon_core.package_identification:_identify(src/ThirdParty/ecl/ecl_core/ecl_converters) by extensions ['colcon_pkg']
[0.251s] Level 1:colcon.colcon_core.package_identification:_identify(src/ThirdParty/ecl/ecl_core/ecl_converters) by extension 'colcon_pkg'
[0.251s] Level 1:colcon.colcon_core.package_identification:_identify(src/ThirdParty/ecl/ecl_core/ecl_converters) by extensions ['colcon_meta']
[0.251s] Level 1:colcon.colcon_core.package_identification:_identify(src/ThirdParty/ecl/ecl_core/ecl_converters) by extension 'colcon_meta'
[0.251s] Level 1:colcon.colcon_core.package_identification:_identify(src/ThirdParty/ecl/ecl_core/ecl_converters) by extensions ['ros']
[0.251s] Level 1:colcon.colcon_core.package_identification:_identify(src/ThirdParty/ecl/ecl_core/ecl_converters) by extension 'ros'
[0.251s] DEBUG:colcon.colcon_core.package_identification:Package 'src/ThirdParty/ecl/ecl_core/ecl_converters' with type 'ros.ament_cmake' and name 'ecl_converters'
[0.252s] Level 1:colcon.colcon_core.package_identification:_identify(src/ThirdParty/ecl/ecl_core/ecl_core) by extensions ['ignore', 'ignore_ament_install']
[0.252s] Level 1:colcon.colcon_core.package_identification:_identify(src/ThirdParty/ecl/ecl_core/ecl_core) by extension 'ignore'
[0.252s] Level 1:colcon.colcon_core.package_identification:_identify(src/ThirdParty/ecl/ecl_core/ecl_core) by extension 'ignore_ament_install'
[0.252s] Level 1:colcon.colcon_core.package_identification:_identify(src/ThirdParty/ecl/ecl_core/ecl_core) by extensions ['colcon_pkg']
[0.252s] Level 1:colcon.colcon_core.package_identification:_identify(src/ThirdParty/ecl/ecl_core/ecl_core) by extension 'colcon_pkg'
[0.252s] Level 1:colcon.colcon_core.package_identification:_identify(src/ThirdParty/ecl/ecl_core/ecl_core) by extensions ['colcon_meta']
[0.252s] Level 1:colcon.colcon_core.package_identification:_identify(src/ThirdParty/ecl/ecl_core/ecl_core) by extension 'colcon_meta'
[0.252s] Level 1:colcon.colcon_core.package_identification:_identify(src/ThirdParty/ecl/ecl_core/ecl_core) by extensions ['ros']
[0.252s] Level 1:colcon.colcon_core.package_identification:_identify(src/ThirdParty/ecl/ecl_core/ecl_core) by extension 'ros'
[0.252s] DEBUG:colcon.colcon_core.package_identification:Package 'src/ThirdParty/ecl/ecl_core/ecl_core' with type 'ros.ament_cmake' and name 'ecl_core'
[0.252s] Level 1:colcon.colcon_core.package_identification:_identify(src/ThirdParty/ecl/ecl_core/ecl_core_apps) by extensions ['ignore', 'ignore_ament_install']
[0.252s] Level 1:colcon.colcon_core.package_identification:_identify(src/ThirdParty/ecl/ecl_core/ecl_core_apps) by extension 'ignore'
[0.252s] Level 1:colcon.colcon_core.package_identification:_identify(src/ThirdParty/ecl/ecl_core/ecl_core_apps) by extension 'ignore_ament_install'
[0.252s] Level 1:colcon.colcon_core.package_identification:_identify(src/ThirdParty/ecl/ecl_core/ecl_core_apps) by extensions ['colcon_pkg']
[0.252s] Level 1:colcon.colcon_core.package_identification:_identify(src/ThirdParty/ecl/ecl_core/ecl_core_apps) by extension 'colcon_pkg'
[0.252s] Level 1:colcon.colcon_core.package_identification:_identify(src/ThirdParty/ecl/ecl_core/ecl_core_apps) by extensions ['colcon_meta']
[0.252s] Level 1:colcon.colcon_core.package_identification:_identify(src/ThirdParty/ecl/ecl_core/ecl_core_apps) by extension 'colcon_meta'
[0.252s] Level 1:colcon.colcon_core.package_identification:_identify(src/ThirdParty/ecl/ecl_core/ecl_core_apps) by extensions ['ros']
[0.252s] Level 1:colcon.colcon_core.package_identification:_identify(src/ThirdParty/ecl/ecl_core/ecl_core_apps) by extension 'ros'
[0.253s] DEBUG:colcon.colcon_core.package_identification:Package 'src/ThirdParty/ecl/ecl_core/ecl_core_apps' with type 'ros.ament_cmake' and name 'ecl_core_apps'
[0.253s] Level 1:colcon.colcon_core.package_identification:_identify(src/ThirdParty/ecl/ecl_core/ecl_devices) by extensions ['ignore', 'ignore_ament_install']
[0.253s] Level 1:colcon.colcon_core.package_identification:_identify(src/ThirdParty/ecl/ecl_core/ecl_devices) by extension 'ignore'
[0.253s] Level 1:colcon.colcon_core.package_identification:_identify(src/ThirdParty/ecl/ecl_core/ecl_devices) by extension 'ignore_ament_install'
[0.253s] Level 1:colcon.colcon_core.package_identification:_identify(src/ThirdParty/ecl/ecl_core/ecl_devices) by extensions ['colcon_pkg']
[0.253s] Level 1:colcon.colcon_core.package_identification:_identify(src/ThirdParty/ecl/ecl_core/ecl_devices) by extension 'colcon_pkg'
[0.253s] Level 1:colcon.colcon_core.package_identification:_identify(src/ThirdParty/ecl/ecl_core/ecl_devices) by extensions ['colcon_meta']
[0.253s] Level 1:colcon.colcon_core.package_identification:_identify(src/ThirdParty/ecl/ecl_core/ecl_devices) by extension 'colcon_meta'
[0.253s] Level 1:colcon.colcon_core.package_identification:_identify(src/ThirdParty/ecl/ecl_core/ecl_devices) by extensions ['ros']
[0.253s] Level 1:colcon.colcon_core.package_identification:_identify(src/ThirdParty/ecl/ecl_core/ecl_devices) by extension 'ros'
[0.254s] DEBUG:colcon.colcon_core.package_identification:Package 'src/ThirdParty/ecl/ecl_core/ecl_devices' with type 'ros.ament_cmake' and name 'ecl_devices'
[0.254s] Level 1:colcon.colcon_core.package_identification:_identify(src/ThirdParty/ecl/ecl_core/ecl_eigen) by extensions ['ignore', 'ignore_ament_install']
[0.254s] Level 1:colcon.colcon_core.package_identification:_identify(src/ThirdParty/ecl/ecl_core/ecl_eigen) by extension 'ignore'
[0.254s] Level 1:colcon.colcon_core.package_identification:_identify(src/ThirdParty/ecl/ecl_core/ecl_eigen) by extension 'ignore_ament_install'
[0.254s] Level 1:colcon.colcon_core.package_identification:_identify(src/ThirdParty/ecl/ecl_core/ecl_eigen) by extensions ['colcon_pkg']
[0.254s] Level 1:colcon.colcon_core.package_identification:_identify(src/ThirdParty/ecl/ecl_core/ecl_eigen) by extension 'colcon_pkg'
[0.254s] Level 1:colcon.colcon_core.package_identification:_identify(src/ThirdParty/ecl/ecl_core/ecl_eigen) by extensions ['colcon_meta']
[0.254s] Level 1:colcon.colcon_core.package_identification:_identify(src/ThirdParty/ecl/ecl_core/ecl_eigen) by extension 'colcon_meta'
[0.254s] Level 1:colcon.colcon_core.package_identification:_identify(src/ThirdParty/ecl/ecl_core/ecl_eigen) by extensions ['ros']
[0.254s] Level 1:colcon.colcon_core.package_identification:_identify(src/ThirdParty/ecl/ecl_core/ecl_eigen) by extension 'ros'
[0.254s] DEBUG:colcon.colcon_core.package_identification:Package 'src/ThirdParty/ecl/ecl_core/ecl_eigen' with type 'ros.ament_cmake' and name 'ecl_eigen'
[0.255s] Level 1:colcon.colcon_core.package_identification:_identify(src/ThirdParty/ecl/ecl_core/ecl_exceptions) by extensions ['ignore', 'ignore_ament_install']
[0.255s] Level 1:colcon.colcon_core.package_identification:_identify(src/ThirdParty/ecl/ecl_core/ecl_exceptions) by extension 'ignore'
[0.255s] Level 1:colcon.colcon_core.package_identification:_identify(src/ThirdParty/ecl/ecl_core/ecl_exceptions) by extension 'ignore_ament_install'
[0.255s] Level 1:colcon.colcon_core.package_identification:_identify(src/ThirdParty/ecl/ecl_core/ecl_exceptions) by extensions ['colcon_pkg']
[0.255s] Level 1:colcon.colcon_core.package_identification:_identify(src/ThirdParty/ecl/ecl_core/ecl_exceptions) by extension 'colcon_pkg'
[0.255s] Level 1:colcon.colcon_core.package_identification:_identify(src/ThirdParty/ecl/ecl_core/ecl_exceptions) by extensions ['colcon_meta']
[0.255s] Level 1:colcon.colcon_core.package_identification:_identify(src/ThirdParty/ecl/ecl_core/ecl_exceptions) by extension 'colcon_meta'
[0.255s] Level 1:colcon.colcon_core.package_identification:_identify(src/ThirdParty/ecl/ecl_core/ecl_exceptions) by extensions ['ros']
[0.255s] Level 1:colcon.colcon_core.package_identification:_identify(src/ThirdParty/ecl/ecl_core/ecl_exceptions) by extension 'ros'
[0.255s] DEBUG:colcon.colcon_core.package_identification:Package 'src/ThirdParty/ecl/ecl_core/ecl_exceptions' with type 'ros.ament_cmake' and name 'ecl_exceptions'
[0.255s] Level 1:colcon.colcon_core.package_identification:_identify(src/ThirdParty/ecl/ecl_core/ecl_filesystem) by extensions ['ignore', 'ignore_ament_install']
[0.255s] Level 1:colcon.colcon_core.package_identification:_identify(src/ThirdParty/ecl/ecl_core/ecl_filesystem) by extension 'ignore'
[0.255s] Level 1:colcon.colcon_core.package_identification:_identify(src/ThirdParty/ecl/ecl_core/ecl_filesystem) by extension 'ignore_ament_install'
[0.255s] Level 1:colcon.colcon_core.package_identification:_identify(src/ThirdParty/ecl/ecl_core/ecl_filesystem) by extensions ['colcon_pkg']
[0.255s] Level 1:colcon.colcon_core.package_identification:_identify(src/ThirdParty/ecl/ecl_core/ecl_filesystem) by extension 'colcon_pkg'
[0.255s] Level 1:colcon.colcon_core.package_identification:_identify(src/ThirdParty/ecl/ecl_core/ecl_filesystem) by extensions ['colcon_meta']
[0.255s] Level 1:colcon.colcon_core.package_identification:_identify(src/ThirdParty/ecl/ecl_core/ecl_filesystem) by extension 'colcon_meta'
[0.255s] Level 1:colcon.colcon_core.package_identification:_identify(src/ThirdParty/ecl/ecl_core/ecl_filesystem) by extensions ['ros']
[0.255s] Level 1:colcon.colcon_core.package_identification:_identify(src/ThirdParty/ecl/ecl_core/ecl_filesystem) by extension 'ros'
[0.256s] DEBUG:colcon.colcon_core.package_identification:Package 'src/ThirdParty/ecl/ecl_core/ecl_filesystem' with type 'ros.ament_cmake' and name 'ecl_filesystem'
[0.256s] Level 1:colcon.colcon_core.package_identification:_identify(src/ThirdParty/ecl/ecl_core/ecl_formatters) by extensions ['ignore', 'ignore_ament_install']
[0.256s] Level 1:colcon.colcon_core.package_identification:_identify(src/ThirdParty/ecl/ecl_core/ecl_formatters) by extension 'ignore'
[0.256s] Level 1:colcon.colcon_core.package_identification:_identify(src/ThirdParty/ecl/ecl_core/ecl_formatters) by extension 'ignore_ament_install'
[0.256s] Level 1:colcon.colcon_core.package_identification:_identify(src/ThirdParty/ecl/ecl_core/ecl_formatters) by extensions ['colcon_pkg']
[0.256s] Level 1:colcon.colcon_core.package_identification:_identify(src/ThirdParty/ecl/ecl_core/ecl_formatters) by extension 'colcon_pkg'
[0.256s] Level 1:colcon.colcon_core.package_identification:_identify(src/ThirdParty/ecl/ecl_core/ecl_formatters) by extensions ['colcon_meta']
[0.256s] Level 1:colcon.colcon_core.package_identification:_identify(src/ThirdParty/ecl/ecl_core/ecl_formatters) by extension 'colcon_meta'
[0.256s] Level 1:colcon.colcon_core.package_identification:_identify(src/ThirdParty/ecl/ecl_core/ecl_formatters) by extensions ['ros']
[0.256s] Level 1:colcon.colcon_core.package_identification:_identify(src/ThirdParty/ecl/ecl_core/ecl_formatters) by extension 'ros'
[0.256s] DEBUG:colcon.colcon_core.package_identification:Package 'src/ThirdParty/ecl/ecl_core/ecl_formatters' with type 'ros.ament_cmake' and name 'ecl_formatters'
[0.257s] Level 1:colcon.colcon_core.package_identification:_identify(src/ThirdParty/ecl/ecl_core/ecl_geometry) by extensions ['ignore', 'ignore_ament_install']
[0.257s] Level 1:colcon.colcon_core.package_identification:_identify(src/ThirdParty/ecl/ecl_core/ecl_geometry) by extension 'ignore'
[0.257s] Level 1:colcon.colcon_core.package_identification:_identify(src/ThirdParty/ecl/ecl_core/ecl_geometry) by extension 'ignore_ament_install'
[0.257s] Level 1:colcon.colcon_core.package_identification:_identify(src/ThirdParty/ecl/ecl_core/ecl_geometry) by extensions ['colcon_pkg']
[0.257s] Level 1:colcon.colcon_core.package_identification:_identify(src/ThirdParty/ecl/ecl_core/ecl_geometry) by extension 'colcon_pkg'
[0.257s] Level 1:colcon.colcon_core.package_identification:_identify(src/ThirdParty/ecl/ecl_core/ecl_geometry) by extensions ['colcon_meta']
[0.257s] Level 1:colcon.colcon_core.package_identification:_identify(src/ThirdParty/ecl/ecl_core/ecl_geometry) by extension 'colcon_meta'
[0.257s] Level 1:colcon.colcon_core.package_identification:_identify(src/ThirdParty/ecl/ecl_core/ecl_geometry) by extensions ['ros']
[0.257s] Level 1:colcon.colcon_core.package_identification:_identify(src/ThirdParty/ecl/ecl_core/ecl_geometry) by extension 'ros'
[0.257s] DEBUG:colcon.colcon_core.package_identification:Package 'src/ThirdParty/ecl/ecl_core/ecl_geometry' with type 'ros.ament_cmake' and name 'ecl_geometry'
[0.257s] Level 1:colcon.colcon_core.package_identification:_identify(src/ThirdParty/ecl/ecl_core/ecl_ipc) by extensions ['ignore', 'ignore_ament_install']
[0.257s] Level 1:colcon.colcon_core.package_identification:_identify(src/ThirdParty/ecl/ecl_core/ecl_ipc) by extension 'ignore'
[0.257s] Level 1:colcon.colcon_core.package_identification:_identify(src/ThirdParty/ecl/ecl_core/ecl_ipc) by extension 'ignore_ament_install'
[0.257s] Level 1:colcon.colcon_core.package_identification:_identify(src/ThirdParty/ecl/ecl_core/ecl_ipc) by extensions ['colcon_pkg']
[0.257s] Level 1:colcon.colcon_core.package_identification:_identify(src/ThirdParty/ecl/ecl_core/ecl_ipc) by extension 'colcon_pkg'
[0.257s] Level 1:colcon.colcon_core.package_identification:_identify(src/ThirdParty/ecl/ecl_core/ecl_ipc) by extensions ['colcon_meta']
[0.257s] Level 1:colcon.colcon_core.package_identification:_identify(src/ThirdParty/ecl/ecl_core/ecl_ipc) by extension 'colcon_meta'
[0.257s] Level 1:colcon.colcon_core.package_identification:_identify(src/ThirdParty/ecl/ecl_core/ecl_ipc) by extensions ['ros']
[0.257s] Level 1:colcon.colcon_core.package_identification:_identify(src/ThirdParty/ecl/ecl_core/ecl_ipc) by extension 'ros'
[0.258s] DEBUG:colcon.colcon_core.package_identification:Package 'src/ThirdParty/ecl/ecl_core/ecl_ipc' with type 'ros.ament_cmake' and name 'ecl_ipc'
[0.258s] Level 1:colcon.colcon_core.package_identification:_identify(src/ThirdParty/ecl/ecl_core/ecl_linear_algebra) by extensions ['ignore', 'ignore_ament_install']
[0.258s] Level 1:colcon.colcon_core.package_identification:_identify(src/ThirdParty/ecl/ecl_core/ecl_linear_algebra) by extension 'ignore'
[0.258s] Level 1:colcon.colcon_core.package_identification:_identify(src/ThirdParty/ecl/ecl_core/ecl_linear_algebra) by extension 'ignore_ament_install'
[0.258s] Level 1:colcon.colcon_core.package_identification:_identify(src/ThirdParty/ecl/ecl_core/ecl_linear_algebra) by extensions ['colcon_pkg']
[0.258s] Level 1:colcon.colcon_core.package_identification:_identify(src/ThirdParty/ecl/ecl_core/ecl_linear_algebra) by extension 'colcon_pkg'
[0.258s] Level 1:colcon.colcon_core.package_identification:_identify(src/ThirdParty/ecl/ecl_core/ecl_linear_algebra) by extensions ['colcon_meta']
[0.258s] Level 1:colcon.colcon_core.package_identification:_identify(src/ThirdParty/ecl/ecl_core/ecl_linear_algebra) by extension 'colcon_meta'
[0.258s] Level 1:colcon.colcon_core.package_identification:_identify(src/ThirdParty/ecl/ecl_core/ecl_linear_algebra) by extensions ['ros']
[0.258s] Level 1:colcon.colcon_core.package_identification:_identify(src/ThirdParty/ecl/ecl_core/ecl_linear_algebra) by extension 'ros'
[0.259s] DEBUG:colcon.colcon_core.package_identification:Package 'src/ThirdParty/ecl/ecl_core/ecl_linear_algebra' with type 'ros.ament_cmake' and name 'ecl_linear_algebra'
[0.259s] Level 1:colcon.colcon_core.package_identification:_identify(src/ThirdParty/ecl/ecl_core/ecl_manipulators) by extensions ['ignore', 'ignore_ament_install']
[0.259s] Level 1:colcon.colcon_core.package_identification:_identify(src/ThirdParty/ecl/ecl_core/ecl_manipulators) by extension 'ignore'
[0.259s] Level 1:colcon.colcon_core.package_identification:_identify(src/ThirdParty/ecl/ecl_core/ecl_manipulators) by extension 'ignore_ament_install'
[0.259s] Level 1:colcon.colcon_core.package_identification:_identify(src/ThirdParty/ecl/ecl_core/ecl_manipulators) by extensions ['colcon_pkg']
[0.259s] Level 1:colcon.colcon_core.package_identification:_identify(src/ThirdParty/ecl/ecl_core/ecl_manipulators) by extension 'colcon_pkg'
[0.259s] Level 1:colcon.colcon_core.package_identification:_identify(src/ThirdParty/ecl/ecl_core/ecl_manipulators) by extensions ['colcon_meta']
[0.259s] Level 1:colcon.colcon_core.package_identification:_identify(src/ThirdParty/ecl/ecl_core/ecl_manipulators) by extension 'colcon_meta'
[0.259s] Level 1:colcon.colcon_core.package_identification:_identify(src/ThirdParty/ecl/ecl_core/ecl_manipulators) by extensions ['ros']
[0.259s] Level 1:colcon.colcon_core.package_identification:_identify(src/ThirdParty/ecl/ecl_core/ecl_manipulators) by extension 'ros'
[0.259s] DEBUG:colcon.colcon_core.package_identification:Package 'src/ThirdParty/ecl/ecl_core/ecl_manipulators' with type 'ros.ament_cmake' and name 'ecl_manipulators'
[0.259s] Level 1:colcon.colcon_core.package_identification:_identify(src/ThirdParty/ecl/ecl_core/ecl_math) by extensions ['ignore', 'ignore_ament_install']
[0.260s] Level 1:colcon.colcon_core.package_identification:_identify(src/ThirdParty/ecl/ecl_core/ecl_math) by extension 'ignore'
[0.260s] Level 1:colcon.colcon_core.package_identification:_identify(src/ThirdParty/ecl/ecl_core/ecl_math) by extension 'ignore_ament_install'
[0.260s] Level 1:colcon.colcon_core.package_identification:_identify(src/ThirdParty/ecl/ecl_core/ecl_math) by extensions ['colcon_pkg']
[0.260s] Level 1:colcon.colcon_core.package_identification:_identify(src/ThirdParty/ecl/ecl_core/ecl_math) by extension 'colcon_pkg'
[0.260s] Level 1:colcon.colcon_core.package_identification:_identify(src/ThirdParty/ecl/ecl_core/ecl_math) by extensions ['colcon_meta']
[0.260s] Level 1:colcon.colcon_core.package_identification:_identify(src/ThirdParty/ecl/ecl_core/ecl_math) by extension 'colcon_meta'
[0.260s] Level 1:colcon.colcon_core.package_identification:_identify(src/ThirdParty/ecl/ecl_core/ecl_math) by extensions ['ros']
[0.260s] Level 1:colcon.colcon_core.package_identification:_identify(src/ThirdParty/ecl/ecl_core/ecl_math) by extension 'ros'
[0.260s] DEBUG:colcon.colcon_core.package_identification:Package 'src/ThirdParty/ecl/ecl_core/ecl_math' with type 'ros.ament_cmake' and name 'ecl_math'
[0.260s] Level 1:colcon.colcon_core.package_identification:_identify(src/ThirdParty/ecl/ecl_core/ecl_mobile_robot) by extensions ['ignore', 'ignore_ament_install']
[0.260s] Level 1:colcon.colcon_core.package_identification:_identify(src/ThirdParty/ecl/ecl_core/ecl_mobile_robot) by extension 'ignore'
[0.260s] Level 1:colcon.colcon_core.package_identification:_identify(src/ThirdParty/ecl/ecl_core/ecl_mobile_robot) by extension 'ignore_ament_install'
[0.260s] Level 1:colcon.colcon_core.package_identification:_identify(src/ThirdParty/ecl/ecl_core/ecl_mobile_robot) by extensions ['colcon_pkg']
[0.260s] Level 1:colcon.colcon_core.package_identification:_identify(src/ThirdParty/ecl/ecl_core/ecl_mobile_robot) by extension 'colcon_pkg'
[0.260s] Level 1:colcon.colcon_core.package_identification:_identify(src/ThirdParty/ecl/ecl_core/ecl_mobile_robot) by extensions ['colcon_meta']
[0.260s] Level 1:colcon.colcon_core.package_identification:_identify(src/ThirdParty/ecl/ecl_core/ecl_mobile_robot) by extension 'colcon_meta'
[0.260s] Level 1:colcon.colcon_core.package_identification:_identify(src/ThirdParty/ecl/ecl_core/ecl_mobile_robot) by extensions ['ros']
[0.260s] Level 1:colcon.colcon_core.package_identification:_identify(src/ThirdParty/ecl/ecl_core/ecl_mobile_robot) by extension 'ros'
[0.261s] DEBUG:colcon.colcon_core.package_identification:Package 'src/ThirdParty/ecl/ecl_core/ecl_mobile_robot' with type 'ros.ament_cmake' and name 'ecl_mobile_robot'
[0.261s] Level 1:colcon.colcon_core.package_identification:_identify(src/ThirdParty/ecl/ecl_core/ecl_mpl) by extensions ['ignore', 'ignore_ament_install']
[0.261s] Level 1:colcon.colcon_core.package_identification:_identify(src/ThirdParty/ecl/ecl_core/ecl_mpl) by extension 'ignore'
[0.261s] Level 1:colcon.colcon_core.package_identification:_identify(src/ThirdParty/ecl/ecl_core/ecl_mpl) by extension 'ignore_ament_install'
[0.261s] Level 1:colcon.colcon_core.package_identification:_identify(src/ThirdParty/ecl/ecl_core/ecl_mpl) by extensions ['colcon_pkg']
[0.261s] Level 1:colcon.colcon_core.package_identification:_identify(src/ThirdParty/ecl/ecl_core/ecl_mpl) by extension 'colcon_pkg'
[0.261s] Level 1:colcon.colcon_core.package_identification:_identify(src/ThirdParty/ecl/ecl_core/ecl_mpl) by extensions ['colcon_meta']
[0.261s] Level 1:colcon.colcon_core.package_identification:_identify(src/ThirdParty/ecl/ecl_core/ecl_mpl) by extension 'colcon_meta'
[0.261s] Level 1:colcon.colcon_core.package_identification:_identify(src/ThirdParty/ecl/ecl_core/ecl_mpl) by extensions ['ros']
[0.261s] Level 1:colcon.colcon_core.package_identification:_identify(src/ThirdParty/ecl/ecl_core/ecl_mpl) by extension 'ros'
[0.261s] DEBUG:colcon.colcon_core.package_identification:Package 'src/ThirdParty/ecl/ecl_core/ecl_mpl' with type 'ros.ament_cmake' and name 'ecl_mpl'
[0.262s] Level 1:colcon.colcon_core.package_identification:_identify(src/ThirdParty/ecl/ecl_core/ecl_sigslots) by extensions ['ignore', 'ignore_ament_install']
[0.262s] Level 1:colcon.colcon_core.package_identification:_identify(src/ThirdParty/ecl/ecl_core/ecl_sigslots) by extension 'ignore'
[0.262s] Level 1:colcon.colcon_core.package_identification:_identify(src/ThirdParty/ecl/ecl_core/ecl_sigslots) by extension 'ignore_ament_install'
[0.262s] Level 1:colcon.colcon_core.package_identification:_identify(src/ThirdParty/ecl/ecl_core/ecl_sigslots) by extensions ['colcon_pkg']
[0.262s] Level 1:colcon.colcon_core.package_identification:_identify(src/ThirdParty/ecl/ecl_core/ecl_sigslots) by extension 'colcon_pkg'
[0.262s] Level 1:colcon.colcon_core.package_identification:_identify(src/ThirdParty/ecl/ecl_core/ecl_sigslots) by extensions ['colcon_meta']
[0.262s] Level 1:colcon.colcon_core.package_identification:_identify(src/ThirdParty/ecl/ecl_core/ecl_sigslots) by extension 'colcon_meta'
[0.262s] Level 1:colcon.colcon_core.package_identification:_identify(src/ThirdParty/ecl/ecl_core/ecl_sigslots) by extensions ['ros']
[0.262s] Level 1:colcon.colcon_core.package_identification:_identify(src/ThirdParty/ecl/ecl_core/ecl_sigslots) by extension 'ros'
[0.262s] DEBUG:colcon.colcon_core.package_identification:Package 'src/ThirdParty/ecl/ecl_core/ecl_sigslots' with type 'ros.ament_cmake' and name 'ecl_sigslots'
[0.262s] Level 1:colcon.colcon_core.package_identification:_identify(src/ThirdParty/ecl/ecl_core/ecl_statistics) by extensions ['ignore', 'ignore_ament_install']
[0.262s] Level 1:colcon.colcon_core.package_identification:_identify(src/ThirdParty/ecl/ecl_core/ecl_statistics) by extension 'ignore'
[0.262s] Level 1:colcon.colcon_core.package_identification:_identify(src/ThirdParty/ecl/ecl_core/ecl_statistics) by extension 'ignore_ament_install'
[0.262s] Level 1:colcon.colcon_core.package_identification:_identify(src/ThirdParty/ecl/ecl_core/ecl_statistics) by extensions ['colcon_pkg']
[0.262s] Level 1:colcon.colcon_core.package_identification:_identify(src/ThirdParty/ecl/ecl_core/ecl_statistics) by extension 'colcon_pkg'
[0.262s] Level 1:colcon.colcon_core.package_identification:_identify(src/ThirdParty/ecl/ecl_core/ecl_statistics) by extensions ['colcon_meta']
[0.262s] Level 1:colcon.colcon_core.package_identification:_identify(src/ThirdParty/ecl/ecl_core/ecl_statistics) by extension 'colcon_meta'
[0.262s] Level 1:colcon.colcon_core.package_identification:_identify(src/ThirdParty/ecl/ecl_core/ecl_statistics) by extensions ['ros']
[0.262s] Level 1:colcon.colcon_core.package_identification:_identify(src/ThirdParty/ecl/ecl_core/ecl_statistics) by extension 'ros'
[0.263s] DEBUG:colcon.colcon_core.package_identification:Package 'src/ThirdParty/ecl/ecl_core/ecl_statistics' with type 'ros.ament_cmake' and name 'ecl_statistics'
[0.263s] Level 1:colcon.colcon_core.package_identification:_identify(src/ThirdParty/ecl/ecl_core/ecl_streams) by extensions ['ignore', 'ignore_ament_install']
[0.263s] Level 1:colcon.colcon_core.package_identification:_identify(src/ThirdParty/ecl/ecl_core/ecl_streams) by extension 'ignore'
[0.263s] Level 1:colcon.colcon_core.package_identification:_identify(src/ThirdParty/ecl/ecl_core/ecl_streams) by extension 'ignore_ament_install'
[0.263s] Level 1:colcon.colcon_core.package_identification:_identify(src/ThirdParty/ecl/ecl_core/ecl_streams) by extensions ['colcon_pkg']
[0.263s] Level 1:colcon.colcon_core.package_identification:_identify(src/ThirdParty/ecl/ecl_core/ecl_streams) by extension 'colcon_pkg'
[0.263s] Level 1:colcon.colcon_core.package_identification:_identify(src/ThirdParty/ecl/ecl_core/ecl_streams) by extensions ['colcon_meta']
[0.263s] Level 1:colcon.colcon_core.package_identification:_identify(src/ThirdParty/ecl/ecl_core/ecl_streams) by extension 'colcon_meta'
[0.263s] Level 1:colcon.colcon_core.package_identification:_identify(src/ThirdParty/ecl/ecl_core/ecl_streams) by extensions ['ros']
[0.263s] Level 1:colcon.colcon_core.package_identification:_identify(src/ThirdParty/ecl/ecl_core/ecl_streams) by extension 'ros'
[0.264s] DEBUG:colcon.colcon_core.package_identification:Package 'src/ThirdParty/ecl/ecl_core/ecl_streams' with type 'ros.ament_cmake' and name 'ecl_streams'
[0.264s] Level 1:colcon.colcon_core.package_identification:_identify(src/ThirdParty/ecl/ecl_core/ecl_threads) by extensions ['ignore', 'ignore_ament_install']
[0.264s] Level 1:colcon.colcon_core.package_identification:_identify(src/ThirdParty/ecl/ecl_core/ecl_threads) by extension 'ignore'
[0.264s] Level 1:colcon.colcon_core.package_identification:_identify(src/ThirdParty/ecl/ecl_core/ecl_threads) by extension 'ignore_ament_install'
[0.264s] Level 1:colcon.colcon_core.package_identification:_identify(src/ThirdParty/ecl/ecl_core/ecl_threads) by extensions ['colcon_pkg']
[0.264s] Level 1:colcon.colcon_core.package_identification:_identify(src/ThirdParty/ecl/ecl_core/ecl_threads) by extension 'colcon_pkg'
[0.264s] Level 1:colcon.colcon_core.package_identification:_identify(src/ThirdParty/ecl/ecl_core/ecl_threads) by extensions ['colcon_meta']
[0.264s] Level 1:colcon.colcon_core.package_identification:_identify(src/ThirdParty/ecl/ecl_core/ecl_threads) by extension 'colcon_meta'
[0.264s] Level 1:colcon.colcon_core.package_identification:_identify(src/ThirdParty/ecl/ecl_core/ecl_threads) by extensions ['ros']
[0.264s] Level 1:colcon.colcon_core.package_identification:_identify(src/ThirdParty/ecl/ecl_core/ecl_threads) by extension 'ros'
[0.265s] DEBUG:colcon.colcon_core.package_identification:Package 'src/ThirdParty/ecl/ecl_core/ecl_threads' with type 'ros.ament_cmake' and name 'ecl_threads'
[0.265s] Level 1:colcon.colcon_core.package_identification:_identify(src/ThirdParty/ecl/ecl_core/ecl_time) by extensions ['ignore', 'ignore_ament_install']
[0.265s] Level 1:colcon.colcon_core.package_identification:_identify(src/ThirdParty/ecl/ecl_core/ecl_time) by extension 'ignore'
[0.265s] Level 1:colcon.colcon_core.package_identification:_identify(src/ThirdParty/ecl/ecl_core/ecl_time) by extension 'ignore_ament_install'
[0.265s] Level 1:colcon.colcon_core.package_identification:_identify(src/ThirdParty/ecl/ecl_core/ecl_time) by extensions ['colcon_pkg']
[0.265s] Level 1:colcon.colcon_core.package_identification:_identify(src/ThirdParty/ecl/ecl_core/ecl_time) by extension 'colcon_pkg'
[0.265s] Level 1:colcon.colcon_core.package_identification:_identify(src/ThirdParty/ecl/ecl_core/ecl_time) by extensions ['colcon_meta']
[0.265s] Level 1:colcon.colcon_core.package_identification:_identify(src/ThirdParty/ecl/ecl_core/ecl_time) by extension 'colcon_meta'
[0.265s] Level 1:colcon.colcon_core.package_identification:_identify(src/ThirdParty/ecl/ecl_core/ecl_time) by extensions ['ros']
[0.265s] Level 1:colcon.colcon_core.package_identification:_identify(src/ThirdParty/ecl/ecl_core/ecl_time) by extension 'ros'
[0.265s] DEBUG:colcon.colcon_core.package_identification:Package 'src/ThirdParty/ecl/ecl_core/ecl_time' with type 'ros.ament_cmake' and name 'ecl_time'
[0.266s] Level 1:colcon.colcon_core.package_identification:_identify(src/ThirdParty/ecl/ecl_core/ecl_type_traits) by extensions ['ignore', 'ignore_ament_install']
[0.266s] Level 1:colcon.colcon_core.package_identification:_identify(src/ThirdParty/ecl/ecl_core/ecl_type_traits) by extension 'ignore'
[0.266s] Level 1:colcon.colcon_core.package_identification:_identify(src/ThirdParty/ecl/ecl_core/ecl_type_traits) by extension 'ignore_ament_install'
[0.266s] Level 1:colcon.colcon_core.package_identification:_identify(src/ThirdParty/ecl/ecl_core/ecl_type_traits) by extensions ['colcon_pkg']
[0.266s] Level 1:colcon.colcon_core.package_identification:_identify(src/ThirdParty/ecl/ecl_core/ecl_type_traits) by extension 'colcon_pkg'
[0.266s] Level 1:colcon.colcon_core.package_identification:_identify(src/ThirdParty/ecl/ecl_core/ecl_type_traits) by extensions ['colcon_meta']
[0.266s] Level 1:colcon.colcon_core.package_identification:_identify(src/ThirdParty/ecl/ecl_core/ecl_type_traits) by extension 'colcon_meta'
[0.266s] Level 1:colcon.colcon_core.package_identification:_identify(src/ThirdParty/ecl/ecl_core/ecl_type_traits) by extensions ['ros']
[0.266s] Level 1:colcon.colcon_core.package_identification:_identify(src/ThirdParty/ecl/ecl_core/ecl_type_traits) by extension 'ros'
[0.266s] DEBUG:colcon.colcon_core.package_identification:Package 'src/ThirdParty/ecl/ecl_core/ecl_type_traits' with type 'ros.ament_cmake' and name 'ecl_type_traits'
[0.266s] Level 1:colcon.colcon_core.package_identification:_identify(src/ThirdParty/ecl/ecl_core/ecl_utilities) by extensions ['ignore', 'ignore_ament_install']
[0.266s] Level 1:colcon.colcon_core.package_identification:_identify(src/ThirdParty/ecl/ecl_core/ecl_utilities) by extension 'ignore'
[0.266s] Level 1:colcon.colcon_core.package_identification:_identify(src/ThirdParty/ecl/ecl_core/ecl_utilities) by extension 'ignore_ament_install'
[0.266s] Level 1:colcon.colcon_core.package_identification:_identify(src/ThirdParty/ecl/ecl_core/ecl_utilities) by extensions ['colcon_pkg']
[0.266s] Level 1:colcon.colcon_core.package_identification:_identify(src/ThirdParty/ecl/ecl_core/ecl_utilities) by extension 'colcon_pkg'
[0.266s] Level 1:colcon.colcon_core.package_identification:_identify(src/ThirdParty/ecl/ecl_core/ecl_utilities) by extensions ['colcon_meta']
[0.266s] Level 1:colcon.colcon_core.package_identification:_identify(src/ThirdParty/ecl/ecl_core/ecl_utilities) by extension 'colcon_meta'
[0.267s] Level 1:colcon.colcon_core.package_identification:_identify(src/ThirdParty/ecl/ecl_core/ecl_utilities) by extensions ['ros']
[0.267s] Level 1:colcon.colcon_core.package_identification:_identify(src/ThirdParty/ecl/ecl_core/ecl_utilities) by extension 'ros'
[0.267s] DEBUG:colcon.colcon_core.package_identification:Package 'src/ThirdParty/ecl/ecl_core/ecl_utilities' with type 'ros.ament_cmake' and name 'ecl_utilities'
[0.267s] Level 1:colcon.colcon_core.package_identification:_identify(src/ThirdParty/ecl/ecl_lite) by extensions ['ignore', 'ignore_ament_install']
[0.267s] Level 1:colcon.colcon_core.package_identification:_identify(src/ThirdParty/ecl/ecl_lite) by extension 'ignore'
[0.267s] Level 1:colcon.colcon_core.package_identification:_identify(src/ThirdParty/ecl/ecl_lite) by extension 'ignore_ament_install'
[0.267s] Level 1:colcon.colcon_core.package_identification:_identify(src/ThirdParty/ecl/ecl_lite) by extensions ['colcon_pkg']
[0.267s] Level 1:colcon.colcon_core.package_identification:_identify(src/ThirdParty/ecl/ecl_lite) by extension 'colcon_pkg'
[0.267s] Level 1:colcon.colcon_core.package_identification:_identify(src/ThirdParty/ecl/ecl_lite) by extensions ['colcon_meta']
[0.267s] Level 1:colcon.colcon_core.package_identification:_identify(src/ThirdParty/ecl/ecl_lite) by extension 'colcon_meta'
[0.267s] Level 1:colcon.colcon_core.package_identification:_identify(src/ThirdParty/ecl/ecl_lite) by extensions ['ros']
[0.267s] Level 1:colcon.colcon_core.package_identification:_identify(src/ThirdParty/ecl/ecl_lite) by extension 'ros'
[0.267s] Level 1:colcon.colcon_core.package_identification:_identify(src/ThirdParty/ecl/ecl_lite) by extensions ['cmake', 'python']
[0.267s] Level 1:colcon.colcon_core.package_identification:_identify(src/ThirdParty/ecl/ecl_lite) by extension 'cmake'
[0.267s] Level 1:colcon.colcon_core.package_identification:_identify(src/ThirdParty/ecl/ecl_lite) by extension 'python'
[0.267s] Level 1:colcon.colcon_core.package_identification:_identify(src/ThirdParty/ecl/ecl_lite) by extensions ['python_setup_py']
[0.267s] Level 1:colcon.colcon_core.package_identification:_identify(src/ThirdParty/ecl/ecl_lite) by extension 'python_setup_py'
[0.267s] Level 1:colcon.colcon_core.package_identification:_identify(src/ThirdParty/ecl/ecl_lite/ecl_config) by extensions ['ignore', 'ignore_ament_install']
[0.267s] Level 1:colcon.colcon_core.package_identification:_identify(src/ThirdParty/ecl/ecl_lite/ecl_config) by extension 'ignore'
[0.267s] Level 1:colcon.colcon_core.package_identification:_identify(src/ThirdParty/ecl/ecl_lite/ecl_config) by extension 'ignore_ament_install'
[0.268s] Level 1:colcon.colcon_core.package_identification:_identify(src/ThirdParty/ecl/ecl_lite/ecl_config) by extensions ['colcon_pkg']
[0.268s] Level 1:colcon.colcon_core.package_identification:_identify(src/ThirdParty/ecl/ecl_lite/ecl_config) by extension 'colcon_pkg'
[0.268s] Level 1:colcon.colcon_core.package_identification:_identify(src/ThirdParty/ecl/ecl_lite/ecl_config) by extensions ['colcon_meta']
[0.268s] Level 1:colcon.colcon_core.package_identification:_identify(src/ThirdParty/ecl/ecl_lite/ecl_config) by extension 'colcon_meta'
[0.268s] Level 1:colcon.colcon_core.package_identification:_identify(src/ThirdParty/ecl/ecl_lite/ecl_config) by extensions ['ros']
[0.268s] Level 1:colcon.colcon_core.package_identification:_identify(src/ThirdParty/ecl/ecl_lite/ecl_config) by extension 'ros'
[0.268s] DEBUG:colcon.colcon_core.package_identification:Package 'src/ThirdParty/ecl/ecl_lite/ecl_config' with type 'ros.ament_cmake' and name 'ecl_config'
[0.268s] Level 1:colcon.colcon_core.package_identification:_identify(src/ThirdParty/ecl/ecl_lite/ecl_console) by extensions ['ignore', 'ignore_ament_install']
[0.273s] Level 1:colcon.colcon_core.package_identification:_identify(src/ThirdParty/ecl/ecl_lite/ecl_console) by extension 'ignore'
[0.273s] Level 1:colcon.colcon_core.package_identification:_identify(src/ThirdParty/ecl/ecl_lite/ecl_console) by extension 'ignore_ament_install'
[0.273s] Level 1:colcon.colcon_core.package_identification:_identify(src/ThirdParty/ecl/ecl_lite/ecl_console) by extensions ['colcon_pkg']
[0.273s] Level 1:colcon.colcon_core.package_identification:_identify(src/ThirdParty/ecl/ecl_lite/ecl_console) by extension 'colcon_pkg'
[0.273s] Level 1:colcon.colcon_core.package_identification:_identify(src/ThirdParty/ecl/ecl_lite/ecl_console) by extensions ['colcon_meta']
[0.273s] Level 1:colcon.colcon_core.package_identification:_identify(src/ThirdParty/ecl/ecl_lite/ecl_console) by extension 'colcon_meta'
[0.274s] Level 1:colcon.colcon_core.package_identification:_identify(src/ThirdParty/ecl/ecl_lite/ecl_console) by extensions ['ros']
[0.274s] Level 1:colcon.colcon_core.package_identification:_identify(src/ThirdParty/ecl/ecl_lite/ecl_console) by extension 'ros'
[0.274s] DEBUG:colcon.colcon_core.package_identification:Package 'src/ThirdParty/ecl/ecl_lite/ecl_console' with type 'ros.ament_cmake' and name 'ecl_console'
[0.274s] Level 1:colcon.colcon_core.package_identification:_identify(src/ThirdParty/ecl/ecl_lite/ecl_converters_lite) by extensions ['ignore', 'ignore_ament_install']
[0.274s] Level 1:colcon.colcon_core.package_identification:_identify(src/ThirdParty/ecl/ecl_lite/ecl_converters_lite) by extension 'ignore'
[0.274s] Level 1:colcon.colcon_core.package_identification:_identify(src/ThirdParty/ecl/ecl_lite/ecl_converters_lite) by extension 'ignore_ament_install'
[0.274s] Level 1:colcon.colcon_core.package_identification:_identify(src/ThirdParty/ecl/ecl_lite/ecl_converters_lite) by extensions ['colcon_pkg']
[0.274s] Level 1:colcon.colcon_core.package_identification:_identify(src/ThirdParty/ecl/ecl_lite/ecl_converters_lite) by extension 'colcon_pkg'
[0.274s] Level 1:colcon.colcon_core.package_identification:_identify(src/ThirdParty/ecl/ecl_lite/ecl_converters_lite) by extensions ['colcon_meta']
[0.274s] Level 1:colcon.colcon_core.package_identification:_identify(src/ThirdParty/ecl/ecl_lite/ecl_converters_lite) by extension 'colcon_meta'
[0.274s] Level 1:colcon.colcon_core.package_identification:_identify(src/ThirdParty/ecl/ecl_lite/ecl_converters_lite) by extensions ['ros']
[0.274s] Level 1:colcon.colcon_core.package_identification:_identify(src/ThirdParty/ecl/ecl_lite/ecl_converters_lite) by extension 'ros'
[0.275s] DEBUG:colcon.colcon_core.package_identification:Package 'src/ThirdParty/ecl/ecl_lite/ecl_converters_lite' with type 'ros.ament_cmake' and name 'ecl_converters_lite'
[0.275s] Level 1:colcon.colcon_core.package_identification:_identify(src/ThirdParty/ecl/ecl_lite/ecl_errors) by extensions ['ignore', 'ignore_ament_install']
[0.275s] Level 1:colcon.colcon_core.package_identification:_identify(src/ThirdParty/ecl/ecl_lite/ecl_errors) by extension 'ignore'
[0.275s] Level 1:colcon.colcon_core.package_identification:_identify(src/ThirdParty/ecl/ecl_lite/ecl_errors) by extension 'ignore_ament_install'
[0.275s] Level 1:colcon.colcon_core.package_identification:_identify(src/ThirdParty/ecl/ecl_lite/ecl_errors) by extensions ['colcon_pkg']
[0.275s] Level 1:colcon.colcon_core.package_identification:_identify(src/ThirdParty/ecl/ecl_lite/ecl_errors) by extension 'colcon_pkg'
[0.275s] Level 1:colcon.colcon_core.package_identification:_identify(src/ThirdParty/ecl/ecl_lite/ecl_errors) by extensions ['colcon_meta']
[0.275s] Level 1:colcon.colcon_core.package_identification:_identify(src/ThirdParty/ecl/ecl_lite/ecl_errors) by extension 'colcon_meta'
[0.275s] Level 1:colcon.colcon_core.package_identification:_identify(src/ThirdParty/ecl/ecl_lite/ecl_errors) by extensions ['ros']
[0.275s] Level 1:colcon.colcon_core.package_identification:_identify(src/ThirdParty/ecl/ecl_lite/ecl_errors) by extension 'ros'
[0.275s] DEBUG:colcon.colcon_core.package_identification:Package 'src/ThirdParty/ecl/ecl_lite/ecl_errors' with type 'ros.ament_cmake' and name 'ecl_errors'
[0.275s] Level 1:colcon.colcon_core.package_identification:_identify(src/ThirdParty/ecl/ecl_lite/ecl_io) by extensions ['ignore', 'ignore_ament_install']
[0.275s] Level 1:colcon.colcon_core.package_identification:_identify(src/ThirdParty/ecl/ecl_lite/ecl_io) by extension 'ignore'
[0.275s] Level 1:colcon.colcon_core.package_identification:_identify(src/ThirdParty/ecl/ecl_lite/ecl_io) by extension 'ignore_ament_install'
[0.275s] Level 1:colcon.colcon_core.package_identification:_identify(src/ThirdParty/ecl/ecl_lite/ecl_io) by extensions ['colcon_pkg']
[0.275s] Level 1:colcon.colcon_core.package_identification:_identify(src/ThirdParty/ecl/ecl_lite/ecl_io) by extension 'colcon_pkg'
[0.275s] Level 1:colcon.colcon_core.package_identification:_identify(src/ThirdParty/ecl/ecl_lite/ecl_io) by extensions ['colcon_meta']
[0.275s] Level 1:colcon.colcon_core.package_identification:_identify(src/ThirdParty/ecl/ecl_lite/ecl_io) by extension 'colcon_meta'
[0.276s] Level 1:colcon.colcon_core.package_identification:_identify(src/ThirdParty/ecl/ecl_lite/ecl_io) by extensions ['ros']
[0.276s] Level 1:colcon.colcon_core.package_identification:_identify(src/ThirdParty/ecl/ecl_lite/ecl_io) by extension 'ros'
[0.276s] DEBUG:colcon.colcon_core.package_identification:Package 'src/ThirdParty/ecl/ecl_lite/ecl_io' with type 'ros.ament_cmake' and name 'ecl_io'
[0.276s] Level 1:colcon.colcon_core.package_identification:_identify(src/ThirdParty/ecl/ecl_lite/ecl_lite) by extensions ['ignore', 'ignore_ament_install']
[0.276s] Level 1:colcon.colcon_core.package_identification:_identify(src/ThirdParty/ecl/ecl_lite/ecl_lite) by extension 'ignore'
[0.276s] Level 1:colcon.colcon_core.package_identification:_identify(src/ThirdParty/ecl/ecl_lite/ecl_lite) by extension 'ignore_ament_install'
[0.276s] Level 1:colcon.colcon_core.package_identification:_identify(src/ThirdParty/ecl/ecl_lite/ecl_lite) by extensions ['colcon_pkg']
[0.276s] Level 1:colcon.colcon_core.package_identification:_identify(src/ThirdParty/ecl/ecl_lite/ecl_lite) by extension 'colcon_pkg'
[0.276s] Level 1:colcon.colcon_core.package_identification:_identify(src/ThirdParty/ecl/ecl_lite/ecl_lite) by extensions ['colcon_meta']
[0.276s] Level 1:colcon.colcon_core.package_identification:_identify(src/ThirdParty/ecl/ecl_lite/ecl_lite) by extension 'colcon_meta'
[0.276s] Level 1:colcon.colcon_core.package_identification:_identify(src/ThirdParty/ecl/ecl_lite/ecl_lite) by extensions ['ros']
[0.276s] Level 1:colcon.colcon_core.package_identification:_identify(src/ThirdParty/ecl/ecl_lite/ecl_lite) by extension 'ros'
[0.277s] DEBUG:colcon.colcon_core.package_identification:Package 'src/ThirdParty/ecl/ecl_lite/ecl_lite' with type 'ros.ament_cmake' and name 'ecl_lite'
[0.277s] Level 1:colcon.colcon_core.package_identification:_identify(src/ThirdParty/ecl/ecl_lite/ecl_sigslots_lite) by extensions ['ignore', 'ignore_ament_install']
[0.277s] Level 1:colcon.colcon_core.package_identification:_identify(src/ThirdParty/ecl/ecl_lite/ecl_sigslots_lite) by extension 'ignore'
[0.277s] Level 1:colcon.colcon_core.package_identification:_identify(src/ThirdParty/ecl/ecl_lite/ecl_sigslots_lite) by extension 'ignore_ament_install'
[0.277s] Level 1:colcon.colcon_core.package_identification:_identify(src/ThirdParty/ecl/ecl_lite/ecl_sigslots_lite) by extensions ['colcon_pkg']
[0.277s] Level 1:colcon.colcon_core.package_identification:_identify(src/ThirdParty/ecl/ecl_lite/ecl_sigslots_lite) by extension 'colcon_pkg'
[0.277s] Level 1:colcon.colcon_core.package_identification:_identify(src/ThirdParty/ecl/ecl_lite/ecl_sigslots_lite) by extensions ['colcon_meta']
[0.277s] Level 1:colcon.colcon_core.package_identification:_identify(src/ThirdParty/ecl/ecl_lite/ecl_sigslots_lite) by extension 'colcon_meta'
[0.277s] Level 1:colcon.colcon_core.package_identification:_identify(src/ThirdParty/ecl/ecl_lite/ecl_sigslots_lite) by extensions ['ros']
[0.277s] Level 1:colcon.colcon_core.package_identification:_identify(src/ThirdParty/ecl/ecl_lite/ecl_sigslots_lite) by extension 'ros'
[0.277s] DEBUG:colcon.colcon_core.package_identification:Package 'src/ThirdParty/ecl/ecl_lite/ecl_sigslots_lite' with type 'ros.ament_cmake' and name 'ecl_sigslots_lite'
[0.277s] Level 1:colcon.colcon_core.package_identification:_identify(src/ThirdParty/ecl/ecl_lite/ecl_time_lite) by extensions ['ignore', 'ignore_ament_install']
[0.277s] Level 1:colcon.colcon_core.package_identification:_identify(src/ThirdParty/ecl/ecl_lite/ecl_time_lite) by extension 'ignore'
[0.277s] Level 1:colcon.colcon_core.package_identification:_identify(src/ThirdParty/ecl/ecl_lite/ecl_time_lite) by extension 'ignore_ament_install'
[0.277s] Level 1:colcon.colcon_core.package_identification:_identify(src/ThirdParty/ecl/ecl_lite/ecl_time_lite) by extensions ['colcon_pkg']
[0.277s] Level 1:colcon.colcon_core.package_identification:_identify(src/ThirdParty/ecl/ecl_lite/ecl_time_lite) by extension 'colcon_pkg'
[0.277s] Level 1:colcon.colcon_core.package_identification:_identify(src/ThirdParty/ecl/ecl_lite/ecl_time_lite) by extensions ['colcon_meta']
[0.278s] Level 1:colcon.colcon_core.package_identification:_identify(src/ThirdParty/ecl/ecl_lite/ecl_time_lite) by extension 'colcon_meta'
[0.278s] Level 1:colcon.colcon_core.package_identification:_identify(src/ThirdParty/ecl/ecl_lite/ecl_time_lite) by extensions ['ros']
[0.278s] Level 1:colcon.colcon_core.package_identification:_identify(src/ThirdParty/ecl/ecl_lite/ecl_time_lite) by extension 'ros'
[0.278s] DEBUG:colcon.colcon_core.package_identification:Package 'src/ThirdParty/ecl/ecl_lite/ecl_time_lite' with type 'ros.ament_cmake' and name 'ecl_time_lite'
[0.278s] Level 1:colcon.colcon_core.package_identification:_identify(src/ThirdParty/gazebo_plugins) by extensions ['ignore', 'ignore_ament_install']
[0.278s] Level 1:colcon.colcon_core.package_identification:_identify(src/ThirdParty/gazebo_plugins) by extension 'ignore'
[0.278s] Level 1:colcon.colcon_core.package_identification:_identify(src/ThirdParty/gazebo_plugins) by extension 'ignore_ament_install'
[0.278s] Level 1:colcon.colcon_core.package_identification:_identify(src/ThirdParty/gazebo_plugins) by extensions ['colcon_pkg']
[0.278s] Level 1:colcon.colcon_core.package_identification:_identify(src/ThirdParty/gazebo_plugins) by extension 'colcon_pkg'
[0.278s] Level 1:colcon.colcon_core.package_identification:_identify(src/ThirdParty/gazebo_plugins) by extensions ['colcon_meta']
[0.278s] Level 1:colcon.colcon_core.package_identification:_identify(src/ThirdParty/gazebo_plugins) by extension 'colcon_meta'
[0.278s] Level 1:colcon.colcon_core.package_identification:_identify(src/ThirdParty/gazebo_plugins) by extensions ['ros']
[0.278s] Level 1:colcon.colcon_core.package_identification:_identify(src/ThirdParty/gazebo_plugins) by extension 'ros'
[0.278s] Level 1:colcon.colcon_core.package_identification:_identify(src/ThirdParty/gazebo_plugins) by extensions ['cmake', 'python']
[0.278s] Level 1:colcon.colcon_core.package_identification:_identify(src/ThirdParty/gazebo_plugins) by extension 'cmake'
[0.278s] Level 1:colcon.colcon_core.package_identification:_identify(src/ThirdParty/gazebo_plugins) by extension 'python'
[0.278s] Level 1:colcon.colcon_core.package_identification:_identify(src/ThirdParty/gazebo_plugins) by extensions ['python_setup_py']
[0.278s] Level 1:colcon.colcon_core.package_identification:_identify(src/ThirdParty/gazebo_plugins) by extension 'python_setup_py'
[0.278s] Level 1:colcon.colcon_core.package_identification:_identify(src/ThirdParty/gazebo_plugins/gazebo_plugins) by extensions ['ignore', 'ignore_ament_install']
[0.278s] Level 1:colcon.colcon_core.package_identification:_identify(src/ThirdParty/gazebo_plugins/gazebo_plugins) by extension 'ignore'
[0.278s] Level 1:colcon.colcon_core.package_identification:_identify(src/ThirdParty/gazebo_plugins/gazebo_plugins) by extension 'ignore_ament_install'
[0.279s] Level 1:colcon.colcon_core.package_identification:_identify(src/ThirdParty/gazebo_plugins/gazebo_plugins) by extensions ['colcon_pkg']
[0.279s] Level 1:colcon.colcon_core.package_identification:_identify(src/ThirdParty/gazebo_plugins/gazebo_plugins) by extension 'colcon_pkg'
[0.279s] Level 1:colcon.colcon_core.package_identification:_identify(src/ThirdParty/gazebo_plugins/gazebo_plugins) by extensions ['colcon_meta']
[0.279s] Level 1:colcon.colcon_core.package_identification:_identify(src/ThirdParty/gazebo_plugins/gazebo_plugins) by extension 'colcon_meta'
[0.279s] Level 1:colcon.colcon_core.package_identification:_identify(src/ThirdParty/gazebo_plugins/gazebo_plugins) by extensions ['ros']
[0.279s] Level 1:colcon.colcon_core.package_identification:_identify(src/ThirdParty/gazebo_plugins/gazebo_plugins) by extension 'ros'
[0.280s] DEBUG:colcon.colcon_core.package_identification:Package 'src/ThirdParty/gazebo_plugins/gazebo_plugins' with type 'ros.ament_cmake' and name 'gazebo_plugins'
[0.280s] Level 1:colcon.colcon_core.package_identification:_identify(src/ThirdParty/kobuki_core) by extensions ['ignore', 'ignore_ament_install']
[0.280s] Level 1:colcon.colcon_core.package_identification:_identify(src/ThirdParty/kobuki_core) by extension 'ignore'
[0.280s] Level 1:colcon.colcon_core.package_identification:_identify(src/ThirdParty/kobuki_core) by extension 'ignore_ament_install'
[0.280s] Level 1:colcon.colcon_core.package_identification:_identify(src/ThirdParty/kobuki_core) by extensions ['colcon_pkg']
[0.280s] Level 1:colcon.colcon_core.package_identification:_identify(src/ThirdParty/kobuki_core) by extension 'colcon_pkg'
[0.280s] Level 1:colcon.colcon_core.package_identification:_identify(src/ThirdParty/kobuki_core) by extensions ['colcon_meta']
[0.280s] Level 1:colcon.colcon_core.package_identification:_identify(src/ThirdParty/kobuki_core) by extension 'colcon_meta'
[0.280s] Level 1:colcon.colcon_core.package_identification:_identify(src/ThirdParty/kobuki_core) by extensions ['ros']
[0.280s] Level 1:colcon.colcon_core.package_identification:_identify(src/ThirdParty/kobuki_core) by extension 'ros'
[0.281s] DEBUG:colcon.colcon_core.package_identification:Package 'src/ThirdParty/kobuki_core' with type 'ros.ament_cmake' and name 'kobuki_core'
[0.281s] Level 1:colcon.colcon_core.package_identification:_identify(src/ThirdParty/kobuki_ros) by extensions ['ignore', 'ignore_ament_install']
[0.281s] Level 1:colcon.colcon_core.package_identification:_identify(src/ThirdParty/kobuki_ros) by extension 'ignore'
[0.281s] Level 1:colcon.colcon_core.package_identification:_identify(src/ThirdParty/kobuki_ros) by extension 'ignore_ament_install'
[0.281s] Level 1:colcon.colcon_core.package_identification:_identify(src/ThirdParty/kobuki_ros) by extensions ['colcon_pkg']
[0.281s] Level 1:colcon.colcon_core.package_identification:_identify(src/ThirdParty/kobuki_ros) by extension 'colcon_pkg'
[0.281s] Level 1:colcon.colcon_core.package_identification:_identify(src/ThirdParty/kobuki_ros) by extensions ['colcon_meta']
[0.281s] Level 1:colcon.colcon_core.package_identification:_identify(src/ThirdParty/kobuki_ros) by extension 'colcon_meta'
[0.281s] Level 1:colcon.colcon_core.package_identification:_identify(src/ThirdParty/kobuki_ros) by extensions ['ros']
[0.281s] Level 1:colcon.colcon_core.package_identification:_identify(src/ThirdParty/kobuki_ros) by extension 'ros'
[0.281s] Level 1:colcon.colcon_core.package_identification:_identify(src/ThirdParty/kobuki_ros) by extensions ['cmake', 'python']
[0.281s] Level 1:colcon.colcon_core.package_identification:_identify(src/ThirdParty/kobuki_ros) by extension 'cmake'
[0.281s] Level 1:colcon.colcon_core.package_identification:_identify(src/ThirdParty/kobuki_ros) by extension 'python'
[0.281s] Level 1:colcon.colcon_core.package_identification:_identify(src/ThirdParty/kobuki_ros) by extensions ['python_setup_py']
[0.281s] Level 1:colcon.colcon_core.package_identification:_identify(src/ThirdParty/kobuki_ros) by extension 'python_setup_py'
[0.281s] Level 1:colcon.colcon_core.package_identification:_identify(src/ThirdParty/kobuki_ros/kobuki_auto_docking) by extensions ['ignore', 'ignore_ament_install']
[0.281s] Level 1:colcon.colcon_core.package_identification:_identify(src/ThirdParty/kobuki_ros/kobuki_auto_docking) by extension 'ignore'
[0.281s] Level 1:colcon.colcon_core.package_identification:_identify(src/ThirdParty/kobuki_ros/kobuki_auto_docking) by extension 'ignore_ament_install'
[0.281s] Level 1:colcon.colcon_core.package_identification:_identify(src/ThirdParty/kobuki_ros/kobuki_auto_docking) by extensions ['colcon_pkg']
[0.281s] Level 1:colcon.colcon_core.package_identification:_identify(src/ThirdParty/kobuki_ros/kobuki_auto_docking) by extension 'colcon_pkg'
[0.281s] Level 1:colcon.colcon_core.package_identification:_identify(src/ThirdParty/kobuki_ros/kobuki_auto_docking) by extensions ['colcon_meta']
[0.281s] Level 1:colcon.colcon_core.package_identification:_identify(src/ThirdParty/kobuki_ros/kobuki_auto_docking) by extension 'colcon_meta'
[0.281s] Level 1:colcon.colcon_core.package_identification:_identify(src/ThirdParty/kobuki_ros/kobuki_auto_docking) by extensions ['ros']
[0.281s] Level 1:colcon.colcon_core.package_identification:_identify(src/ThirdParty/kobuki_ros/kobuki_auto_docking) by extension 'ros'
[0.282s] DEBUG:colcon.colcon_core.package_identification:Package 'src/ThirdParty/kobuki_ros/kobuki_auto_docking' with type 'ros.ament_cmake' and name 'kobuki_auto_docking'
[0.282s] Level 1:colcon.colcon_core.package_identification:_identify(src/ThirdParty/kobuki_ros/kobuki_bumper2pc) by extensions ['ignore', 'ignore_ament_install']
[0.282s] Level 1:colcon.colcon_core.package_identification:_identify(src/ThirdParty/kobuki_ros/kobuki_bumper2pc) by extension 'ignore'
[0.282s] Level 1:colcon.colcon_core.package_identification:_identify(src/ThirdParty/kobuki_ros/kobuki_bumper2pc) by extension 'ignore_ament_install'
[0.282s] Level 1:colcon.colcon_core.package_identification:_identify(src/ThirdParty/kobuki_ros/kobuki_bumper2pc) by extensions ['colcon_pkg']
[0.282s] Level 1:colcon.colcon_core.package_identification:_identify(src/ThirdParty/kobuki_ros/kobuki_bumper2pc) by extension 'colcon_pkg'
[0.282s] Level 1:colcon.colcon_core.package_identification:_identify(src/ThirdParty/kobuki_ros/kobuki_bumper2pc) by extensions ['colcon_meta']
[0.282s] Level 1:colcon.colcon_core.package_identification:_identify(src/ThirdParty/kobuki_ros/kobuki_bumper2pc) by extension 'colcon_meta'
[0.282s] Level 1:colcon.colcon_core.package_identification:_identify(src/ThirdParty/kobuki_ros/kobuki_bumper2pc) by extensions ['ros']
[0.282s] Level 1:colcon.colcon_core.package_identification:_identify(src/ThirdParty/kobuki_ros/kobuki_bumper2pc) by extension 'ros'
[0.283s] DEBUG:colcon.colcon_core.package_identification:Package 'src/ThirdParty/kobuki_ros/kobuki_bumper2pc' with type 'ros.ament_cmake' and name 'kobuki_bumper2pc'
[0.283s] Level 1:colcon.colcon_core.package_identification:_identify(src/ThirdParty/kobuki_ros/kobuki_controller_tutorial) by extensions ['ignore', 'ignore_ament_install']
[0.283s] Level 1:colcon.colcon_core.package_identification:_identify(src/ThirdParty/kobuki_ros/kobuki_controller_tutorial) by extension 'ignore'
[0.283s] Level 1:colcon.colcon_core.package_identification:_identify(src/ThirdParty/kobuki_ros/kobuki_controller_tutorial) ignored
[0.283s] Level 1:colcon.colcon_core.package_identification:_identify(src/ThirdParty/kobuki_ros/kobuki_description) by extensions ['ignore', 'ignore_ament_install']
[0.283s] Level 1:colcon.colcon_core.package_identification:_identify(src/ThirdParty/kobuki_ros/kobuki_description) by extension 'ignore'
[0.283s] Level 1:colcon.colcon_core.package_identification:_identify(src/ThirdParty/kobuki_ros/kobuki_description) by extension 'ignore_ament_install'
[0.283s] Level 1:colcon.colcon_core.package_identification:_identify(src/ThirdParty/kobuki_ros/kobuki_description) by extensions ['colcon_pkg']
[0.283s] Level 1:colcon.colcon_core.package_identification:_identify(src/ThirdParty/kobuki_ros/kobuki_description) by extension 'colcon_pkg'
[0.284s] Level 1:colcon.colcon_core.package_identification:_identify(src/ThirdParty/kobuki_ros/kobuki_description) by extensions ['colcon_meta']
[0.284s] Level 1:colcon.colcon_core.package_identification:_identify(src/ThirdParty/kobuki_ros/kobuki_description) by extension 'colcon_meta'
[0.284s] Level 1:colcon.colcon_core.package_identification:_identify(src/ThirdParty/kobuki_ros/kobuki_description) by extensions ['ros']
[0.284s] Level 1:colcon.colcon_core.package_identification:_identify(src/ThirdParty/kobuki_ros/kobuki_description) by extension 'ros'
[0.284s] DEBUG:colcon.colcon_core.package_identification:Package 'src/ThirdParty/kobuki_ros/kobuki_description' with type 'ros.ament_cmake' and name 'kobuki_description'
[0.284s] Level 1:colcon.colcon_core.package_identification:_identify(src/ThirdParty/kobuki_ros/kobuki_keyop) by extensions ['ignore', 'ignore_ament_install']
[0.284s] Level 1:colcon.colcon_core.package_identification:_identify(src/ThirdParty/kobuki_ros/kobuki_keyop) by extension 'ignore'
[0.284s] Level 1:colcon.colcon_core.package_identification:_identify(src/ThirdParty/kobuki_ros/kobuki_keyop) by extension 'ignore_ament_install'
[0.284s] Level 1:colcon.colcon_core.package_identification:_identify(src/ThirdParty/kobuki_ros/kobuki_keyop) by extensions ['colcon_pkg']
[0.284s] Level 1:colcon.colcon_core.package_identification:_identify(src/ThirdParty/kobuki_ros/kobuki_keyop) by extension 'colcon_pkg'
[0.284s] Level 1:colcon.colcon_core.package_identification:_identify(src/ThirdParty/kobuki_ros/kobuki_keyop) by extensions ['colcon_meta']
[0.284s] Level 1:colcon.colcon_core.package_identification:_identify(src/ThirdParty/kobuki_ros/kobuki_keyop) by extension 'colcon_meta'
[0.284s] Level 1:colcon.colcon_core.package_identification:_identify(src/ThirdParty/kobuki_ros/kobuki_keyop) by extensions ['ros']
[0.284s] Level 1:colcon.colcon_core.package_identification:_identify(src/ThirdParty/kobuki_ros/kobuki_keyop) by extension 'ros'
[0.285s] DEBUG:colcon.colcon_core.package_identification:Package 'src/ThirdParty/kobuki_ros/kobuki_keyop' with type 'ros.ament_cmake' and name 'kobuki_keyop'
[0.285s] Level 1:colcon.colcon_core.package_identification:_identify(src/ThirdParty/kobuki_ros/kobuki_node) by extensions ['ignore', 'ignore_ament_install']
[0.285s] Level 1:colcon.colcon_core.package_identification:_identify(src/ThirdParty/kobuki_ros/kobuki_node) by extension 'ignore'
[0.285s] Level 1:colcon.colcon_core.package_identification:_identify(src/ThirdParty/kobuki_ros/kobuki_node) by extension 'ignore_ament_install'
[0.285s] Level 1:colcon.colcon_core.package_identification:_identify(src/ThirdParty/kobuki_ros/kobuki_node) by extensions ['colcon_pkg']
[0.285s] Level 1:colcon.colcon_core.package_identification:_identify(src/ThirdParty/kobuki_ros/kobuki_node) by extension 'colcon_pkg'
[0.285s] Level 1:colcon.colcon_core.package_identification:_identify(src/ThirdParty/kobuki_ros/kobuki_node) by extensions ['colcon_meta']
[0.285s] Level 1:colcon.colcon_core.package_identification:_identify(src/ThirdParty/kobuki_ros/kobuki_node) by extension 'colcon_meta'
[0.285s] Level 1:colcon.colcon_core.package_identification:_identify(src/ThirdParty/kobuki_ros/kobuki_node) by extensions ['ros']
[0.285s] Level 1:colcon.colcon_core.package_identification:_identify(src/ThirdParty/kobuki_ros/kobuki_node) by extension 'ros'
[0.286s] DEBUG:colcon.colcon_core.package_identification:Package 'src/ThirdParty/kobuki_ros/kobuki_node' with type 'ros.ament_cmake' and name 'kobuki_node'
[0.286s] Level 1:colcon.colcon_core.package_identification:_identify(src/ThirdParty/kobuki_ros/kobuki_random_walker) by extensions ['ignore', 'ignore_ament_install']
[0.286s] Level 1:colcon.colcon_core.package_identification:_identify(src/ThirdParty/kobuki_ros/kobuki_random_walker) by extension 'ignore'
[0.286s] Level 1:colcon.colcon_core.package_identification:_identify(src/ThirdParty/kobuki_ros/kobuki_random_walker) by extension 'ignore_ament_install'
[0.286s] Level 1:colcon.colcon_core.package_identification:_identify(src/ThirdParty/kobuki_ros/kobuki_random_walker) by extensions ['colcon_pkg']
[0.286s] Level 1:colcon.colcon_core.package_identification:_identify(src/ThirdParty/kobuki_ros/kobuki_random_walker) by extension 'colcon_pkg'
[0.286s] Level 1:colcon.colcon_core.package_identification:_identify(src/ThirdParty/kobuki_ros/kobuki_random_walker) by extensions ['colcon_meta']
[0.286s] Level 1:colcon.colcon_core.package_identification:_identify(src/ThirdParty/kobuki_ros/kobuki_random_walker) by extension 'colcon_meta'
[0.286s] Level 1:colcon.colcon_core.package_identification:_identify(src/ThirdParty/kobuki_ros/kobuki_random_walker) by extensions ['ros']
[0.286s] Level 1:colcon.colcon_core.package_identification:_identify(src/ThirdParty/kobuki_ros/kobuki_random_walker) by extension 'ros'
[0.287s] DEBUG:colcon.colcon_core.package_identification:Package 'src/ThirdParty/kobuki_ros/kobuki_random_walker' with type 'ros.ament_cmake' and name 'kobuki_random_walker'
[0.287s] Level 1:colcon.colcon_core.package_identification:_identify(src/ThirdParty/kobuki_ros/kobuki_ros) by extensions ['ignore', 'ignore_ament_install']
[0.287s] Level 1:colcon.colcon_core.package_identification:_identify(src/ThirdParty/kobuki_ros/kobuki_ros) by extension 'ignore'
[0.287s] Level 1:colcon.colcon_core.package_identification:_identify(src/ThirdParty/kobuki_ros/kobuki_ros) by extension 'ignore_ament_install'
[0.287s] Level 1:colcon.colcon_core.package_identification:_identify(src/ThirdParty/kobuki_ros/kobuki_ros) by extensions ['colcon_pkg']
[0.287s] Level 1:colcon.colcon_core.package_identification:_identify(src/ThirdParty/kobuki_ros/kobuki_ros) by extension 'colcon_pkg'
[0.287s] Level 1:colcon.colcon_core.package_identification:_identify(src/ThirdParty/kobuki_ros/kobuki_ros) by extensions ['colcon_meta']
[0.287s] Level 1:colcon.colcon_core.package_identification:_identify(src/ThirdParty/kobuki_ros/kobuki_ros) by extension 'colcon_meta'
[0.287s] Level 1:colcon.colcon_core.package_identification:_identify(src/ThirdParty/kobuki_ros/kobuki_ros) by extensions ['ros']
[0.287s] Level 1:colcon.colcon_core.package_identification:_identify(src/ThirdParty/kobuki_ros/kobuki_ros) by extension 'ros'
[0.288s] DEBUG:colcon.colcon_core.package_identification:Package 'src/ThirdParty/kobuki_ros/kobuki_ros' with type 'ros.ament_cmake' and name 'kobuki_ros'
[0.288s] Level 1:colcon.colcon_core.package_identification:_identify(src/ThirdParty/kobuki_ros/kobuki_safety_controller) by extensions ['ignore', 'ignore_ament_install']
[0.288s] Level 1:colcon.colcon_core.package_identification:_identify(src/ThirdParty/kobuki_ros/kobuki_safety_controller) by extension 'ignore'
[0.288s] Level 1:colcon.colcon_core.package_identification:_identify(src/ThirdParty/kobuki_ros/kobuki_safety_controller) by extension 'ignore_ament_install'
[0.288s] Level 1:colcon.colcon_core.package_identification:_identify(src/ThirdParty/kobuki_ros/kobuki_safety_controller) by extensions ['colcon_pkg']
[0.288s] Level 1:colcon.colcon_core.package_identification:_identify(src/ThirdParty/kobuki_ros/kobuki_safety_controller) by extension 'colcon_pkg'
[0.288s] Level 1:colcon.colcon_core.package_identification:_identify(src/ThirdParty/kobuki_ros/kobuki_safety_controller) by extensions ['colcon_meta']
[0.288s] Level 1:colcon.colcon_core.package_identification:_identify(src/ThirdParty/kobuki_ros/kobuki_safety_controller) by extension 'colcon_meta'
[0.288s] Level 1:colcon.colcon_core.package_identification:_identify(src/ThirdParty/kobuki_ros/kobuki_safety_controller) by extensions ['ros']
[0.288s] Level 1:colcon.colcon_core.package_identification:_identify(src/ThirdParty/kobuki_ros/kobuki_safety_controller) by extension 'ros'
[0.288s] DEBUG:colcon.colcon_core.package_identification:Package 'src/ThirdParty/kobuki_ros/kobuki_safety_controller' with type 'ros.ament_cmake' and name 'kobuki_safety_controller'
[0.288s] Level 1:colcon.colcon_core.package_identification:_identify(src/ThirdParty/kobuki_ros/kobuki_testsuite) by extensions ['ignore', 'ignore_ament_install']
[0.288s] Level 1:colcon.colcon_core.package_identification:_identify(src/ThirdParty/kobuki_ros/kobuki_testsuite) by extension 'ignore'
[0.288s] Level 1:colcon.colcon_core.package_identification:_identify(src/ThirdParty/kobuki_ros/kobuki_testsuite) ignored
[0.288s] Level 1:colcon.colcon_core.package_identification:_identify(src/ThirdParty/rplidar_ros) by extensions ['ignore', 'ignore_ament_install']
[0.289s] Level 1:colcon.colcon_core.package_identification:_identify(src/ThirdParty/rplidar_ros) by extension 'ignore'
[0.289s] Level 1:colcon.colcon_core.package_identification:_identify(src/ThirdParty/rplidar_ros) by extension 'ignore_ament_install'
[0.289s] Level 1:colcon.colcon_core.package_identification:_identify(src/ThirdParty/rplidar_ros) by extensions ['colcon_pkg']
[0.289s] Level 1:colcon.colcon_core.package_identification:_identify(src/ThirdParty/rplidar_ros) by extension 'colcon_pkg'
[0.289s] Level 1:colcon.colcon_core.package_identification:_identify(src/ThirdParty/rplidar_ros) by extensions ['colcon_meta']
[0.289s] Level 1:colcon.colcon_core.package_identification:_identify(src/ThirdParty/rplidar_ros) by extension 'colcon_meta'
[0.289s] Level 1:colcon.colcon_core.package_identification:_identify(src/ThirdParty/rplidar_ros) by extensions ['ros']
[0.289s] Level 1:colcon.colcon_core.package_identification:_identify(src/ThirdParty/rplidar_ros) by extension 'ros'
[0.289s] DEBUG:colcon.colcon_core.package_identification:Package 'src/ThirdParty/rplidar_ros' with type 'ros.ament_cmake' and name 'rplidar_ros'
[0.289s] Level 1:colcon.colcon_core.package_identification:_identify(src/ThirdParty/sophus) by extensions ['ignore', 'ignore_ament_install']
[0.289s] Level 1:colcon.colcon_core.package_identification:_identify(src/ThirdParty/sophus) by extension 'ignore'
[0.289s] Level 1:colcon.colcon_core.package_identification:_identify(src/ThirdParty/sophus) by extension 'ignore_ament_install'
[0.289s] Level 1:colcon.colcon_core.package_identification:_identify(src/ThirdParty/sophus) by extensions ['colcon_pkg']
[0.289s] Level 1:colcon.colcon_core.package_identification:_identify(src/ThirdParty/sophus) by extension 'colcon_pkg'
[0.289s] Level 1:colcon.colcon_core.package_identification:_identify(src/ThirdParty/sophus) by extensions ['colcon_meta']
[0.289s] Level 1:colcon.colcon_core.package_identification:_identify(src/ThirdParty/sophus) by extension 'colcon_meta'
[0.289s] Level 1:colcon.colcon_core.package_identification:_identify(src/ThirdParty/sophus) by extensions ['ros']
[0.289s] Level 1:colcon.colcon_core.package_identification:_identify(src/ThirdParty/sophus) by extension 'ros'
[0.290s] DEBUG:colcon.colcon_core.package_identification:Package 'src/ThirdParty/sophus' with type 'ros.cmake' and name 'sophus'
[0.290s] Level 1:colcon.colcon_core.package_identification:_identify(src/build) by extensions ['ignore', 'ignore_ament_install']
[0.290s] Level 1:colcon.colcon_core.package_identification:_identify(src/build) by extension 'ignore'
[0.290s] Level 1:colcon.colcon_core.package_identification:_identify(src/build) ignored
[0.290s] Level 1:colcon.colcon_core.package_identification:_identify(src/install) by extensions ['ignore', 'ignore_ament_install']
[0.290s] Level 1:colcon.colcon_core.package_identification:_identify(src/install) by extension 'ignore'
[0.290s] Level 1:colcon.colcon_core.package_identification:_identify(src/install) ignored
[0.290s] Level 1:colcon.colcon_core.package_identification:_identify(src/interbotix_ros_core) by extensions ['ignore', 'ignore_ament_install']
[0.290s] Level 1:colcon.colcon_core.package_identification:_identify(src/interbotix_ros_core) by extension 'ignore'
[0.290s] Level 1:colcon.colcon_core.package_identification:_identify(src/interbotix_ros_core) by extension 'ignore_ament_install'
[0.290s] Level 1:colcon.colcon_core.package_identification:_identify(src/interbotix_ros_core) by extensions ['colcon_pkg']
[0.290s] Level 1:colcon.colcon_core.package_identification:_identify(src/interbotix_ros_core) by extension 'colcon_pkg'
[0.290s] Level 1:colcon.colcon_core.package_identification:_identify(src/interbotix_ros_core) by extensions ['colcon_meta']
[0.290s] Level 1:colcon.colcon_core.package_identification:_identify(src/interbotix_ros_core) by extension 'colcon_meta'
[0.290s] Level 1:colcon.colcon_core.package_identification:_identify(src/interbotix_ros_core) by extensions ['ros']
[0.290s] Level 1:colcon.colcon_core.package_identification:_identify(src/interbotix_ros_core) by extension 'ros'
[0.290s] Level 1:colcon.colcon_core.package_identification:_identify(src/interbotix_ros_core) by extensions ['cmake', 'python']
[0.290s] Level 1:colcon.colcon_core.package_identification:_identify(src/interbotix_ros_core) by extension 'cmake'
[0.290s] Level 1:colcon.colcon_core.package_identification:_identify(src/interbotix_ros_core) by extension 'python'
[0.290s] Level 1:colcon.colcon_core.package_identification:_identify(src/interbotix_ros_core) by extensions ['python_setup_py']
[0.290s] Level 1:colcon.colcon_core.package_identification:_identify(src/interbotix_ros_core) by extension 'python_setup_py'
[0.290s] Level 1:colcon.colcon_core.package_identification:_identify(src/interbotix_ros_core/images) by extensions ['ignore', 'ignore_ament_install']
[0.290s] Level 1:colcon.colcon_core.package_identification:_identify(src/interbotix_ros_core/images) by extension 'ignore'
[0.291s] Level 1:colcon.colcon_core.package_identification:_identify(src/interbotix_ros_core/images) by extension 'ignore_ament_install'
[0.291s] Level 1:colcon.colcon_core.package_identification:_identify(src/interbotix_ros_core/images) by extensions ['colcon_pkg']
[0.291s] Level 1:colcon.colcon_core.package_identification:_identify(src/interbotix_ros_core/images) by extension 'colcon_pkg'
[0.291s] Level 1:colcon.colcon_core.package_identification:_identify(src/interbotix_ros_core/images) by extensions ['colcon_meta']
[0.291s] Level 1:colcon.colcon_core.package_identification:_identify(src/interbotix_ros_core/images) by extension 'colcon_meta'
[0.291s] Level 1:colcon.colcon_core.package_identification:_identify(src/interbotix_ros_core/images) by extensions ['ros']
[0.291s] Level 1:colcon.colcon_core.package_identification:_identify(src/interbotix_ros_core/images) by extension 'ros'
[0.291s] Level 1:colcon.colcon_core.package_identification:_identify(src/interbotix_ros_core/images) by extensions ['cmake', 'python']
[0.291s] Level 1:colcon.colcon_core.package_identification:_identify(src/interbotix_ros_core/images) by extension 'cmake'
[0.291s] Level 1:colcon.colcon_core.package_identification:_identify(src/interbotix_ros_core/images) by extension 'python'
[0.291s] Level 1:colcon.colcon_core.package_identification:_identify(src/interbotix_ros_core/images) by extensions ['python_setup_py']
[0.291s] Level 1:colcon.colcon_core.package_identification:_identify(src/interbotix_ros_core/images) by extension 'python_setup_py'
[0.291s] Level 1:colcon.colcon_core.package_identification:_identify(src/interbotix_ros_core/interbotix_ros_common_drivers) by extensions ['ignore', 'ignore_ament_install']
[0.291s] Level 1:colcon.colcon_core.package_identification:_identify(src/interbotix_ros_core/interbotix_ros_common_drivers) by extension 'ignore'
[0.291s] Level 1:colcon.colcon_core.package_identification:_identify(src/interbotix_ros_core/interbotix_ros_common_drivers) ignored
[0.291s] Level 1:colcon.colcon_core.package_identification:_identify(src/interbotix_ros_core/interbotix_ros_slate) by extensions ['ignore', 'ignore_ament_install']
[0.291s] Level 1:colcon.colcon_core.package_identification:_identify(src/interbotix_ros_core/interbotix_ros_slate) by extension 'ignore'
[0.291s] Level 1:colcon.colcon_core.package_identification:_identify(src/interbotix_ros_core/interbotix_ros_slate) ignored
[0.291s] Level 1:colcon.colcon_core.package_identification:_identify(src/interbotix_ros_core/interbotix_ros_xseries) by extensions ['ignore', 'ignore_ament_install']
[0.291s] Level 1:colcon.colcon_core.package_identification:_identify(src/interbotix_ros_core/interbotix_ros_xseries) by extension 'ignore'
[0.291s] Level 1:colcon.colcon_core.package_identification:_identify(src/interbotix_ros_core/interbotix_ros_xseries) by extension 'ignore_ament_install'
[0.291s] Level 1:colcon.colcon_core.package_identification:_identify(src/interbotix_ros_core/interbotix_ros_xseries) by extensions ['colcon_pkg']
[0.291s] Level 1:colcon.colcon_core.package_identification:_identify(src/interbotix_ros_core/interbotix_ros_xseries) by extension 'colcon_pkg'
[0.291s] Level 1:colcon.colcon_core.package_identification:_identify(src/interbotix_ros_core/interbotix_ros_xseries) by extensions ['colcon_meta']
[0.291s] Level 1:colcon.colcon_core.package_identification:_identify(src/interbotix_ros_core/interbotix_ros_xseries) by extension 'colcon_meta'
[0.291s] Level 1:colcon.colcon_core.package_identification:_identify(src/interbotix_ros_core/interbotix_ros_xseries) by extensions ['ros']
[0.291s] Level 1:colcon.colcon_core.package_identification:_identify(src/interbotix_ros_core/interbotix_ros_xseries) by extension 'ros'
[0.291s] Level 1:colcon.colcon_core.package_identification:_identify(src/interbotix_ros_core/interbotix_ros_xseries) by extensions ['cmake', 'python']
[0.291s] Level 1:colcon.colcon_core.package_identification:_identify(src/interbotix_ros_core/interbotix_ros_xseries) by extension 'cmake'
[0.291s] Level 1:colcon.colcon_core.package_identification:_identify(src/interbotix_ros_core/interbotix_ros_xseries) by extension 'python'
[0.291s] Level 1:colcon.colcon_core.package_identification:_identify(src/interbotix_ros_core/interbotix_ros_xseries) by extensions ['python_setup_py']
[0.291s] Level 1:colcon.colcon_core.package_identification:_identify(src/interbotix_ros_core/interbotix_ros_xseries) by extension 'python_setup_py'
[0.291s] Level 1:colcon.colcon_core.package_identification:_identify(src/interbotix_ros_core/interbotix_ros_xseries/dynamixel_workbench_toolbox) by extensions ['ignore', 'ignore_ament_install']
[0.292s] Level 1:colcon.colcon_core.package_identification:_identify(src/interbotix_ros_core/interbotix_ros_xseries/dynamixel_workbench_toolbox) by extension 'ignore'
[0.292s] Level 1:colcon.colcon_core.package_identification:_identify(src/interbotix_ros_core/interbotix_ros_xseries/dynamixel_workbench_toolbox) by extension 'ignore_ament_install'
[0.292s] Level 1:colcon.colcon_core.package_identification:_identify(src/interbotix_ros_core/interbotix_ros_xseries/dynamixel_workbench_toolbox) by extensions ['colcon_pkg']
[0.292s] Level 1:colcon.colcon_core.package_identification:_identify(src/interbotix_ros_core/interbotix_ros_xseries/dynamixel_workbench_toolbox) by extension 'colcon_pkg'
[0.292s] Level 1:colcon.colcon_core.package_identification:_identify(src/interbotix_ros_core/interbotix_ros_xseries/dynamixel_workbench_toolbox) by extensions ['colcon_meta']
[0.292s] Level 1:colcon.colcon_core.package_identification:_identify(src/interbotix_ros_core/interbotix_ros_xseries/dynamixel_workbench_toolbox) by extension 'colcon_meta'
[0.292s] Level 1:colcon.colcon_core.package_identification:_identify(src/interbotix_ros_core/interbotix_ros_xseries/dynamixel_workbench_toolbox) by extensions ['ros']
[0.292s] Level 1:colcon.colcon_core.package_identification:_identify(src/interbotix_ros_core/interbotix_ros_xseries/dynamixel_workbench_toolbox) by extension 'ros'
[0.292s] DEBUG:colcon.colcon_core.package_identification:Package 'src/interbotix_ros_core/interbotix_ros_xseries/dynamixel_workbench_toolbox' with type 'ros.ament_cmake' and name 'dynamixel_workbench_toolbox'
[0.292s] Level 1:colcon.colcon_core.package_identification:_identify(src/interbotix_ros_core/interbotix_ros_xseries/interbotix_ros_xseries) by extensions ['ignore', 'ignore_ament_install']
[0.292s] Level 1:colcon.colcon_core.package_identification:_identify(src/interbotix_ros_core/interbotix_ros_xseries/interbotix_ros_xseries) by extension 'ignore'
[0.292s] Level 1:colcon.colcon_core.package_identification:_identify(src/interbotix_ros_core/interbotix_ros_xseries/interbotix_ros_xseries) by extension 'ignore_ament_install'
[0.292s] Level 1:colcon.colcon_core.package_identification:_identify(src/interbotix_ros_core/interbotix_ros_xseries/interbotix_ros_xseries) by extensions ['colcon_pkg']
[0.292s] Level 1:colcon.colcon_core.package_identification:_identify(src/interbotix_ros_core/interbotix_ros_xseries/interbotix_ros_xseries) by extension 'colcon_pkg'
[0.292s] Level 1:colcon.colcon_core.package_identification:_identify(src/interbotix_ros_core/interbotix_ros_xseries/interbotix_ros_xseries) by extensions ['colcon_meta']
[0.292s] Level 1:colcon.colcon_core.package_identification:_identify(src/interbotix_ros_core/interbotix_ros_xseries/interbotix_ros_xseries) by extension 'colcon_meta'
[0.292s] Level 1:colcon.colcon_core.package_identification:_identify(src/interbotix_ros_core/interbotix_ros_xseries/interbotix_ros_xseries) by extensions ['ros']
[0.292s] Level 1:colcon.colcon_core.package_identification:_identify(src/interbotix_ros_core/interbotix_ros_xseries/interbotix_ros_xseries) by extension 'ros'
[0.293s] DEBUG:colcon.colcon_core.package_identification:Package 'src/interbotix_ros_core/interbotix_ros_xseries/interbotix_ros_xseries' with type 'ros.ament_cmake' and name 'interbotix_ros_xseries'
[0.293s] Level 1:colcon.colcon_core.package_identification:_identify(src/interbotix_ros_core/interbotix_ros_xseries/interbotix_xs_driver) by extensions ['ignore', 'ignore_ament_install']
[0.293s] Level 1:colcon.colcon_core.package_identification:_identify(src/interbotix_ros_core/interbotix_ros_xseries/interbotix_xs_driver) by extension 'ignore'
[0.293s] Level 1:colcon.colcon_core.package_identification:_identify(src/interbotix_ros_core/interbotix_ros_xseries/interbotix_xs_driver) by extension 'ignore_ament_install'
[0.293s] Level 1:colcon.colcon_core.package_identification:_identify(src/interbotix_ros_core/interbotix_ros_xseries/interbotix_xs_driver) by extensions ['colcon_pkg']
[0.293s] Level 1:colcon.colcon_core.package_identification:_identify(src/interbotix_ros_core/interbotix_ros_xseries/interbotix_xs_driver) by extension 'colcon_pkg'
[0.293s] Level 1:colcon.colcon_core.package_identification:_identify(src/interbotix_ros_core/interbotix_ros_xseries/interbotix_xs_driver) by extensions ['colcon_meta']
[0.293s] Level 1:colcon.colcon_core.package_identification:_identify(src/interbotix_ros_core/interbotix_ros_xseries/interbotix_xs_driver) by extension 'colcon_meta'
[0.293s] Level 1:colcon.colcon_core.package_identification:_identify(src/interbotix_ros_core/interbotix_ros_xseries/interbotix_xs_driver) by extensions ['ros']
[0.293s] Level 1:colcon.colcon_core.package_identification:_identify(src/interbotix_ros_core/interbotix_ros_xseries/interbotix_xs_driver) by extension 'ros'
[0.293s] DEBUG:colcon.colcon_core.package_identification:Package 'src/interbotix_ros_core/interbotix_ros_xseries/interbotix_xs_driver' with type 'ros.ament_cmake' and name 'interbotix_xs_driver'
[0.293s] Level 1:colcon.colcon_core.package_identification:_identify(src/interbotix_ros_core/interbotix_ros_xseries/interbotix_xs_msgs) by extensions ['ignore', 'ignore_ament_install']
[0.293s] Level 1:colcon.colcon_core.package_identification:_identify(src/interbotix_ros_core/interbotix_ros_xseries/interbotix_xs_msgs) by extension 'ignore'
[0.294s] Level 1:colcon.colcon_core.package_identification:_identify(src/interbotix_ros_core/interbotix_ros_xseries/interbotix_xs_msgs) by extension 'ignore_ament_install'
[0.294s] Level 1:colcon.colcon_core.package_identification:_identify(src/interbotix_ros_core/interbotix_ros_xseries/interbotix_xs_msgs) by extensions ['colcon_pkg']
[0.294s] Level 1:colcon.colcon_core.package_identification:_identify(src/interbotix_ros_core/interbotix_ros_xseries/interbotix_xs_msgs) by extension 'colcon_pkg'
[0.294s] Level 1:colcon.colcon_core.package_identification:_identify(src/interbotix_ros_core/interbotix_ros_xseries/interbotix_xs_msgs) by extensions ['colcon_meta']
[0.294s] Level 1:colcon.colcon_core.package_identification:_identify(src/interbotix_ros_core/interbotix_ros_xseries/interbotix_xs_msgs) by extension 'colcon_meta'
[0.294s] Level 1:colcon.colcon_core.package_identification:_identify(src/interbotix_ros_core/interbotix_ros_xseries/interbotix_xs_msgs) by extensions ['ros']
[0.294s] Level 1:colcon.colcon_core.package_identification:_identify(src/interbotix_ros_core/interbotix_ros_xseries/interbotix_xs_msgs) by extension 'ros'
[0.294s] DEBUG:colcon.colcon_core.package_identification:Package 'src/interbotix_ros_core/interbotix_ros_xseries/interbotix_xs_msgs' with type 'ros.ament_cmake' and name 'interbotix_xs_msgs'
[0.294s] Level 1:colcon.colcon_core.package_identification:_identify(src/interbotix_ros_core/interbotix_ros_xseries/interbotix_xs_sdk) by extensions ['ignore', 'ignore_ament_install']
[0.294s] Level 1:colcon.colcon_core.package_identification:_identify(src/interbotix_ros_core/interbotix_ros_xseries/interbotix_xs_sdk) by extension 'ignore'
[0.294s] Level 1:colcon.colcon_core.package_identification:_identify(src/interbotix_ros_core/interbotix_ros_xseries/interbotix_xs_sdk) by extension 'ignore_ament_install'
[0.294s] Level 1:colcon.colcon_core.package_identification:_identify(src/interbotix_ros_core/interbotix_ros_xseries/interbotix_xs_sdk) by extensions ['colcon_pkg']
[0.294s] Level 1:colcon.colcon_core.package_identification:_identify(src/interbotix_ros_core/interbotix_ros_xseries/interbotix_xs_sdk) by extension 'colcon_pkg'
[0.294s] Level 1:colcon.colcon_core.package_identification:_identify(src/interbotix_ros_core/interbotix_ros_xseries/interbotix_xs_sdk) by extensions ['colcon_meta']
[0.294s] Level 1:colcon.colcon_core.package_identification:_identify(src/interbotix_ros_core/interbotix_ros_xseries/interbotix_xs_sdk) by extension 'colcon_meta'
[0.294s] Level 1:colcon.colcon_core.package_identification:_identify(src/interbotix_ros_core/interbotix_ros_xseries/interbotix_xs_sdk) by extensions ['ros']
[0.294s] Level 1:colcon.colcon_core.package_identification:_identify(src/interbotix_ros_core/interbotix_ros_xseries/interbotix_xs_sdk) by extension 'ros'
[0.295s] DEBUG:colcon.colcon_core.package_identification:Package 'src/interbotix_ros_core/interbotix_ros_xseries/interbotix_xs_sdk' with type 'ros.ament_cmake' and name 'interbotix_xs_sdk'
[0.295s] Level 1:colcon.colcon_core.package_identification:_identify(src/interbotix_ros_rovers) by extensions ['ignore', 'ignore_ament_install']
[0.295s] Level 1:colcon.colcon_core.package_identification:_identify(src/interbotix_ros_rovers) by extension 'ignore'
[0.295s] Level 1:colcon.colcon_core.package_identification:_identify(src/interbotix_ros_rovers) by extension 'ignore_ament_install'
[0.295s] Level 1:colcon.colcon_core.package_identification:_identify(src/interbotix_ros_rovers) by extensions ['colcon_pkg']
[0.295s] Level 1:colcon.colcon_core.package_identification:_identify(src/interbotix_ros_rovers) by extension 'colcon_pkg'
[0.295s] Level 1:colcon.colcon_core.package_identification:_identify(src/interbotix_ros_rovers) by extensions ['colcon_meta']
[0.295s] Level 1:colcon.colcon_core.package_identification:_identify(src/interbotix_ros_rovers) by extension 'colcon_meta'
[0.295s] Level 1:colcon.colcon_core.package_identification:_identify(src/interbotix_ros_rovers) by extensions ['ros']
[0.295s] Level 1:colcon.colcon_core.package_identification:_identify(src/interbotix_ros_rovers) by extension 'ros'
[0.295s] Level 1:colcon.colcon_core.package_identification:_identify(src/interbotix_ros_rovers) by extensions ['cmake', 'python']
[0.295s] Level 1:colcon.colcon_core.package_identification:_identify(src/interbotix_ros_rovers) by extension 'cmake'
[0.295s] Level 1:colcon.colcon_core.package_identification:_identify(src/interbotix_ros_rovers) by extension 'python'
[0.295s] Level 1:colcon.colcon_core.package_identification:_identify(src/interbotix_ros_rovers) by extensions ['python_setup_py']
[0.295s] Level 1:colcon.colcon_core.package_identification:_identify(src/interbotix_ros_rovers) by extension 'python_setup_py'
[0.295s] Level 1:colcon.colcon_core.package_identification:_identify(src/interbotix_ros_rovers/images) by extensions ['ignore', 'ignore_ament_install']
[0.295s] Level 1:colcon.colcon_core.package_identification:_identify(src/interbotix_ros_rovers/images) by extension 'ignore'
[0.296s] Level 1:colcon.colcon_core.package_identification:_identify(src/interbotix_ros_rovers/images) by extension 'ignore_ament_install'
[0.296s] Level 1:colcon.colcon_core.package_identification:_identify(src/interbotix_ros_rovers/images) by extensions ['colcon_pkg']
[0.296s] Level 1:colcon.colcon_core.package_identification:_identify(src/interbotix_ros_rovers/images) by extension 'colcon_pkg'
[0.296s] Level 1:colcon.colcon_core.package_identification:_identify(src/interbotix_ros_rovers/images) by extensions ['colcon_meta']
[0.296s] Level 1:colcon.colcon_core.package_identification:_identify(src/interbotix_ros_rovers/images) by extension 'colcon_meta'
[0.296s] Level 1:colcon.colcon_core.package_identification:_identify(src/interbotix_ros_rovers/images) by extensions ['ros']
[0.296s] Level 1:colcon.colcon_core.package_identification:_identify(src/interbotix_ros_rovers/images) by extension 'ros'
[0.296s] Level 1:colcon.colcon_core.package_identification:_identify(src/interbotix_ros_rovers/images) by extensions ['cmake', 'python']
[0.296s] Level 1:colcon.colcon_core.package_identification:_identify(src/interbotix_ros_rovers/images) by extension 'cmake'
[0.296s] Level 1:colcon.colcon_core.package_identification:_identify(src/interbotix_ros_rovers/images) by extension 'python'
[0.296s] Level 1:colcon.colcon_core.package_identification:_identify(src/interbotix_ros_rovers/images) by extensions ['python_setup_py']
[0.296s] Level 1:colcon.colcon_core.package_identification:_identify(src/interbotix_ros_rovers/images) by extension 'python_setup_py'
[0.296s] Level 1:colcon.colcon_core.package_identification:_identify(src/interbotix_ros_rovers/interbotix_ros_xslocobots) by extensions ['ignore', 'ignore_ament_install']
[0.296s] Level 1:colcon.colcon_core.package_identification:_identify(src/interbotix_ros_rovers/interbotix_ros_xslocobots) by extension 'ignore'
[0.296s] Level 1:colcon.colcon_core.package_identification:_identify(src/interbotix_ros_rovers/interbotix_ros_xslocobots) by extension 'ignore_ament_install'
[0.296s] Level 1:colcon.colcon_core.package_identification:_identify(src/interbotix_ros_rovers/interbotix_ros_xslocobots) by extensions ['colcon_pkg']
[0.296s] Level 1:colcon.colcon_core.package_identification:_identify(src/interbotix_ros_rovers/interbotix_ros_xslocobots) by extension 'colcon_pkg'
[0.296s] Level 1:colcon.colcon_core.package_identification:_identify(src/interbotix_ros_rovers/interbotix_ros_xslocobots) by extensions ['colcon_meta']
[0.296s] Level 1:colcon.colcon_core.package_identification:_identify(src/interbotix_ros_rovers/interbotix_ros_xslocobots) by extension 'colcon_meta'
[0.296s] Level 1:colcon.colcon_core.package_identification:_identify(src/interbotix_ros_rovers/interbotix_ros_xslocobots) by extensions ['ros']
[0.296s] Level 1:colcon.colcon_core.package_identification:_identify(src/interbotix_ros_rovers/interbotix_ros_xslocobots) by extension 'ros'
[0.296s] Level 1:colcon.colcon_core.package_identification:_identify(src/interbotix_ros_rovers/interbotix_ros_xslocobots) by extensions ['cmake', 'python']
[0.296s] Level 1:colcon.colcon_core.package_identification:_identify(src/interbotix_ros_rovers/interbotix_ros_xslocobots) by extension 'cmake'
[0.296s] Level 1:colcon.colcon_core.package_identification:_identify(src/interbotix_ros_rovers/interbotix_ros_xslocobots) by extension 'python'
[0.296s] Level 1:colcon.colcon_core.package_identification:_identify(src/interbotix_ros_rovers/interbotix_ros_xslocobots) by extensions ['python_setup_py']
[0.296s] Level 1:colcon.colcon_core.package_identification:_identify(src/interbotix_ros_rovers/interbotix_ros_xslocobots) by extension 'python_setup_py'
[0.296s] Level 1:colcon.colcon_core.package_identification:_identify(src/interbotix_ros_rovers/interbotix_ros_xslocobots/examples) by extensions ['ignore', 'ignore_ament_install']
[0.296s] Level 1:colcon.colcon_core.package_identification:_identify(src/interbotix_ros_rovers/interbotix_ros_xslocobots/examples) by extension 'ignore'
[0.296s] Level 1:colcon.colcon_core.package_identification:_identify(src/interbotix_ros_rovers/interbotix_ros_xslocobots/examples) by extension 'ignore_ament_install'
[0.296s] Level 1:colcon.colcon_core.package_identification:_identify(src/interbotix_ros_rovers/interbotix_ros_xslocobots/examples) by extensions ['colcon_pkg']
[0.296s] Level 1:colcon.colcon_core.package_identification:_identify(src/interbotix_ros_rovers/interbotix_ros_xslocobots/examples) by extension 'colcon_pkg'
[0.296s] Level 1:colcon.colcon_core.package_identification:_identify(src/interbotix_ros_rovers/interbotix_ros_xslocobots/examples) by extensions ['colcon_meta']
[0.296s] Level 1:colcon.colcon_core.package_identification:_identify(src/interbotix_ros_rovers/interbotix_ros_xslocobots/examples) by extension 'colcon_meta'
[0.296s] Level 1:colcon.colcon_core.package_identification:_identify(src/interbotix_ros_rovers/interbotix_ros_xslocobots/examples) by extensions ['ros']
[0.296s] Level 1:colcon.colcon_core.package_identification:_identify(src/interbotix_ros_rovers/interbotix_ros_xslocobots/examples) by extension 'ros'
[0.296s] Level 1:colcon.colcon_core.package_identification:_identify(src/interbotix_ros_rovers/interbotix_ros_xslocobots/examples) by extensions ['cmake', 'python']
[0.297s] Level 1:colcon.colcon_core.package_identification:_identify(src/interbotix_ros_rovers/interbotix_ros_xslocobots/examples) by extension 'cmake'
[0.297s] Level 1:colcon.colcon_core.package_identification:_identify(src/interbotix_ros_rovers/interbotix_ros_xslocobots/examples) by extension 'python'
[0.297s] Level 1:colcon.colcon_core.package_identification:_identify(src/interbotix_ros_rovers/interbotix_ros_xslocobots/examples) by extensions ['python_setup_py']
[0.297s] Level 1:colcon.colcon_core.package_identification:_identify(src/interbotix_ros_rovers/interbotix_ros_xslocobots/examples) by extension 'python_setup_py'
[0.297s] Level 1:colcon.colcon_core.package_identification:_identify(src/interbotix_ros_rovers/interbotix_ros_xslocobots/examples/interbotix_ros_xslocobots_examples) by extensions ['ignore', 'ignore_ament_install']
[0.297s] Level 1:colcon.colcon_core.package_identification:_identify(src/interbotix_ros_rovers/interbotix_ros_xslocobots/examples/interbotix_ros_xslocobots_examples) by extension 'ignore'
[0.297s] Level 1:colcon.colcon_core.package_identification:_identify(src/interbotix_ros_rovers/interbotix_ros_xslocobots/examples/interbotix_ros_xslocobots_examples) ignored
[0.297s] Level 1:colcon.colcon_core.package_identification:_identify(src/interbotix_ros_rovers/interbotix_ros_xslocobots/examples/interbotix_xslocobot_joy) by extensions ['ignore', 'ignore_ament_install']
[0.297s] Level 1:colcon.colcon_core.package_identification:_identify(src/interbotix_ros_rovers/interbotix_ros_xslocobots/examples/interbotix_xslocobot_joy) by extension 'ignore'
[0.297s] Level 1:colcon.colcon_core.package_identification:_identify(src/interbotix_ros_rovers/interbotix_ros_xslocobots/examples/interbotix_xslocobot_joy) by extension 'ignore_ament_install'
[0.297s] Level 1:colcon.colcon_core.package_identification:_identify(src/interbotix_ros_rovers/interbotix_ros_xslocobots/examples/interbotix_xslocobot_joy) by extensions ['colcon_pkg']
[0.297s] Level 1:colcon.colcon_core.package_identification:_identify(src/interbotix_ros_rovers/interbotix_ros_xslocobots/examples/interbotix_xslocobot_joy) by extension 'colcon_pkg'
[0.297s] Level 1:colcon.colcon_core.package_identification:_identify(src/interbotix_ros_rovers/interbotix_ros_xslocobots/examples/interbotix_xslocobot_joy) by extensions ['colcon_meta']
[0.297s] Level 1:colcon.colcon_core.package_identification:_identify(src/interbotix_ros_rovers/interbotix_ros_xslocobots/examples/interbotix_xslocobot_joy) by extension 'colcon_meta'
[0.297s] Level 1:colcon.colcon_core.package_identification:_identify(src/interbotix_ros_rovers/interbotix_ros_xslocobots/examples/interbotix_xslocobot_joy) by extensions ['ros']
[0.297s] Level 1:colcon.colcon_core.package_identification:_identify(src/interbotix_ros_rovers/interbotix_ros_xslocobots/examples/interbotix_xslocobot_joy) by extension 'ros'
[0.298s] DEBUG:colcon.colcon_core.package_identification:Package 'src/interbotix_ros_rovers/interbotix_ros_xslocobots/examples/interbotix_xslocobot_joy' with type 'ros.ament_cmake' and name 'interbotix_xslocobot_joy'
[0.298s] Level 1:colcon.colcon_core.package_identification:_identify(src/interbotix_ros_rovers/interbotix_ros_xslocobots/examples/interbotix_xslocobot_landmark_nav) by extensions ['ignore', 'ignore_ament_install']
[0.298s] Level 1:colcon.colcon_core.package_identification:_identify(src/interbotix_ros_rovers/interbotix_ros_xslocobots/examples/interbotix_xslocobot_landmark_nav) by extension 'ignore'
[0.298s] Level 1:colcon.colcon_core.package_identification:_identify(src/interbotix_ros_rovers/interbotix_ros_xslocobots/examples/interbotix_xslocobot_landmark_nav) ignored
[0.298s] Level 1:colcon.colcon_core.package_identification:_identify(src/interbotix_ros_rovers/interbotix_ros_xslocobots/examples/interbotix_xslocobot_moveit_interface) by extensions ['ignore', 'ignore_ament_install']
[0.298s] Level 1:colcon.colcon_core.package_identification:_identify(src/interbotix_ros_rovers/interbotix_ros_xslocobots/examples/interbotix_xslocobot_moveit_interface) by extension 'ignore'
[0.298s] Level 1:colcon.colcon_core.package_identification:_identify(src/interbotix_ros_rovers/interbotix_ros_xslocobots/examples/interbotix_xslocobot_moveit_interface) ignored
[0.298s] Level 1:colcon.colcon_core.package_identification:_identify(src/interbotix_ros_rovers/interbotix_ros_xslocobots/images) by extensions ['ignore', 'ignore_ament_install']
[0.298s] Level 1:colcon.colcon_core.package_identification:_identify(src/interbotix_ros_rovers/interbotix_ros_xslocobots/images) by extension 'ignore'
[0.298s] Level 1:colcon.colcon_core.package_identification:_identify(src/interbotix_ros_rovers/interbotix_ros_xslocobots/images) by extension 'ignore_ament_install'
[0.298s] Level 1:colcon.colcon_core.package_identification:_identify(src/interbotix_ros_rovers/interbotix_ros_xslocobots/images) by extensions ['colcon_pkg']
[0.298s] Level 1:colcon.colcon_core.package_identification:_identify(src/interbotix_ros_rovers/interbotix_ros_xslocobots/images) by extension 'colcon_pkg'
[0.298s] Level 1:colcon.colcon_core.package_identification:_identify(src/interbotix_ros_rovers/interbotix_ros_xslocobots/images) by extensions ['colcon_meta']
[0.298s] Level 1:colcon.colcon_core.package_identification:_identify(src/interbotix_ros_rovers/interbotix_ros_xslocobots/images) by extension 'colcon_meta'
[0.298s] Level 1:colcon.colcon_core.package_identification:_identify(src/interbotix_ros_rovers/interbotix_ros_xslocobots/images) by extensions ['ros']
[0.298s] Level 1:colcon.colcon_core.package_identification:_identify(src/interbotix_ros_rovers/interbotix_ros_xslocobots/images) by extension 'ros'
[0.298s] Level 1:colcon.colcon_core.package_identification:_identify(src/interbotix_ros_rovers/interbotix_ros_xslocobots/images) by extensions ['cmake', 'python']
[0.298s] Level 1:colcon.colcon_core.package_identification:_identify(src/interbotix_ros_rovers/interbotix_ros_xslocobots/images) by extension 'cmake'
[0.298s] Level 1:colcon.colcon_core.package_identification:_identify(src/interbotix_ros_rovers/interbotix_ros_xslocobots/images) by extension 'python'
[0.298s] Level 1:colcon.colcon_core.package_identification:_identify(src/interbotix_ros_rovers/interbotix_ros_xslocobots/images) by extensions ['python_setup_py']
[0.298s] Level 1:colcon.colcon_core.package_identification:_identify(src/interbotix_ros_rovers/interbotix_ros_xslocobots/images) by extension 'python_setup_py'
[0.298s] Level 1:colcon.colcon_core.package_identification:_identify(src/interbotix_ros_rovers/interbotix_ros_xslocobots/install) by extensions ['ignore', 'ignore_ament_install']
[0.298s] Level 1:colcon.colcon_core.package_identification:_identify(src/interbotix_ros_rovers/interbotix_ros_xslocobots/install) by extension 'ignore'
[0.298s] Level 1:colcon.colcon_core.package_identification:_identify(src/interbotix_ros_rovers/interbotix_ros_xslocobots/install) by extension 'ignore_ament_install'
[0.298s] Level 1:colcon.colcon_core.package_identification:_identify(src/interbotix_ros_rovers/interbotix_ros_xslocobots/install) by extensions ['colcon_pkg']
[0.298s] Level 1:colcon.colcon_core.package_identification:_identify(src/interbotix_ros_rovers/interbotix_ros_xslocobots/install) by extension 'colcon_pkg'
[0.299s] Level 1:colcon.colcon_core.package_identification:_identify(src/interbotix_ros_rovers/interbotix_ros_xslocobots/install) by extensions ['colcon_meta']
[0.299s] Level 1:colcon.colcon_core.package_identification:_identify(src/interbotix_ros_rovers/interbotix_ros_xslocobots/install) by extension 'colcon_meta'
[0.299s] Level 1:colcon.colcon_core.package_identification:_identify(src/interbotix_ros_rovers/interbotix_ros_xslocobots/install) by extensions ['ros']
[0.299s] Level 1:colcon.colcon_core.package_identification:_identify(src/interbotix_ros_rovers/interbotix_ros_xslocobots/install) by extension 'ros'
[0.299s] Level 1:colcon.colcon_core.package_identification:_identify(src/interbotix_ros_rovers/interbotix_ros_xslocobots/install) by extensions ['cmake', 'python']
[0.299s] Level 1:colcon.colcon_core.package_identification:_identify(src/interbotix_ros_rovers/interbotix_ros_xslocobots/install) by extension 'cmake'
[0.299s] Level 1:colcon.colcon_core.package_identification:_identify(src/interbotix_ros_rovers/interbotix_ros_xslocobots/install) by extension 'python'
[0.299s] Level 1:colcon.colcon_core.package_identification:_identify(src/interbotix_ros_rovers/interbotix_ros_xslocobots/install) by extensions ['python_setup_py']
[0.299s] Level 1:colcon.colcon_core.package_identification:_identify(src/interbotix_ros_rovers/interbotix_ros_xslocobots/install) by extension 'python_setup_py'
[0.299s] Level 1:colcon.colcon_core.package_identification:_identify(src/interbotix_ros_rovers/interbotix_ros_xslocobots/install/amd64) by extensions ['ignore', 'ignore_ament_install']
[0.299s] Level 1:colcon.colcon_core.package_identification:_identify(src/interbotix_ros_rovers/interbotix_ros_xslocobots/install/amd64) by extension 'ignore'
[0.299s] Level 1:colcon.colcon_core.package_identification:_identify(src/interbotix_ros_rovers/interbotix_ros_xslocobots/install/amd64) by extension 'ignore_ament_install'
[0.299s] Level 1:colcon.colcon_core.package_identification:_identify(src/interbotix_ros_rovers/interbotix_ros_xslocobots/install/amd64) by extensions ['colcon_pkg']
[0.299s] Level 1:colcon.colcon_core.package_identification:_identify(src/interbotix_ros_rovers/interbotix_ros_xslocobots/install/amd64) by extension 'colcon_pkg'
[0.299s] Level 1:colcon.colcon_core.package_identification:_identify(src/interbotix_ros_rovers/interbotix_ros_xslocobots/install/amd64) by extensions ['colcon_meta']
[0.299s] Level 1:colcon.colcon_core.package_identification:_identify(src/interbotix_ros_rovers/interbotix_ros_xslocobots/install/amd64) by extension 'colcon_meta'
[0.299s] Level 1:colcon.colcon_core.package_identification:_identify(src/interbotix_ros_rovers/interbotix_ros_xslocobots/install/amd64) by extensions ['ros']
[0.299s] Level 1:colcon.colcon_core.package_identification:_identify(src/interbotix_ros_rovers/interbotix_ros_xslocobots/install/amd64) by extension 'ros'
[0.299s] Level 1:colcon.colcon_core.package_identification:_identify(src/interbotix_ros_rovers/interbotix_ros_xslocobots/install/amd64) by extensions ['cmake', 'python']
[0.299s] Level 1:colcon.colcon_core.package_identification:_identify(src/interbotix_ros_rovers/interbotix_ros_xslocobots/install/amd64) by extension 'cmake'
[0.299s] Level 1:colcon.colcon_core.package_identification:_identify(src/interbotix_ros_rovers/interbotix_ros_xslocobots/install/amd64) by extension 'python'
[0.299s] Level 1:colcon.colcon_core.package_identification:_identify(src/interbotix_ros_rovers/interbotix_ros_xslocobots/install/amd64) by extensions ['python_setup_py']
[0.299s] Level 1:colcon.colcon_core.package_identification:_identify(src/interbotix_ros_rovers/interbotix_ros_xslocobots/install/amd64) by extension 'python_setup_py'
[0.299s] Level 1:colcon.colcon_core.package_identification:_identify(src/interbotix_ros_rovers/interbotix_ros_xslocobots/install/resources) by extensions ['ignore', 'ignore_ament_install']
[0.299s] Level 1:colcon.colcon_core.package_identification:_identify(src/interbotix_ros_rovers/interbotix_ros_xslocobots/install/resources) by extension 'ignore'
[0.299s] Level 1:colcon.colcon_core.package_identification:_identify(src/interbotix_ros_rovers/interbotix_ros_xslocobots/install/resources) by extension 'ignore_ament_install'
[0.299s] Level 1:colcon.colcon_core.package_identification:_identify(src/interbotix_ros_rovers/interbotix_ros_xslocobots/install/resources) by extensions ['colcon_pkg']
[0.299s] Level 1:colcon.colcon_core.package_identification:_identify(src/interbotix_ros_rovers/interbotix_ros_xslocobots/install/resources) by extension 'colcon_pkg'
[0.299s] Level 1:colcon.colcon_core.package_identification:_identify(src/interbotix_ros_rovers/interbotix_ros_xslocobots/install/resources) by extensions ['colcon_meta']
[0.299s] Level 1:colcon.colcon_core.package_identification:_identify(src/interbotix_ros_rovers/interbotix_ros_xslocobots/install/resources) by extension 'colcon_meta'
[0.299s] Level 1:colcon.colcon_core.package_identification:_identify(src/interbotix_ros_rovers/interbotix_ros_xslocobots/install/resources) by extensions ['ros']
[0.299s] Level 1:colcon.colcon_core.package_identification:_identify(src/interbotix_ros_rovers/interbotix_ros_xslocobots/install/resources) by extension 'ros'
[0.299s] Level 1:colcon.colcon_core.package_identification:_identify(src/interbotix_ros_rovers/interbotix_ros_xslocobots/install/resources) by extensions ['cmake', 'python']
[0.299s] Level 1:colcon.colcon_core.package_identification:_identify(src/interbotix_ros_rovers/interbotix_ros_xslocobots/install/resources) by extension 'cmake'
[0.299s] Level 1:colcon.colcon_core.package_identification:_identify(src/interbotix_ros_rovers/interbotix_ros_xslocobots/install/resources) by extension 'python'
[0.299s] Level 1:colcon.colcon_core.package_identification:_identify(src/interbotix_ros_rovers/interbotix_ros_xslocobots/install/resources) by extensions ['python_setup_py']
[0.300s] Level 1:colcon.colcon_core.package_identification:_identify(src/interbotix_ros_rovers/interbotix_ros_xslocobots/install/resources) by extension 'python_setup_py'
[0.300s] Level 1:colcon.colcon_core.package_identification:_identify(src/interbotix_ros_rovers/interbotix_ros_xslocobots/install/resources/conf) by extensions ['ignore', 'ignore_ament_install']
[0.300s] Level 1:colcon.colcon_core.package_identification:_identify(src/interbotix_ros_rovers/interbotix_ros_xslocobots/install/resources/conf) by extension 'ignore'
[0.300s] Level 1:colcon.colcon_core.package_identification:_identify(src/interbotix_ros_rovers/interbotix_ros_xslocobots/install/resources/conf) by extension 'ignore_ament_install'
[0.300s] Level 1:colcon.colcon_core.package_identification:_identify(src/interbotix_ros_rovers/interbotix_ros_xslocobots/install/resources/conf) by extensions ['colcon_pkg']
[0.300s] Level 1:colcon.colcon_core.package_identification:_identify(src/interbotix_ros_rovers/interbotix_ros_xslocobots/install/resources/conf) by extension 'colcon_pkg'
[0.300s] Level 1:colcon.colcon_core.package_identification:_identify(src/interbotix_ros_rovers/interbotix_ros_xslocobots/install/resources/conf) by extensions ['colcon_meta']
[0.300s] Level 1:colcon.colcon_core.package_identification:_identify(src/interbotix_ros_rovers/interbotix_ros_xslocobots/install/resources/conf) by extension 'colcon_meta'
[0.300s] Level 1:colcon.colcon_core.package_identification:_identify(src/interbotix_ros_rovers/interbotix_ros_xslocobots/install/resources/conf) by extensions ['ros']
[0.300s] Level 1:colcon.colcon_core.package_identification:_identify(src/interbotix_ros_rovers/interbotix_ros_xslocobots/install/resources/conf) by extension 'ros'
[0.300s] Level 1:colcon.colcon_core.package_identification:_identify(src/interbotix_ros_rovers/interbotix_ros_xslocobots/install/resources/conf) by extensions ['cmake', 'python']
[0.300s] Level 1:colcon.colcon_core.package_identification:_identify(src/interbotix_ros_rovers/interbotix_ros_xslocobots/install/resources/conf) by extension 'cmake'
[0.300s] Level 1:colcon.colcon_core.package_identification:_identify(src/interbotix_ros_rovers/interbotix_ros_xslocobots/install/resources/conf) by extension 'python'
[0.300s] Level 1:colcon.colcon_core.package_identification:_identify(src/interbotix_ros_rovers/interbotix_ros_xslocobots/install/resources/conf) by extensions ['python_setup_py']
[0.300s] Level 1:colcon.colcon_core.package_identification:_identify(src/interbotix_ros_rovers/interbotix_ros_xslocobots/install/resources/conf) by extension 'python_setup_py'
[0.300s] Level 1:colcon.colcon_core.package_identification:_identify(src/interbotix_ros_rovers/interbotix_ros_xslocobots/install/resources/service) by extensions ['ignore', 'ignore_ament_install']
[0.300s] Level 1:colcon.colcon_core.package_identification:_identify(src/interbotix_ros_rovers/interbotix_ros_xslocobots/install/resources/service) by extension 'ignore'
[0.300s] Level 1:colcon.colcon_core.package_identification:_identify(src/interbotix_ros_rovers/interbotix_ros_xslocobots/install/resources/service) by extension 'ignore_ament_install'
[0.300s] Level 1:colcon.colcon_core.package_identification:_identify(src/interbotix_ros_rovers/interbotix_ros_xslocobots/install/resources/service) by extensions ['colcon_pkg']
[0.300s] Level 1:colcon.colcon_core.package_identification:_identify(src/interbotix_ros_rovers/interbotix_ros_xslocobots/install/resources/service) by extension 'colcon_pkg'
[0.300s] Level 1:colcon.colcon_core.package_identification:_identify(src/interbotix_ros_rovers/interbotix_ros_xslocobots/install/resources/service) by extensions ['colcon_meta']
[0.300s] Level 1:colcon.colcon_core.package_identification:_identify(src/interbotix_ros_rovers/interbotix_ros_xslocobots/install/resources/service) by extension 'colcon_meta'
[0.300s] Level 1:colcon.colcon_core.package_identification:_identify(src/interbotix_ros_rovers/interbotix_ros_xslocobots/install/resources/service) by extensions ['ros']
[0.300s] Level 1:colcon.colcon_core.package_identification:_identify(src/interbotix_ros_rovers/interbotix_ros_xslocobots/install/resources/service) by extension 'ros'
[0.300s] Level 1:colcon.colcon_core.package_identification:_identify(src/interbotix_ros_rovers/interbotix_ros_xslocobots/install/resources/service) by extensions ['cmake', 'python']
[0.300s] Level 1:colcon.colcon_core.package_identification:_identify(src/interbotix_ros_rovers/interbotix_ros_xslocobots/install/resources/service) by extension 'cmake'
[0.300s] Level 1:colcon.colcon_core.package_identification:_identify(src/interbotix_ros_rovers/interbotix_ros_xslocobots/install/resources/service) by extension 'python'
[0.300s] Level 1:colcon.colcon_core.package_identification:_identify(src/interbotix_ros_rovers/interbotix_ros_xslocobots/install/resources/service) by extensions ['python_setup_py']
[0.300s] Level 1:colcon.colcon_core.package_identification:_identify(src/interbotix_ros_rovers/interbotix_ros_xslocobots/install/resources/service) by extension 'python_setup_py'
[0.300s] Level 1:colcon.colcon_core.package_identification:_identify(src/interbotix_ros_rovers/interbotix_ros_xslocobots/interbotix_ros_xslocobots) by extensions ['ignore', 'ignore_ament_install']
[0.300s] Level 1:colcon.colcon_core.package_identification:_identify(src/interbotix_ros_rovers/interbotix_ros_xslocobots/interbotix_ros_xslocobots) by extension 'ignore'
[0.300s] Level 1:colcon.colcon_core.package_identification:_identify(src/interbotix_ros_rovers/interbotix_ros_xslocobots/interbotix_ros_xslocobots) ignored
[0.301s] Level 1:colcon.colcon_core.package_identification:_identify(src/interbotix_ros_rovers/interbotix_ros_xslocobots/interbotix_xslocobot_control) by extensions ['ignore', 'ignore_ament_install']
[0.301s] Level 1:colcon.colcon_core.package_identification:_identify(src/interbotix_ros_rovers/interbotix_ros_xslocobots/interbotix_xslocobot_control) by extension 'ignore'
[0.301s] Level 1:colcon.colcon_core.package_identification:_identify(src/interbotix_ros_rovers/interbotix_ros_xslocobots/interbotix_xslocobot_control) by extension 'ignore_ament_install'
[0.301s] Level 1:colcon.colcon_core.package_identification:_identify(src/interbotix_ros_rovers/interbotix_ros_xslocobots/interbotix_xslocobot_control) by extensions ['colcon_pkg']
[0.301s] Level 1:colcon.colcon_core.package_identification:_identify(src/interbotix_ros_rovers/interbotix_ros_xslocobots/interbotix_xslocobot_control) by extension 'colcon_pkg'
[0.301s] Level 1:colcon.colcon_core.package_identification:_identify(src/interbotix_ros_rovers/interbotix_ros_xslocobots/interbotix_xslocobot_control) by extensions ['colcon_meta']
[0.301s] Level 1:colcon.colcon_core.package_identification:_identify(src/interbotix_ros_rovers/interbotix_ros_xslocobots/interbotix_xslocobot_control) by extension 'colcon_meta'
[0.301s] Level 1:colcon.colcon_core.package_identification:_identify(src/interbotix_ros_rovers/interbotix_ros_xslocobots/interbotix_xslocobot_control) by extensions ['ros']
[0.301s] Level 1:colcon.colcon_core.package_identification:_identify(src/interbotix_ros_rovers/interbotix_ros_xslocobots/interbotix_xslocobot_control) by extension 'ros'
[0.304s] DEBUG:colcon.colcon_core.package_identification:Package 'src/interbotix_ros_rovers/interbotix_ros_xslocobots/interbotix_xslocobot_control' with type 'ros.ament_cmake' and name 'interbotix_xslocobot_control'
[0.304s] Level 1:colcon.colcon_core.package_identification:_identify(src/interbotix_ros_rovers/interbotix_ros_xslocobots/interbotix_xslocobot_descriptions) by extensions ['ignore', 'ignore_ament_install']
[0.304s] Level 1:colcon.colcon_core.package_identification:_identify(src/interbotix_ros_rovers/interbotix_ros_xslocobots/interbotix_xslocobot_descriptions) by extension 'ignore'
[0.304s] Level 1:colcon.colcon_core.package_identification:_identify(src/interbotix_ros_rovers/interbotix_ros_xslocobots/interbotix_xslocobot_descriptions) by extension 'ignore_ament_install'
[0.304s] Level 1:colcon.colcon_core.package_identification:_identify(src/interbotix_ros_rovers/interbotix_ros_xslocobots/interbotix_xslocobot_descriptions) by extensions ['colcon_pkg']
[0.304s] Level 1:colcon.colcon_core.package_identification:_identify(src/interbotix_ros_rovers/interbotix_ros_xslocobots/interbotix_xslocobot_descriptions) by extension 'colcon_pkg'
[0.304s] Level 1:colcon.colcon_core.package_identification:_identify(src/interbotix_ros_rovers/interbotix_ros_xslocobots/interbotix_xslocobot_descriptions) by extensions ['colcon_meta']
[0.304s] Level 1:colcon.colcon_core.package_identification:_identify(src/interbotix_ros_rovers/interbotix_ros_xslocobots/interbotix_xslocobot_descriptions) by extension 'colcon_meta'
[0.304s] Level 1:colcon.colcon_core.package_identification:_identify(src/interbotix_ros_rovers/interbotix_ros_xslocobots/interbotix_xslocobot_descriptions) by extensions ['ros']
[0.304s] Level 1:colcon.colcon_core.package_identification:_identify(src/interbotix_ros_rovers/interbotix_ros_xslocobots/interbotix_xslocobot_descriptions) by extension 'ros'
[0.306s] DEBUG:colcon.colcon_core.package_identification:Package 'src/interbotix_ros_rovers/interbotix_ros_xslocobots/interbotix_xslocobot_descriptions' with type 'ros.ament_cmake' and name 'interbotix_xslocobot_descriptions'
[0.306s] Level 1:colcon.colcon_core.package_identification:_identify(src/interbotix_ros_rovers/interbotix_ros_xslocobots/interbotix_xslocobot_moveit) by extensions ['ignore', 'ignore_ament_install']
[0.306s] Level 1:colcon.colcon_core.package_identification:_identify(src/interbotix_ros_rovers/interbotix_ros_xslocobots/interbotix_xslocobot_moveit) by extension 'ignore'
[0.306s] Level 1:colcon.colcon_core.package_identification:_identify(src/interbotix_ros_rovers/interbotix_ros_xslocobots/interbotix_xslocobot_moveit) by extension 'ignore_ament_install'
[0.306s] Level 1:colcon.colcon_core.package_identification:_identify(src/interbotix_ros_rovers/interbotix_ros_xslocobots/interbotix_xslocobot_moveit) by extensions ['colcon_pkg']
[0.306s] Level 1:colcon.colcon_core.package_identification:_identify(src/interbotix_ros_rovers/interbotix_ros_xslocobots/interbotix_xslocobot_moveit) by extension 'colcon_pkg'
[0.306s] Level 1:colcon.colcon_core.package_identification:_identify(src/interbotix_ros_rovers/interbotix_ros_xslocobots/interbotix_xslocobot_moveit) by extensions ['colcon_meta']
[0.306s] Level 1:colcon.colcon_core.package_identification:_identify(src/interbotix_ros_rovers/interbotix_ros_xslocobots/interbotix_xslocobot_moveit) by extension 'colcon_meta'
[0.306s] Level 1:colcon.colcon_core.package_identification:_identify(src/interbotix_ros_rovers/interbotix_ros_xslocobots/interbotix_xslocobot_moveit) by extensions ['ros']
[0.306s] Level 1:colcon.colcon_core.package_identification:_identify(src/interbotix_ros_rovers/interbotix_ros_xslocobots/interbotix_xslocobot_moveit) by extension 'ros'
[0.307s] DEBUG:colcon.colcon_core.package_identification:Package 'src/interbotix_ros_rovers/interbotix_ros_xslocobots/interbotix_xslocobot_moveit' with type 'ros.ament_cmake' and name 'interbotix_xslocobot_moveit'
[0.307s] Level 1:colcon.colcon_core.package_identification:_identify(src/interbotix_ros_rovers/interbotix_ros_xslocobots/interbotix_xslocobot_nav) by extensions ['ignore', 'ignore_ament_install']
[0.307s] Level 1:colcon.colcon_core.package_identification:_identify(src/interbotix_ros_rovers/interbotix_ros_xslocobots/interbotix_xslocobot_nav) by extension 'ignore'
[0.307s] Level 1:colcon.colcon_core.package_identification:_identify(src/interbotix_ros_rovers/interbotix_ros_xslocobots/interbotix_xslocobot_nav) by extension 'ignore_ament_install'
[0.307s] Level 1:colcon.colcon_core.package_identification:_identify(src/interbotix_ros_rovers/interbotix_ros_xslocobots/interbotix_xslocobot_nav) by extensions ['colcon_pkg']
[0.307s] Level 1:colcon.colcon_core.package_identification:_identify(src/interbotix_ros_rovers/interbotix_ros_xslocobots/interbotix_xslocobot_nav) by extension 'colcon_pkg'
[0.307s] Level 1:colcon.colcon_core.package_identification:_identify(src/interbotix_ros_rovers/interbotix_ros_xslocobots/interbotix_xslocobot_nav) by extensions ['colcon_meta']
[0.307s] Level 1:colcon.colcon_core.package_identification:_identify(src/interbotix_ros_rovers/interbotix_ros_xslocobots/interbotix_xslocobot_nav) by extension 'colcon_meta'
[0.307s] Level 1:colcon.colcon_core.package_identification:_identify(src/interbotix_ros_rovers/interbotix_ros_xslocobots/interbotix_xslocobot_nav) by extensions ['ros']
[0.307s] Level 1:colcon.colcon_core.package_identification:_identify(src/interbotix_ros_rovers/interbotix_ros_xslocobots/interbotix_xslocobot_nav) by extension 'ros'
[0.308s] DEBUG:colcon.colcon_core.package_identification:Package 'src/interbotix_ros_rovers/interbotix_ros_xslocobots/interbotix_xslocobot_nav' with type 'ros.ament_cmake' and name 'interbotix_xslocobot_nav'
[0.308s] Level 1:colcon.colcon_core.package_identification:_identify(src/interbotix_ros_rovers/interbotix_ros_xslocobots/interbotix_xslocobot_perception) by extensions ['ignore', 'ignore_ament_install']
[0.308s] Level 1:colcon.colcon_core.package_identification:_identify(src/interbotix_ros_rovers/interbotix_ros_xslocobots/interbotix_xslocobot_perception) by extension 'ignore'
[0.308s] Level 1:colcon.colcon_core.package_identification:_identify(src/interbotix_ros_rovers/interbotix_ros_xslocobots/interbotix_xslocobot_perception) ignored
[0.308s] Level 1:colcon.colcon_core.package_identification:_identify(src/interbotix_ros_rovers/interbotix_ros_xslocobots/interbotix_xslocobot_ros_control) by extensions ['ignore', 'ignore_ament_install']
[0.308s] Level 1:colcon.colcon_core.package_identification:_identify(src/interbotix_ros_rovers/interbotix_ros_xslocobots/interbotix_xslocobot_ros_control) by extension 'ignore'
[0.308s] Level 1:colcon.colcon_core.package_identification:_identify(src/interbotix_ros_rovers/interbotix_ros_xslocobots/interbotix_xslocobot_ros_control) by extension 'ignore_ament_install'
[0.308s] Level 1:colcon.colcon_core.package_identification:_identify(src/interbotix_ros_rovers/interbotix_ros_xslocobots/interbotix_xslocobot_ros_control) by extensions ['colcon_pkg']
[0.308s] Level 1:colcon.colcon_core.package_identification:_identify(src/interbotix_ros_rovers/interbotix_ros_xslocobots/interbotix_xslocobot_ros_control) by extension 'colcon_pkg'
[0.308s] Level 1:colcon.colcon_core.package_identification:_identify(src/interbotix_ros_rovers/interbotix_ros_xslocobots/interbotix_xslocobot_ros_control) by extensions ['colcon_meta']
[0.308s] Level 1:colcon.colcon_core.package_identification:_identify(src/interbotix_ros_rovers/interbotix_ros_xslocobots/interbotix_xslocobot_ros_control) by extension 'colcon_meta'
[0.308s] Level 1:colcon.colcon_core.package_identification:_identify(src/interbotix_ros_rovers/interbotix_ros_xslocobots/interbotix_xslocobot_ros_control) by extensions ['ros']
[0.308s] Level 1:colcon.colcon_core.package_identification:_identify(src/interbotix_ros_rovers/interbotix_ros_xslocobots/interbotix_xslocobot_ros_control) by extension 'ros'
[0.309s] DEBUG:colcon.colcon_core.package_identification:Package 'src/interbotix_ros_rovers/interbotix_ros_xslocobots/interbotix_xslocobot_ros_control' with type 'ros.ament_cmake' and name 'interbotix_xslocobot_ros_control'
[0.309s] Level 1:colcon.colcon_core.package_identification:_identify(src/interbotix_ros_rovers/interbotix_ros_xslocobots/interbotix_xslocobot_sim) by extensions ['ignore', 'ignore_ament_install']
[0.309s] Level 1:colcon.colcon_core.package_identification:_identify(src/interbotix_ros_rovers/interbotix_ros_xslocobots/interbotix_xslocobot_sim) by extension 'ignore'
[0.309s] Level 1:colcon.colcon_core.package_identification:_identify(src/interbotix_ros_rovers/interbotix_ros_xslocobots/interbotix_xslocobot_sim) by extension 'ignore_ament_install'
[0.309s] Level 1:colcon.colcon_core.package_identification:_identify(src/interbotix_ros_rovers/interbotix_ros_xslocobots/interbotix_xslocobot_sim) by extensions ['colcon_pkg']
[0.309s] Level 1:colcon.colcon_core.package_identification:_identify(src/interbotix_ros_rovers/interbotix_ros_xslocobots/interbotix_xslocobot_sim) by extension 'colcon_pkg'
[0.309s] Level 1:colcon.colcon_core.package_identification:_identify(src/interbotix_ros_rovers/interbotix_ros_xslocobots/interbotix_xslocobot_sim) by extensions ['colcon_meta']
[0.309s] Level 1:colcon.colcon_core.package_identification:_identify(src/interbotix_ros_rovers/interbotix_ros_xslocobots/interbotix_xslocobot_sim) by extension 'colcon_meta'
[0.309s] Level 1:colcon.colcon_core.package_identification:_identify(src/interbotix_ros_rovers/interbotix_ros_xslocobots/interbotix_xslocobot_sim) by extensions ['ros']
[0.309s] Level 1:colcon.colcon_core.package_identification:_identify(src/interbotix_ros_rovers/interbotix_ros_xslocobots/interbotix_xslocobot_sim) by extension 'ros'
[0.310s] DEBUG:colcon.colcon_core.package_identification:Package 'src/interbotix_ros_rovers/interbotix_ros_xslocobots/interbotix_xslocobot_sim' with type 'ros.ament_cmake' and name 'interbotix_xslocobot_sim'
[0.310s] Level 1:colcon.colcon_core.package_identification:_identify(src/interbotix_ros_toolboxes) by extensions ['ignore', 'ignore_ament_install']
[0.310s] Level 1:colcon.colcon_core.package_identification:_identify(src/interbotix_ros_toolboxes) by extension 'ignore'
[0.310s] Level 1:colcon.colcon_core.package_identification:_identify(src/interbotix_ros_toolboxes) by extension 'ignore_ament_install'
[0.310s] Level 1:colcon.colcon_core.package_identification:_identify(src/interbotix_ros_toolboxes) by extensions ['colcon_pkg']
[0.310s] Level 1:colcon.colcon_core.package_identification:_identify(src/interbotix_ros_toolboxes) by extension 'colcon_pkg'
[0.310s] Level 1:colcon.colcon_core.package_identification:_identify(src/interbotix_ros_toolboxes) by extensions ['colcon_meta']
[0.310s] Level 1:colcon.colcon_core.package_identification:_identify(src/interbotix_ros_toolboxes) by extension 'colcon_meta'
[0.310s] Level 1:colcon.colcon_core.package_identification:_identify(src/interbotix_ros_toolboxes) by extensions ['ros']
[0.310s] Level 1:colcon.colcon_core.package_identification:_identify(src/interbotix_ros_toolboxes) by extension 'ros'
[0.310s] Level 1:colcon.colcon_core.package_identification:_identify(src/interbotix_ros_toolboxes) by extensions ['cmake', 'python']
[0.310s] Level 1:colcon.colcon_core.package_identification:_identify(src/interbotix_ros_toolboxes) by extension 'cmake'
[0.310s] Level 1:colcon.colcon_core.package_identification:_identify(src/interbotix_ros_toolboxes) by extension 'python'
[0.310s] Level 1:colcon.colcon_core.package_identification:_identify(src/interbotix_ros_toolboxes) by extensions ['python_setup_py']
[0.310s] Level 1:colcon.colcon_core.package_identification:_identify(src/interbotix_ros_toolboxes) by extension 'python_setup_py'
[0.311s] Level 1:colcon.colcon_core.package_identification:_identify(src/interbotix_ros_toolboxes/images) by extensions ['ignore', 'ignore_ament_install']
[0.311s] Level 1:colcon.colcon_core.package_identification:_identify(src/interbotix_ros_toolboxes/images) by extension 'ignore'
[0.311s] Level 1:colcon.colcon_core.package_identification:_identify(src/interbotix_ros_toolboxes/images) by extension 'ignore_ament_install'
[0.311s] Level 1:colcon.colcon_core.package_identification:_identify(src/interbotix_ros_toolboxes/images) by extensions ['colcon_pkg']
[0.311s] Level 1:colcon.colcon_core.package_identification:_identify(src/interbotix_ros_toolboxes/images) by extension 'colcon_pkg'
[0.311s] Level 1:colcon.colcon_core.package_identification:_identify(src/interbotix_ros_toolboxes/images) by extensions ['colcon_meta']
[0.311s] Level 1:colcon.colcon_core.package_identification:_identify(src/interbotix_ros_toolboxes/images) by extension 'colcon_meta'
[0.311s] Level 1:colcon.colcon_core.package_identification:_identify(src/interbotix_ros_toolboxes/images) by extensions ['ros']
[0.311s] Level 1:colcon.colcon_core.package_identification:_identify(src/interbotix_ros_toolboxes/images) by extension 'ros'
[0.311s] Level 1:colcon.colcon_core.package_identification:_identify(src/interbotix_ros_toolboxes/images) by extensions ['cmake', 'python']
[0.311s] Level 1:colcon.colcon_core.package_identification:_identify(src/interbotix_ros_toolboxes/images) by extension 'cmake'
[0.311s] Level 1:colcon.colcon_core.package_identification:_identify(src/interbotix_ros_toolboxes/images) by extension 'python'
[0.311s] Level 1:colcon.colcon_core.package_identification:_identify(src/interbotix_ros_toolboxes/images) by extensions ['python_setup_py']
[0.311s] Level 1:colcon.colcon_core.package_identification:_identify(src/interbotix_ros_toolboxes/images) by extension 'python_setup_py'
[0.311s] Level 1:colcon.colcon_core.package_identification:_identify(src/interbotix_ros_toolboxes/interbotix_common_toolbox) by extensions ['ignore', 'ignore_ament_install']
[0.311s] Level 1:colcon.colcon_core.package_identification:_identify(src/interbotix_ros_toolboxes/interbotix_common_toolbox) by extension 'ignore'
[0.311s] Level 1:colcon.colcon_core.package_identification:_identify(src/interbotix_ros_toolboxes/interbotix_common_toolbox) by extension 'ignore_ament_install'
[0.311s] Level 1:colcon.colcon_core.package_identification:_identify(src/interbotix_ros_toolboxes/interbotix_common_toolbox) by extensions ['colcon_pkg']
[0.311s] Level 1:colcon.colcon_core.package_identification:_identify(src/interbotix_ros_toolboxes/interbotix_common_toolbox) by extension 'colcon_pkg'
[0.311s] Level 1:colcon.colcon_core.package_identification:_identify(src/interbotix_ros_toolboxes/interbotix_common_toolbox) by extensions ['colcon_meta']
[0.311s] Level 1:colcon.colcon_core.package_identification:_identify(src/interbotix_ros_toolboxes/interbotix_common_toolbox) by extension 'colcon_meta'
[0.311s] Level 1:colcon.colcon_core.package_identification:_identify(src/interbotix_ros_toolboxes/interbotix_common_toolbox) by extensions ['ros']
[0.311s] Level 1:colcon.colcon_core.package_identification:_identify(src/interbotix_ros_toolboxes/interbotix_common_toolbox) by extension 'ros'
[0.311s] Level 1:colcon.colcon_core.package_identification:_identify(src/interbotix_ros_toolboxes/interbotix_common_toolbox) by extensions ['cmake', 'python']
[0.311s] Level 1:colcon.colcon_core.package_identification:_identify(src/interbotix_ros_toolboxes/interbotix_common_toolbox) by extension 'cmake'
[0.311s] Level 1:colcon.colcon_core.package_identification:_identify(src/interbotix_ros_toolboxes/interbotix_common_toolbox) by extension 'python'
[0.311s] Level 1:colcon.colcon_core.package_identification:_identify(src/interbotix_ros_toolboxes/interbotix_common_toolbox) by extensions ['python_setup_py']
[0.311s] Level 1:colcon.colcon_core.package_identification:_identify(src/interbotix_ros_toolboxes/interbotix_common_toolbox) by extension 'python_setup_py'
[0.311s] Level 1:colcon.colcon_core.package_identification:_identify(src/interbotix_ros_toolboxes/interbotix_common_toolbox/interbotix_common_modules) by extensions ['ignore', 'ignore_ament_install']
[0.311s] Level 1:colcon.colcon_core.package_identification:_identify(src/interbotix_ros_toolboxes/interbotix_common_toolbox/interbotix_common_modules) by extension 'ignore'
[0.311s] Level 1:colcon.colcon_core.package_identification:_identify(src/interbotix_ros_toolboxes/interbotix_common_toolbox/interbotix_common_modules) by extension 'ignore_ament_install'
[0.311s] Level 1:colcon.colcon_core.package_identification:_identify(src/interbotix_ros_toolboxes/interbotix_common_toolbox/interbotix_common_modules) by extensions ['colcon_pkg']
[0.311s] Level 1:colcon.colcon_core.package_identification:_identify(src/interbotix_ros_toolboxes/interbotix_common_toolbox/interbotix_common_modules) by extension 'colcon_pkg'
[0.311s] Level 1:colcon.colcon_core.package_identification:_identify(src/interbotix_ros_toolboxes/interbotix_common_toolbox/interbotix_common_modules) by extensions ['colcon_meta']
[0.311s] Level 1:colcon.colcon_core.package_identification:_identify(src/interbotix_ros_toolboxes/interbotix_common_toolbox/interbotix_common_modules) by extension 'colcon_meta'
[0.312s] Level 1:colcon.colcon_core.package_identification:_identify(src/interbotix_ros_toolboxes/interbotix_common_toolbox/interbotix_common_modules) by extensions ['ros']
[0.312s] Level 1:colcon.colcon_core.package_identification:_identify(src/interbotix_ros_toolboxes/interbotix_common_toolbox/interbotix_common_modules) by extension 'ros'
[0.312s] DEBUG:colcon.colcon_core.package_identification:Package 'src/interbotix_ros_toolboxes/interbotix_common_toolbox/interbotix_common_modules' with type 'ros.ament_python' and name 'interbotix_common_modules'
[0.312s] Level 1:colcon.colcon_core.package_identification:_identify(src/interbotix_ros_toolboxes/interbotix_common_toolbox/interbotix_common_sim) by extensions ['ignore', 'ignore_ament_install']
[0.312s] Level 1:colcon.colcon_core.package_identification:_identify(src/interbotix_ros_toolboxes/interbotix_common_toolbox/interbotix_common_sim) by extension 'ignore'
[0.312s] Level 1:colcon.colcon_core.package_identification:_identify(src/interbotix_ros_toolboxes/interbotix_common_toolbox/interbotix_common_sim) by extension 'ignore_ament_install'
[0.312s] Level 1:colcon.colcon_core.package_identification:_identify(src/interbotix_ros_toolboxes/interbotix_common_toolbox/interbotix_common_sim) by extensions ['colcon_pkg']
[0.312s] Level 1:colcon.colcon_core.package_identification:_identify(src/interbotix_ros_toolboxes/interbotix_common_toolbox/interbotix_common_sim) by extension 'colcon_pkg'
[0.312s] Level 1:colcon.colcon_core.package_identification:_identify(src/interbotix_ros_toolboxes/interbotix_common_toolbox/interbotix_common_sim) by extensions ['colcon_meta']
[0.312s] Level 1:colcon.colcon_core.package_identification:_identify(src/interbotix_ros_toolboxes/interbotix_common_toolbox/interbotix_common_sim) by extension 'colcon_meta'
[0.312s] Level 1:colcon.colcon_core.package_identification:_identify(src/interbotix_ros_toolboxes/interbotix_common_toolbox/interbotix_common_sim) by extensions ['ros']
[0.312s] Level 1:colcon.colcon_core.package_identification:_identify(src/interbotix_ros_toolboxes/interbotix_common_toolbox/interbotix_common_sim) by extension 'ros'
[0.312s] DEBUG:colcon.colcon_core.package_identification:Package 'src/interbotix_ros_toolboxes/interbotix_common_toolbox/interbotix_common_sim' with type 'ros.ament_cmake' and name 'interbotix_common_sim'
[0.312s] Level 1:colcon.colcon_core.package_identification:_identify(src/interbotix_ros_toolboxes/interbotix_common_toolbox/interbotix_common_toolbox) by extensions ['ignore', 'ignore_ament_install']
[0.313s] Level 1:colcon.colcon_core.package_identification:_identify(src/interbotix_ros_toolboxes/interbotix_common_toolbox/interbotix_common_toolbox) by extension 'ignore'
[0.313s] Level 1:colcon.colcon_core.package_identification:_identify(src/interbotix_ros_toolboxes/interbotix_common_toolbox/interbotix_common_toolbox) by extension 'ignore_ament_install'
[0.313s] Level 1:colcon.colcon_core.package_identification:_identify(src/interbotix_ros_toolboxes/interbotix_common_toolbox/interbotix_common_toolbox) by extensions ['colcon_pkg']
[0.313s] Level 1:colcon.colcon_core.package_identification:_identify(src/interbotix_ros_toolboxes/interbotix_common_toolbox/interbotix_common_toolbox) by extension 'colcon_pkg'
[0.313s] Level 1:colcon.colcon_core.package_identification:_identify(src/interbotix_ros_toolboxes/interbotix_common_toolbox/interbotix_common_toolbox) by extensions ['colcon_meta']
[0.313s] Level 1:colcon.colcon_core.package_identification:_identify(src/interbotix_ros_toolboxes/interbotix_common_toolbox/interbotix_common_toolbox) by extension 'colcon_meta'
[0.313s] Level 1:colcon.colcon_core.package_identification:_identify(src/interbotix_ros_toolboxes/interbotix_common_toolbox/interbotix_common_toolbox) by extensions ['ros']
[0.313s] Level 1:colcon.colcon_core.package_identification:_identify(src/interbotix_ros_toolboxes/interbotix_common_toolbox/interbotix_common_toolbox) by extension 'ros'
[0.313s] DEBUG:colcon.colcon_core.package_identification:Package 'src/interbotix_ros_toolboxes/interbotix_common_toolbox/interbotix_common_toolbox' with type 'ros.ament_cmake' and name 'interbotix_common_toolbox'
[0.313s] Level 1:colcon.colcon_core.package_identification:_identify(src/interbotix_ros_toolboxes/interbotix_common_toolbox/interbotix_gravity_compensation) by extensions ['ignore', 'ignore_ament_install']
[0.313s] Level 1:colcon.colcon_core.package_identification:_identify(src/interbotix_ros_toolboxes/interbotix_common_toolbox/interbotix_gravity_compensation) by extension 'ignore'
[0.313s] Level 1:colcon.colcon_core.package_identification:_identify(src/interbotix_ros_toolboxes/interbotix_common_toolbox/interbotix_gravity_compensation) by extension 'ignore_ament_install'
[0.313s] Level 1:colcon.colcon_core.package_identification:_identify(src/interbotix_ros_toolboxes/interbotix_common_toolbox/interbotix_gravity_compensation) by extensions ['colcon_pkg']
[0.313s] Level 1:colcon.colcon_core.package_identification:_identify(src/interbotix_ros_toolboxes/interbotix_common_toolbox/interbotix_gravity_compensation) by extension 'colcon_pkg'
[0.313s] Level 1:colcon.colcon_core.package_identification:_identify(src/interbotix_ros_toolboxes/interbotix_common_toolbox/interbotix_gravity_compensation) by extensions ['colcon_meta']
[0.313s] Level 1:colcon.colcon_core.package_identification:_identify(src/interbotix_ros_toolboxes/interbotix_common_toolbox/interbotix_gravity_compensation) by extension 'colcon_meta'
[0.313s] Level 1:colcon.colcon_core.package_identification:_identify(src/interbotix_ros_toolboxes/interbotix_common_toolbox/interbotix_gravity_compensation) by extensions ['ros']
[0.313s] Level 1:colcon.colcon_core.package_identification:_identify(src/interbotix_ros_toolboxes/interbotix_common_toolbox/interbotix_gravity_compensation) by extension 'ros'
[0.314s] DEBUG:colcon.colcon_core.package_identification:Package 'src/interbotix_ros_toolboxes/interbotix_common_toolbox/interbotix_gravity_compensation' with type 'ros.ament_cmake' and name 'interbotix_gravity_compensation'
[0.314s] Level 1:colcon.colcon_core.package_identification:_identify(src/interbotix_ros_toolboxes/interbotix_common_toolbox/interbotix_landmark_modules) by extensions ['ignore', 'ignore_ament_install']
[0.314s] Level 1:colcon.colcon_core.package_identification:_identify(src/interbotix_ros_toolboxes/interbotix_common_toolbox/interbotix_landmark_modules) by extension 'ignore'
[0.314s] Level 1:colcon.colcon_core.package_identification:_identify(src/interbotix_ros_toolboxes/interbotix_common_toolbox/interbotix_landmark_modules) ignored
[0.314s] Level 1:colcon.colcon_core.package_identification:_identify(src/interbotix_ros_toolboxes/interbotix_common_toolbox/interbotix_moveit_interface) by extensions ['ignore', 'ignore_ament_install']
[0.314s] Level 1:colcon.colcon_core.package_identification:_identify(src/interbotix_ros_toolboxes/interbotix_common_toolbox/interbotix_moveit_interface) by extension 'ignore'
[0.314s] Level 1:colcon.colcon_core.package_identification:_identify(src/interbotix_ros_toolboxes/interbotix_common_toolbox/interbotix_moveit_interface) by extension 'ignore_ament_install'
[0.314s] Level 1:colcon.colcon_core.package_identification:_identify(src/interbotix_ros_toolboxes/interbotix_common_toolbox/interbotix_moveit_interface) by extensions ['colcon_pkg']
[0.314s] Level 1:colcon.colcon_core.package_identification:_identify(src/interbotix_ros_toolboxes/interbotix_common_toolbox/interbotix_moveit_interface) by extension 'colcon_pkg'
[0.314s] Level 1:colcon.colcon_core.package_identification:_identify(src/interbotix_ros_toolboxes/interbotix_common_toolbox/interbotix_moveit_interface) by extensions ['colcon_meta']
[0.314s] Level 1:colcon.colcon_core.package_identification:_identify(src/interbotix_ros_toolboxes/interbotix_common_toolbox/interbotix_moveit_interface) by extension 'colcon_meta'
[0.314s] Level 1:colcon.colcon_core.package_identification:_identify(src/interbotix_ros_toolboxes/interbotix_common_toolbox/interbotix_moveit_interface) by extensions ['ros']
[0.314s] Level 1:colcon.colcon_core.package_identification:_identify(src/interbotix_ros_toolboxes/interbotix_common_toolbox/interbotix_moveit_interface) by extension 'ros'
[0.315s] DEBUG:colcon.colcon_core.package_identification:Package 'src/interbotix_ros_toolboxes/interbotix_common_toolbox/interbotix_moveit_interface' with type 'ros.ament_cmake' and name 'interbotix_moveit_interface'
[0.315s] Level 1:colcon.colcon_core.package_identification:_identify(src/interbotix_ros_toolboxes/interbotix_common_toolbox/interbotix_moveit_interface_msgs) by extensions ['ignore', 'ignore_ament_install']
[0.315s] Level 1:colcon.colcon_core.package_identification:_identify(src/interbotix_ros_toolboxes/interbotix_common_toolbox/interbotix_moveit_interface_msgs) by extension 'ignore'
[0.315s] Level 1:colcon.colcon_core.package_identification:_identify(src/interbotix_ros_toolboxes/interbotix_common_toolbox/interbotix_moveit_interface_msgs) by extension 'ignore_ament_install'
[0.315s] Level 1:colcon.colcon_core.package_identification:_identify(src/interbotix_ros_toolboxes/interbotix_common_toolbox/interbotix_moveit_interface_msgs) by extensions ['colcon_pkg']
[0.315s] Level 1:colcon.colcon_core.package_identification:_identify(src/interbotix_ros_toolboxes/interbotix_common_toolbox/interbotix_moveit_interface_msgs) by extension 'colcon_pkg'
[0.315s] Level 1:colcon.colcon_core.package_identification:_identify(src/interbotix_ros_toolboxes/interbotix_common_toolbox/interbotix_moveit_interface_msgs) by extensions ['colcon_meta']
[0.315s] Level 1:colcon.colcon_core.package_identification:_identify(src/interbotix_ros_toolboxes/interbotix_common_toolbox/interbotix_moveit_interface_msgs) by extension 'colcon_meta'
[0.315s] Level 1:colcon.colcon_core.package_identification:_identify(src/interbotix_ros_toolboxes/interbotix_common_toolbox/interbotix_moveit_interface_msgs) by extensions ['ros']
[0.315s] Level 1:colcon.colcon_core.package_identification:_identify(src/interbotix_ros_toolboxes/interbotix_common_toolbox/interbotix_moveit_interface_msgs) by extension 'ros'
[0.316s] DEBUG:colcon.colcon_core.package_identification:Package 'src/interbotix_ros_toolboxes/interbotix_common_toolbox/interbotix_moveit_interface_msgs' with type 'ros.ament_cmake' and name 'interbotix_moveit_interface_msgs'
[0.316s] Level 1:colcon.colcon_core.package_identification:_identify(src/interbotix_ros_toolboxes/interbotix_common_toolbox/interbotix_tf_tools) by extensions ['ignore', 'ignore_ament_install']
[0.316s] Level 1:colcon.colcon_core.package_identification:_identify(src/interbotix_ros_toolboxes/interbotix_common_toolbox/interbotix_tf_tools) by extension 'ignore'
[0.316s] Level 1:colcon.colcon_core.package_identification:_identify(src/interbotix_ros_toolboxes/interbotix_common_toolbox/interbotix_tf_tools) by extension 'ignore_ament_install'
[0.316s] Level 1:colcon.colcon_core.package_identification:_identify(src/interbotix_ros_toolboxes/interbotix_common_toolbox/interbotix_tf_tools) by extensions ['colcon_pkg']
[0.316s] Level 1:colcon.colcon_core.package_identification:_identify(src/interbotix_ros_toolboxes/interbotix_common_toolbox/interbotix_tf_tools) by extension 'colcon_pkg'
[0.316s] Level 1:colcon.colcon_core.package_identification:_identify(src/interbotix_ros_toolboxes/interbotix_common_toolbox/interbotix_tf_tools) by extensions ['colcon_meta']
[0.316s] Level 1:colcon.colcon_core.package_identification:_identify(src/interbotix_ros_toolboxes/interbotix_common_toolbox/interbotix_tf_tools) by extension 'colcon_meta'
[0.316s] Level 1:colcon.colcon_core.package_identification:_identify(src/interbotix_ros_toolboxes/interbotix_common_toolbox/interbotix_tf_tools) by extensions ['ros']
[0.316s] Level 1:colcon.colcon_core.package_identification:_identify(src/interbotix_ros_toolboxes/interbotix_common_toolbox/interbotix_tf_tools) by extension 'ros'
[0.317s] DEBUG:colcon.colcon_core.package_identification:Package 'src/interbotix_ros_toolboxes/interbotix_common_toolbox/interbotix_tf_tools' with type 'ros.ament_cmake' and name 'interbotix_tf_tools'
[0.317s] Level 1:colcon.colcon_core.package_identification:_identify(src/interbotix_ros_toolboxes/interbotix_io_toolbox) by extensions ['ignore', 'ignore_ament_install']
[0.317s] Level 1:colcon.colcon_core.package_identification:_identify(src/interbotix_ros_toolboxes/interbotix_io_toolbox) by extension 'ignore'
[0.317s] Level 1:colcon.colcon_core.package_identification:_identify(src/interbotix_ros_toolboxes/interbotix_io_toolbox) ignored
[0.317s] Level 1:colcon.colcon_core.package_identification:_identify(src/interbotix_ros_toolboxes/interbotix_perception_toolbox) by extensions ['ignore', 'ignore_ament_install']
[0.317s] Level 1:colcon.colcon_core.package_identification:_identify(src/interbotix_ros_toolboxes/interbotix_perception_toolbox) by extension 'ignore'
[0.317s] Level 1:colcon.colcon_core.package_identification:_identify(src/interbotix_ros_toolboxes/interbotix_perception_toolbox) by extension 'ignore_ament_install'
[0.317s] Level 1:colcon.colcon_core.package_identification:_identify(src/interbotix_ros_toolboxes/interbotix_perception_toolbox) by extensions ['colcon_pkg']
[0.317s] Level 1:colcon.colcon_core.package_identification:_identify(src/interbotix_ros_toolboxes/interbotix_perception_toolbox) by extension 'colcon_pkg'
[0.317s] Level 1:colcon.colcon_core.package_identification:_identify(src/interbotix_ros_toolboxes/interbotix_perception_toolbox) by extensions ['colcon_meta']
[0.317s] Level 1:colcon.colcon_core.package_identification:_identify(src/interbotix_ros_toolboxes/interbotix_perception_toolbox) by extension 'colcon_meta'
[0.317s] Level 1:colcon.colcon_core.package_identification:_identify(src/interbotix_ros_toolboxes/interbotix_perception_toolbox) by extensions ['ros']
[0.317s] Level 1:colcon.colcon_core.package_identification:_identify(src/interbotix_ros_toolboxes/interbotix_perception_toolbox) by extension 'ros'
[0.317s] Level 1:colcon.colcon_core.package_identification:_identify(src/interbotix_ros_toolboxes/interbotix_perception_toolbox) by extensions ['cmake', 'python']
[0.317s] Level 1:colcon.colcon_core.package_identification:_identify(src/interbotix_ros_toolboxes/interbotix_perception_toolbox) by extension 'cmake'
[0.317s] Level 1:colcon.colcon_core.package_identification:_identify(src/interbotix_ros_toolboxes/interbotix_perception_toolbox) by extension 'python'
[0.317s] Level 1:colcon.colcon_core.package_identification:_identify(src/interbotix_ros_toolboxes/interbotix_perception_toolbox) by extensions ['python_setup_py']
[0.317s] Level 1:colcon.colcon_core.package_identification:_identify(src/interbotix_ros_toolboxes/interbotix_perception_toolbox) by extension 'python_setup_py'
[0.317s] Level 1:colcon.colcon_core.package_identification:_identify(src/interbotix_ros_toolboxes/interbotix_perception_toolbox/interbotix_perception_modules) by extensions ['ignore', 'ignore_ament_install']
[0.317s] Level 1:colcon.colcon_core.package_identification:_identify(src/interbotix_ros_toolboxes/interbotix_perception_toolbox/interbotix_perception_modules) by extension 'ignore'
[0.317s] Level 1:colcon.colcon_core.package_identification:_identify(src/interbotix_ros_toolboxes/interbotix_perception_toolbox/interbotix_perception_modules) by extension 'ignore_ament_install'
[0.317s] Level 1:colcon.colcon_core.package_identification:_identify(src/interbotix_ros_toolboxes/interbotix_perception_toolbox/interbotix_perception_modules) by extensions ['colcon_pkg']
[0.317s] Level 1:colcon.colcon_core.package_identification:_identify(src/interbotix_ros_toolboxes/interbotix_perception_toolbox/interbotix_perception_modules) by extension 'colcon_pkg'
[0.317s] Level 1:colcon.colcon_core.package_identification:_identify(src/interbotix_ros_toolboxes/interbotix_perception_toolbox/interbotix_perception_modules) by extensions ['colcon_meta']
[0.317s] Level 1:colcon.colcon_core.package_identification:_identify(src/interbotix_ros_toolboxes/interbotix_perception_toolbox/interbotix_perception_modules) by extension 'colcon_meta'
[0.317s] Level 1:colcon.colcon_core.package_identification:_identify(src/interbotix_ros_toolboxes/interbotix_perception_toolbox/interbotix_perception_modules) by extensions ['ros']
[0.317s] Level 1:colcon.colcon_core.package_identification:_identify(src/interbotix_ros_toolboxes/interbotix_perception_toolbox/interbotix_perception_modules) by extension 'ros'
[0.319s] DEBUG:colcon.colcon_core.package_identification:Package 'src/interbotix_ros_toolboxes/interbotix_perception_toolbox/interbotix_perception_modules' with type 'ros.ament_python' and name 'interbotix_perception_modules'
[0.319s] Level 1:colcon.colcon_core.package_identification:_identify(src/interbotix_ros_toolboxes/interbotix_perception_toolbox/interbotix_perception_msgs) by extensions ['ignore', 'ignore_ament_install']
[0.319s] Level 1:colcon.colcon_core.package_identification:_identify(src/interbotix_ros_toolboxes/interbotix_perception_toolbox/interbotix_perception_msgs) by extension 'ignore'
[0.319s] Level 1:colcon.colcon_core.package_identification:_identify(src/interbotix_ros_toolboxes/interbotix_perception_toolbox/interbotix_perception_msgs) by extension 'ignore_ament_install'
[0.319s] Level 1:colcon.colcon_core.package_identification:_identify(src/interbotix_ros_toolboxes/interbotix_perception_toolbox/interbotix_perception_msgs) by extensions ['colcon_pkg']
[0.319s] Level 1:colcon.colcon_core.package_identification:_identify(src/interbotix_ros_toolboxes/interbotix_perception_toolbox/interbotix_perception_msgs) by extension 'colcon_pkg'
[0.319s] Level 1:colcon.colcon_core.package_identification:_identify(src/interbotix_ros_toolboxes/interbotix_perception_toolbox/interbotix_perception_msgs) by extensions ['colcon_meta']
[0.319s] Level 1:colcon.colcon_core.package_identification:_identify(src/interbotix_ros_toolboxes/interbotix_perception_toolbox/interbotix_perception_msgs) by extension 'colcon_meta'
[0.319s] Level 1:colcon.colcon_core.package_identification:_identify(src/interbotix_ros_toolboxes/interbotix_perception_toolbox/interbotix_perception_msgs) by extensions ['ros']
[0.319s] Level 1:colcon.colcon_core.package_identification:_identify(src/interbotix_ros_toolboxes/interbotix_perception_toolbox/interbotix_perception_msgs) by extension 'ros'
[0.319s] DEBUG:colcon.colcon_core.package_identification:Package 'src/interbotix_ros_toolboxes/interbotix_perception_toolbox/interbotix_perception_msgs' with type 'ros.ament_cmake' and name 'interbotix_perception_msgs'
[0.319s] Level 1:colcon.colcon_core.package_identification:_identify(src/interbotix_ros_toolboxes/interbotix_perception_toolbox/interbotix_perception_pipelines) by extensions ['ignore', 'ignore_ament_install']
[0.319s] Level 1:colcon.colcon_core.package_identification:_identify(src/interbotix_ros_toolboxes/interbotix_perception_toolbox/interbotix_perception_pipelines) by extension 'ignore'
[0.319s] Level 1:colcon.colcon_core.package_identification:_identify(src/interbotix_ros_toolboxes/interbotix_perception_toolbox/interbotix_perception_pipelines) by extension 'ignore_ament_install'
[0.319s] Level 1:colcon.colcon_core.package_identification:_identify(src/interbotix_ros_toolboxes/interbotix_perception_toolbox/interbotix_perception_pipelines) by extensions ['colcon_pkg']
[0.319s] Level 1:colcon.colcon_core.package_identification:_identify(src/interbotix_ros_toolboxes/interbotix_perception_toolbox/interbotix_perception_pipelines) by extension 'colcon_pkg'
[0.320s] Level 1:colcon.colcon_core.package_identification:_identify(src/interbotix_ros_toolboxes/interbotix_perception_toolbox/interbotix_perception_pipelines) by extensions ['colcon_meta']
[0.320s] Level 1:colcon.colcon_core.package_identification:_identify(src/interbotix_ros_toolboxes/interbotix_perception_toolbox/interbotix_perception_pipelines) by extension 'colcon_meta'
[0.320s] Level 1:colcon.colcon_core.package_identification:_identify(src/interbotix_ros_toolboxes/interbotix_perception_toolbox/interbotix_perception_pipelines) by extensions ['ros']
[0.320s] Level 1:colcon.colcon_core.package_identification:_identify(src/interbotix_ros_toolboxes/interbotix_perception_toolbox/interbotix_perception_pipelines) by extension 'ros'
[0.320s] DEBUG:colcon.colcon_core.package_identification:Package 'src/interbotix_ros_toolboxes/interbotix_perception_toolbox/interbotix_perception_pipelines' with type 'ros.ament_cmake' and name 'interbotix_perception_pipelines'
[0.320s] Level 1:colcon.colcon_core.package_identification:_identify(src/interbotix_ros_toolboxes/interbotix_perception_toolbox/interbotix_perception_toolbox) by extensions ['ignore', 'ignore_ament_install']
[0.320s] Level 1:colcon.colcon_core.package_identification:_identify(src/interbotix_ros_toolboxes/interbotix_perception_toolbox/interbotix_perception_toolbox) by extension 'ignore'
[0.320s] Level 1:colcon.colcon_core.package_identification:_identify(src/interbotix_ros_toolboxes/interbotix_perception_toolbox/interbotix_perception_toolbox) by extension 'ignore_ament_install'
[0.320s] Level 1:colcon.colcon_core.package_identification:_identify(src/interbotix_ros_toolboxes/interbotix_perception_toolbox/interbotix_perception_toolbox) by extensions ['colcon_pkg']
[0.320s] Level 1:colcon.colcon_core.package_identification:_identify(src/interbotix_ros_toolboxes/interbotix_perception_toolbox/interbotix_perception_toolbox) by extension 'colcon_pkg'
[0.320s] Level 1:colcon.colcon_core.package_identification:_identify(src/interbotix_ros_toolboxes/interbotix_perception_toolbox/interbotix_perception_toolbox) by extensions ['colcon_meta']
[0.320s] Level 1:colcon.colcon_core.package_identification:_identify(src/interbotix_ros_toolboxes/interbotix_perception_toolbox/interbotix_perception_toolbox) by extension 'colcon_meta'
[0.320s] Level 1:colcon.colcon_core.package_identification:_identify(src/interbotix_ros_toolboxes/interbotix_perception_toolbox/interbotix_perception_toolbox) by extensions ['ros']
[0.320s] Level 1:colcon.colcon_core.package_identification:_identify(src/interbotix_ros_toolboxes/interbotix_perception_toolbox/interbotix_perception_toolbox) by extension 'ros'
[0.321s] DEBUG:colcon.colcon_core.package_identification:Package 'src/interbotix_ros_toolboxes/interbotix_perception_toolbox/interbotix_perception_toolbox' with type 'ros.ament_cmake' and name 'interbotix_perception_toolbox'
[0.321s] Level 1:colcon.colcon_core.package_identification:_identify(src/interbotix_ros_toolboxes/interbotix_rpi_toolbox) by extensions ['ignore', 'ignore_ament_install']
[0.321s] Level 1:colcon.colcon_core.package_identification:_identify(src/interbotix_ros_toolboxes/interbotix_rpi_toolbox) by extension 'ignore'
[0.321s] Level 1:colcon.colcon_core.package_identification:_identify(src/interbotix_ros_toolboxes/interbotix_rpi_toolbox) ignored
[0.321s] Level 1:colcon.colcon_core.package_identification:_identify(src/interbotix_ros_toolboxes/interbotix_xs_toolbox) by extensions ['ignore', 'ignore_ament_install']
[0.321s] Level 1:colcon.colcon_core.package_identification:_identify(src/interbotix_ros_toolboxes/interbotix_xs_toolbox) by extension 'ignore'
[0.321s] Level 1:colcon.colcon_core.package_identification:_identify(src/interbotix_ros_toolboxes/interbotix_xs_toolbox) by extension 'ignore_ament_install'
[0.321s] Level 1:colcon.colcon_core.package_identification:_identify(src/interbotix_ros_toolboxes/interbotix_xs_toolbox) by extensions ['colcon_pkg']
[0.321s] Level 1:colcon.colcon_core.package_identification:_identify(src/interbotix_ros_toolboxes/interbotix_xs_toolbox) by extension 'colcon_pkg'
[0.321s] Level 1:colcon.colcon_core.package_identification:_identify(src/interbotix_ros_toolboxes/interbotix_xs_toolbox) by extensions ['colcon_meta']
[0.321s] Level 1:colcon.colcon_core.package_identification:_identify(src/interbotix_ros_toolboxes/interbotix_xs_toolbox) by extension 'colcon_meta'
[0.321s] Level 1:colcon.colcon_core.package_identification:_identify(src/interbotix_ros_toolboxes/interbotix_xs_toolbox) by extensions ['ros']
[0.321s] Level 1:colcon.colcon_core.package_identification:_identify(src/interbotix_ros_toolboxes/interbotix_xs_toolbox) by extension 'ros'
[0.321s] Level 1:colcon.colcon_core.package_identification:_identify(src/interbotix_ros_toolboxes/interbotix_xs_toolbox) by extensions ['cmake', 'python']
[0.321s] Level 1:colcon.colcon_core.package_identification:_identify(src/interbotix_ros_toolboxes/interbotix_xs_toolbox) by extension 'cmake'
[0.321s] Level 1:colcon.colcon_core.package_identification:_identify(src/interbotix_ros_toolboxes/interbotix_xs_toolbox) by extension 'python'
[0.321s] Level 1:colcon.colcon_core.package_identification:_identify(src/interbotix_ros_toolboxes/interbotix_xs_toolbox) by extensions ['python_setup_py']
[0.321s] Level 1:colcon.colcon_core.package_identification:_identify(src/interbotix_ros_toolboxes/interbotix_xs_toolbox) by extension 'python_setup_py'
[0.321s] Level 1:colcon.colcon_core.package_identification:_identify(src/interbotix_ros_toolboxes/interbotix_xs_toolbox/interbotix_xs_modules) by extensions ['ignore', 'ignore_ament_install']
[0.321s] Level 1:colcon.colcon_core.package_identification:_identify(src/interbotix_ros_toolboxes/interbotix_xs_toolbox/interbotix_xs_modules) by extension 'ignore'
[0.321s] Level 1:colcon.colcon_core.package_identification:_identify(src/interbotix_ros_toolboxes/interbotix_xs_toolbox/interbotix_xs_modules) by extension 'ignore_ament_install'
[0.321s] Level 1:colcon.colcon_core.package_identification:_identify(src/interbotix_ros_toolboxes/interbotix_xs_toolbox/interbotix_xs_modules) by extensions ['colcon_pkg']
[0.321s] Level 1:colcon.colcon_core.package_identification:_identify(src/interbotix_ros_toolboxes/interbotix_xs_toolbox/interbotix_xs_modules) by extension 'colcon_pkg'
[0.321s] Level 1:colcon.colcon_core.package_identification:_identify(src/interbotix_ros_toolboxes/interbotix_xs_toolbox/interbotix_xs_modules) by extensions ['colcon_meta']
[0.322s] Level 1:colcon.colcon_core.package_identification:_identify(src/interbotix_ros_toolboxes/interbotix_xs_toolbox/interbotix_xs_modules) by extension 'colcon_meta'
[0.322s] Level 1:colcon.colcon_core.package_identification:_identify(src/interbotix_ros_toolboxes/interbotix_xs_toolbox/interbotix_xs_modules) by extensions ['ros']
[0.322s] Level 1:colcon.colcon_core.package_identification:_identify(src/interbotix_ros_toolboxes/interbotix_xs_toolbox/interbotix_xs_modules) by extension 'ros'
[0.322s] DEBUG:colcon.colcon_core.package_identification:Package 'src/interbotix_ros_toolboxes/interbotix_xs_toolbox/interbotix_xs_modules' with type 'ros.ament_python' and name 'interbotix_xs_modules'
[0.322s] Level 1:colcon.colcon_core.package_identification:_identify(src/interbotix_ros_toolboxes/interbotix_xs_toolbox/interbotix_xs_ros_control) by extensions ['ignore', 'ignore_ament_install']
[0.322s] Level 1:colcon.colcon_core.package_identification:_identify(src/interbotix_ros_toolboxes/interbotix_xs_toolbox/interbotix_xs_ros_control) by extension 'ignore'
[0.322s] Level 1:colcon.colcon_core.package_identification:_identify(src/interbotix_ros_toolboxes/interbotix_xs_toolbox/interbotix_xs_ros_control) by extension 'ignore_ament_install'
[0.322s] Level 1:colcon.colcon_core.package_identification:_identify(src/interbotix_ros_toolboxes/interbotix_xs_toolbox/interbotix_xs_ros_control) by extensions ['colcon_pkg']
[0.322s] Level 1:colcon.colcon_core.package_identification:_identify(src/interbotix_ros_toolboxes/interbotix_xs_toolbox/interbotix_xs_ros_control) by extension 'colcon_pkg'
[0.322s] Level 1:colcon.colcon_core.package_identification:_identify(src/interbotix_ros_toolboxes/interbotix_xs_toolbox/interbotix_xs_ros_control) by extensions ['colcon_meta']
[0.322s] Level 1:colcon.colcon_core.package_identification:_identify(src/interbotix_ros_toolboxes/interbotix_xs_toolbox/interbotix_xs_ros_control) by extension 'colcon_meta'
[0.322s] Level 1:colcon.colcon_core.package_identification:_identify(src/interbotix_ros_toolboxes/interbotix_xs_toolbox/interbotix_xs_ros_control) by extensions ['ros']
[0.322s] Level 1:colcon.colcon_core.package_identification:_identify(src/interbotix_ros_toolboxes/interbotix_xs_toolbox/interbotix_xs_ros_control) by extension 'ros'
[0.323s] DEBUG:colcon.colcon_core.package_identification:Package 'src/interbotix_ros_toolboxes/interbotix_xs_toolbox/interbotix_xs_ros_control' with type 'ros.ament_cmake' and name 'interbotix_xs_ros_control'
[0.323s] Level 1:colcon.colcon_core.package_identification:_identify(src/interbotix_ros_toolboxes/interbotix_xs_toolbox/interbotix_xs_rviz) by extensions ['ignore', 'ignore_ament_install']
[0.323s] Level 1:colcon.colcon_core.package_identification:_identify(src/interbotix_ros_toolboxes/interbotix_xs_toolbox/interbotix_xs_rviz) by extension 'ignore'
[0.323s] Level 1:colcon.colcon_core.package_identification:_identify(src/interbotix_ros_toolboxes/interbotix_xs_toolbox/interbotix_xs_rviz) by extension 'ignore_ament_install'
[0.323s] Level 1:colcon.colcon_core.package_identification:_identify(src/interbotix_ros_toolboxes/interbotix_xs_toolbox/interbotix_xs_rviz) by extensions ['colcon_pkg']
[0.323s] Level 1:colcon.colcon_core.package_identification:_identify(src/interbotix_ros_toolboxes/interbotix_xs_toolbox/interbotix_xs_rviz) by extension 'colcon_pkg'
[0.323s] Level 1:colcon.colcon_core.package_identification:_identify(src/interbotix_ros_toolboxes/interbotix_xs_toolbox/interbotix_xs_rviz) by extensions ['colcon_meta']
[0.323s] Level 1:colcon.colcon_core.package_identification:_identify(src/interbotix_ros_toolboxes/interbotix_xs_toolbox/interbotix_xs_rviz) by extension 'colcon_meta'
[0.323s] Level 1:colcon.colcon_core.package_identification:_identify(src/interbotix_ros_toolboxes/interbotix_xs_toolbox/interbotix_xs_rviz) by extensions ['ros']
[0.323s] Level 1:colcon.colcon_core.package_identification:_identify(src/interbotix_ros_toolboxes/interbotix_xs_toolbox/interbotix_xs_rviz) by extension 'ros'
[0.324s] DEBUG:colcon.colcon_core.package_identification:Package 'src/interbotix_ros_toolboxes/interbotix_xs_toolbox/interbotix_xs_rviz' with type 'ros.ament_cmake' and name 'interbotix_xs_rviz'
[0.324s] Level 1:colcon.colcon_core.package_identification:_identify(src/interbotix_ros_toolboxes/interbotix_xs_toolbox/interbotix_xs_toolbox) by extensions ['ignore', 'ignore_ament_install']
[0.324s] Level 1:colcon.colcon_core.package_identification:_identify(src/interbotix_ros_toolboxes/interbotix_xs_toolbox/interbotix_xs_toolbox) by extension 'ignore'
[0.324s] Level 1:colcon.colcon_core.package_identification:_identify(src/interbotix_ros_toolboxes/interbotix_xs_toolbox/interbotix_xs_toolbox) by extension 'ignore_ament_install'
[0.324s] Level 1:colcon.colcon_core.package_identification:_identify(src/interbotix_ros_toolboxes/interbotix_xs_toolbox/interbotix_xs_toolbox) by extensions ['colcon_pkg']
[0.324s] Level 1:colcon.colcon_core.package_identification:_identify(src/interbotix_ros_toolboxes/interbotix_xs_toolbox/interbotix_xs_toolbox) by extension 'colcon_pkg'
[0.324s] Level 1:colcon.colcon_core.package_identification:_identify(src/interbotix_ros_toolboxes/interbotix_xs_toolbox/interbotix_xs_toolbox) by extensions ['colcon_meta']
[0.324s] Level 1:colcon.colcon_core.package_identification:_identify(src/interbotix_ros_toolboxes/interbotix_xs_toolbox/interbotix_xs_toolbox) by extension 'colcon_meta'
[0.324s] Level 1:colcon.colcon_core.package_identification:_identify(src/interbotix_ros_toolboxes/interbotix_xs_toolbox/interbotix_xs_toolbox) by extensions ['ros']
[0.324s] Level 1:colcon.colcon_core.package_identification:_identify(src/interbotix_ros_toolboxes/interbotix_xs_toolbox/interbotix_xs_toolbox) by extension 'ros'
[0.324s] DEBUG:colcon.colcon_core.package_identification:Package 'src/interbotix_ros_toolboxes/interbotix_xs_toolbox/interbotix_xs_toolbox' with type 'ros.ament_cmake' and name 'interbotix_xs_toolbox'
[0.325s] Level 1:colcon.colcon_core.package_identification:_identify(src/interbotix_ros_toolboxes/third_party_libraries) by extensions ['ignore', 'ignore_ament_install']
[0.325s] Level 1:colcon.colcon_core.package_identification:_identify(src/interbotix_ros_toolboxes/third_party_libraries) by extension 'ignore'
[0.325s] Level 1:colcon.colcon_core.package_identification:_identify(src/interbotix_ros_toolboxes/third_party_libraries) by extension 'ignore_ament_install'
[0.325s] Level 1:colcon.colcon_core.package_identification:_identify(src/interbotix_ros_toolboxes/third_party_libraries) by extensions ['colcon_pkg']
[0.325s] Level 1:colcon.colcon_core.package_identification:_identify(src/interbotix_ros_toolboxes/third_party_libraries) by extension 'colcon_pkg'
[0.325s] Level 1:colcon.colcon_core.package_identification:_identify(src/interbotix_ros_toolboxes/third_party_libraries) by extensions ['colcon_meta']
[0.325s] Level 1:colcon.colcon_core.package_identification:_identify(src/interbotix_ros_toolboxes/third_party_libraries) by extension 'colcon_meta'
[0.325s] Level 1:colcon.colcon_core.package_identification:_identify(src/interbotix_ros_toolboxes/third_party_libraries) by extensions ['ros']
[0.325s] Level 1:colcon.colcon_core.package_identification:_identify(src/interbotix_ros_toolboxes/third_party_libraries) by extension 'ros'
[0.325s] Level 1:colcon.colcon_core.package_identification:_identify(src/interbotix_ros_toolboxes/third_party_libraries) by extensions ['cmake', 'python']
[0.325s] Level 1:colcon.colcon_core.package_identification:_identify(src/interbotix_ros_toolboxes/third_party_libraries) by extension 'cmake'
[0.325s] Level 1:colcon.colcon_core.package_identification:_identify(src/interbotix_ros_toolboxes/third_party_libraries) by extension 'python'
[0.325s] Level 1:colcon.colcon_core.package_identification:_identify(src/interbotix_ros_toolboxes/third_party_libraries) by extensions ['python_setup_py']
[0.325s] Level 1:colcon.colcon_core.package_identification:_identify(src/interbotix_ros_toolboxes/third_party_libraries) by extension 'python_setup_py'
[0.325s] Level 1:colcon.colcon_core.package_identification:_identify(src/interbotix_ros_toolboxes/third_party_libraries/ModernRobotics) by extensions ['ignore', 'ignore_ament_install']
[0.325s] Level 1:colcon.colcon_core.package_identification:_identify(src/interbotix_ros_toolboxes/third_party_libraries/ModernRobotics) by extension 'ignore'
[0.325s] Level 1:colcon.colcon_core.package_identification:_identify(src/interbotix_ros_toolboxes/third_party_libraries/ModernRobotics) by extension 'ignore_ament_install'
[0.325s] Level 1:colcon.colcon_core.package_identification:_identify(src/interbotix_ros_toolboxes/third_party_libraries/ModernRobotics) by extensions ['colcon_pkg']
[0.325s] Level 1:colcon.colcon_core.package_identification:_identify(src/interbotix_ros_toolboxes/third_party_libraries/ModernRobotics) by extension 'colcon_pkg'
[0.325s] Level 1:colcon.colcon_core.package_identification:_identify(src/interbotix_ros_toolboxes/third_party_libraries/ModernRobotics) by extensions ['colcon_meta']
[0.325s] Level 1:colcon.colcon_core.package_identification:_identify(src/interbotix_ros_toolboxes/third_party_libraries/ModernRobotics) by extension 'colcon_meta'
[0.325s] Level 1:colcon.colcon_core.package_identification:_identify(src/interbotix_ros_toolboxes/third_party_libraries/ModernRobotics) by extensions ['ros']
[0.325s] Level 1:colcon.colcon_core.package_identification:_identify(src/interbotix_ros_toolboxes/third_party_libraries/ModernRobotics) by extension 'ros'
[0.325s] Level 1:colcon.colcon_core.package_identification:_identify(src/interbotix_ros_toolboxes/third_party_libraries/ModernRobotics) by extensions ['cmake', 'python']
[0.325s] Level 1:colcon.colcon_core.package_identification:_identify(src/interbotix_ros_toolboxes/third_party_libraries/ModernRobotics) by extension 'cmake'
[0.325s] Level 1:colcon.colcon_core.package_identification:_identify(src/interbotix_ros_toolboxes/third_party_libraries/ModernRobotics) by extension 'python'
[0.325s] Level 1:colcon.colcon_core.package_identification:_identify(src/interbotix_ros_toolboxes/third_party_libraries/ModernRobotics) by extensions ['python_setup_py']
[0.325s] Level 1:colcon.colcon_core.package_identification:_identify(src/interbotix_ros_toolboxes/third_party_libraries/ModernRobotics) by extension 'python_setup_py'
[0.325s] Level 1:colcon.colcon_core.package_identification:_identify(src/interbotix_ros_toolboxes/third_party_libraries/ModernRobotics/mr) by extensions ['ignore', 'ignore_ament_install']
[0.325s] Level 1:colcon.colcon_core.package_identification:_identify(src/interbotix_ros_toolboxes/third_party_libraries/ModernRobotics/mr) by extension 'ignore'
[0.325s] Level 1:colcon.colcon_core.package_identification:_identify(src/interbotix_ros_toolboxes/third_party_libraries/ModernRobotics/mr) by extension 'ignore_ament_install'
[0.325s] Level 1:colcon.colcon_core.package_identification:_identify(src/interbotix_ros_toolboxes/third_party_libraries/ModernRobotics/mr) by extensions ['colcon_pkg']
[0.326s] Level 1:colcon.colcon_core.package_identification:_identify(src/interbotix_ros_toolboxes/third_party_libraries/ModernRobotics/mr) by extension 'colcon_pkg'
[0.326s] Level 1:colcon.colcon_core.package_identification:_identify(src/interbotix_ros_toolboxes/third_party_libraries/ModernRobotics/mr) by extensions ['colcon_meta']
[0.326s] Level 1:colcon.colcon_core.package_identification:_identify(src/interbotix_ros_toolboxes/third_party_libraries/ModernRobotics/mr) by extension 'colcon_meta'
[0.326s] Level 1:colcon.colcon_core.package_identification:_identify(src/interbotix_ros_toolboxes/third_party_libraries/ModernRobotics/mr) by extensions ['ros']
[0.326s] Level 1:colcon.colcon_core.package_identification:_identify(src/interbotix_ros_toolboxes/third_party_libraries/ModernRobotics/mr) by extension 'ros'
[0.326s] Level 1:colcon.colcon_core.package_identification:_identify(src/interbotix_ros_toolboxes/third_party_libraries/ModernRobotics/mr) by extensions ['cmake', 'python']
[0.326s] Level 1:colcon.colcon_core.package_identification:_identify(src/interbotix_ros_toolboxes/third_party_libraries/ModernRobotics/mr) by extension 'cmake'
[0.326s] Level 1:colcon.colcon_core.package_identification:_identify(src/interbotix_ros_toolboxes/third_party_libraries/ModernRobotics/mr) by extension 'python'
[0.326s] Level 1:colcon.colcon_core.package_identification:_identify(src/interbotix_ros_toolboxes/third_party_libraries/ModernRobotics/mr) by extensions ['python_setup_py']
[0.326s] Level 1:colcon.colcon_core.package_identification:_identify(src/interbotix_ros_toolboxes/third_party_libraries/ModernRobotics/mr) by extension 'python_setup_py'
[0.326s] Level 1:colcon.colcon_core.package_identification:_identify(src/kobuki) by extensions ['ignore', 'ignore_ament_install']
[0.326s] Level 1:colcon.colcon_core.package_identification:_identify(src/kobuki) by extension 'ignore'
[0.326s] Level 1:colcon.colcon_core.package_identification:_identify(src/kobuki) by extension 'ignore_ament_install'
[0.326s] Level 1:colcon.colcon_core.package_identification:_identify(src/kobuki) by extensions ['colcon_pkg']
[0.326s] Level 1:colcon.colcon_core.package_identification:_identify(src/kobuki) by extension 'colcon_pkg'
[0.326s] Level 1:colcon.colcon_core.package_identification:_identify(src/kobuki) by extensions ['colcon_meta']
[0.326s] Level 1:colcon.colcon_core.package_identification:_identify(src/kobuki) by extension 'colcon_meta'
[0.326s] Level 1:colcon.colcon_core.package_identification:_identify(src/kobuki) by extensions ['ros']
[0.326s] Level 1:colcon.colcon_core.package_identification:_identify(src/kobuki) by extension 'ros'
[0.326s] DEBUG:colcon.colcon_core.package_identification:Package 'src/kobuki' with type 'ros.ament_cmake' and name 'kobuki'
[0.326s] Level 1:colcon.colcon_core.package_identification:_identify(src/locobot_control_python) by extensions ['ignore', 'ignore_ament_install']
[0.326s] Level 1:colcon.colcon_core.package_identification:_identify(src/locobot_control_python) by extension 'ignore'
[0.327s] Level 1:colcon.colcon_core.package_identification:_identify(src/locobot_control_python) by extension 'ignore_ament_install'
[0.327s] Level 1:colcon.colcon_core.package_identification:_identify(src/locobot_control_python) by extensions ['colcon_pkg']
[0.327s] Level 1:colcon.colcon_core.package_identification:_identify(src/locobot_control_python) by extension 'colcon_pkg'
[0.327s] Level 1:colcon.colcon_core.package_identification:_identify(src/locobot_control_python) by extensions ['colcon_meta']
[0.327s] Level 1:colcon.colcon_core.package_identification:_identify(src/locobot_control_python) by extension 'colcon_meta'
[0.327s] Level 1:colcon.colcon_core.package_identification:_identify(src/locobot_control_python) by extensions ['ros']
[0.327s] Level 1:colcon.colcon_core.package_identification:_identify(src/locobot_control_python) by extension 'ros'
[0.327s] DEBUG:colcon.colcon_core.package_identification:Package 'src/locobot_control_python' with type 'ros.ament_python' and name 'locobot_control_python'
[0.327s] Level 1:colcon.colcon_core.package_identification:_identify(src/log) by extensions ['ignore', 'ignore_ament_install']
[0.327s] Level 1:colcon.colcon_core.package_identification:_identify(src/log) by extension 'ignore'
[0.327s] Level 1:colcon.colcon_core.package_identification:_identify(src/log) ignored
[0.327s] Level 1:colcon.colcon_core.package_identification:_identify(src/moveit_visual_tools) by extensions ['ignore', 'ignore_ament_install']
[0.327s] Level 1:colcon.colcon_core.package_identification:_identify(src/moveit_visual_tools) by extension 'ignore'
[0.327s] Level 1:colcon.colcon_core.package_identification:_identify(src/moveit_visual_tools) by extension 'ignore_ament_install'
[0.327s] Level 1:colcon.colcon_core.package_identification:_identify(src/moveit_visual_tools) by extensions ['colcon_pkg']
[0.327s] Level 1:colcon.colcon_core.package_identification:_identify(src/moveit_visual_tools) by extension 'colcon_pkg'
[0.328s] Level 1:colcon.colcon_core.package_identification:_identify(src/moveit_visual_tools) by extensions ['colcon_meta']
[0.328s] Level 1:colcon.colcon_core.package_identification:_identify(src/moveit_visual_tools) by extension 'colcon_meta'
[0.328s] Level 1:colcon.colcon_core.package_identification:_identify(src/moveit_visual_tools) by extensions ['ros']
[0.328s] Level 1:colcon.colcon_core.package_identification:_identify(src/moveit_visual_tools) by extension 'ros'
[0.328s] DEBUG:colcon.colcon_core.package_identification:Package 'src/moveit_visual_tools' with type 'ros.ament_cmake' and name 'moveit_visual_tools'
[0.328s] Level 1:colcon.colcon_core.package_discovery:discover_packages(recursive) using defaults
[0.328s] Level 1:colcon.colcon_core.package_discovery:discover_packages(ignore) discover
[0.329s] Level 1:colcon.colcon_core.package_discovery:discover_packages(ignore) using defaults
[0.329s] Level 1:colcon.colcon_core.package_discovery:discover_packages(path) discover
[0.329s] Level 1:colcon.colcon_core.package_discovery:discover_packages(path) using defaults
[0.347s] INFO:colcon.colcon_metadata.metadata.colcon_pkg:Updating descriptor of package 'src/ThirdParty/gazebo_plugins/gazebo_plugins' from colcon.pkg: {'dependencies': ['Gazebo']}
[0.371s] INFO:colcon.colcon_core.package_selection:Skipping not selected package 'dynamixel_workbench_toolbox' in 'src/interbotix_ros_core/interbotix_ros_xseries/dynamixel_workbench_toolbox'
[0.371s] INFO:colcon.colcon_core.package_selection:Skipping not selected package 'ecl_command_line' in 'src/ThirdParty/ecl/ecl_core/ecl_command_line'
[0.371s] INFO:colcon.colcon_core.package_selection:Skipping not selected package 'ecl_config' in 'src/ThirdParty/ecl/ecl_lite/ecl_config'
[0.371s] INFO:colcon.colcon_core.package_selection:Skipping not selected package 'ecl_eigen' in 'src/ThirdParty/ecl/ecl_core/ecl_eigen'
[0.371s] INFO:colcon.colcon_core.package_selection:Skipping not selected package 'ecl_mpl' in 'src/ThirdParty/ecl/ecl_core/ecl_mpl'
[0.371s] INFO:colcon.colcon_core.package_selection:Skipping not selected package 'gazebo_plugins' in 'src/ThirdParty/gazebo_plugins/gazebo_plugins'
[0.371s] INFO:colcon.colcon_core.package_selection:Skipping not selected package 'interbotix_common_modules' in 'src/interbotix_ros_toolboxes/interbotix_common_toolbox/interbotix_common_modules'
[0.371s] INFO:colcon.colcon_core.package_selection:Skipping not selected package 'interbotix_common_sim' in 'src/interbotix_ros_toolboxes/interbotix_common_toolbox/interbotix_common_sim'
[0.371s] INFO:colcon.colcon_core.package_selection:Skipping not selected package 'interbotix_moveit_interface_msgs' in 'src/interbotix_ros_toolboxes/interbotix_common_toolbox/interbotix_moveit_interface_msgs'
[0.371s] INFO:colcon.colcon_core.package_selection:Skipping not selected package 'interbotix_perception_msgs' in 'src/interbotix_ros_toolboxes/interbotix_perception_toolbox/interbotix_perception_msgs'
[0.371s] INFO:colcon.colcon_core.package_selection:Skipping not selected package 'interbotix_tf_tools' in 'src/interbotix_ros_toolboxes/interbotix_common_toolbox/interbotix_tf_tools'
[0.371s] INFO:colcon.colcon_core.package_selection:Skipping not selected package 'interbotix_xs_msgs' in 'src/interbotix_ros_core/interbotix_ros_xseries/interbotix_xs_msgs'
[0.371s] INFO:colcon.colcon_core.package_selection:Skipping not selected package 'kobuki_bumper2pc' in 'src/ThirdParty/kobuki_ros/kobuki_bumper2pc'
[0.371s] INFO:colcon.colcon_core.package_selection:Skipping not selected package 'kobuki_description' in 'src/ThirdParty/kobuki_ros/kobuki_description'
[0.371s] INFO:colcon.colcon_core.package_selection:Skipping not selected package 'kobuki_keyop' in 'src/ThirdParty/kobuki_ros/kobuki_keyop'
[0.371s] INFO:colcon.colcon_core.package_selection:Skipping not selected package 'kobuki_random_walker' in 'src/ThirdParty/kobuki_ros/kobuki_random_walker'
[0.371s] INFO:colcon.colcon_core.package_selection:Skipping not selected package 'kobuki_safety_controller' in 'src/ThirdParty/kobuki_ros/kobuki_safety_controller'
[0.371s] INFO:colcon.colcon_core.package_selection:Skipping not selected package 'moveit_visual_tools' in 'src/moveit_visual_tools'
[0.371s] INFO:colcon.colcon_core.package_selection:Skipping not selected package 'rplidar_ros' in 'src/ThirdParty/rplidar_ros'
[0.371s] INFO:colcon.colcon_core.package_selection:Skipping not selected package 'sophus' in 'src/ThirdParty/sophus'
[0.371s] INFO:colcon.colcon_core.package_selection:Skipping not selected package 'aws_robomaker_racetrack_world' in 'src/ThirdParty/aws-robomaker-racetrack-world'
[0.371s] INFO:colcon.colcon_core.package_selection:Skipping not selected package 'aws_robomaker_small_house_world' in 'src/ThirdParty/aws-robomaker-small-house-world'
[0.371s] INFO:colcon.colcon_core.package_selection:Skipping not selected package 'aws_robomaker_small_warehouse_world' in 'src/ThirdParty/aws-robomaker-small-warehouse-world'
[0.371s] INFO:colcon.colcon_core.package_selection:Skipping not selected package 'ecl_console' in 'src/ThirdParty/ecl/ecl_lite/ecl_console'
[0.371s] INFO:colcon.colcon_core.package_selection:Skipping not selected package 'ecl_converters_lite' in 'src/ThirdParty/ecl/ecl_lite/ecl_converters_lite'
[0.371s] INFO:colcon.colcon_core.package_selection:Skipping not selected package 'ecl_errors' in 'src/ThirdParty/ecl/ecl_lite/ecl_errors'
[0.371s] INFO:colcon.colcon_core.package_selection:Skipping not selected package 'ecl_type_traits' in 'src/ThirdParty/ecl/ecl_core/ecl_type_traits'
[0.371s] INFO:colcon.colcon_core.package_selection:Skipping not selected package 'interbotix_gravity_compensation' in 'src/interbotix_ros_toolboxes/interbotix_common_toolbox/interbotix_gravity_compensation'
[0.371s] INFO:colcon.colcon_core.package_selection:Skipping not selected package 'interbotix_moveit_interface' in 'src/interbotix_ros_toolboxes/interbotix_common_toolbox/interbotix_moveit_interface'
[0.371s] INFO:colcon.colcon_core.package_selection:Skipping not selected package 'interbotix_perception_pipelines' in 'src/interbotix_ros_toolboxes/interbotix_perception_toolbox/interbotix_perception_pipelines'
[0.371s] INFO:colcon.colcon_core.package_selection:Skipping not selected package 'interbotix_xs_driver' in 'src/interbotix_ros_core/interbotix_ros_xseries/interbotix_xs_driver'
[0.371s] INFO:colcon.colcon_core.package_selection:Skipping not selected package 'interbotix_xs_ros_control' in 'src/interbotix_ros_toolboxes/interbotix_xs_toolbox/interbotix_xs_ros_control'
[0.371s] INFO:colcon.colcon_core.package_selection:Skipping not selected package 'kobuki' in 'src/kobuki'
[0.371s] INFO:colcon.colcon_core.package_selection:Skipping not selected package 'ecl_concepts' in 'src/ThirdParty/ecl/ecl_core/ecl_concepts'
[0.371s] INFO:colcon.colcon_core.package_selection:Skipping not selected package 'ecl_exceptions' in 'src/ThirdParty/ecl/ecl_core/ecl_exceptions'
[0.371s] INFO:colcon.colcon_core.package_selection:Skipping not selected package 'ecl_filesystem' in 'src/ThirdParty/ecl/ecl_core/ecl_filesystem'
[0.371s] INFO:colcon.colcon_core.package_selection:Skipping not selected package 'ecl_io' in 'src/ThirdParty/ecl/ecl_lite/ecl_io'
[0.371s] INFO:colcon.colcon_core.package_selection:Skipping not selected package 'ecl_math' in 'src/ThirdParty/ecl/ecl_core/ecl_math'
[0.371s] INFO:colcon.colcon_core.package_selection:Skipping not selected package 'ecl_sigslots_lite' in 'src/ThirdParty/ecl/ecl_lite/ecl_sigslots_lite'
[0.371s] INFO:colcon.colcon_core.package_selection:Skipping not selected package 'ecl_time_lite' in 'src/ThirdParty/ecl/ecl_lite/ecl_time_lite'
[0.371s] INFO:colcon.colcon_core.package_selection:Skipping not selected package 'interbotix_common_toolbox' in 'src/interbotix_ros_toolboxes/interbotix_common_toolbox/interbotix_common_toolbox'
[0.371s] INFO:colcon.colcon_core.package_selection:Skipping not selected package 'interbotix_perception_modules' in 'src/interbotix_ros_toolboxes/interbotix_perception_toolbox/interbotix_perception_modules'
[0.371s] INFO:colcon.colcon_core.package_selection:Skipping not selected package 'interbotix_xs_sdk' in 'src/interbotix_ros_core/interbotix_ros_xseries/interbotix_xs_sdk'
[0.371s] INFO:colcon.colcon_core.package_selection:Skipping not selected package 'ecl_converters' in 'src/ThirdParty/ecl/ecl_core/ecl_converters'
[0.371s] INFO:colcon.colcon_core.package_selection:Skipping not selected package 'ecl_lite' in 'src/ThirdParty/ecl/ecl_lite/ecl_lite'
[0.371s] INFO:colcon.colcon_core.package_selection:Skipping not selected package 'ecl_time' in 'src/ThirdParty/ecl/ecl_core/ecl_time'
[0.371s] INFO:colcon.colcon_core.package_selection:Skipping not selected package 'ecl_utilities' in 'src/ThirdParty/ecl/ecl_core/ecl_utilities'
[0.371s] INFO:colcon.colcon_core.package_selection:Skipping not selected package 'interbotix_perception_toolbox' in 'src/interbotix_ros_toolboxes/interbotix_perception_toolbox/interbotix_perception_toolbox'
[0.371s] INFO:colcon.colcon_core.package_selection:Skipping not selected package 'interbotix_ros_xseries' in 'src/interbotix_ros_core/interbotix_ros_xseries/interbotix_ros_xseries'
[0.371s] INFO:colcon.colcon_core.package_selection:Skipping not selected package 'interbotix_xs_modules' in 'src/interbotix_ros_toolboxes/interbotix_xs_toolbox/interbotix_xs_modules'
[0.371s] INFO:colcon.colcon_core.package_selection:Skipping not selected package 'interbotix_xs_rviz' in 'src/interbotix_ros_toolboxes/interbotix_xs_toolbox/interbotix_xs_rviz'
[0.371s] INFO:colcon.colcon_core.package_selection:Skipping not selected package 'ecl_formatters' in 'src/ThirdParty/ecl/ecl_core/ecl_formatters'
[0.371s] INFO:colcon.colcon_core.package_selection:Skipping not selected package 'ecl_threads' in 'src/ThirdParty/ecl/ecl_core/ecl_threads'
[0.371s] INFO:colcon.colcon_core.package_selection:Skipping not selected package 'interbotix_xs_toolbox' in 'src/interbotix_ros_toolboxes/interbotix_xs_toolbox/interbotix_xs_toolbox'
[0.371s] INFO:colcon.colcon_core.package_selection:Skipping not selected package 'ecl_containers' in 'src/ThirdParty/ecl/ecl_core/ecl_containers'
[0.371s] INFO:colcon.colcon_core.package_selection:Skipping not selected package 'ecl_ipc' in 'src/ThirdParty/ecl/ecl_core/ecl_ipc'
[0.371s] INFO:colcon.colcon_core.package_selection:Skipping not selected package 'ecl_linear_algebra' in 'src/ThirdParty/ecl/ecl_core/ecl_linear_algebra'
[0.371s] INFO:colcon.colcon_core.package_selection:Skipping not selected package 'ecl_sigslots' in 'src/ThirdParty/ecl/ecl_core/ecl_sigslots'
[0.371s] INFO:colcon.colcon_core.package_selection:Skipping not selected package 'interbotix_xslocobot_sim' in 'src/interbotix_ros_rovers/interbotix_ros_xslocobots/interbotix_xslocobot_sim'
[0.371s] INFO:colcon.colcon_core.package_selection:Skipping not selected package 'ecl_devices' in 'src/ThirdParty/ecl/ecl_core/ecl_devices'
[0.371s] INFO:colcon.colcon_core.package_selection:Skipping not selected package 'ecl_geometry' in 'src/ThirdParty/ecl/ecl_core/ecl_geometry'
[0.371s] INFO:colcon.colcon_core.package_selection:Skipping not selected package 'ecl_statistics' in 'src/ThirdParty/ecl/ecl_core/ecl_statistics'
[0.371s] INFO:colcon.colcon_core.package_selection:Skipping not selected package 'ecl_manipulators' in 'src/ThirdParty/ecl/ecl_core/ecl_manipulators'
[0.371s] INFO:colcon.colcon_core.package_selection:Skipping not selected package 'ecl_mobile_robot' in 'src/ThirdParty/ecl/ecl_core/ecl_mobile_robot'
[0.371s] INFO:colcon.colcon_core.package_selection:Skipping not selected package 'ecl_streams' in 'src/ThirdParty/ecl/ecl_core/ecl_streams'
[0.371s] INFO:colcon.colcon_core.package_selection:Skipping not selected package 'ecl_core_apps' in 'src/ThirdParty/ecl/ecl_core/ecl_core_apps'
[0.372s] INFO:colcon.colcon_core.package_selection:Skipping not selected package 'kobuki_core' in 'src/ThirdParty/kobuki_core'
[0.372s] INFO:colcon.colcon_core.package_selection:Skipping not selected package 'ecl_core' in 'src/ThirdParty/ecl/ecl_core/ecl_core'
[0.372s] INFO:colcon.colcon_core.package_selection:Skipping not selected package 'kobuki_auto_docking' in 'src/ThirdParty/kobuki_ros/kobuki_auto_docking'
[0.372s] INFO:colcon.colcon_core.package_selection:Skipping not selected package 'kobuki_node' in 'src/ThirdParty/kobuki_ros/kobuki_node'
[0.372s] INFO:colcon.colcon_core.package_selection:Skipping not selected package 'kobuki_ros' in 'src/ThirdParty/kobuki_ros/kobuki_ros'
[0.372s] INFO:colcon.colcon_core.package_selection:Skipping not selected package 'interbotix_xslocobot_control' in 'src/interbotix_ros_rovers/interbotix_ros_xslocobots/interbotix_xslocobot_control'
[0.372s] INFO:colcon.colcon_core.package_selection:Skipping not selected package 'interbotix_xslocobot_joy' in 'src/interbotix_ros_rovers/interbotix_ros_xslocobots/examples/interbotix_xslocobot_joy'
[0.372s] INFO:colcon.colcon_core.package_selection:Skipping not selected package 'interbotix_xslocobot_nav' in 'src/interbotix_ros_rovers/interbotix_ros_xslocobots/interbotix_xslocobot_nav'
[0.372s] INFO:colcon.colcon_core.package_selection:Skipping not selected package 'interbotix_xslocobot_ros_control' in 'src/interbotix_ros_rovers/interbotix_ros_xslocobots/interbotix_xslocobot_ros_control'
[0.372s] INFO:colcon.colcon_core.package_selection:Skipping not selected package 'interbotix_xslocobot_moveit' in 'src/interbotix_ros_rovers/interbotix_ros_xslocobots/interbotix_xslocobot_moveit'
[0.372s] Level 5:colcon.colcon_core.verb:set package 'locobot_control_python' build argument 'cmake_args' from command line to 'None'
[0.372s] Level 5:colcon.colcon_core.verb:set package 'locobot_control_python' build argument 'cmake_target' from command line to 'None'
[0.372s] Level 5:colcon.colcon_core.verb:set package 'locobot_control_python' build argument 'cmake_target_skip_unavailable' from command line to 'False'
[0.372s] Level 5:colcon.colcon_core.verb:set package 'locobot_control_python' build argument 'cmake_clean_cache' from command line to 'False'
[0.372s] Level 5:colcon.colcon_core.verb:set package 'locobot_control_python' build argument 'cmake_clean_first' from command line to 'False'
[0.372s] Level 5:colcon.colcon_core.verb:set package 'locobot_control_python' build argument 'cmake_force_configure' from command line to 'False'
[0.372s] Level 5:colcon.colcon_core.verb:set package 'locobot_control_python' build argument 'ament_cmake_args' from command line to 'None'
[0.372s] Level 5:colcon.colcon_core.verb:set package 'locobot_control_python' build argument 'catkin_cmake_args' from command line to 'None'
[0.372s] Level 5:colcon.colcon_core.verb:set package 'locobot_control_python' build argument 'catkin_skip_building_tests' from command line to 'False'
[0.372s] DEBUG:colcon.colcon_core.verb:Building package 'locobot_control_python' with the following arguments: {'ament_cmake_args': None, 'build_base': '/home/wellyowo/locobot_sim/locobot_ws/build/locobot_control_python', 'catkin_cmake_args': None, 'catkin_skip_building_tests': False, 'cmake_args': None, 'cmake_clean_cache': False, 'cmake_clean_first': False, 'cmake_force_configure': False, 'cmake_target': None, 'cmake_target_skip_unavailable': False, 'install_base': '/home/wellyowo/locobot_sim/locobot_ws/install/locobot_control_python', 'merge_install': False, 'path': '/home/wellyowo/locobot_sim/locobot_ws/src/locobot_control_python', 'symlink_install': False, 'test_result_base': None}
[0.372s] Level 5:colcon.colcon_core.verb:set package 'interbotix_xslocobot_descriptions' build argument 'cmake_args' from command line to 'None'
[0.372s] Level 5:colcon.colcon_core.verb:set package 'interbotix_xslocobot_descriptions' build argument 'cmake_target' from command line to 'None'
[0.372s] Level 5:colcon.colcon_core.verb:set package 'interbotix_xslocobot_descriptions' build argument 'cmake_target_skip_unavailable' from command line to 'False'
[0.372s] Level 5:colcon.colcon_core.verb:set package 'interbotix_xslocobot_descriptions' build argument 'cmake_clean_cache' from command line to 'False'
[0.372s] Level 5:colcon.colcon_core.verb:set package 'interbotix_xslocobot_descriptions' build argument 'cmake_clean_first' from command line to 'False'
[0.372s] Level 5:colcon.colcon_core.verb:set package 'interbotix_xslocobot_descriptions' build argument 'cmake_force_configure' from command line to 'False'
[0.372s] Level 5:colcon.colcon_core.verb:set package 'interbotix_xslocobot_descriptions' build argument 'ament_cmake_args' from command line to 'None'
[0.372s] Level 5:colcon.colcon_core.verb:set package 'interbotix_xslocobot_descriptions' build argument 'catkin_cmake_args' from command line to 'None'
[0.372s] Level 5:colcon.colcon_core.verb:set package 'interbotix_xslocobot_descriptions' build argument 'catkin_skip_building_tests' from command line to 'False'
[0.372s] DEBUG:colcon.colcon_core.verb:Building package 'interbotix_xslocobot_descriptions' with the following arguments: {'ament_cmake_args': None, 'build_base': '/home/wellyowo/locobot_sim/locobot_ws/build/interbotix_xslocobot_descriptions', 'catkin_cmake_args': None, 'catkin_skip_building_tests': False, 'cmake_args': None, 'cmake_clean_cache': False, 'cmake_clean_first': False, 'cmake_force_configure': False, 'cmake_target': None, 'cmake_target_skip_unavailable': False, 'install_base': '/home/wellyowo/locobot_sim/locobot_ws/install/interbotix_xslocobot_descriptions', 'merge_install': False, 'path': '/home/wellyowo/locobot_sim/locobot_ws/src/interbotix_ros_rovers/interbotix_ros_xslocobots/interbotix_xslocobot_descriptions', 'symlink_install': False, 'test_result_base': None}
[0.372s] INFO:colcon.colcon_core.executor:Executing jobs using 'parallel' executor
[0.373s] DEBUG:colcon.colcon_parallel_executor.executor.parallel:run_until_complete
[0.373s] INFO:colcon.colcon_ros.task.ament_python.build:Building ROS package in '/home/wellyowo/locobot_sim/locobot_ws/src/locobot_control_python' with build type 'ament_python'
[0.374s] Level 1:colcon.colcon_core.shell:create_environment_hook('locobot_control_python', 'ament_prefix_path')
[0.377s] INFO:colcon.colcon_core.plugin_system:Skipping extension 'colcon_core.shell.bat': Not used on non-Windows systems
[0.377s] INFO:colcon.colcon_core.shell:Creating environment hook '/home/wellyowo/locobot_sim/locobot_ws/install/locobot_control_python/share/locobot_control_python/hook/ament_prefix_path.ps1'
[0.378s] INFO:colcon.colcon_core.shell:Creating environment descriptor '/home/wellyowo/locobot_sim/locobot_ws/install/locobot_control_python/share/locobot_control_python/hook/ament_prefix_path.dsv'
[0.378s] INFO:colcon.colcon_core.shell:Creating environment hook '/home/wellyowo/locobot_sim/locobot_ws/install/locobot_control_python/share/locobot_control_python/hook/ament_prefix_path.sh'
[0.379s] INFO:colcon.colcon_core.shell:Skip shell extension 'powershell' for command environment: Not usable outside of PowerShell
[0.379s] DEBUG:colcon.colcon_core.shell:Skip shell extension 'dsv' for command environment
[0.386s] INFO:colcon.colcon_ros.task.ament_cmake.build:Building ROS package in '/home/wellyowo/locobot_sim/locobot_ws/src/interbotix_ros_rovers/interbotix_ros_xslocobots/interbotix_xslocobot_descriptions' with build type 'ament_cmake'
[0.386s] INFO:colcon.colcon_cmake.task.cmake.build:Building CMake package in '/home/wellyowo/locobot_sim/locobot_ws/src/interbotix_ros_rovers/interbotix_ros_xslocobots/interbotix_xslocobot_descriptions'
[0.386s] INFO:colcon.colcon_core.shell:Skip shell extension 'powershell' for command environment: Not usable outside of PowerShell
[0.386s] DEBUG:colcon.colcon_core.shell:Skip shell extension 'dsv' for command environment
[0.542s] INFO:colcon.colcon_core.task.python.build:Building Python package in '/home/wellyowo/locobot_sim/locobot_ws/src/locobot_control_python'
[0.542s] INFO:colcon.colcon_core.shell:Skip shell extension 'powershell' for command environment: Not usable outside of PowerShell
[0.542s] DEBUG:colcon.colcon_core.shell:Skip shell extension 'dsv' for command environment
[0.549s] DEBUG:colcon.colcon_core.event_handler.log_command:Invoking command in '/home/wellyowo/locobot_sim/locobot_ws/build/interbotix_xslocobot_descriptions': AMENT_PREFIX_PATH=/home/wellyowo/locobot_sim/locobot_ws/install/interbotix_xs_modules:/home/wellyowo/locobot_sim/locobot_ws/install/interbotix_common_modules:/home/wellyowo/locobot_sim/locobot_ws/install/interbotix_xslocobot_moveit:/home/wellyowo/locobot_sim/locobot_ws/install/interbotix_xslocobot_ros_control:/home/wellyowo/locobot_sim/locobot_ws/install/interbotix_xslocobot_nav:/home/wellyowo/locobot_sim/locobot_ws/install/interbotix_xslocobot_joy:/home/wellyowo/locobot_sim/locobot_ws/install/interbotix_xslocobot_control:/home/wellyowo/locobot_sim/locobot_ws/install/kobuki_ros:/home/wellyowo/locobot_sim/locobot_ws/install/kobuki_node:/home/wellyowo/locobot_sim/locobot_ws/install/kobuki_auto_docking:/home/wellyowo/locobot_sim/locobot_ws/install/kobuki_core:/home/wellyowo/locobot_sim/locobot_ws/install/ecl_core:/home/wellyowo/locobot_sim/locobot_ws/install/ecl_statistics:/home/wellyowo/locobot_sim/locobot_ws/install/ecl_mobile_robot:/home/wellyowo/locobot_sim/locobot_ws/install/ecl_manipulators:/home/wellyowo/locobot_sim/locobot_ws/install/ecl_core_apps:/home/wellyowo/locobot_sim/locobot_ws/install/ecl_geometry:/home/wellyowo/locobot_sim/locobot_ws/install/ecl_linear_algebra:/home/wellyowo/locobot_sim/locobot_ws/install/rplidar_ros:/home/wellyowo/locobot_sim/locobot_ws/install/interbotix_moveit_interface:/home/wellyowo/locobot_sim/locobot_ws/install/moveit_visual_tools:/home/wellyowo/locobot_sim/locobot_ws/install/kobuki_safety_controller:/home/wellyowo/locobot_sim/locobot_ws/install/kobuki_random_walker:/home/wellyowo/locobot_sim/locobot_ws/install/kobuki_keyop:/home/wellyowo/locobot_sim/locobot_ws/install/interbotix_xslocobot_sim:/home/wellyowo/locobot_sim/locobot_ws/install/interbotix_xslocobot_descriptions:/home/wellyowo/locobot_sim/locobot_ws/install/kobuki_description:/home/wellyowo/locobot_sim/locobot_ws/install/kobuki_bumper2pc:/home/wellyowo/locobot_sim/locobot_ws/install/kobuki:/home/wellyowo/locobot_sim/locobot_ws/install/interbotix_xs_toolbox:/home/wellyowo/locobot_sim/locobot_ws/install/interbotix_xs_rviz:/home/wellyowo/locobot_sim/locobot_ws/install/interbotix_ros_xseries:/home/wellyowo/locobot_sim/locobot_ws/install/interbotix_xs_sdk:/home/wellyowo/locobot_sim/locobot_ws/install/interbotix_xs_ros_control:/home/wellyowo/locobot_sim/locobot_ws/install/interbotix_perception_toolbox:/home/wellyowo/locobot_sim/locobot_ws/install/interbotix_perception_modules:/home/wellyowo/locobot_sim/locobot_ws/install/interbotix_common_toolbox:/home/wellyowo/locobot_sim/locobot_ws/install/interbotix_gravity_compensation:/home/wellyowo/locobot_sim/locobot_ws/install/interbotix_xs_msgs:/home/wellyowo/locobot_sim/locobot_ws/install/interbotix_xs_driver:/home/wellyowo/locobot_sim/locobot_ws/install/interbotix_tf_tools:/home/wellyowo/locobot_sim/locobot_ws/install/interbotix_perception_pipelines:/home/wellyowo/locobot_sim/locobot_ws/install/interbotix_perception_msgs:/home/wellyowo/locobot_sim/locobot_ws/install/interbotix_moveit_interface_msgs:/home/wellyowo/locobot_sim/locobot_ws/install/interbotix_common_sim:/home/wellyowo/locobot_sim/locobot_ws/install/aws_robomaker_small_warehouse_world:/home/wellyowo/locobot_sim/locobot_ws/install/aws_robomaker_small_house_world:/home/wellyowo/locobot_sim/locobot_ws/install/aws_robomaker_racetrack_world:/home/wellyowo/locobot_sim/locobot_ws/install/gazebo_plugins:/home/wellyowo/locobot_sim/locobot_ws/install/ecl_streams:/home/wellyowo/locobot_sim/locobot_ws/install/ecl_sigslots:/home/wellyowo/locobot_sim/locobot_ws/install/ecl_ipc:/home/wellyowo/locobot_sim/locobot_ws/install/ecl_devices:/home/wellyowo/locobot_sim/locobot_ws/install/ecl_threads:/home/wellyowo/locobot_sim/locobot_ws/install/ecl_containers:/home/wellyowo/locobot_sim/locobot_ws/install/ecl_utilities:/home/wellyowo/locobot_sim/locobot_ws/install/ecl_math:/home/wellyowo/locobot_sim/locobot_ws/install/ecl_formatters:/home/wellyowo/locobot_sim/locobot_ws/install/ecl_converters:/home/wellyowo/locobot_sim/locobot_ws/install/ecl_concepts:/home/wellyowo/locobot_sim/locobot_ws/install/ecl_type_traits:/home/wellyowo/locobot_sim/locobot_ws/install/ecl_time:/home/wellyowo/locobot_sim/locobot_ws/install/ecl_lite:/home/wellyowo/locobot_sim/locobot_ws/install/ecl_time_lite:/home/wellyowo/locobot_sim/locobot_ws/install/ecl_sigslots_lite:/home/wellyowo/locobot_sim/locobot_ws/install/ecl_mpl:/home/wellyowo/locobot_sim/locobot_ws/install/ecl_io:/home/wellyowo/locobot_sim/locobot_ws/install/ecl_filesystem:/home/wellyowo/locobot_sim/locobot_ws/install/ecl_exceptions:/home/wellyowo/locobot_sim/locobot_ws/install/ecl_errors:/home/wellyowo/locobot_sim/locobot_ws/install/ecl_eigen:/home/wellyowo/locobot_sim/locobot_ws/install/ecl_converters_lite:/home/wellyowo/locobot_sim/locobot_ws/install/ecl_console:/home/wellyowo/locobot_sim/locobot_ws/install/ecl_config:/home/wellyowo/locobot_sim/locobot_ws/install/ecl_command_line:/home/wellyowo/locobot_sim/locobot_ws/install/dynamixel_workbench_toolbox:/opt/ros/humble CMAKE_PREFIX_PATH=/home/wellyowo/locobot_sim/locobot_ws/install/interbotix_xs_rviz:/home/wellyowo/locobot_sim/locobot_ws/install/interbotix_xs_sdk:/home/wellyowo/locobot_sim/locobot_ws/install/interbotix_xs_driver:/home/wellyowo/locobot_sim/locobot_ws/install/kobuki_description:/home/wellyowo/locobot_sim/locobot_ws/install/interbotix_xs_msgs:/home/wellyowo/locobot_sim/locobot_ws/install/interbotix_common_sim:/home/wellyowo/locobot_sim/locobot_ws/install/dynamixel_workbench_toolbox:/home/wellyowo/locobot_sim/locobot_ws/install/interbotix_xslocobot_moveit:/home/wellyowo/locobot_sim/locobot_ws/install/interbotix_xslocobot_ros_control:/home/wellyowo/locobot_sim/locobot_ws/install/interbotix_xslocobot_nav:/home/wellyowo/locobot_sim/locobot_ws/install/interbotix_xslocobot_joy:/home/wellyowo/locobot_sim/locobot_ws/install/interbotix_xslocobot_control:/home/wellyowo/locobot_sim/locobot_ws/install/kobuki_ros:/home/wellyowo/locobot_sim/locobot_ws/install/kobuki_node:/home/wellyowo/locobot_sim/locobot_ws/install/kobuki_auto_docking:/home/wellyowo/locobot_sim/locobot_ws/install/kobuki_core:/home/wellyowo/locobot_sim/locobot_ws/install/ecl_core:/home/wellyowo/locobot_sim/locobot_ws/install/ecl_statistics:/home/wellyowo/locobot_sim/locobot_ws/install/ecl_mobile_robot:/home/wellyowo/locobot_sim/locobot_ws/install/ecl_manipulators:/home/wellyowo/locobot_sim/locobot_ws/install/ecl_core_apps:/home/wellyowo/locobot_sim/locobot_ws/install/ecl_geometry:/home/wellyowo/locobot_sim/locobot_ws/install/ecl_linear_algebra:/home/wellyowo/locobot_sim/locobot_ws/install/sophus:/home/wellyowo/locobot_sim/locobot_ws/install/rplidar_ros:/home/wellyowo/locobot_sim/locobot_ws/install/interbotix_moveit_interface:/home/wellyowo/locobot_sim/locobot_ws/install/moveit_visual_tools:/home/wellyowo/locobot_sim/locobot_ws/install/kobuki_safety_controller:/home/wellyowo/locobot_sim/locobot_ws/install/kobuki_random_walker:/home/wellyowo/locobot_sim/locobot_ws/install/kobuki_keyop:/home/wellyowo/locobot_sim/locobot_ws/install/interbotix_xslocobot_sim:/home/wellyowo/locobot_sim/locobot_ws/install/interbotix_xslocobot_descriptions:/home/wellyowo/locobot_sim/locobot_ws/install/kobuki_bumper2pc:/home/wellyowo/locobot_sim/locobot_ws/install/kobuki:/home/wellyowo/locobot_sim/locobot_ws/install/interbotix_xs_toolbox:/home/wellyowo/locobot_sim/locobot_ws/install/interbotix_ros_xseries:/home/wellyowo/locobot_sim/locobot_ws/install/interbotix_xs_ros_control:/home/wellyowo/locobot_sim/locobot_ws/install/interbotix_perception_toolbox:/home/wellyowo/locobot_sim/locobot_ws/install/interbotix_common_toolbox:/home/wellyowo/locobot_sim/locobot_ws/install/interbotix_gravity_compensation:/home/wellyowo/locobot_sim/locobot_ws/install/interbotix_tf_tools:/home/wellyowo/locobot_sim/locobot_ws/install/interbotix_perception_pipelines:/home/wellyowo/locobot_sim/locobot_ws/install/interbotix_perception_msgs:/home/wellyowo/locobot_sim/locobot_ws/install/interbotix_moveit_interface_msgs:/home/wellyowo/locobot_sim/locobot_ws/install/aws_robomaker_small_warehouse_world:/home/wellyowo/locobot_sim/locobot_ws/install/aws_robomaker_small_house_world:/home/wellyowo/locobot_sim/locobot_ws/install/aws_robomaker_racetrack_world:/home/wellyowo/locobot_sim/locobot_ws/install/gazebo_plugins:/home/wellyowo/locobot_sim/locobot_ws/install/ecl_streams:/home/wellyowo/locobot_sim/locobot_ws/install/ecl_sigslots:/home/wellyowo/locobot_sim/locobot_ws/install/ecl_ipc:/home/wellyowo/locobot_sim/locobot_ws/install/ecl_devices:/home/wellyowo/locobot_sim/locobot_ws/install/ecl_threads:/home/wellyowo/locobot_sim/locobot_ws/install/ecl_containers:/home/wellyowo/locobot_sim/locobot_ws/install/ecl_utilities:/home/wellyowo/locobot_sim/locobot_ws/install/ecl_math:/home/wellyowo/locobot_sim/locobot_ws/install/ecl_formatters:/home/wellyowo/locobot_sim/locobot_ws/install/ecl_converters:/home/wellyowo/locobot_sim/locobot_ws/install/ecl_concepts:/home/wellyowo/locobot_sim/locobot_ws/install/ecl_type_traits:/home/wellyowo/locobot_sim/locobot_ws/install/ecl_time:/home/wellyowo/locobot_sim/locobot_ws/install/ecl_lite:/home/wellyowo/locobot_sim/locobot_ws/install/ecl_time_lite:/home/wellyowo/locobot_sim/locobot_ws/install/ecl_sigslots_lite:/home/wellyowo/locobot_sim/locobot_ws/install/ecl_mpl:/home/wellyowo/locobot_sim/locobot_ws/install/ecl_io:/home/wellyowo/locobot_sim/locobot_ws/install/ecl_filesystem:/home/wellyowo/locobot_sim/locobot_ws/install/ecl_exceptions:/home/wellyowo/locobot_sim/locobot_ws/install/ecl_errors:/home/wellyowo/locobot_sim/locobot_ws/install/ecl_eigen:/home/wellyowo/locobot_sim/locobot_ws/install/ecl_converters_lite:/home/wellyowo/locobot_sim/locobot_ws/install/ecl_console:/home/wellyowo/locobot_sim/locobot_ws/install/ecl_config:/home/wellyowo/locobot_sim/locobot_ws/install/ecl_command_line:/home/wellyowo/locobot_sim/locobot_ws/install/interbotix_xs_modules:/home/wellyowo/locobot_sim/locobot_ws/install/interbotix_perception_modules:/home/wellyowo/locobot_sim/locobot_ws/install/interbotix_common_modules:/opt/ros/humble LD_LIBRARY_PATH=/home/wellyowo/locobot_sim/locobot_ws/install/interbotix_xs_rviz/lib:/home/wellyowo/locobot_sim/locobot_ws/install/interbotix_xs_driver/lib:/home/wellyowo/locobot_sim/locobot_ws/install/interbotix_xs_msgs/lib:/home/wellyowo/locobot_sim/locobot_ws/install/dynamixel_workbench_toolbox/lib:/home/wellyowo/locobot_sim/locobot_ws/install/kobuki_node/lib:/home/wellyowo/locobot_sim/locobot_ws/install/kobuki_auto_docking/lib:/home/wellyowo/locobot_sim/locobot_ws/install/kobuki_core/lib:/home/wellyowo/locobot_sim/locobot_ws/install/ecl_statistics/lib:/home/wellyowo/locobot_sim/locobot_ws/install/ecl_mobile_robot/lib:/home/wellyowo/locobot_sim/locobot_ws/install/ecl_manipulators/lib:/home/wellyowo/locobot_sim/locobot_ws/install/ecl_geometry/lib:/home/wellyowo/locobot_sim/locobot_ws/install/ecl_linear_algebra/lib:/home/wellyowo/locobot_sim/locobot_ws/install/moveit_visual_tools/lib:/home/wellyowo/locobot_sim/locobot_ws/install/kobuki_safety_controller/lib:/home/wellyowo/locobot_sim/locobot_ws/install/kobuki_random_walker/lib:/home/wellyowo/locobot_sim/locobot_ws/install/kobuki_keyop/lib:/home/wellyowo/locobot_sim/locobot_ws/install/kobuki_bumper2pc/lib:/home/wellyowo/locobot_sim/locobot_ws/install/interbotix_xs_ros_control/lib:/home/wellyowo/locobot_sim/locobot_ws/install/interbotix_tf_tools/lib:/home/wellyowo/locobot_sim/locobot_ws/install/interbotix_perception_msgs/lib:/home/wellyowo/locobot_sim/locobot_ws/install/interbotix_moveit_interface_msgs/lib:/home/wellyowo/locobot_sim/locobot_ws/install/gazebo_plugins/lib:/home/wellyowo/locobot_sim/locobot_ws/install/ecl_streams/lib:/home/wellyowo/locobot_sim/locobot_ws/install/ecl_ipc/lib:/home/wellyowo/locobot_sim/locobot_ws/install/ecl_devices/lib:/home/wellyowo/locobot_sim/locobot_ws/install/ecl_threads/lib:/home/wellyowo/locobot_sim/locobot_ws/install/ecl_formatters/lib:/home/wellyowo/locobot_sim/locobot_ws/install/ecl_type_traits/lib:/home/wellyowo/locobot_sim/locobot_ws/install/ecl_time/lib:/home/wellyowo/locobot_sim/locobot_ws/install/ecl_time_lite/lib:/home/wellyowo/locobot_sim/locobot_ws/install/ecl_io/lib:/home/wellyowo/locobot_sim/locobot_ws/install/ecl_filesystem/lib:/home/wellyowo/locobot_sim/locobot_ws/install/ecl_exceptions/lib:/home/wellyowo/locobot_sim/locobot_ws/install/ecl_errors/lib:/opt/ros/humble/opt/rviz_ogre_vendor/lib:/opt/ros/humble/lib/x86_64-linux-gnu:/opt/ros/humble/lib:/usr/local/nvidia/lib:/usr/local/nvidia/lib64:/usr/lib/x86_64-linux-gnu/gazebo-11/plugins PYTHONPATH=/home/wellyowo/locobot_sim/locobot_ws/build/interbotix_xs_modules:/home/wellyowo/locobot_sim/locobot_ws/install/interbotix_xs_modules/lib/python3.10/site-packages:/home/wellyowo/locobot_sim/locobot_ws/build/interbotix_common_modules:/home/wellyowo/locobot_sim/locobot_ws/install/interbotix_common_modules/lib/python3.10/site-packages:/home/wellyowo/locobot_sim/locobot_ws/build/interbotix_perception_modules:/home/wellyowo/locobot_sim/locobot_ws/install/interbotix_perception_modules/lib/python3.10/site-packages:/home/wellyowo/locobot_sim/locobot_ws/install/interbotix_xs_msgs/local/lib/python3.10/dist-packages:/home/wellyowo/locobot_sim/locobot_ws/install/interbotix_perception_msgs/local/lib/python3.10/dist-packages:/home/wellyowo/locobot_sim/locobot_ws/install/interbotix_moveit_interface_msgs/local/lib/python3.10/dist-packages:/opt/ros/humble/lib/python3.10/site-packages:/opt/ros/humble/local/lib/python3.10/dist-packages /usr/bin/cmake /home/wellyowo/locobot_sim/locobot_ws/src/interbotix_ros_rovers/interbotix_ros_xslocobots/interbotix_xslocobot_descriptions -DCMAKE_INSTALL_PREFIX=/home/wellyowo/locobot_sim/locobot_ws/install/interbotix_xslocobot_descriptions
[0.733s] DEBUG:colcon.colcon_core.event_handler.log_command:Invoked command in '/home/wellyowo/locobot_sim/locobot_ws/build/interbotix_xslocobot_descriptions' returned '0': AMENT_PREFIX_PATH=/home/wellyowo/locobot_sim/locobot_ws/install/interbotix_xs_modules:/home/wellyowo/locobot_sim/locobot_ws/install/interbotix_common_modules:/home/wellyowo/locobot_sim/locobot_ws/install/interbotix_xslocobot_moveit:/home/wellyowo/locobot_sim/locobot_ws/install/interbotix_xslocobot_ros_control:/home/wellyowo/locobot_sim/locobot_ws/install/interbotix_xslocobot_nav:/home/wellyowo/locobot_sim/locobot_ws/install/interbotix_xslocobot_joy:/home/wellyowo/locobot_sim/locobot_ws/install/interbotix_xslocobot_control:/home/wellyowo/locobot_sim/locobot_ws/install/kobuki_ros:/home/wellyowo/locobot_sim/locobot_ws/install/kobuki_node:/home/wellyowo/locobot_sim/locobot_ws/install/kobuki_auto_docking:/home/wellyowo/locobot_sim/locobot_ws/install/kobuki_core:/home/wellyowo/locobot_sim/locobot_ws/install/ecl_core:/home/wellyowo/locobot_sim/locobot_ws/install/ecl_statistics:/home/wellyowo/locobot_sim/locobot_ws/install/ecl_mobile_robot:/home/wellyowo/locobot_sim/locobot_ws/install/ecl_manipulators:/home/wellyowo/locobot_sim/locobot_ws/install/ecl_core_apps:/home/wellyowo/locobot_sim/locobot_ws/install/ecl_geometry:/home/wellyowo/locobot_sim/locobot_ws/install/ecl_linear_algebra:/home/wellyowo/locobot_sim/locobot_ws/install/rplidar_ros:/home/wellyowo/locobot_sim/locobot_ws/install/interbotix_moveit_interface:/home/wellyowo/locobot_sim/locobot_ws/install/moveit_visual_tools:/home/wellyowo/locobot_sim/locobot_ws/install/kobuki_safety_controller:/home/wellyowo/locobot_sim/locobot_ws/install/kobuki_random_walker:/home/wellyowo/locobot_sim/locobot_ws/install/kobuki_keyop:/home/wellyowo/locobot_sim/locobot_ws/install/interbotix_xslocobot_sim:/home/wellyowo/locobot_sim/locobot_ws/install/interbotix_xslocobot_descriptions:/home/wellyowo/locobot_sim/locobot_ws/install/kobuki_description:/home/wellyowo/locobot_sim/locobot_ws/install/kobuki_bumper2pc:/home/wellyowo/locobot_sim/locobot_ws/install/kobuki:/home/wellyowo/locobot_sim/locobot_ws/install/interbotix_xs_toolbox:/home/wellyowo/locobot_sim/locobot_ws/install/interbotix_xs_rviz:/home/wellyowo/locobot_sim/locobot_ws/install/interbotix_ros_xseries:/home/wellyowo/locobot_sim/locobot_ws/install/interbotix_xs_sdk:/home/wellyowo/locobot_sim/locobot_ws/install/interbotix_xs_ros_control:/home/wellyowo/locobot_sim/locobot_ws/install/interbotix_perception_toolbox:/home/wellyowo/locobot_sim/locobot_ws/install/interbotix_perception_modules:/home/wellyowo/locobot_sim/locobot_ws/install/interbotix_common_toolbox:/home/wellyowo/locobot_sim/locobot_ws/install/interbotix_gravity_compensation:/home/wellyowo/locobot_sim/locobot_ws/install/interbotix_xs_msgs:/home/wellyowo/locobot_sim/locobot_ws/install/interbotix_xs_driver:/home/wellyowo/locobot_sim/locobot_ws/install/interbotix_tf_tools:/home/wellyowo/locobot_sim/locobot_ws/install/interbotix_perception_pipelines:/home/wellyowo/locobot_sim/locobot_ws/install/interbotix_perception_msgs:/home/wellyowo/locobot_sim/locobot_ws/install/interbotix_moveit_interface_msgs:/home/wellyowo/locobot_sim/locobot_ws/install/interbotix_common_sim:/home/wellyowo/locobot_sim/locobot_ws/install/aws_robomaker_small_warehouse_world:/home/wellyowo/locobot_sim/locobot_ws/install/aws_robomaker_small_house_world:/home/wellyowo/locobot_sim/locobot_ws/install/aws_robomaker_racetrack_world:/home/wellyowo/locobot_sim/locobot_ws/install/gazebo_plugins:/home/wellyowo/locobot_sim/locobot_ws/install/ecl_streams:/home/wellyowo/locobot_sim/locobot_ws/install/ecl_sigslots:/home/wellyowo/locobot_sim/locobot_ws/install/ecl_ipc:/home/wellyowo/locobot_sim/locobot_ws/install/ecl_devices:/home/wellyowo/locobot_sim/locobot_ws/install/ecl_threads:/home/wellyowo/locobot_sim/locobot_ws/install/ecl_containers:/home/wellyowo/locobot_sim/locobot_ws/install/ecl_utilities:/home/wellyowo/locobot_sim/locobot_ws/install/ecl_math:/home/wellyowo/locobot_sim/locobot_ws/install/ecl_formatters:/home/wellyowo/locobot_sim/locobot_ws/install/ecl_converters:/home/wellyowo/locobot_sim/locobot_ws/install/ecl_concepts:/home/wellyowo/locobot_sim/locobot_ws/install/ecl_type_traits:/home/wellyowo/locobot_sim/locobot_ws/install/ecl_time:/home/wellyowo/locobot_sim/locobot_ws/install/ecl_lite:/home/wellyowo/locobot_sim/locobot_ws/install/ecl_time_lite:/home/wellyowo/locobot_sim/locobot_ws/install/ecl_sigslots_lite:/home/wellyowo/locobot_sim/locobot_ws/install/ecl_mpl:/home/wellyowo/locobot_sim/locobot_ws/install/ecl_io:/home/wellyowo/locobot_sim/locobot_ws/install/ecl_filesystem:/home/wellyowo/locobot_sim/locobot_ws/install/ecl_exceptions:/home/wellyowo/locobot_sim/locobot_ws/install/ecl_errors:/home/wellyowo/locobot_sim/locobot_ws/install/ecl_eigen:/home/wellyowo/locobot_sim/locobot_ws/install/ecl_converters_lite:/home/wellyowo/locobot_sim/locobot_ws/install/ecl_console:/home/wellyowo/locobot_sim/locobot_ws/install/ecl_config:/home/wellyowo/locobot_sim/locobot_ws/install/ecl_command_line:/home/wellyowo/locobot_sim/locobot_ws/install/dynamixel_workbench_toolbox:/opt/ros/humble CMAKE_PREFIX_PATH=/home/wellyowo/locobot_sim/locobot_ws/install/interbotix_xs_rviz:/home/wellyowo/locobot_sim/locobot_ws/install/interbotix_xs_sdk:/home/wellyowo/locobot_sim/locobot_ws/install/interbotix_xs_driver:/home/wellyowo/locobot_sim/locobot_ws/install/kobuki_description:/home/wellyowo/locobot_sim/locobot_ws/install/interbotix_xs_msgs:/home/wellyowo/locobot_sim/locobot_ws/install/interbotix_common_sim:/home/wellyowo/locobot_sim/locobot_ws/install/dynamixel_workbench_toolbox:/home/wellyowo/locobot_sim/locobot_ws/install/interbotix_xslocobot_moveit:/home/wellyowo/locobot_sim/locobot_ws/install/interbotix_xslocobot_ros_control:/home/wellyowo/locobot_sim/locobot_ws/install/interbotix_xslocobot_nav:/home/wellyowo/locobot_sim/locobot_ws/install/interbotix_xslocobot_joy:/home/wellyowo/locobot_sim/locobot_ws/install/interbotix_xslocobot_control:/home/wellyowo/locobot_sim/locobot_ws/install/kobuki_ros:/home/wellyowo/locobot_sim/locobot_ws/install/kobuki_node:/home/wellyowo/locobot_sim/locobot_ws/install/kobuki_auto_docking:/home/wellyowo/locobot_sim/locobot_ws/install/kobuki_core:/home/wellyowo/locobot_sim/locobot_ws/install/ecl_core:/home/wellyowo/locobot_sim/locobot_ws/install/ecl_statistics:/home/wellyowo/locobot_sim/locobot_ws/install/ecl_mobile_robot:/home/wellyowo/locobot_sim/locobot_ws/install/ecl_manipulators:/home/wellyowo/locobot_sim/locobot_ws/install/ecl_core_apps:/home/wellyowo/locobot_sim/locobot_ws/install/ecl_geometry:/home/wellyowo/locobot_sim/locobot_ws/install/ecl_linear_algebra:/home/wellyowo/locobot_sim/locobot_ws/install/sophus:/home/wellyowo/locobot_sim/locobot_ws/install/rplidar_ros:/home/wellyowo/locobot_sim/locobot_ws/install/interbotix_moveit_interface:/home/wellyowo/locobot_sim/locobot_ws/install/moveit_visual_tools:/home/wellyowo/locobot_sim/locobot_ws/install/kobuki_safety_controller:/home/wellyowo/locobot_sim/locobot_ws/install/kobuki_random_walker:/home/wellyowo/locobot_sim/locobot_ws/install/kobuki_keyop:/home/wellyowo/locobot_sim/locobot_ws/install/interbotix_xslocobot_sim:/home/wellyowo/locobot_sim/locobot_ws/install/interbotix_xslocobot_descriptions:/home/wellyowo/locobot_sim/locobot_ws/install/kobuki_bumper2pc:/home/wellyowo/locobot_sim/locobot_ws/install/kobuki:/home/wellyowo/locobot_sim/locobot_ws/install/interbotix_xs_toolbox:/home/wellyowo/locobot_sim/locobot_ws/install/interbotix_ros_xseries:/home/wellyowo/locobot_sim/locobot_ws/install/interbotix_xs_ros_control:/home/wellyowo/locobot_sim/locobot_ws/install/interbotix_perception_toolbox:/home/wellyowo/locobot_sim/locobot_ws/install/interbotix_common_toolbox:/home/wellyowo/locobot_sim/locobot_ws/install/interbotix_gravity_compensation:/home/wellyowo/locobot_sim/locobot_ws/install/interbotix_tf_tools:/home/wellyowo/locobot_sim/locobot_ws/install/interbotix_perception_pipelines:/home/wellyowo/locobot_sim/locobot_ws/install/interbotix_perception_msgs:/home/wellyowo/locobot_sim/locobot_ws/install/interbotix_moveit_interface_msgs:/home/wellyowo/locobot_sim/locobot_ws/install/aws_robomaker_small_warehouse_world:/home/wellyowo/locobot_sim/locobot_ws/install/aws_robomaker_small_house_world:/home/wellyowo/locobot_sim/locobot_ws/install/aws_robomaker_racetrack_world:/home/wellyowo/locobot_sim/locobot_ws/install/gazebo_plugins:/home/wellyowo/locobot_sim/locobot_ws/install/ecl_streams:/home/wellyowo/locobot_sim/locobot_ws/install/ecl_sigslots:/home/wellyowo/locobot_sim/locobot_ws/install/ecl_ipc:/home/wellyowo/locobot_sim/locobot_ws/install/ecl_devices:/home/wellyowo/locobot_sim/locobot_ws/install/ecl_threads:/home/wellyowo/locobot_sim/locobot_ws/install/ecl_containers:/home/wellyowo/locobot_sim/locobot_ws/install/ecl_utilities:/home/wellyowo/locobot_sim/locobot_ws/install/ecl_math:/home/wellyowo/locobot_sim/locobot_ws/install/ecl_formatters:/home/wellyowo/locobot_sim/locobot_ws/install/ecl_converters:/home/wellyowo/locobot_sim/locobot_ws/install/ecl_concepts:/home/wellyowo/locobot_sim/locobot_ws/install/ecl_type_traits:/home/wellyowo/locobot_sim/locobot_ws/install/ecl_time:/home/wellyowo/locobot_sim/locobot_ws/install/ecl_lite:/home/wellyowo/locobot_sim/locobot_ws/install/ecl_time_lite:/home/wellyowo/locobot_sim/locobot_ws/install/ecl_sigslots_lite:/home/wellyowo/locobot_sim/locobot_ws/install/ecl_mpl:/home/wellyowo/locobot_sim/locobot_ws/install/ecl_io:/home/wellyowo/locobot_sim/locobot_ws/install/ecl_filesystem:/home/wellyowo/locobot_sim/locobot_ws/install/ecl_exceptions:/home/wellyowo/locobot_sim/locobot_ws/install/ecl_errors:/home/wellyowo/locobot_sim/locobot_ws/install/ecl_eigen:/home/wellyowo/locobot_sim/locobot_ws/install/ecl_converters_lite:/home/wellyowo/locobot_sim/locobot_ws/install/ecl_console:/home/wellyowo/locobot_sim/locobot_ws/install/ecl_config:/home/wellyowo/locobot_sim/locobot_ws/install/ecl_command_line:/home/wellyowo/locobot_sim/locobot_ws/install/interbotix_xs_modules:/home/wellyowo/locobot_sim/locobot_ws/install/interbotix_perception_modules:/home/wellyowo/locobot_sim/locobot_ws/install/interbotix_common_modules:/opt/ros/humble LD_LIBRARY_PATH=/home/wellyowo/locobot_sim/locobot_ws/install/interbotix_xs_rviz/lib:/home/wellyowo/locobot_sim/locobot_ws/install/interbotix_xs_driver/lib:/home/wellyowo/locobot_sim/locobot_ws/install/interbotix_xs_msgs/lib:/home/wellyowo/locobot_sim/locobot_ws/install/dynamixel_workbench_toolbox/lib:/home/wellyowo/locobot_sim/locobot_ws/install/kobuki_node/lib:/home/wellyowo/locobot_sim/locobot_ws/install/kobuki_auto_docking/lib:/home/wellyowo/locobot_sim/locobot_ws/install/kobuki_core/lib:/home/wellyowo/locobot_sim/locobot_ws/install/ecl_statistics/lib:/home/wellyowo/locobot_sim/locobot_ws/install/ecl_mobile_robot/lib:/home/wellyowo/locobot_sim/locobot_ws/install/ecl_manipulators/lib:/home/wellyowo/locobot_sim/locobot_ws/install/ecl_geometry/lib:/home/wellyowo/locobot_sim/locobot_ws/install/ecl_linear_algebra/lib:/home/wellyowo/locobot_sim/locobot_ws/install/moveit_visual_tools/lib:/home/wellyowo/locobot_sim/locobot_ws/install/kobuki_safety_controller/lib:/home/wellyowo/locobot_sim/locobot_ws/install/kobuki_random_walker/lib:/home/wellyowo/locobot_sim/locobot_ws/install/kobuki_keyop/lib:/home/wellyowo/locobot_sim/locobot_ws/install/kobuki_bumper2pc/lib:/home/wellyowo/locobot_sim/locobot_ws/install/interbotix_xs_ros_control/lib:/home/wellyowo/locobot_sim/locobot_ws/install/interbotix_tf_tools/lib:/home/wellyowo/locobot_sim/locobot_ws/install/interbotix_perception_msgs/lib:/home/wellyowo/locobot_sim/locobot_ws/install/interbotix_moveit_interface_msgs/lib:/home/wellyowo/locobot_sim/locobot_ws/install/gazebo_plugins/lib:/home/wellyowo/locobot_sim/locobot_ws/install/ecl_streams/lib:/home/wellyowo/locobot_sim/locobot_ws/install/ecl_ipc/lib:/home/wellyowo/locobot_sim/locobot_ws/install/ecl_devices/lib:/home/wellyowo/locobot_sim/locobot_ws/install/ecl_threads/lib:/home/wellyowo/locobot_sim/locobot_ws/install/ecl_formatters/lib:/home/wellyowo/locobot_sim/locobot_ws/install/ecl_type_traits/lib:/home/wellyowo/locobot_sim/locobot_ws/install/ecl_time/lib:/home/wellyowo/locobot_sim/locobot_ws/install/ecl_time_lite/lib:/home/wellyowo/locobot_sim/locobot_ws/install/ecl_io/lib:/home/wellyowo/locobot_sim/locobot_ws/install/ecl_filesystem/lib:/home/wellyowo/locobot_sim/locobot_ws/install/ecl_exceptions/lib:/home/wellyowo/locobot_sim/locobot_ws/install/ecl_errors/lib:/opt/ros/humble/opt/rviz_ogre_vendor/lib:/opt/ros/humble/lib/x86_64-linux-gnu:/opt/ros/humble/lib:/usr/local/nvidia/lib:/usr/local/nvidia/lib64:/usr/lib/x86_64-linux-gnu/gazebo-11/plugins PYTHONPATH=/home/wellyowo/locobot_sim/locobot_ws/build/interbotix_xs_modules:/home/wellyowo/locobot_sim/locobot_ws/install/interbotix_xs_modules/lib/python3.10/site-packages:/home/wellyowo/locobot_sim/locobot_ws/build/interbotix_common_modules:/home/wellyowo/locobot_sim/locobot_ws/install/interbotix_common_modules/lib/python3.10/site-packages:/home/wellyowo/locobot_sim/locobot_ws/build/interbotix_perception_modules:/home/wellyowo/locobot_sim/locobot_ws/install/interbotix_perception_modules/lib/python3.10/site-packages:/home/wellyowo/locobot_sim/locobot_ws/install/interbotix_xs_msgs/local/lib/python3.10/dist-packages:/home/wellyowo/locobot_sim/locobot_ws/install/interbotix_perception_msgs/local/lib/python3.10/dist-packages:/home/wellyowo/locobot_sim/locobot_ws/install/interbotix_moveit_interface_msgs/local/lib/python3.10/dist-packages:/opt/ros/humble/lib/python3.10/site-packages:/opt/ros/humble/local/lib/python3.10/dist-packages /usr/bin/cmake /home/wellyowo/locobot_sim/locobot_ws/src/interbotix_ros_rovers/interbotix_ros_xslocobots/interbotix_xslocobot_descriptions -DCMAKE_INSTALL_PREFIX=/home/wellyowo/locobot_sim/locobot_ws/install/interbotix_xslocobot_descriptions
[0.734s] DEBUG:colcon.colcon_core.event_handler.log_command:Invoking command in '/home/wellyowo/locobot_sim/locobot_ws/build/interbotix_xslocobot_descriptions': AMENT_PREFIX_PATH=/home/wellyowo/locobot_sim/locobot_ws/install/interbotix_xs_modules:/home/wellyowo/locobot_sim/locobot_ws/install/interbotix_common_modules:/home/wellyowo/locobot_sim/locobot_ws/install/interbotix_xslocobot_moveit:/home/wellyowo/locobot_sim/locobot_ws/install/interbotix_xslocobot_ros_control:/home/wellyowo/locobot_sim/locobot_ws/install/interbotix_xslocobot_nav:/home/wellyowo/locobot_sim/locobot_ws/install/interbotix_xslocobot_joy:/home/wellyowo/locobot_sim/locobot_ws/install/interbotix_xslocobot_control:/home/wellyowo/locobot_sim/locobot_ws/install/kobuki_ros:/home/wellyowo/locobot_sim/locobot_ws/install/kobuki_node:/home/wellyowo/locobot_sim/locobot_ws/install/kobuki_auto_docking:/home/wellyowo/locobot_sim/locobot_ws/install/kobuki_core:/home/wellyowo/locobot_sim/locobot_ws/install/ecl_core:/home/wellyowo/locobot_sim/locobot_ws/install/ecl_statistics:/home/wellyowo/locobot_sim/locobot_ws/install/ecl_mobile_robot:/home/wellyowo/locobot_sim/locobot_ws/install/ecl_manipulators:/home/wellyowo/locobot_sim/locobot_ws/install/ecl_core_apps:/home/wellyowo/locobot_sim/locobot_ws/install/ecl_geometry:/home/wellyowo/locobot_sim/locobot_ws/install/ecl_linear_algebra:/home/wellyowo/locobot_sim/locobot_ws/install/rplidar_ros:/home/wellyowo/locobot_sim/locobot_ws/install/interbotix_moveit_interface:/home/wellyowo/locobot_sim/locobot_ws/install/moveit_visual_tools:/home/wellyowo/locobot_sim/locobot_ws/install/kobuki_safety_controller:/home/wellyowo/locobot_sim/locobot_ws/install/kobuki_random_walker:/home/wellyowo/locobot_sim/locobot_ws/install/kobuki_keyop:/home/wellyowo/locobot_sim/locobot_ws/install/interbotix_xslocobot_sim:/home/wellyowo/locobot_sim/locobot_ws/install/interbotix_xslocobot_descriptions:/home/wellyowo/locobot_sim/locobot_ws/install/kobuki_description:/home/wellyowo/locobot_sim/locobot_ws/install/kobuki_bumper2pc:/home/wellyowo/locobot_sim/locobot_ws/install/kobuki:/home/wellyowo/locobot_sim/locobot_ws/install/interbotix_xs_toolbox:/home/wellyowo/locobot_sim/locobot_ws/install/interbotix_xs_rviz:/home/wellyowo/locobot_sim/locobot_ws/install/interbotix_ros_xseries:/home/wellyowo/locobot_sim/locobot_ws/install/interbotix_xs_sdk:/home/wellyowo/locobot_sim/locobot_ws/install/interbotix_xs_ros_control:/home/wellyowo/locobot_sim/locobot_ws/install/interbotix_perception_toolbox:/home/wellyowo/locobot_sim/locobot_ws/install/interbotix_perception_modules:/home/wellyowo/locobot_sim/locobot_ws/install/interbotix_common_toolbox:/home/wellyowo/locobot_sim/locobot_ws/install/interbotix_gravity_compensation:/home/wellyowo/locobot_sim/locobot_ws/install/interbotix_xs_msgs:/home/wellyowo/locobot_sim/locobot_ws/install/interbotix_xs_driver:/home/wellyowo/locobot_sim/locobot_ws/install/interbotix_tf_tools:/home/wellyowo/locobot_sim/locobot_ws/install/interbotix_perception_pipelines:/home/wellyowo/locobot_sim/locobot_ws/install/interbotix_perception_msgs:/home/wellyowo/locobot_sim/locobot_ws/install/interbotix_moveit_interface_msgs:/home/wellyowo/locobot_sim/locobot_ws/install/interbotix_common_sim:/home/wellyowo/locobot_sim/locobot_ws/install/aws_robomaker_small_warehouse_world:/home/wellyowo/locobot_sim/locobot_ws/install/aws_robomaker_small_house_world:/home/wellyowo/locobot_sim/locobot_ws/install/aws_robomaker_racetrack_world:/home/wellyowo/locobot_sim/locobot_ws/install/gazebo_plugins:/home/wellyowo/locobot_sim/locobot_ws/install/ecl_streams:/home/wellyowo/locobot_sim/locobot_ws/install/ecl_sigslots:/home/wellyowo/locobot_sim/locobot_ws/install/ecl_ipc:/home/wellyowo/locobot_sim/locobot_ws/install/ecl_devices:/home/wellyowo/locobot_sim/locobot_ws/install/ecl_threads:/home/wellyowo/locobot_sim/locobot_ws/install/ecl_containers:/home/wellyowo/locobot_sim/locobot_ws/install/ecl_utilities:/home/wellyowo/locobot_sim/locobot_ws/install/ecl_math:/home/wellyowo/locobot_sim/locobot_ws/install/ecl_formatters:/home/wellyowo/locobot_sim/locobot_ws/install/ecl_converters:/home/wellyowo/locobot_sim/locobot_ws/install/ecl_concepts:/home/wellyowo/locobot_sim/locobot_ws/install/ecl_type_traits:/home/wellyowo/locobot_sim/locobot_ws/install/ecl_time:/home/wellyowo/locobot_sim/locobot_ws/install/ecl_lite:/home/wellyowo/locobot_sim/locobot_ws/install/ecl_time_lite:/home/wellyowo/locobot_sim/locobot_ws/install/ecl_sigslots_lite:/home/wellyowo/locobot_sim/locobot_ws/install/ecl_mpl:/home/wellyowo/locobot_sim/locobot_ws/install/ecl_io:/home/wellyowo/locobot_sim/locobot_ws/install/ecl_filesystem:/home/wellyowo/locobot_sim/locobot_ws/install/ecl_exceptions:/home/wellyowo/locobot_sim/locobot_ws/install/ecl_errors:/home/wellyowo/locobot_sim/locobot_ws/install/ecl_eigen:/home/wellyowo/locobot_sim/locobot_ws/install/ecl_converters_lite:/home/wellyowo/locobot_sim/locobot_ws/install/ecl_console:/home/wellyowo/locobot_sim/locobot_ws/install/ecl_config:/home/wellyowo/locobot_sim/locobot_ws/install/ecl_command_line:/home/wellyowo/locobot_sim/locobot_ws/install/dynamixel_workbench_toolbox:/opt/ros/humble CMAKE_PREFIX_PATH=/home/wellyowo/locobot_sim/locobot_ws/install/interbotix_xs_rviz:/home/wellyowo/locobot_sim/locobot_ws/install/interbotix_xs_sdk:/home/wellyowo/locobot_sim/locobot_ws/install/interbotix_xs_driver:/home/wellyowo/locobot_sim/locobot_ws/install/kobuki_description:/home/wellyowo/locobot_sim/locobot_ws/install/interbotix_xs_msgs:/home/wellyowo/locobot_sim/locobot_ws/install/interbotix_common_sim:/home/wellyowo/locobot_sim/locobot_ws/install/dynamixel_workbench_toolbox:/home/wellyowo/locobot_sim/locobot_ws/install/interbotix_xslocobot_moveit:/home/wellyowo/locobot_sim/locobot_ws/install/interbotix_xslocobot_ros_control:/home/wellyowo/locobot_sim/locobot_ws/install/interbotix_xslocobot_nav:/home/wellyowo/locobot_sim/locobot_ws/install/interbotix_xslocobot_joy:/home/wellyowo/locobot_sim/locobot_ws/install/interbotix_xslocobot_control:/home/wellyowo/locobot_sim/locobot_ws/install/kobuki_ros:/home/wellyowo/locobot_sim/locobot_ws/install/kobuki_node:/home/wellyowo/locobot_sim/locobot_ws/install/kobuki_auto_docking:/home/wellyowo/locobot_sim/locobot_ws/install/kobuki_core:/home/wellyowo/locobot_sim/locobot_ws/install/ecl_core:/home/wellyowo/locobot_sim/locobot_ws/install/ecl_statistics:/home/wellyowo/locobot_sim/locobot_ws/install/ecl_mobile_robot:/home/wellyowo/locobot_sim/locobot_ws/install/ecl_manipulators:/home/wellyowo/locobot_sim/locobot_ws/install/ecl_core_apps:/home/wellyowo/locobot_sim/locobot_ws/install/ecl_geometry:/home/wellyowo/locobot_sim/locobot_ws/install/ecl_linear_algebra:/home/wellyowo/locobot_sim/locobot_ws/install/sophus:/home/wellyowo/locobot_sim/locobot_ws/install/rplidar_ros:/home/wellyowo/locobot_sim/locobot_ws/install/interbotix_moveit_interface:/home/wellyowo/locobot_sim/locobot_ws/install/moveit_visual_tools:/home/wellyowo/locobot_sim/locobot_ws/install/kobuki_safety_controller:/home/wellyowo/locobot_sim/locobot_ws/install/kobuki_random_walker:/home/wellyowo/locobot_sim/locobot_ws/install/kobuki_keyop:/home/wellyowo/locobot_sim/locobot_ws/install/interbotix_xslocobot_sim:/home/wellyowo/locobot_sim/locobot_ws/install/interbotix_xslocobot_descriptions:/home/wellyowo/locobot_sim/locobot_ws/install/kobuki_bumper2pc:/home/wellyowo/locobot_sim/locobot_ws/install/kobuki:/home/wellyowo/locobot_sim/locobot_ws/install/interbotix_xs_toolbox:/home/wellyowo/locobot_sim/locobot_ws/install/interbotix_ros_xseries:/home/wellyowo/locobot_sim/locobot_ws/install/interbotix_xs_ros_control:/home/wellyowo/locobot_sim/locobot_ws/install/interbotix_perception_toolbox:/home/wellyowo/locobot_sim/locobot_ws/install/interbotix_common_toolbox:/home/wellyowo/locobot_sim/locobot_ws/install/interbotix_gravity_compensation:/home/wellyowo/locobot_sim/locobot_ws/install/interbotix_tf_tools:/home/wellyowo/locobot_sim/locobot_ws/install/interbotix_perception_pipelines:/home/wellyowo/locobot_sim/locobot_ws/install/interbotix_perception_msgs:/home/wellyowo/locobot_sim/locobot_ws/install/interbotix_moveit_interface_msgs:/home/wellyowo/locobot_sim/locobot_ws/install/aws_robomaker_small_warehouse_world:/home/wellyowo/locobot_sim/locobot_ws/install/aws_robomaker_small_house_world:/home/wellyowo/locobot_sim/locobot_ws/install/aws_robomaker_racetrack_world:/home/wellyowo/locobot_sim/locobot_ws/install/gazebo_plugins:/home/wellyowo/locobot_sim/locobot_ws/install/ecl_streams:/home/wellyowo/locobot_sim/locobot_ws/install/ecl_sigslots:/home/wellyowo/locobot_sim/locobot_ws/install/ecl_ipc:/home/wellyowo/locobot_sim/locobot_ws/install/ecl_devices:/home/wellyowo/locobot_sim/locobot_ws/install/ecl_threads:/home/wellyowo/locobot_sim/locobot_ws/install/ecl_containers:/home/wellyowo/locobot_sim/locobot_ws/install/ecl_utilities:/home/wellyowo/locobot_sim/locobot_ws/install/ecl_math:/home/wellyowo/locobot_sim/locobot_ws/install/ecl_formatters:/home/wellyowo/locobot_sim/locobot_ws/install/ecl_converters:/home/wellyowo/locobot_sim/locobot_ws/install/ecl_concepts:/home/wellyowo/locobot_sim/locobot_ws/install/ecl_type_traits:/home/wellyowo/locobot_sim/locobot_ws/install/ecl_time:/home/wellyowo/locobot_sim/locobot_ws/install/ecl_lite:/home/wellyowo/locobot_sim/locobot_ws/install/ecl_time_lite:/home/wellyowo/locobot_sim/locobot_ws/install/ecl_sigslots_lite:/home/wellyowo/locobot_sim/locobot_ws/install/ecl_mpl:/home/wellyowo/locobot_sim/locobot_ws/install/ecl_io:/home/wellyowo/locobot_sim/locobot_ws/install/ecl_filesystem:/home/wellyowo/locobot_sim/locobot_ws/install/ecl_exceptions:/home/wellyowo/locobot_sim/locobot_ws/install/ecl_errors:/home/wellyowo/locobot_sim/locobot_ws/install/ecl_eigen:/home/wellyowo/locobot_sim/locobot_ws/install/ecl_converters_lite:/home/wellyowo/locobot_sim/locobot_ws/install/ecl_console:/home/wellyowo/locobot_sim/locobot_ws/install/ecl_config:/home/wellyowo/locobot_sim/locobot_ws/install/ecl_command_line:/home/wellyowo/locobot_sim/locobot_ws/install/interbotix_xs_modules:/home/wellyowo/locobot_sim/locobot_ws/install/interbotix_perception_modules:/home/wellyowo/locobot_sim/locobot_ws/install/interbotix_common_modules:/opt/ros/humble LD_LIBRARY_PATH=/home/wellyowo/locobot_sim/locobot_ws/install/interbotix_xs_rviz/lib:/home/wellyowo/locobot_sim/locobot_ws/install/interbotix_xs_driver/lib:/home/wellyowo/locobot_sim/locobot_ws/install/interbotix_xs_msgs/lib:/home/wellyowo/locobot_sim/locobot_ws/install/dynamixel_workbench_toolbox/lib:/home/wellyowo/locobot_sim/locobot_ws/install/kobuki_node/lib:/home/wellyowo/locobot_sim/locobot_ws/install/kobuki_auto_docking/lib:/home/wellyowo/locobot_sim/locobot_ws/install/kobuki_core/lib:/home/wellyowo/locobot_sim/locobot_ws/install/ecl_statistics/lib:/home/wellyowo/locobot_sim/locobot_ws/install/ecl_mobile_robot/lib:/home/wellyowo/locobot_sim/locobot_ws/install/ecl_manipulators/lib:/home/wellyowo/locobot_sim/locobot_ws/install/ecl_geometry/lib:/home/wellyowo/locobot_sim/locobot_ws/install/ecl_linear_algebra/lib:/home/wellyowo/locobot_sim/locobot_ws/install/moveit_visual_tools/lib:/home/wellyowo/locobot_sim/locobot_ws/install/kobuki_safety_controller/lib:/home/wellyowo/locobot_sim/locobot_ws/install/kobuki_random_walker/lib:/home/wellyowo/locobot_sim/locobot_ws/install/kobuki_keyop/lib:/home/wellyowo/locobot_sim/locobot_ws/install/kobuki_bumper2pc/lib:/home/wellyowo/locobot_sim/locobot_ws/install/interbotix_xs_ros_control/lib:/home/wellyowo/locobot_sim/locobot_ws/install/interbotix_tf_tools/lib:/home/wellyowo/locobot_sim/locobot_ws/install/interbotix_perception_msgs/lib:/home/wellyowo/locobot_sim/locobot_ws/install/interbotix_moveit_interface_msgs/lib:/home/wellyowo/locobot_sim/locobot_ws/install/gazebo_plugins/lib:/home/wellyowo/locobot_sim/locobot_ws/install/ecl_streams/lib:/home/wellyowo/locobot_sim/locobot_ws/install/ecl_ipc/lib:/home/wellyowo/locobot_sim/locobot_ws/install/ecl_devices/lib:/home/wellyowo/locobot_sim/locobot_ws/install/ecl_threads/lib:/home/wellyowo/locobot_sim/locobot_ws/install/ecl_formatters/lib:/home/wellyowo/locobot_sim/locobot_ws/install/ecl_type_traits/lib:/home/wellyowo/locobot_sim/locobot_ws/install/ecl_time/lib:/home/wellyowo/locobot_sim/locobot_ws/install/ecl_time_lite/lib:/home/wellyowo/locobot_sim/locobot_ws/install/ecl_io/lib:/home/wellyowo/locobot_sim/locobot_ws/install/ecl_filesystem/lib:/home/wellyowo/locobot_sim/locobot_ws/install/ecl_exceptions/lib:/home/wellyowo/locobot_sim/locobot_ws/install/ecl_errors/lib:/opt/ros/humble/opt/rviz_ogre_vendor/lib:/opt/ros/humble/lib/x86_64-linux-gnu:/opt/ros/humble/lib:/usr/local/nvidia/lib:/usr/local/nvidia/lib64:/usr/lib/x86_64-linux-gnu/gazebo-11/plugins PYTHONPATH=/home/wellyowo/locobot_sim/locobot_ws/build/interbotix_xs_modules:/home/wellyowo/locobot_sim/locobot_ws/install/interbotix_xs_modules/lib/python3.10/site-packages:/home/wellyowo/locobot_sim/locobot_ws/build/interbotix_common_modules:/home/wellyowo/locobot_sim/locobot_ws/install/interbotix_common_modules/lib/python3.10/site-packages:/home/wellyowo/locobot_sim/locobot_ws/build/interbotix_perception_modules:/home/wellyowo/locobot_sim/locobot_ws/install/interbotix_perception_modules/lib/python3.10/site-packages:/home/wellyowo/locobot_sim/locobot_ws/install/interbotix_xs_msgs/local/lib/python3.10/dist-packages:/home/wellyowo/locobot_sim/locobot_ws/install/interbotix_perception_msgs/local/lib/python3.10/dist-packages:/home/wellyowo/locobot_sim/locobot_ws/install/interbotix_moveit_interface_msgs/local/lib/python3.10/dist-packages:/opt/ros/humble/lib/python3.10/site-packages:/opt/ros/humble/local/lib/python3.10/dist-packages /usr/bin/cmake --build /home/wellyowo/locobot_sim/locobot_ws/build/interbotix_xslocobot_descriptions -- -j16 -l16
[0.769s] DEBUG:colcon.colcon_core.event_handler.log_command:Invoked command in '/home/wellyowo/locobot_sim/locobot_ws/build/interbotix_xslocobot_descriptions' returned '0': AMENT_PREFIX_PATH=/home/wellyowo/locobot_sim/locobot_ws/install/interbotix_xs_modules:/home/wellyowo/locobot_sim/locobot_ws/install/interbotix_common_modules:/home/wellyowo/locobot_sim/locobot_ws/install/interbotix_xslocobot_moveit:/home/wellyowo/locobot_sim/locobot_ws/install/interbotix_xslocobot_ros_control:/home/wellyowo/locobot_sim/locobot_ws/install/interbotix_xslocobot_nav:/home/wellyowo/locobot_sim/locobot_ws/install/interbotix_xslocobot_joy:/home/wellyowo/locobot_sim/locobot_ws/install/interbotix_xslocobot_control:/home/wellyowo/locobot_sim/locobot_ws/install/kobuki_ros:/home/wellyowo/locobot_sim/locobot_ws/install/kobuki_node:/home/wellyowo/locobot_sim/locobot_ws/install/kobuki_auto_docking:/home/wellyowo/locobot_sim/locobot_ws/install/kobuki_core:/home/wellyowo/locobot_sim/locobot_ws/install/ecl_core:/home/wellyowo/locobot_sim/locobot_ws/install/ecl_statistics:/home/wellyowo/locobot_sim/locobot_ws/install/ecl_mobile_robot:/home/wellyowo/locobot_sim/locobot_ws/install/ecl_manipulators:/home/wellyowo/locobot_sim/locobot_ws/install/ecl_core_apps:/home/wellyowo/locobot_sim/locobot_ws/install/ecl_geometry:/home/wellyowo/locobot_sim/locobot_ws/install/ecl_linear_algebra:/home/wellyowo/locobot_sim/locobot_ws/install/rplidar_ros:/home/wellyowo/locobot_sim/locobot_ws/install/interbotix_moveit_interface:/home/wellyowo/locobot_sim/locobot_ws/install/moveit_visual_tools:/home/wellyowo/locobot_sim/locobot_ws/install/kobuki_safety_controller:/home/wellyowo/locobot_sim/locobot_ws/install/kobuki_random_walker:/home/wellyowo/locobot_sim/locobot_ws/install/kobuki_keyop:/home/wellyowo/locobot_sim/locobot_ws/install/interbotix_xslocobot_sim:/home/wellyowo/locobot_sim/locobot_ws/install/interbotix_xslocobot_descriptions:/home/wellyowo/locobot_sim/locobot_ws/install/kobuki_description:/home/wellyowo/locobot_sim/locobot_ws/install/kobuki_bumper2pc:/home/wellyowo/locobot_sim/locobot_ws/install/kobuki:/home/wellyowo/locobot_sim/locobot_ws/install/interbotix_xs_toolbox:/home/wellyowo/locobot_sim/locobot_ws/install/interbotix_xs_rviz:/home/wellyowo/locobot_sim/locobot_ws/install/interbotix_ros_xseries:/home/wellyowo/locobot_sim/locobot_ws/install/interbotix_xs_sdk:/home/wellyowo/locobot_sim/locobot_ws/install/interbotix_xs_ros_control:/home/wellyowo/locobot_sim/locobot_ws/install/interbotix_perception_toolbox:/home/wellyowo/locobot_sim/locobot_ws/install/interbotix_perception_modules:/home/wellyowo/locobot_sim/locobot_ws/install/interbotix_common_toolbox:/home/wellyowo/locobot_sim/locobot_ws/install/interbotix_gravity_compensation:/home/wellyowo/locobot_sim/locobot_ws/install/interbotix_xs_msgs:/home/wellyowo/locobot_sim/locobot_ws/install/interbotix_xs_driver:/home/wellyowo/locobot_sim/locobot_ws/install/interbotix_tf_tools:/home/wellyowo/locobot_sim/locobot_ws/install/interbotix_perception_pipelines:/home/wellyowo/locobot_sim/locobot_ws/install/interbotix_perception_msgs:/home/wellyowo/locobot_sim/locobot_ws/install/interbotix_moveit_interface_msgs:/home/wellyowo/locobot_sim/locobot_ws/install/interbotix_common_sim:/home/wellyowo/locobot_sim/locobot_ws/install/aws_robomaker_small_warehouse_world:/home/wellyowo/locobot_sim/locobot_ws/install/aws_robomaker_small_house_world:/home/wellyowo/locobot_sim/locobot_ws/install/aws_robomaker_racetrack_world:/home/wellyowo/locobot_sim/locobot_ws/install/gazebo_plugins:/home/wellyowo/locobot_sim/locobot_ws/install/ecl_streams:/home/wellyowo/locobot_sim/locobot_ws/install/ecl_sigslots:/home/wellyowo/locobot_sim/locobot_ws/install/ecl_ipc:/home/wellyowo/locobot_sim/locobot_ws/install/ecl_devices:/home/wellyowo/locobot_sim/locobot_ws/install/ecl_threads:/home/wellyowo/locobot_sim/locobot_ws/install/ecl_containers:/home/wellyowo/locobot_sim/locobot_ws/install/ecl_utilities:/home/wellyowo/locobot_sim/locobot_ws/install/ecl_math:/home/wellyowo/locobot_sim/locobot_ws/install/ecl_formatters:/home/wellyowo/locobot_sim/locobot_ws/install/ecl_converters:/home/wellyowo/locobot_sim/locobot_ws/install/ecl_concepts:/home/wellyowo/locobot_sim/locobot_ws/install/ecl_type_traits:/home/wellyowo/locobot_sim/locobot_ws/install/ecl_time:/home/wellyowo/locobot_sim/locobot_ws/install/ecl_lite:/home/wellyowo/locobot_sim/locobot_ws/install/ecl_time_lite:/home/wellyowo/locobot_sim/locobot_ws/install/ecl_sigslots_lite:/home/wellyowo/locobot_sim/locobot_ws/install/ecl_mpl:/home/wellyowo/locobot_sim/locobot_ws/install/ecl_io:/home/wellyowo/locobot_sim/locobot_ws/install/ecl_filesystem:/home/wellyowo/locobot_sim/locobot_ws/install/ecl_exceptions:/home/wellyowo/locobot_sim/locobot_ws/install/ecl_errors:/home/wellyowo/locobot_sim/locobot_ws/install/ecl_eigen:/home/wellyowo/locobot_sim/locobot_ws/install/ecl_converters_lite:/home/wellyowo/locobot_sim/locobot_ws/install/ecl_console:/home/wellyowo/locobot_sim/locobot_ws/install/ecl_config:/home/wellyowo/locobot_sim/locobot_ws/install/ecl_command_line:/home/wellyowo/locobot_sim/locobot_ws/install/dynamixel_workbench_toolbox:/opt/ros/humble CMAKE_PREFIX_PATH=/home/wellyowo/locobot_sim/locobot_ws/install/interbotix_xs_rviz:/home/wellyowo/locobot_sim/locobot_ws/install/interbotix_xs_sdk:/home/wellyowo/locobot_sim/locobot_ws/install/interbotix_xs_driver:/home/wellyowo/locobot_sim/locobot_ws/install/kobuki_description:/home/wellyowo/locobot_sim/locobot_ws/install/interbotix_xs_msgs:/home/wellyowo/locobot_sim/locobot_ws/install/interbotix_common_sim:/home/wellyowo/locobot_sim/locobot_ws/install/dynamixel_workbench_toolbox:/home/wellyowo/locobot_sim/locobot_ws/install/interbotix_xslocobot_moveit:/home/wellyowo/locobot_sim/locobot_ws/install/interbotix_xslocobot_ros_control:/home/wellyowo/locobot_sim/locobot_ws/install/interbotix_xslocobot_nav:/home/wellyowo/locobot_sim/locobot_ws/install/interbotix_xslocobot_joy:/home/wellyowo/locobot_sim/locobot_ws/install/interbotix_xslocobot_control:/home/wellyowo/locobot_sim/locobot_ws/install/kobuki_ros:/home/wellyowo/locobot_sim/locobot_ws/install/kobuki_node:/home/wellyowo/locobot_sim/locobot_ws/install/kobuki_auto_docking:/home/wellyowo/locobot_sim/locobot_ws/install/kobuki_core:/home/wellyowo/locobot_sim/locobot_ws/install/ecl_core:/home/wellyowo/locobot_sim/locobot_ws/install/ecl_statistics:/home/wellyowo/locobot_sim/locobot_ws/install/ecl_mobile_robot:/home/wellyowo/locobot_sim/locobot_ws/install/ecl_manipulators:/home/wellyowo/locobot_sim/locobot_ws/install/ecl_core_apps:/home/wellyowo/locobot_sim/locobot_ws/install/ecl_geometry:/home/wellyowo/locobot_sim/locobot_ws/install/ecl_linear_algebra:/home/wellyowo/locobot_sim/locobot_ws/install/sophus:/home/wellyowo/locobot_sim/locobot_ws/install/rplidar_ros:/home/wellyowo/locobot_sim/locobot_ws/install/interbotix_moveit_interface:/home/wellyowo/locobot_sim/locobot_ws/install/moveit_visual_tools:/home/wellyowo/locobot_sim/locobot_ws/install/kobuki_safety_controller:/home/wellyowo/locobot_sim/locobot_ws/install/kobuki_random_walker:/home/wellyowo/locobot_sim/locobot_ws/install/kobuki_keyop:/home/wellyowo/locobot_sim/locobot_ws/install/interbotix_xslocobot_sim:/home/wellyowo/locobot_sim/locobot_ws/install/interbotix_xslocobot_descriptions:/home/wellyowo/locobot_sim/locobot_ws/install/kobuki_bumper2pc:/home/wellyowo/locobot_sim/locobot_ws/install/kobuki:/home/wellyowo/locobot_sim/locobot_ws/install/interbotix_xs_toolbox:/home/wellyowo/locobot_sim/locobot_ws/install/interbotix_ros_xseries:/home/wellyowo/locobot_sim/locobot_ws/install/interbotix_xs_ros_control:/home/wellyowo/locobot_sim/locobot_ws/install/interbotix_perception_toolbox:/home/wellyowo/locobot_sim/locobot_ws/install/interbotix_common_toolbox:/home/wellyowo/locobot_sim/locobot_ws/install/interbotix_gravity_compensation:/home/wellyowo/locobot_sim/locobot_ws/install/interbotix_tf_tools:/home/wellyowo/locobot_sim/locobot_ws/install/interbotix_perception_pipelines:/home/wellyowo/locobot_sim/locobot_ws/install/interbotix_perception_msgs:/home/wellyowo/locobot_sim/locobot_ws/install/interbotix_moveit_interface_msgs:/home/wellyowo/locobot_sim/locobot_ws/install/aws_robomaker_small_warehouse_world:/home/wellyowo/locobot_sim/locobot_ws/install/aws_robomaker_small_house_world:/home/wellyowo/locobot_sim/locobot_ws/install/aws_robomaker_racetrack_world:/home/wellyowo/locobot_sim/locobot_ws/install/gazebo_plugins:/home/wellyowo/locobot_sim/locobot_ws/install/ecl_streams:/home/wellyowo/locobot_sim/locobot_ws/install/ecl_sigslots:/home/wellyowo/locobot_sim/locobot_ws/install/ecl_ipc:/home/wellyowo/locobot_sim/locobot_ws/install/ecl_devices:/home/wellyowo/locobot_sim/locobot_ws/install/ecl_threads:/home/wellyowo/locobot_sim/locobot_ws/install/ecl_containers:/home/wellyowo/locobot_sim/locobot_ws/install/ecl_utilities:/home/wellyowo/locobot_sim/locobot_ws/install/ecl_math:/home/wellyowo/locobot_sim/locobot_ws/install/ecl_formatters:/home/wellyowo/locobot_sim/locobot_ws/install/ecl_converters:/home/wellyowo/locobot_sim/locobot_ws/install/ecl_concepts:/home/wellyowo/locobot_sim/locobot_ws/install/ecl_type_traits:/home/wellyowo/locobot_sim/locobot_ws/install/ecl_time:/home/wellyowo/locobot_sim/locobot_ws/install/ecl_lite:/home/wellyowo/locobot_sim/locobot_ws/install/ecl_time_lite:/home/wellyowo/locobot_sim/locobot_ws/install/ecl_sigslots_lite:/home/wellyowo/locobot_sim/locobot_ws/install/ecl_mpl:/home/wellyowo/locobot_sim/locobot_ws/install/ecl_io:/home/wellyowo/locobot_sim/locobot_ws/install/ecl_filesystem:/home/wellyowo/locobot_sim/locobot_ws/install/ecl_exceptions:/home/wellyowo/locobot_sim/locobot_ws/install/ecl_errors:/home/wellyowo/locobot_sim/locobot_ws/install/ecl_eigen:/home/wellyowo/locobot_sim/locobot_ws/install/ecl_converters_lite:/home/wellyowo/locobot_sim/locobot_ws/install/ecl_console:/home/wellyowo/locobot_sim/locobot_ws/install/ecl_config:/home/wellyowo/locobot_sim/locobot_ws/install/ecl_command_line:/home/wellyowo/locobot_sim/locobot_ws/install/interbotix_xs_modules:/home/wellyowo/locobot_sim/locobot_ws/install/interbotix_perception_modules:/home/wellyowo/locobot_sim/locobot_ws/install/interbotix_common_modules:/opt/ros/humble LD_LIBRARY_PATH=/home/wellyowo/locobot_sim/locobot_ws/install/interbotix_xs_rviz/lib:/home/wellyowo/locobot_sim/locobot_ws/install/interbotix_xs_driver/lib:/home/wellyowo/locobot_sim/locobot_ws/install/interbotix_xs_msgs/lib:/home/wellyowo/locobot_sim/locobot_ws/install/dynamixel_workbench_toolbox/lib:/home/wellyowo/locobot_sim/locobot_ws/install/kobuki_node/lib:/home/wellyowo/locobot_sim/locobot_ws/install/kobuki_auto_docking/lib:/home/wellyowo/locobot_sim/locobot_ws/install/kobuki_core/lib:/home/wellyowo/locobot_sim/locobot_ws/install/ecl_statistics/lib:/home/wellyowo/locobot_sim/locobot_ws/install/ecl_mobile_robot/lib:/home/wellyowo/locobot_sim/locobot_ws/install/ecl_manipulators/lib:/home/wellyowo/locobot_sim/locobot_ws/install/ecl_geometry/lib:/home/wellyowo/locobot_sim/locobot_ws/install/ecl_linear_algebra/lib:/home/wellyowo/locobot_sim/locobot_ws/install/moveit_visual_tools/lib:/home/wellyowo/locobot_sim/locobot_ws/install/kobuki_safety_controller/lib:/home/wellyowo/locobot_sim/locobot_ws/install/kobuki_random_walker/lib:/home/wellyowo/locobot_sim/locobot_ws/install/kobuki_keyop/lib:/home/wellyowo/locobot_sim/locobot_ws/install/kobuki_bumper2pc/lib:/home/wellyowo/locobot_sim/locobot_ws/install/interbotix_xs_ros_control/lib:/home/wellyowo/locobot_sim/locobot_ws/install/interbotix_tf_tools/lib:/home/wellyowo/locobot_sim/locobot_ws/install/interbotix_perception_msgs/lib:/home/wellyowo/locobot_sim/locobot_ws/install/interbotix_moveit_interface_msgs/lib:/home/wellyowo/locobot_sim/locobot_ws/install/gazebo_plugins/lib:/home/wellyowo/locobot_sim/locobot_ws/install/ecl_streams/lib:/home/wellyowo/locobot_sim/locobot_ws/install/ecl_ipc/lib:/home/wellyowo/locobot_sim/locobot_ws/install/ecl_devices/lib:/home/wellyowo/locobot_sim/locobot_ws/install/ecl_threads/lib:/home/wellyowo/locobot_sim/locobot_ws/install/ecl_formatters/lib:/home/wellyowo/locobot_sim/locobot_ws/install/ecl_type_traits/lib:/home/wellyowo/locobot_sim/locobot_ws/install/ecl_time/lib:/home/wellyowo/locobot_sim/locobot_ws/install/ecl_time_lite/lib:/home/wellyowo/locobot_sim/locobot_ws/install/ecl_io/lib:/home/wellyowo/locobot_sim/locobot_ws/install/ecl_filesystem/lib:/home/wellyowo/locobot_sim/locobot_ws/install/ecl_exceptions/lib:/home/wellyowo/locobot_sim/locobot_ws/install/ecl_errors/lib:/opt/ros/humble/opt/rviz_ogre_vendor/lib:/opt/ros/humble/lib/x86_64-linux-gnu:/opt/ros/humble/lib:/usr/local/nvidia/lib:/usr/local/nvidia/lib64:/usr/lib/x86_64-linux-gnu/gazebo-11/plugins PYTHONPATH=/home/wellyowo/locobot_sim/locobot_ws/build/interbotix_xs_modules:/home/wellyowo/locobot_sim/locobot_ws/install/interbotix_xs_modules/lib/python3.10/site-packages:/home/wellyowo/locobot_sim/locobot_ws/build/interbotix_common_modules:/home/wellyowo/locobot_sim/locobot_ws/install/interbotix_common_modules/lib/python3.10/site-packages:/home/wellyowo/locobot_sim/locobot_ws/build/interbotix_perception_modules:/home/wellyowo/locobot_sim/locobot_ws/install/interbotix_perception_modules/lib/python3.10/site-packages:/home/wellyowo/locobot_sim/locobot_ws/install/interbotix_xs_msgs/local/lib/python3.10/dist-packages:/home/wellyowo/locobot_sim/locobot_ws/install/interbotix_perception_msgs/local/lib/python3.10/dist-packages:/home/wellyowo/locobot_sim/locobot_ws/install/interbotix_moveit_interface_msgs/local/lib/python3.10/dist-packages:/opt/ros/humble/lib/python3.10/site-packages:/opt/ros/humble/local/lib/python3.10/dist-packages /usr/bin/cmake --build /home/wellyowo/locobot_sim/locobot_ws/build/interbotix_xslocobot_descriptions -- -j16 -l16
[0.777s] DEBUG:colcon.colcon_core.event_handler.log_command:Invoking command in '/home/wellyowo/locobot_sim/locobot_ws/build/interbotix_xslocobot_descriptions': AMENT_PREFIX_PATH=/home/wellyowo/locobot_sim/locobot_ws/install/interbotix_xs_modules:/home/wellyowo/locobot_sim/locobot_ws/install/interbotix_common_modules:/home/wellyowo/locobot_sim/locobot_ws/install/interbotix_xslocobot_moveit:/home/wellyowo/locobot_sim/locobot_ws/install/interbotix_xslocobot_ros_control:/home/wellyowo/locobot_sim/locobot_ws/install/interbotix_xslocobot_nav:/home/wellyowo/locobot_sim/locobot_ws/install/interbotix_xslocobot_joy:/home/wellyowo/locobot_sim/locobot_ws/install/interbotix_xslocobot_control:/home/wellyowo/locobot_sim/locobot_ws/install/kobuki_ros:/home/wellyowo/locobot_sim/locobot_ws/install/kobuki_node:/home/wellyowo/locobot_sim/locobot_ws/install/kobuki_auto_docking:/home/wellyowo/locobot_sim/locobot_ws/install/kobuki_core:/home/wellyowo/locobot_sim/locobot_ws/install/ecl_core:/home/wellyowo/locobot_sim/locobot_ws/install/ecl_statistics:/home/wellyowo/locobot_sim/locobot_ws/install/ecl_mobile_robot:/home/wellyowo/locobot_sim/locobot_ws/install/ecl_manipulators:/home/wellyowo/locobot_sim/locobot_ws/install/ecl_core_apps:/home/wellyowo/locobot_sim/locobot_ws/install/ecl_geometry:/home/wellyowo/locobot_sim/locobot_ws/install/ecl_linear_algebra:/home/wellyowo/locobot_sim/locobot_ws/install/rplidar_ros:/home/wellyowo/locobot_sim/locobot_ws/install/interbotix_moveit_interface:/home/wellyowo/locobot_sim/locobot_ws/install/moveit_visual_tools:/home/wellyowo/locobot_sim/locobot_ws/install/kobuki_safety_controller:/home/wellyowo/locobot_sim/locobot_ws/install/kobuki_random_walker:/home/wellyowo/locobot_sim/locobot_ws/install/kobuki_keyop:/home/wellyowo/locobot_sim/locobot_ws/install/interbotix_xslocobot_sim:/home/wellyowo/locobot_sim/locobot_ws/install/interbotix_xslocobot_descriptions:/home/wellyowo/locobot_sim/locobot_ws/install/kobuki_description:/home/wellyowo/locobot_sim/locobot_ws/install/kobuki_bumper2pc:/home/wellyowo/locobot_sim/locobot_ws/install/kobuki:/home/wellyowo/locobot_sim/locobot_ws/install/interbotix_xs_toolbox:/home/wellyowo/locobot_sim/locobot_ws/install/interbotix_xs_rviz:/home/wellyowo/locobot_sim/locobot_ws/install/interbotix_ros_xseries:/home/wellyowo/locobot_sim/locobot_ws/install/interbotix_xs_sdk:/home/wellyowo/locobot_sim/locobot_ws/install/interbotix_xs_ros_control:/home/wellyowo/locobot_sim/locobot_ws/install/interbotix_perception_toolbox:/home/wellyowo/locobot_sim/locobot_ws/install/interbotix_perception_modules:/home/wellyowo/locobot_sim/locobot_ws/install/interbotix_common_toolbox:/home/wellyowo/locobot_sim/locobot_ws/install/interbotix_gravity_compensation:/home/wellyowo/locobot_sim/locobot_ws/install/interbotix_xs_msgs:/home/wellyowo/locobot_sim/locobot_ws/install/interbotix_xs_driver:/home/wellyowo/locobot_sim/locobot_ws/install/interbotix_tf_tools:/home/wellyowo/locobot_sim/locobot_ws/install/interbotix_perception_pipelines:/home/wellyowo/locobot_sim/locobot_ws/install/interbotix_perception_msgs:/home/wellyowo/locobot_sim/locobot_ws/install/interbotix_moveit_interface_msgs:/home/wellyowo/locobot_sim/locobot_ws/install/interbotix_common_sim:/home/wellyowo/locobot_sim/locobot_ws/install/aws_robomaker_small_warehouse_world:/home/wellyowo/locobot_sim/locobot_ws/install/aws_robomaker_small_house_world:/home/wellyowo/locobot_sim/locobot_ws/install/aws_robomaker_racetrack_world:/home/wellyowo/locobot_sim/locobot_ws/install/gazebo_plugins:/home/wellyowo/locobot_sim/locobot_ws/install/ecl_streams:/home/wellyowo/locobot_sim/locobot_ws/install/ecl_sigslots:/home/wellyowo/locobot_sim/locobot_ws/install/ecl_ipc:/home/wellyowo/locobot_sim/locobot_ws/install/ecl_devices:/home/wellyowo/locobot_sim/locobot_ws/install/ecl_threads:/home/wellyowo/locobot_sim/locobot_ws/install/ecl_containers:/home/wellyowo/locobot_sim/locobot_ws/install/ecl_utilities:/home/wellyowo/locobot_sim/locobot_ws/install/ecl_math:/home/wellyowo/locobot_sim/locobot_ws/install/ecl_formatters:/home/wellyowo/locobot_sim/locobot_ws/install/ecl_converters:/home/wellyowo/locobot_sim/locobot_ws/install/ecl_concepts:/home/wellyowo/locobot_sim/locobot_ws/install/ecl_type_traits:/home/wellyowo/locobot_sim/locobot_ws/install/ecl_time:/home/wellyowo/locobot_sim/locobot_ws/install/ecl_lite:/home/wellyowo/locobot_sim/locobot_ws/install/ecl_time_lite:/home/wellyowo/locobot_sim/locobot_ws/install/ecl_sigslots_lite:/home/wellyowo/locobot_sim/locobot_ws/install/ecl_mpl:/home/wellyowo/locobot_sim/locobot_ws/install/ecl_io:/home/wellyowo/locobot_sim/locobot_ws/install/ecl_filesystem:/home/wellyowo/locobot_sim/locobot_ws/install/ecl_exceptions:/home/wellyowo/locobot_sim/locobot_ws/install/ecl_errors:/home/wellyowo/locobot_sim/locobot_ws/install/ecl_eigen:/home/wellyowo/locobot_sim/locobot_ws/install/ecl_converters_lite:/home/wellyowo/locobot_sim/locobot_ws/install/ecl_console:/home/wellyowo/locobot_sim/locobot_ws/install/ecl_config:/home/wellyowo/locobot_sim/locobot_ws/install/ecl_command_line:/home/wellyowo/locobot_sim/locobot_ws/install/dynamixel_workbench_toolbox:/opt/ros/humble CMAKE_PREFIX_PATH=/home/wellyowo/locobot_sim/locobot_ws/install/interbotix_xs_rviz:/home/wellyowo/locobot_sim/locobot_ws/install/interbotix_xs_sdk:/home/wellyowo/locobot_sim/locobot_ws/install/interbotix_xs_driver:/home/wellyowo/locobot_sim/locobot_ws/install/kobuki_description:/home/wellyowo/locobot_sim/locobot_ws/install/interbotix_xs_msgs:/home/wellyowo/locobot_sim/locobot_ws/install/interbotix_common_sim:/home/wellyowo/locobot_sim/locobot_ws/install/dynamixel_workbench_toolbox:/home/wellyowo/locobot_sim/locobot_ws/install/interbotix_xslocobot_moveit:/home/wellyowo/locobot_sim/locobot_ws/install/interbotix_xslocobot_ros_control:/home/wellyowo/locobot_sim/locobot_ws/install/interbotix_xslocobot_nav:/home/wellyowo/locobot_sim/locobot_ws/install/interbotix_xslocobot_joy:/home/wellyowo/locobot_sim/locobot_ws/install/interbotix_xslocobot_control:/home/wellyowo/locobot_sim/locobot_ws/install/kobuki_ros:/home/wellyowo/locobot_sim/locobot_ws/install/kobuki_node:/home/wellyowo/locobot_sim/locobot_ws/install/kobuki_auto_docking:/home/wellyowo/locobot_sim/locobot_ws/install/kobuki_core:/home/wellyowo/locobot_sim/locobot_ws/install/ecl_core:/home/wellyowo/locobot_sim/locobot_ws/install/ecl_statistics:/home/wellyowo/locobot_sim/locobot_ws/install/ecl_mobile_robot:/home/wellyowo/locobot_sim/locobot_ws/install/ecl_manipulators:/home/wellyowo/locobot_sim/locobot_ws/install/ecl_core_apps:/home/wellyowo/locobot_sim/locobot_ws/install/ecl_geometry:/home/wellyowo/locobot_sim/locobot_ws/install/ecl_linear_algebra:/home/wellyowo/locobot_sim/locobot_ws/install/sophus:/home/wellyowo/locobot_sim/locobot_ws/install/rplidar_ros:/home/wellyowo/locobot_sim/locobot_ws/install/interbotix_moveit_interface:/home/wellyowo/locobot_sim/locobot_ws/install/moveit_visual_tools:/home/wellyowo/locobot_sim/locobot_ws/install/kobuki_safety_controller:/home/wellyowo/locobot_sim/locobot_ws/install/kobuki_random_walker:/home/wellyowo/locobot_sim/locobot_ws/install/kobuki_keyop:/home/wellyowo/locobot_sim/locobot_ws/install/interbotix_xslocobot_sim:/home/wellyowo/locobot_sim/locobot_ws/install/interbotix_xslocobot_descriptions:/home/wellyowo/locobot_sim/locobot_ws/install/kobuki_bumper2pc:/home/wellyowo/locobot_sim/locobot_ws/install/kobuki:/home/wellyowo/locobot_sim/locobot_ws/install/interbotix_xs_toolbox:/home/wellyowo/locobot_sim/locobot_ws/install/interbotix_ros_xseries:/home/wellyowo/locobot_sim/locobot_ws/install/interbotix_xs_ros_control:/home/wellyowo/locobot_sim/locobot_ws/install/interbotix_perception_toolbox:/home/wellyowo/locobot_sim/locobot_ws/install/interbotix_common_toolbox:/home/wellyowo/locobot_sim/locobot_ws/install/interbotix_gravity_compensation:/home/wellyowo/locobot_sim/locobot_ws/install/interbotix_tf_tools:/home/wellyowo/locobot_sim/locobot_ws/install/interbotix_perception_pipelines:/home/wellyowo/locobot_sim/locobot_ws/install/interbotix_perception_msgs:/home/wellyowo/locobot_sim/locobot_ws/install/interbotix_moveit_interface_msgs:/home/wellyowo/locobot_sim/locobot_ws/install/aws_robomaker_small_warehouse_world:/home/wellyowo/locobot_sim/locobot_ws/install/aws_robomaker_small_house_world:/home/wellyowo/locobot_sim/locobot_ws/install/aws_robomaker_racetrack_world:/home/wellyowo/locobot_sim/locobot_ws/install/gazebo_plugins:/home/wellyowo/locobot_sim/locobot_ws/install/ecl_streams:/home/wellyowo/locobot_sim/locobot_ws/install/ecl_sigslots:/home/wellyowo/locobot_sim/locobot_ws/install/ecl_ipc:/home/wellyowo/locobot_sim/locobot_ws/install/ecl_devices:/home/wellyowo/locobot_sim/locobot_ws/install/ecl_threads:/home/wellyowo/locobot_sim/locobot_ws/install/ecl_containers:/home/wellyowo/locobot_sim/locobot_ws/install/ecl_utilities:/home/wellyowo/locobot_sim/locobot_ws/install/ecl_math:/home/wellyowo/locobot_sim/locobot_ws/install/ecl_formatters:/home/wellyowo/locobot_sim/locobot_ws/install/ecl_converters:/home/wellyowo/locobot_sim/locobot_ws/install/ecl_concepts:/home/wellyowo/locobot_sim/locobot_ws/install/ecl_type_traits:/home/wellyowo/locobot_sim/locobot_ws/install/ecl_time:/home/wellyowo/locobot_sim/locobot_ws/install/ecl_lite:/home/wellyowo/locobot_sim/locobot_ws/install/ecl_time_lite:/home/wellyowo/locobot_sim/locobot_ws/install/ecl_sigslots_lite:/home/wellyowo/locobot_sim/locobot_ws/install/ecl_mpl:/home/wellyowo/locobot_sim/locobot_ws/install/ecl_io:/home/wellyowo/locobot_sim/locobot_ws/install/ecl_filesystem:/home/wellyowo/locobot_sim/locobot_ws/install/ecl_exceptions:/home/wellyowo/locobot_sim/locobot_ws/install/ecl_errors:/home/wellyowo/locobot_sim/locobot_ws/install/ecl_eigen:/home/wellyowo/locobot_sim/locobot_ws/install/ecl_converters_lite:/home/wellyowo/locobot_sim/locobot_ws/install/ecl_console:/home/wellyowo/locobot_sim/locobot_ws/install/ecl_config:/home/wellyowo/locobot_sim/locobot_ws/install/ecl_command_line:/home/wellyowo/locobot_sim/locobot_ws/install/interbotix_xs_modules:/home/wellyowo/locobot_sim/locobot_ws/install/interbotix_perception_modules:/home/wellyowo/locobot_sim/locobot_ws/install/interbotix_common_modules:/opt/ros/humble LD_LIBRARY_PATH=/home/wellyowo/locobot_sim/locobot_ws/install/interbotix_xs_rviz/lib:/home/wellyowo/locobot_sim/locobot_ws/install/interbotix_xs_driver/lib:/home/wellyowo/locobot_sim/locobot_ws/install/interbotix_xs_msgs/lib:/home/wellyowo/locobot_sim/locobot_ws/install/dynamixel_workbench_toolbox/lib:/home/wellyowo/locobot_sim/locobot_ws/install/kobuki_node/lib:/home/wellyowo/locobot_sim/locobot_ws/install/kobuki_auto_docking/lib:/home/wellyowo/locobot_sim/locobot_ws/install/kobuki_core/lib:/home/wellyowo/locobot_sim/locobot_ws/install/ecl_statistics/lib:/home/wellyowo/locobot_sim/locobot_ws/install/ecl_mobile_robot/lib:/home/wellyowo/locobot_sim/locobot_ws/install/ecl_manipulators/lib:/home/wellyowo/locobot_sim/locobot_ws/install/ecl_geometry/lib:/home/wellyowo/locobot_sim/locobot_ws/install/ecl_linear_algebra/lib:/home/wellyowo/locobot_sim/locobot_ws/install/moveit_visual_tools/lib:/home/wellyowo/locobot_sim/locobot_ws/install/kobuki_safety_controller/lib:/home/wellyowo/locobot_sim/locobot_ws/install/kobuki_random_walker/lib:/home/wellyowo/locobot_sim/locobot_ws/install/kobuki_keyop/lib:/home/wellyowo/locobot_sim/locobot_ws/install/kobuki_bumper2pc/lib:/home/wellyowo/locobot_sim/locobot_ws/install/interbotix_xs_ros_control/lib:/home/wellyowo/locobot_sim/locobot_ws/install/interbotix_tf_tools/lib:/home/wellyowo/locobot_sim/locobot_ws/install/interbotix_perception_msgs/lib:/home/wellyowo/locobot_sim/locobot_ws/install/interbotix_moveit_interface_msgs/lib:/home/wellyowo/locobot_sim/locobot_ws/install/gazebo_plugins/lib:/home/wellyowo/locobot_sim/locobot_ws/install/ecl_streams/lib:/home/wellyowo/locobot_sim/locobot_ws/install/ecl_ipc/lib:/home/wellyowo/locobot_sim/locobot_ws/install/ecl_devices/lib:/home/wellyowo/locobot_sim/locobot_ws/install/ecl_threads/lib:/home/wellyowo/locobot_sim/locobot_ws/install/ecl_formatters/lib:/home/wellyowo/locobot_sim/locobot_ws/install/ecl_type_traits/lib:/home/wellyowo/locobot_sim/locobot_ws/install/ecl_time/lib:/home/wellyowo/locobot_sim/locobot_ws/install/ecl_time_lite/lib:/home/wellyowo/locobot_sim/locobot_ws/install/ecl_io/lib:/home/wellyowo/locobot_sim/locobot_ws/install/ecl_filesystem/lib:/home/wellyowo/locobot_sim/locobot_ws/install/ecl_exceptions/lib:/home/wellyowo/locobot_sim/locobot_ws/install/ecl_errors/lib:/opt/ros/humble/opt/rviz_ogre_vendor/lib:/opt/ros/humble/lib/x86_64-linux-gnu:/opt/ros/humble/lib:/usr/local/nvidia/lib:/usr/local/nvidia/lib64:/usr/lib/x86_64-linux-gnu/gazebo-11/plugins PYTHONPATH=/home/wellyowo/locobot_sim/locobot_ws/build/interbotix_xs_modules:/home/wellyowo/locobot_sim/locobot_ws/install/interbotix_xs_modules/lib/python3.10/site-packages:/home/wellyowo/locobot_sim/locobot_ws/build/interbotix_common_modules:/home/wellyowo/locobot_sim/locobot_ws/install/interbotix_common_modules/lib/python3.10/site-packages:/home/wellyowo/locobot_sim/locobot_ws/build/interbotix_perception_modules:/home/wellyowo/locobot_sim/locobot_ws/install/interbotix_perception_modules/lib/python3.10/site-packages:/home/wellyowo/locobot_sim/locobot_ws/install/interbotix_xs_msgs/local/lib/python3.10/dist-packages:/home/wellyowo/locobot_sim/locobot_ws/install/interbotix_perception_msgs/local/lib/python3.10/dist-packages:/home/wellyowo/locobot_sim/locobot_ws/install/interbotix_moveit_interface_msgs/local/lib/python3.10/dist-packages:/opt/ros/humble/lib/python3.10/site-packages:/opt/ros/humble/local/lib/python3.10/dist-packages /usr/bin/cmake --install /home/wellyowo/locobot_sim/locobot_ws/build/interbotix_xslocobot_descriptions
[0.844s] DEBUG:colcon.colcon_core.event_handler.log_command:Invoking command in '/home/wellyowo/locobot_sim/locobot_ws/src/locobot_control_python': PYTHONPATH=/home/wellyowo/locobot_sim/locobot_ws/build/locobot_control_python/prefix_override:/usr/lib/python3/dist-packages/colcon_core/task/python/colcon_distutils_commands:/home/wellyowo/locobot_sim/locobot_ws/install/locobot_control_python/lib/python3.10/site-packages:${PYTHONPATH} /usr/bin/python3 -W ignore:setup.py install is deprecated -W ignore:easy_install command is deprecated setup.py egg_info --egg-base ../../build/locobot_control_python build --build-base /home/wellyowo/locobot_sim/locobot_ws/build/locobot_control_python/build install --record /home/wellyowo/locobot_sim/locobot_ws/build/locobot_control_python/install.log --single-version-externally-managed install_data
[0.848s] Level 1:colcon.colcon_core.environment:create_environment_scripts_only(interbotix_xslocobot_descriptions)
[0.849s] DEBUG:colcon.colcon_core.event_handler.log_command:Invoked command in '/home/wellyowo/locobot_sim/locobot_ws/build/interbotix_xslocobot_descriptions' returned '0': AMENT_PREFIX_PATH=/home/wellyowo/locobot_sim/locobot_ws/install/interbotix_xs_modules:/home/wellyowo/locobot_sim/locobot_ws/install/interbotix_common_modules:/home/wellyowo/locobot_sim/locobot_ws/install/interbotix_xslocobot_moveit:/home/wellyowo/locobot_sim/locobot_ws/install/interbotix_xslocobot_ros_control:/home/wellyowo/locobot_sim/locobot_ws/install/interbotix_xslocobot_nav:/home/wellyowo/locobot_sim/locobot_ws/install/interbotix_xslocobot_joy:/home/wellyowo/locobot_sim/locobot_ws/install/interbotix_xslocobot_control:/home/wellyowo/locobot_sim/locobot_ws/install/kobuki_ros:/home/wellyowo/locobot_sim/locobot_ws/install/kobuki_node:/home/wellyowo/locobot_sim/locobot_ws/install/kobuki_auto_docking:/home/wellyowo/locobot_sim/locobot_ws/install/kobuki_core:/home/wellyowo/locobot_sim/locobot_ws/install/ecl_core:/home/wellyowo/locobot_sim/locobot_ws/install/ecl_statistics:/home/wellyowo/locobot_sim/locobot_ws/install/ecl_mobile_robot:/home/wellyowo/locobot_sim/locobot_ws/install/ecl_manipulators:/home/wellyowo/locobot_sim/locobot_ws/install/ecl_core_apps:/home/wellyowo/locobot_sim/locobot_ws/install/ecl_geometry:/home/wellyowo/locobot_sim/locobot_ws/install/ecl_linear_algebra:/home/wellyowo/locobot_sim/locobot_ws/install/rplidar_ros:/home/wellyowo/locobot_sim/locobot_ws/install/interbotix_moveit_interface:/home/wellyowo/locobot_sim/locobot_ws/install/moveit_visual_tools:/home/wellyowo/locobot_sim/locobot_ws/install/kobuki_safety_controller:/home/wellyowo/locobot_sim/locobot_ws/install/kobuki_random_walker:/home/wellyowo/locobot_sim/locobot_ws/install/kobuki_keyop:/home/wellyowo/locobot_sim/locobot_ws/install/interbotix_xslocobot_sim:/home/wellyowo/locobot_sim/locobot_ws/install/interbotix_xslocobot_descriptions:/home/wellyowo/locobot_sim/locobot_ws/install/kobuki_description:/home/wellyowo/locobot_sim/locobot_ws/install/kobuki_bumper2pc:/home/wellyowo/locobot_sim/locobot_ws/install/kobuki:/home/wellyowo/locobot_sim/locobot_ws/install/interbotix_xs_toolbox:/home/wellyowo/locobot_sim/locobot_ws/install/interbotix_xs_rviz:/home/wellyowo/locobot_sim/locobot_ws/install/interbotix_ros_xseries:/home/wellyowo/locobot_sim/locobot_ws/install/interbotix_xs_sdk:/home/wellyowo/locobot_sim/locobot_ws/install/interbotix_xs_ros_control:/home/wellyowo/locobot_sim/locobot_ws/install/interbotix_perception_toolbox:/home/wellyowo/locobot_sim/locobot_ws/install/interbotix_perception_modules:/home/wellyowo/locobot_sim/locobot_ws/install/interbotix_common_toolbox:/home/wellyowo/locobot_sim/locobot_ws/install/interbotix_gravity_compensation:/home/wellyowo/locobot_sim/locobot_ws/install/interbotix_xs_msgs:/home/wellyowo/locobot_sim/locobot_ws/install/interbotix_xs_driver:/home/wellyowo/locobot_sim/locobot_ws/install/interbotix_tf_tools:/home/wellyowo/locobot_sim/locobot_ws/install/interbotix_perception_pipelines:/home/wellyowo/locobot_sim/locobot_ws/install/interbotix_perception_msgs:/home/wellyowo/locobot_sim/locobot_ws/install/interbotix_moveit_interface_msgs:/home/wellyowo/locobot_sim/locobot_ws/install/interbotix_common_sim:/home/wellyowo/locobot_sim/locobot_ws/install/aws_robomaker_small_warehouse_world:/home/wellyowo/locobot_sim/locobot_ws/install/aws_robomaker_small_house_world:/home/wellyowo/locobot_sim/locobot_ws/install/aws_robomaker_racetrack_world:/home/wellyowo/locobot_sim/locobot_ws/install/gazebo_plugins:/home/wellyowo/locobot_sim/locobot_ws/install/ecl_streams:/home/wellyowo/locobot_sim/locobot_ws/install/ecl_sigslots:/home/wellyowo/locobot_sim/locobot_ws/install/ecl_ipc:/home/wellyowo/locobot_sim/locobot_ws/install/ecl_devices:/home/wellyowo/locobot_sim/locobot_ws/install/ecl_threads:/home/wellyowo/locobot_sim/locobot_ws/install/ecl_containers:/home/wellyowo/locobot_sim/locobot_ws/install/ecl_utilities:/home/wellyowo/locobot_sim/locobot_ws/install/ecl_math:/home/wellyowo/locobot_sim/locobot_ws/install/ecl_formatters:/home/wellyowo/locobot_sim/locobot_ws/install/ecl_converters:/home/wellyowo/locobot_sim/locobot_ws/install/ecl_concepts:/home/wellyowo/locobot_sim/locobot_ws/install/ecl_type_traits:/home/wellyowo/locobot_sim/locobot_ws/install/ecl_time:/home/wellyowo/locobot_sim/locobot_ws/install/ecl_lite:/home/wellyowo/locobot_sim/locobot_ws/install/ecl_time_lite:/home/wellyowo/locobot_sim/locobot_ws/install/ecl_sigslots_lite:/home/wellyowo/locobot_sim/locobot_ws/install/ecl_mpl:/home/wellyowo/locobot_sim/locobot_ws/install/ecl_io:/home/wellyowo/locobot_sim/locobot_ws/install/ecl_filesystem:/home/wellyowo/locobot_sim/locobot_ws/install/ecl_exceptions:/home/wellyowo/locobot_sim/locobot_ws/install/ecl_errors:/home/wellyowo/locobot_sim/locobot_ws/install/ecl_eigen:/home/wellyowo/locobot_sim/locobot_ws/install/ecl_converters_lite:/home/wellyowo/locobot_sim/locobot_ws/install/ecl_console:/home/wellyowo/locobot_sim/locobot_ws/install/ecl_config:/home/wellyowo/locobot_sim/locobot_ws/install/ecl_command_line:/home/wellyowo/locobot_sim/locobot_ws/install/dynamixel_workbench_toolbox:/opt/ros/humble CMAKE_PREFIX_PATH=/home/wellyowo/locobot_sim/locobot_ws/install/interbotix_xs_rviz:/home/wellyowo/locobot_sim/locobot_ws/install/interbotix_xs_sdk:/home/wellyowo/locobot_sim/locobot_ws/install/interbotix_xs_driver:/home/wellyowo/locobot_sim/locobot_ws/install/kobuki_description:/home/wellyowo/locobot_sim/locobot_ws/install/interbotix_xs_msgs:/home/wellyowo/locobot_sim/locobot_ws/install/interbotix_common_sim:/home/wellyowo/locobot_sim/locobot_ws/install/dynamixel_workbench_toolbox:/home/wellyowo/locobot_sim/locobot_ws/install/interbotix_xslocobot_moveit:/home/wellyowo/locobot_sim/locobot_ws/install/interbotix_xslocobot_ros_control:/home/wellyowo/locobot_sim/locobot_ws/install/interbotix_xslocobot_nav:/home/wellyowo/locobot_sim/locobot_ws/install/interbotix_xslocobot_joy:/home/wellyowo/locobot_sim/locobot_ws/install/interbotix_xslocobot_control:/home/wellyowo/locobot_sim/locobot_ws/install/kobuki_ros:/home/wellyowo/locobot_sim/locobot_ws/install/kobuki_node:/home/wellyowo/locobot_sim/locobot_ws/install/kobuki_auto_docking:/home/wellyowo/locobot_sim/locobot_ws/install/kobuki_core:/home/wellyowo/locobot_sim/locobot_ws/install/ecl_core:/home/wellyowo/locobot_sim/locobot_ws/install/ecl_statistics:/home/wellyowo/locobot_sim/locobot_ws/install/ecl_mobile_robot:/home/wellyowo/locobot_sim/locobot_ws/install/ecl_manipulators:/home/wellyowo/locobot_sim/locobot_ws/install/ecl_core_apps:/home/wellyowo/locobot_sim/locobot_ws/install/ecl_geometry:/home/wellyowo/locobot_sim/locobot_ws/install/ecl_linear_algebra:/home/wellyowo/locobot_sim/locobot_ws/install/sophus:/home/wellyowo/locobot_sim/locobot_ws/install/rplidar_ros:/home/wellyowo/locobot_sim/locobot_ws/install/interbotix_moveit_interface:/home/wellyowo/locobot_sim/locobot_ws/install/moveit_visual_tools:/home/wellyowo/locobot_sim/locobot_ws/install/kobuki_safety_controller:/home/wellyowo/locobot_sim/locobot_ws/install/kobuki_random_walker:/home/wellyowo/locobot_sim/locobot_ws/install/kobuki_keyop:/home/wellyowo/locobot_sim/locobot_ws/install/interbotix_xslocobot_sim:/home/wellyowo/locobot_sim/locobot_ws/install/interbotix_xslocobot_descriptions:/home/wellyowo/locobot_sim/locobot_ws/install/kobuki_bumper2pc:/home/wellyowo/locobot_sim/locobot_ws/install/kobuki:/home/wellyowo/locobot_sim/locobot_ws/install/interbotix_xs_toolbox:/home/wellyowo/locobot_sim/locobot_ws/install/interbotix_ros_xseries:/home/wellyowo/locobot_sim/locobot_ws/install/interbotix_xs_ros_control:/home/wellyowo/locobot_sim/locobot_ws/install/interbotix_perception_toolbox:/home/wellyowo/locobot_sim/locobot_ws/install/interbotix_common_toolbox:/home/wellyowo/locobot_sim/locobot_ws/install/interbotix_gravity_compensation:/home/wellyowo/locobot_sim/locobot_ws/install/interbotix_tf_tools:/home/wellyowo/locobot_sim/locobot_ws/install/interbotix_perception_pipelines:/home/wellyowo/locobot_sim/locobot_ws/install/interbotix_perception_msgs:/home/wellyowo/locobot_sim/locobot_ws/install/interbotix_moveit_interface_msgs:/home/wellyowo/locobot_sim/locobot_ws/install/aws_robomaker_small_warehouse_world:/home/wellyowo/locobot_sim/locobot_ws/install/aws_robomaker_small_house_world:/home/wellyowo/locobot_sim/locobot_ws/install/aws_robomaker_racetrack_world:/home/wellyowo/locobot_sim/locobot_ws/install/gazebo_plugins:/home/wellyowo/locobot_sim/locobot_ws/install/ecl_streams:/home/wellyowo/locobot_sim/locobot_ws/install/ecl_sigslots:/home/wellyowo/locobot_sim/locobot_ws/install/ecl_ipc:/home/wellyowo/locobot_sim/locobot_ws/install/ecl_devices:/home/wellyowo/locobot_sim/locobot_ws/install/ecl_threads:/home/wellyowo/locobot_sim/locobot_ws/install/ecl_containers:/home/wellyowo/locobot_sim/locobot_ws/install/ecl_utilities:/home/wellyowo/locobot_sim/locobot_ws/install/ecl_math:/home/wellyowo/locobot_sim/locobot_ws/install/ecl_formatters:/home/wellyowo/locobot_sim/locobot_ws/install/ecl_converters:/home/wellyowo/locobot_sim/locobot_ws/install/ecl_concepts:/home/wellyowo/locobot_sim/locobot_ws/install/ecl_type_traits:/home/wellyowo/locobot_sim/locobot_ws/install/ecl_time:/home/wellyowo/locobot_sim/locobot_ws/install/ecl_lite:/home/wellyowo/locobot_sim/locobot_ws/install/ecl_time_lite:/home/wellyowo/locobot_sim/locobot_ws/install/ecl_sigslots_lite:/home/wellyowo/locobot_sim/locobot_ws/install/ecl_mpl:/home/wellyowo/locobot_sim/locobot_ws/install/ecl_io:/home/wellyowo/locobot_sim/locobot_ws/install/ecl_filesystem:/home/wellyowo/locobot_sim/locobot_ws/install/ecl_exceptions:/home/wellyowo/locobot_sim/locobot_ws/install/ecl_errors:/home/wellyowo/locobot_sim/locobot_ws/install/ecl_eigen:/home/wellyowo/locobot_sim/locobot_ws/install/ecl_converters_lite:/home/wellyowo/locobot_sim/locobot_ws/install/ecl_console:/home/wellyowo/locobot_sim/locobot_ws/install/ecl_config:/home/wellyowo/locobot_sim/locobot_ws/install/ecl_command_line:/home/wellyowo/locobot_sim/locobot_ws/install/interbotix_xs_modules:/home/wellyowo/locobot_sim/locobot_ws/install/interbotix_perception_modules:/home/wellyowo/locobot_sim/locobot_ws/install/interbotix_common_modules:/opt/ros/humble LD_LIBRARY_PATH=/home/wellyowo/locobot_sim/locobot_ws/install/interbotix_xs_rviz/lib:/home/wellyowo/locobot_sim/locobot_ws/install/interbotix_xs_driver/lib:/home/wellyowo/locobot_sim/locobot_ws/install/interbotix_xs_msgs/lib:/home/wellyowo/locobot_sim/locobot_ws/install/dynamixel_workbench_toolbox/lib:/home/wellyowo/locobot_sim/locobot_ws/install/kobuki_node/lib:/home/wellyowo/locobot_sim/locobot_ws/install/kobuki_auto_docking/lib:/home/wellyowo/locobot_sim/locobot_ws/install/kobuki_core/lib:/home/wellyowo/locobot_sim/locobot_ws/install/ecl_statistics/lib:/home/wellyowo/locobot_sim/locobot_ws/install/ecl_mobile_robot/lib:/home/wellyowo/locobot_sim/locobot_ws/install/ecl_manipulators/lib:/home/wellyowo/locobot_sim/locobot_ws/install/ecl_geometry/lib:/home/wellyowo/locobot_sim/locobot_ws/install/ecl_linear_algebra/lib:/home/wellyowo/locobot_sim/locobot_ws/install/moveit_visual_tools/lib:/home/wellyowo/locobot_sim/locobot_ws/install/kobuki_safety_controller/lib:/home/wellyowo/locobot_sim/locobot_ws/install/kobuki_random_walker/lib:/home/wellyowo/locobot_sim/locobot_ws/install/kobuki_keyop/lib:/home/wellyowo/locobot_sim/locobot_ws/install/kobuki_bumper2pc/lib:/home/wellyowo/locobot_sim/locobot_ws/install/interbotix_xs_ros_control/lib:/home/wellyowo/locobot_sim/locobot_ws/install/interbotix_tf_tools/lib:/home/wellyowo/locobot_sim/locobot_ws/install/interbotix_perception_msgs/lib:/home/wellyowo/locobot_sim/locobot_ws/install/interbotix_moveit_interface_msgs/lib:/home/wellyowo/locobot_sim/locobot_ws/install/gazebo_plugins/lib:/home/wellyowo/locobot_sim/locobot_ws/install/ecl_streams/lib:/home/wellyowo/locobot_sim/locobot_ws/install/ecl_ipc/lib:/home/wellyowo/locobot_sim/locobot_ws/install/ecl_devices/lib:/home/wellyowo/locobot_sim/locobot_ws/install/ecl_threads/lib:/home/wellyowo/locobot_sim/locobot_ws/install/ecl_formatters/lib:/home/wellyowo/locobot_sim/locobot_ws/install/ecl_type_traits/lib:/home/wellyowo/locobot_sim/locobot_ws/install/ecl_time/lib:/home/wellyowo/locobot_sim/locobot_ws/install/ecl_time_lite/lib:/home/wellyowo/locobot_sim/locobot_ws/install/ecl_io/lib:/home/wellyowo/locobot_sim/locobot_ws/install/ecl_filesystem/lib:/home/wellyowo/locobot_sim/locobot_ws/install/ecl_exceptions/lib:/home/wellyowo/locobot_sim/locobot_ws/install/ecl_errors/lib:/opt/ros/humble/opt/rviz_ogre_vendor/lib:/opt/ros/humble/lib/x86_64-linux-gnu:/opt/ros/humble/lib:/usr/local/nvidia/lib:/usr/local/nvidia/lib64:/usr/lib/x86_64-linux-gnu/gazebo-11/plugins PYTHONPATH=/home/wellyowo/locobot_sim/locobot_ws/build/interbotix_xs_modules:/home/wellyowo/locobot_sim/locobot_ws/install/interbotix_xs_modules/lib/python3.10/site-packages:/home/wellyowo/locobot_sim/locobot_ws/build/interbotix_common_modules:/home/wellyowo/locobot_sim/locobot_ws/install/interbotix_common_modules/lib/python3.10/site-packages:/home/wellyowo/locobot_sim/locobot_ws/build/interbotix_perception_modules:/home/wellyowo/locobot_sim/locobot_ws/install/interbotix_perception_modules/lib/python3.10/site-packages:/home/wellyowo/locobot_sim/locobot_ws/install/interbotix_xs_msgs/local/lib/python3.10/dist-packages:/home/wellyowo/locobot_sim/locobot_ws/install/interbotix_perception_msgs/local/lib/python3.10/dist-packages:/home/wellyowo/locobot_sim/locobot_ws/install/interbotix_moveit_interface_msgs/local/lib/python3.10/dist-packages:/opt/ros/humble/lib/python3.10/site-packages:/opt/ros/humble/local/lib/python3.10/dist-packages /usr/bin/cmake --install /home/wellyowo/locobot_sim/locobot_ws/build/interbotix_xslocobot_descriptions
[0.852s] Level 1:colcon.colcon_core.environment:checking '/home/wellyowo/locobot_sim/locobot_ws/install/interbotix_xslocobot_descriptions' for CMake module files
[0.853s] Level 1:colcon.colcon_core.environment:checking '/home/wellyowo/locobot_sim/locobot_ws/install/interbotix_xslocobot_descriptions' for CMake config files
[0.853s] Level 1:colcon.colcon_core.shell:create_environment_hook('interbotix_xslocobot_descriptions', 'cmake_prefix_path')
[0.853s] INFO:colcon.colcon_core.shell:Creating environment hook '/home/wellyowo/locobot_sim/locobot_ws/install/interbotix_xslocobot_descriptions/share/interbotix_xslocobot_descriptions/hook/cmake_prefix_path.ps1'
[0.853s] INFO:colcon.colcon_core.shell:Creating environment descriptor '/home/wellyowo/locobot_sim/locobot_ws/install/interbotix_xslocobot_descriptions/share/interbotix_xslocobot_descriptions/hook/cmake_prefix_path.dsv'
[0.854s] INFO:colcon.colcon_core.shell:Creating environment hook '/home/wellyowo/locobot_sim/locobot_ws/install/interbotix_xslocobot_descriptions/share/interbotix_xslocobot_descriptions/hook/cmake_prefix_path.sh'
[0.854s] Level 1:colcon.colcon_core.environment:checking '/home/wellyowo/locobot_sim/locobot_ws/install/interbotix_xslocobot_descriptions/bin'
[0.854s] Level 1:colcon.colcon_core.environment:checking '/home/wellyowo/locobot_sim/locobot_ws/install/interbotix_xslocobot_descriptions/lib/pkgconfig/interbotix_xslocobot_descriptions.pc'
[0.854s] Level 1:colcon.colcon_core.environment:checking '/home/wellyowo/locobot_sim/locobot_ws/install/interbotix_xslocobot_descriptions/lib/python3.10/site-packages'
[0.854s] Level 1:colcon.colcon_core.environment:checking '/home/wellyowo/locobot_sim/locobot_ws/install/interbotix_xslocobot_descriptions/bin'
[0.855s] INFO:colcon.colcon_core.shell:Creating package script '/home/wellyowo/locobot_sim/locobot_ws/install/interbotix_xslocobot_descriptions/share/interbotix_xslocobot_descriptions/package.ps1'
[0.855s] INFO:colcon.colcon_core.shell:Creating package descriptor '/home/wellyowo/locobot_sim/locobot_ws/install/interbotix_xslocobot_descriptions/share/interbotix_xslocobot_descriptions/package.dsv'
[0.856s] INFO:colcon.colcon_core.shell:Creating package script '/home/wellyowo/locobot_sim/locobot_ws/install/interbotix_xslocobot_descriptions/share/interbotix_xslocobot_descriptions/package.sh'
[0.856s] INFO:colcon.colcon_core.shell:Creating package script '/home/wellyowo/locobot_sim/locobot_ws/install/interbotix_xslocobot_descriptions/share/interbotix_xslocobot_descriptions/package.bash'
[0.857s] INFO:colcon.colcon_core.shell:Creating package script '/home/wellyowo/locobot_sim/locobot_ws/install/interbotix_xslocobot_descriptions/share/interbotix_xslocobot_descriptions/package.zsh'
[0.858s] Level 1:colcon.colcon_core.environment:create_file_with_runtime_dependencies(/home/wellyowo/locobot_sim/locobot_ws/install/interbotix_xslocobot_descriptions/share/colcon-core/packages/interbotix_xslocobot_descriptions)
[0.858s] Level 1:colcon.colcon_core.environment:create_environment_scripts_only(interbotix_xslocobot_descriptions)
[0.858s] Level 1:colcon.colcon_core.environment:checking '/home/wellyowo/locobot_sim/locobot_ws/install/interbotix_xslocobot_descriptions' for CMake module files
[0.858s] Level 1:colcon.colcon_core.environment:checking '/home/wellyowo/locobot_sim/locobot_ws/install/interbotix_xslocobot_descriptions' for CMake config files
[0.859s] Level 1:colcon.colcon_core.shell:create_environment_hook('interbotix_xslocobot_descriptions', 'cmake_prefix_path')
[0.859s] INFO:colcon.colcon_core.shell:Creating environment hook '/home/wellyowo/locobot_sim/locobot_ws/install/interbotix_xslocobot_descriptions/share/interbotix_xslocobot_descriptions/hook/cmake_prefix_path.ps1'
[0.859s] INFO:colcon.colcon_core.shell:Creating environment descriptor '/home/wellyowo/locobot_sim/locobot_ws/install/interbotix_xslocobot_descriptions/share/interbotix_xslocobot_descriptions/hook/cmake_prefix_path.dsv'
[0.859s] INFO:colcon.colcon_core.shell:Creating environment hook '/home/wellyowo/locobot_sim/locobot_ws/install/interbotix_xslocobot_descriptions/share/interbotix_xslocobot_descriptions/hook/cmake_prefix_path.sh'
[0.860s] Level 1:colcon.colcon_core.environment:checking '/home/wellyowo/locobot_sim/locobot_ws/install/interbotix_xslocobot_descriptions/bin'
[0.860s] Level 1:colcon.colcon_core.environment:checking '/home/wellyowo/locobot_sim/locobot_ws/install/interbotix_xslocobot_descriptions/lib/pkgconfig/interbotix_xslocobot_descriptions.pc'
[0.860s] Level 1:colcon.colcon_core.environment:checking '/home/wellyowo/locobot_sim/locobot_ws/install/interbotix_xslocobot_descriptions/lib/python3.10/site-packages'
[0.860s] Level 1:colcon.colcon_core.environment:checking '/home/wellyowo/locobot_sim/locobot_ws/install/interbotix_xslocobot_descriptions/bin'
[0.860s] INFO:colcon.colcon_core.shell:Creating package script '/home/wellyowo/locobot_sim/locobot_ws/install/interbotix_xslocobot_descriptions/share/interbotix_xslocobot_descriptions/package.ps1'
[0.860s] INFO:colcon.colcon_core.shell:Creating package descriptor '/home/wellyowo/locobot_sim/locobot_ws/install/interbotix_xslocobot_descriptions/share/interbotix_xslocobot_descriptions/package.dsv'
[0.861s] INFO:colcon.colcon_core.shell:Creating package script '/home/wellyowo/locobot_sim/locobot_ws/install/interbotix_xslocobot_descriptions/share/interbotix_xslocobot_descriptions/package.sh'
[0.861s] INFO:colcon.colcon_core.shell:Creating package script '/home/wellyowo/locobot_sim/locobot_ws/install/interbotix_xslocobot_descriptions/share/interbotix_xslocobot_descriptions/package.bash'
[0.861s] INFO:colcon.colcon_core.shell:Creating package script '/home/wellyowo/locobot_sim/locobot_ws/install/interbotix_xslocobot_descriptions/share/interbotix_xslocobot_descriptions/package.zsh'
[0.861s] Level 1:colcon.colcon_core.environment:create_file_with_runtime_dependencies(/home/wellyowo/locobot_sim/locobot_ws/install/interbotix_xslocobot_descriptions/share/colcon-core/packages/interbotix_xslocobot_descriptions)
[1.021s] Level 1:colcon.colcon_core.environment:checking '/home/wellyowo/locobot_sim/locobot_ws/install/locobot_control_python' for CMake module files
[1.022s] DEBUG:colcon.colcon_core.event_handler.log_command:Invoked command in '/home/wellyowo/locobot_sim/locobot_ws/src/locobot_control_python' returned '0': PYTHONPATH=/home/wellyowo/locobot_sim/locobot_ws/build/locobot_control_python/prefix_override:/usr/lib/python3/dist-packages/colcon_core/task/python/colcon_distutils_commands:/home/wellyowo/locobot_sim/locobot_ws/install/locobot_control_python/lib/python3.10/site-packages:${PYTHONPATH} /usr/bin/python3 -W ignore:setup.py install is deprecated -W ignore:easy_install command is deprecated setup.py egg_info --egg-base ../../build/locobot_control_python build --build-base /home/wellyowo/locobot_sim/locobot_ws/build/locobot_control_python/build install --record /home/wellyowo/locobot_sim/locobot_ws/build/locobot_control_python/install.log --single-version-externally-managed install_data
[1.022s] Level 1:colcon.colcon_core.environment:checking '/home/wellyowo/locobot_sim/locobot_ws/install/locobot_control_python' for CMake config files
[1.022s] Level 1:colcon.colcon_core.environment:checking '/home/wellyowo/locobot_sim/locobot_ws/install/locobot_control_python/lib'
[1.022s] Level 1:colcon.colcon_core.environment:checking '/home/wellyowo/locobot_sim/locobot_ws/install/locobot_control_python/bin'
[1.022s] Level 1:colcon.colcon_core.environment:checking '/home/wellyowo/locobot_sim/locobot_ws/install/locobot_control_python/lib/pkgconfig/locobot_control_python.pc'
[1.023s] Level 1:colcon.colcon_core.environment:checking '/home/wellyowo/locobot_sim/locobot_ws/install/locobot_control_python/lib/python3.10/site-packages'
[1.023s] Level 1:colcon.colcon_core.shell:create_environment_hook('locobot_control_python', 'pythonpath')
[1.023s] INFO:colcon.colcon_core.shell:Creating environment hook '/home/wellyowo/locobot_sim/locobot_ws/install/locobot_control_python/share/locobot_control_python/hook/pythonpath.ps1'
[1.023s] INFO:colcon.colcon_core.shell:Creating environment descriptor '/home/wellyowo/locobot_sim/locobot_ws/install/locobot_control_python/share/locobot_control_python/hook/pythonpath.dsv'
[1.023s] INFO:colcon.colcon_core.shell:Creating environment hook '/home/wellyowo/locobot_sim/locobot_ws/install/locobot_control_python/share/locobot_control_python/hook/pythonpath.sh'
[1.024s] Level 1:colcon.colcon_core.environment:checking '/home/wellyowo/locobot_sim/locobot_ws/install/locobot_control_python/bin'
[1.024s] Level 1:colcon.colcon_core.environment:create_environment_scripts_only(locobot_control_python)
[1.024s] INFO:colcon.colcon_core.shell:Creating package script '/home/wellyowo/locobot_sim/locobot_ws/install/locobot_control_python/share/locobot_control_python/package.ps1'
[1.024s] INFO:colcon.colcon_core.shell:Creating package descriptor '/home/wellyowo/locobot_sim/locobot_ws/install/locobot_control_python/share/locobot_control_python/package.dsv'
[1.024s] INFO:colcon.colcon_core.shell:Creating package script '/home/wellyowo/locobot_sim/locobot_ws/install/locobot_control_python/share/locobot_control_python/package.sh'
[1.025s] INFO:colcon.colcon_core.shell:Creating package script '/home/wellyowo/locobot_sim/locobot_ws/install/locobot_control_python/share/locobot_control_python/package.bash'
[1.025s] INFO:colcon.colcon_core.shell:Creating package script '/home/wellyowo/locobot_sim/locobot_ws/install/locobot_control_python/share/locobot_control_python/package.zsh'
[1.025s] Level 1:colcon.colcon_core.environment:create_file_with_runtime_dependencies(/home/wellyowo/locobot_sim/locobot_ws/install/locobot_control_python/share/colcon-core/packages/locobot_control_python)
[1.025s] DEBUG:colcon.colcon_parallel_executor.executor.parallel:closing loop
[1.025s] DEBUG:colcon.colcon_parallel_executor.executor.parallel:loop closed
[1.025s] DEBUG:colcon.colcon_parallel_executor.executor.parallel:run_until_complete finished with '0'
[1.025s] DEBUG:colcon.colcon_core.event_reactor:joining thread
[1.033s] INFO:colcon.colcon_core.plugin_system:Skipping extension 'colcon_notification.desktop_notification.notify_send': Could not find 'notify-send'
[1.033s] INFO:colcon.colcon_core.plugin_system:Skipping extension 'colcon_notification.desktop_notification.terminal_notifier': Not used on non-Darwin systems
[1.033s] INFO:colcon.colcon_core.plugin_system:Skipping extension 'colcon_notification.desktop_notification.win32': Not used on non-Windows systems
[1.033s] INFO:colcon.colcon_notification.desktop_notification:Sending desktop notification using 'notify2'
[1.035s] DEBUG:colcon.colcon_notification.desktop_notification.notify2:Failed to initialize notify2: org.freedesktop.DBus.Error.Spawn.ExecFailed: /usr/bin/dbus-launch terminated abnormally without any error message
[1.035s] DEBUG:colcon.colcon_core.event_reactor:joined thread
[1.036s] INFO:colcon.colcon_core.shell:Creating prefix script '/home/wellyowo/locobot_sim/locobot_ws/install/local_setup.ps1'
[1.037s] INFO:colcon.colcon_core.shell:Creating prefix util module '/home/wellyowo/locobot_sim/locobot_ws/install/_local_setup_util_ps1.py'
[1.038s] INFO:colcon.colcon_core.shell:Creating prefix chain script '/home/wellyowo/locobot_sim/locobot_ws/install/setup.ps1'
[1.040s] INFO:colcon.colcon_core.shell:Creating prefix script '/home/wellyowo/locobot_sim/locobot_ws/install/local_setup.sh'
[1.040s] INFO:colcon.colcon_core.shell:Creating prefix util module '/home/wellyowo/locobot_sim/locobot_ws/install/_local_setup_util_sh.py'
[1.040s] INFO:colcon.colcon_core.shell:Creating prefix chain script '/home/wellyowo/locobot_sim/locobot_ws/install/setup.sh'
[1.043s] INFO:colcon.colcon_core.shell:Creating prefix script '/home/wellyowo/locobot_sim/locobot_ws/install/local_setup.bash'
[1.043s] INFO:colcon.colcon_core.shell:Creating prefix chain script '/home/wellyowo/locobot_sim/locobot_ws/install/setup.bash'
[1.045s] INFO:colcon.colcon_core.shell:Creating prefix script '/home/wellyowo/locobot_sim/locobot_ws/install/local_setup.zsh'
[1.045s] INFO:colcon.colcon_core.shell:Creating prefix chain script '/home/wellyowo/locobot_sim/locobot_ws/install/setup.zsh'
