[0.097s] DEBUG:colcon:Command line arguments: ['/usr/bin/colcon', 'build']
[0.097s] DEBUG:colcon:Parsed command line arguments: Namespace(log_base=None, log_level=None, verb_name='build', build_base='build', install_base='install', merge_install=False, symlink_install=False, test_result_base=None, continue_on_error=False, executor='parallel', parallel_workers=16, event_handlers=None, ignore_user_meta=False, metas=['./colcon.meta'], base_paths=['.'], packages_ignore=None, packages_ignore_regex=None, paths=None, packages_up_to=None, packages_up_to_regex=None, packages_above=None, packages_above_and_dependencies=None, packages_above_depth=None, packages_select_by_dep=None, packages_skip_by_dep=None, packages_skip_up_to=None, packages_select_build_failed=False, packages_skip_build_finished=False, packages_select_test_failures=False, packages_skip_test_passed=False, packages_select=None, packages_skip=None, packages_select_regex=None, packages_skip_regex=None, packages_start=None, packages_end=None, cmake_args=None, cmake_target=None, cmake_target_skip_unavailable=False, cmake_clean_cache=False, cmake_clean_first=False, cmake_force_configure=False, ament_cmake_args=None, catkin_cmake_args=None, catkin_skip_building_tests=False, mixin_files=None, mixin=None, verb_parser=<colcon_mixin.mixin.mixin_argument.MixinArgumentDecorator object at 0x71ba73434a60>, verb_extension=<colcon_core.verb.build.BuildVerb object at 0x71ba734344f0>, main=<bound method BuildVerb.main of <colcon_core.verb.build.BuildVerb object at 0x71ba734344f0>>, mixin_verb=('build',))
[0.188s] Level 1:colcon.colcon_core.package_discovery:discover_packages(colcon_meta) check parameters
[0.188s] Level 1:colcon.colcon_core.package_discovery:discover_packages(recursive) check parameters
[0.188s] Level 1:colcon.colcon_core.package_discovery:discover_packages(ignore) check parameters
[0.189s] Level 1:colcon.colcon_core.package_discovery:discover_packages(path) check parameters
[0.189s] Level 1:colcon.colcon_core.package_discovery:discover_packages(colcon_meta) discover
[0.189s] Level 1:colcon.colcon_core.package_discovery:discover_packages(recursive) discover
[0.189s] INFO:colcon.colcon_core.package_discovery:Crawling recursively for packages in '/home/wellyowo/locobot_sim/locobot_ws/src'
[0.189s] Level 1:colcon.colcon_core.package_identification:_identify(.) by extensions ['ignore', 'ignore_ament_install']
[0.189s] Level 1:colcon.colcon_core.package_identification:_identify(.) by extension 'ignore'
[0.189s] Level 1:colcon.colcon_core.package_identification:_identify(.) by extension 'ignore_ament_install'
[0.189s] Level 1:colcon.colcon_core.package_identification:_identify(.) by extensions ['colcon_pkg']
[0.189s] Level 1:colcon.colcon_core.package_identification:_identify(.) by extension 'colcon_pkg'
[0.189s] Level 1:colcon.colcon_core.package_identification:_identify(.) by extensions ['colcon_meta']
[0.189s] Level 1:colcon.colcon_core.package_identification:_identify(.) by extension 'colcon_meta'
[0.189s] Level 1:colcon.colcon_core.package_identification:_identify(.) by extensions ['ros']
[0.189s] Level 1:colcon.colcon_core.package_identification:_identify(.) by extension 'ros'
[0.196s] Level 1:colcon.colcon_core.package_identification:_identify(.) by extensions ['cmake', 'python']
[0.196s] Level 1:colcon.colcon_core.package_identification:_identify(.) by extension 'cmake'
[0.197s] Level 1:colcon.colcon_core.package_identification:_identify(.) by extension 'python'
[0.197s] Level 1:colcon.colcon_core.package_identification:_identify(.) by extensions ['python_setup_py']
[0.197s] Level 1:colcon.colcon_core.package_identification:_identify(.) by extension 'python_setup_py'
[0.197s] Level 1:colcon.colcon_core.package_identification:_identify(ThirdParty) by extensions ['ignore', 'ignore_ament_install']
[0.197s] Level 1:colcon.colcon_core.package_identification:_identify(ThirdParty) by extension 'ignore'
[0.197s] Level 1:colcon.colcon_core.package_identification:_identify(ThirdParty) by extension 'ignore_ament_install'
[0.197s] Level 1:colcon.colcon_core.package_identification:_identify(ThirdParty) by extensions ['colcon_pkg']
[0.197s] Level 1:colcon.colcon_core.package_identification:_identify(ThirdParty) by extension 'colcon_pkg'
[0.197s] Level 1:colcon.colcon_core.package_identification:_identify(ThirdParty) by extensions ['colcon_meta']
[0.197s] Level 1:colcon.colcon_core.package_identification:_identify(ThirdParty) by extension 'colcon_meta'
[0.197s] Level 1:colcon.colcon_core.package_identification:_identify(ThirdParty) by extensions ['ros']
[0.197s] Level 1:colcon.colcon_core.package_identification:_identify(ThirdParty) by extension 'ros'
[0.197s] Level 1:colcon.colcon_core.package_identification:_identify(ThirdParty) by extensions ['cmake', 'python']
[0.197s] Level 1:colcon.colcon_core.package_identification:_identify(ThirdParty) by extension 'cmake'
[0.197s] Level 1:colcon.colcon_core.package_identification:_identify(ThirdParty) by extension 'python'
[0.197s] Level 1:colcon.colcon_core.package_identification:_identify(ThirdParty) by extensions ['python_setup_py']
[0.197s] Level 1:colcon.colcon_core.package_identification:_identify(ThirdParty) by extension 'python_setup_py'
[0.197s] Level 1:colcon.colcon_core.package_identification:_identify(ThirdParty/aws-robomaker-bookstore-world) by extensions ['ignore', 'ignore_ament_install']
[0.197s] Level 1:colcon.colcon_core.package_identification:_identify(ThirdParty/aws-robomaker-bookstore-world) by extension 'ignore'
[0.197s] Level 1:colcon.colcon_core.package_identification:_identify(ThirdParty/aws-robomaker-bookstore-world) by extension 'ignore_ament_install'
[0.197s] Level 1:colcon.colcon_core.package_identification:_identify(ThirdParty/aws-robomaker-bookstore-world) by extensions ['colcon_pkg']
[0.197s] Level 1:colcon.colcon_core.package_identification:_identify(ThirdParty/aws-robomaker-bookstore-world) by extension 'colcon_pkg'
[0.197s] Level 1:colcon.colcon_core.package_identification:_identify(ThirdParty/aws-robomaker-bookstore-world) by extensions ['colcon_meta']
[0.197s] Level 1:colcon.colcon_core.package_identification:_identify(ThirdParty/aws-robomaker-bookstore-world) by extension 'colcon_meta'
[0.197s] Level 1:colcon.colcon_core.package_identification:_identify(ThirdParty/aws-robomaker-bookstore-world) by extensions ['ros']
[0.197s] Level 1:colcon.colcon_core.package_identification:_identify(ThirdParty/aws-robomaker-bookstore-world) by extension 'ros'
[0.199s] DEBUG:colcon.colcon_core.package_identification:Package 'ThirdParty/aws-robomaker-bookstore-world' with type 'ros.ament_cmake' and name 'aws_robomaker_bookstore_world'
[0.199s] Level 1:colcon.colcon_core.package_identification:_identify(ThirdParty/aws-robomaker-racetrack-world) by extensions ['ignore', 'ignore_ament_install']
[0.199s] Level 1:colcon.colcon_core.package_identification:_identify(ThirdParty/aws-robomaker-racetrack-world) by extension 'ignore'
[0.199s] Level 1:colcon.colcon_core.package_identification:_identify(ThirdParty/aws-robomaker-racetrack-world) by extension 'ignore_ament_install'
[0.199s] Level 1:colcon.colcon_core.package_identification:_identify(ThirdParty/aws-robomaker-racetrack-world) by extensions ['colcon_pkg']
[0.199s] Level 1:colcon.colcon_core.package_identification:_identify(ThirdParty/aws-robomaker-racetrack-world) by extension 'colcon_pkg'
[0.199s] Level 1:colcon.colcon_core.package_identification:_identify(ThirdParty/aws-robomaker-racetrack-world) by extensions ['colcon_meta']
[0.199s] Level 1:colcon.colcon_core.package_identification:_identify(ThirdParty/aws-robomaker-racetrack-world) by extension 'colcon_meta'
[0.199s] Level 1:colcon.colcon_core.package_identification:_identify(ThirdParty/aws-robomaker-racetrack-world) by extensions ['ros']
[0.199s] Level 1:colcon.colcon_core.package_identification:_identify(ThirdParty/aws-robomaker-racetrack-world) by extension 'ros'
[0.200s] DEBUG:colcon.colcon_core.package_identification:Package 'ThirdParty/aws-robomaker-racetrack-world' with type 'ros.ament_cmake' and name 'aws_robomaker_racetrack_world'
[0.200s] Level 1:colcon.colcon_core.package_identification:_identify(ThirdParty/aws-robomaker-small-house-world) by extensions ['ignore', 'ignore_ament_install']
[0.200s] Level 1:colcon.colcon_core.package_identification:_identify(ThirdParty/aws-robomaker-small-house-world) by extension 'ignore'
[0.200s] Level 1:colcon.colcon_core.package_identification:_identify(ThirdParty/aws-robomaker-small-house-world) by extension 'ignore_ament_install'
[0.200s] Level 1:colcon.colcon_core.package_identification:_identify(ThirdParty/aws-robomaker-small-house-world) by extensions ['colcon_pkg']
[0.200s] Level 1:colcon.colcon_core.package_identification:_identify(ThirdParty/aws-robomaker-small-house-world) by extension 'colcon_pkg'
[0.200s] Level 1:colcon.colcon_core.package_identification:_identify(ThirdParty/aws-robomaker-small-house-world) by extensions ['colcon_meta']
[0.200s] Level 1:colcon.colcon_core.package_identification:_identify(ThirdParty/aws-robomaker-small-house-world) by extension 'colcon_meta'
[0.200s] Level 1:colcon.colcon_core.package_identification:_identify(ThirdParty/aws-robomaker-small-house-world) by extensions ['ros']
[0.200s] Level 1:colcon.colcon_core.package_identification:_identify(ThirdParty/aws-robomaker-small-house-world) by extension 'ros'
[0.200s] DEBUG:colcon.colcon_core.package_identification:Package 'ThirdParty/aws-robomaker-small-house-world' with type 'ros.ament_cmake' and name 'aws_robomaker_small_house_world'
[0.200s] Level 1:colcon.colcon_core.package_identification:_identify(ThirdParty/aws-robomaker-small-warehouse-world) by extensions ['ignore', 'ignore_ament_install']
[0.200s] Level 1:colcon.colcon_core.package_identification:_identify(ThirdParty/aws-robomaker-small-warehouse-world) by extension 'ignore'
[0.200s] Level 1:colcon.colcon_core.package_identification:_identify(ThirdParty/aws-robomaker-small-warehouse-world) by extension 'ignore_ament_install'
[0.200s] Level 1:colcon.colcon_core.package_identification:_identify(ThirdParty/aws-robomaker-small-warehouse-world) by extensions ['colcon_pkg']
[0.200s] Level 1:colcon.colcon_core.package_identification:_identify(ThirdParty/aws-robomaker-small-warehouse-world) by extension 'colcon_pkg'
[0.200s] Level 1:colcon.colcon_core.package_identification:_identify(ThirdParty/aws-robomaker-small-warehouse-world) by extensions ['colcon_meta']
[0.200s] Level 1:colcon.colcon_core.package_identification:_identify(ThirdParty/aws-robomaker-small-warehouse-world) by extension 'colcon_meta'
[0.200s] Level 1:colcon.colcon_core.package_identification:_identify(ThirdParty/aws-robomaker-small-warehouse-world) by extensions ['ros']
[0.200s] Level 1:colcon.colcon_core.package_identification:_identify(ThirdParty/aws-robomaker-small-warehouse-world) by extension 'ros'
[0.201s] DEBUG:colcon.colcon_core.package_identification:Package 'ThirdParty/aws-robomaker-small-warehouse-world' with type 'ros.ament_cmake' and name 'aws_robomaker_small_warehouse_world'
[0.201s] Level 1:colcon.colcon_core.package_identification:_identify(ThirdParty/ecl) by extensions ['ignore', 'ignore_ament_install']
[0.201s] Level 1:colcon.colcon_core.package_identification:_identify(ThirdParty/ecl) by extension 'ignore'
[0.201s] Level 1:colcon.colcon_core.package_identification:_identify(ThirdParty/ecl) by extension 'ignore_ament_install'
[0.201s] Level 1:colcon.colcon_core.package_identification:_identify(ThirdParty/ecl) by extensions ['colcon_pkg']
[0.201s] Level 1:colcon.colcon_core.package_identification:_identify(ThirdParty/ecl) by extension 'colcon_pkg'
[0.201s] Level 1:colcon.colcon_core.package_identification:_identify(ThirdParty/ecl) by extensions ['colcon_meta']
[0.201s] Level 1:colcon.colcon_core.package_identification:_identify(ThirdParty/ecl) by extension 'colcon_meta'
[0.201s] Level 1:colcon.colcon_core.package_identification:_identify(ThirdParty/ecl) by extensions ['ros']
[0.201s] Level 1:colcon.colcon_core.package_identification:_identify(ThirdParty/ecl) by extension 'ros'
[0.201s] Level 1:colcon.colcon_core.package_identification:_identify(ThirdParty/ecl) by extensions ['cmake', 'python']
[0.201s] Level 1:colcon.colcon_core.package_identification:_identify(ThirdParty/ecl) by extension 'cmake'
[0.201s] Level 1:colcon.colcon_core.package_identification:_identify(ThirdParty/ecl) by extension 'python'
[0.201s] Level 1:colcon.colcon_core.package_identification:_identify(ThirdParty/ecl) by extensions ['python_setup_py']
[0.201s] Level 1:colcon.colcon_core.package_identification:_identify(ThirdParty/ecl) by extension 'python_setup_py'
[0.201s] Level 1:colcon.colcon_core.package_identification:_identify(ThirdParty/ecl/ecl_core) by extensions ['ignore', 'ignore_ament_install']
[0.201s] Level 1:colcon.colcon_core.package_identification:_identify(ThirdParty/ecl/ecl_core) by extension 'ignore'
[0.201s] Level 1:colcon.colcon_core.package_identification:_identify(ThirdParty/ecl/ecl_core) by extension 'ignore_ament_install'
[0.201s] Level 1:colcon.colcon_core.package_identification:_identify(ThirdParty/ecl/ecl_core) by extensions ['colcon_pkg']
[0.201s] Level 1:colcon.colcon_core.package_identification:_identify(ThirdParty/ecl/ecl_core) by extension 'colcon_pkg'
[0.201s] Level 1:colcon.colcon_core.package_identification:_identify(ThirdParty/ecl/ecl_core) by extensions ['colcon_meta']
[0.201s] Level 1:colcon.colcon_core.package_identification:_identify(ThirdParty/ecl/ecl_core) by extension 'colcon_meta'
[0.201s] Level 1:colcon.colcon_core.package_identification:_identify(ThirdParty/ecl/ecl_core) by extensions ['ros']
[0.202s] Level 1:colcon.colcon_core.package_identification:_identify(ThirdParty/ecl/ecl_core) by extension 'ros'
[0.202s] Level 1:colcon.colcon_core.package_identification:_identify(ThirdParty/ecl/ecl_core) by extensions ['cmake', 'python']
[0.202s] Level 1:colcon.colcon_core.package_identification:_identify(ThirdParty/ecl/ecl_core) by extension 'cmake'
[0.202s] Level 1:colcon.colcon_core.package_identification:_identify(ThirdParty/ecl/ecl_core) by extension 'python'
[0.202s] Level 1:colcon.colcon_core.package_identification:_identify(ThirdParty/ecl/ecl_core) by extensions ['python_setup_py']
[0.202s] Level 1:colcon.colcon_core.package_identification:_identify(ThirdParty/ecl/ecl_core) by extension 'python_setup_py'
[0.202s] Level 1:colcon.colcon_core.package_identification:_identify(ThirdParty/ecl/ecl_core/ecl_command_line) by extensions ['ignore', 'ignore_ament_install']
[0.202s] Level 1:colcon.colcon_core.package_identification:_identify(ThirdParty/ecl/ecl_core/ecl_command_line) by extension 'ignore'
[0.202s] Level 1:colcon.colcon_core.package_identification:_identify(ThirdParty/ecl/ecl_core/ecl_command_line) by extension 'ignore_ament_install'
[0.202s] Level 1:colcon.colcon_core.package_identification:_identify(ThirdParty/ecl/ecl_core/ecl_command_line) by extensions ['colcon_pkg']
[0.202s] Level 1:colcon.colcon_core.package_identification:_identify(ThirdParty/ecl/ecl_core/ecl_command_line) by extension 'colcon_pkg'
[0.202s] Level 1:colcon.colcon_core.package_identification:_identify(ThirdParty/ecl/ecl_core/ecl_command_line) by extensions ['colcon_meta']
[0.202s] Level 1:colcon.colcon_core.package_identification:_identify(ThirdParty/ecl/ecl_core/ecl_command_line) by extension 'colcon_meta'
[0.202s] Level 1:colcon.colcon_core.package_identification:_identify(ThirdParty/ecl/ecl_core/ecl_command_line) by extensions ['ros']
[0.202s] Level 1:colcon.colcon_core.package_identification:_identify(ThirdParty/ecl/ecl_core/ecl_command_line) by extension 'ros'
[0.202s] DEBUG:colcon.colcon_core.package_identification:Package 'ThirdParty/ecl/ecl_core/ecl_command_line' with type 'ros.ament_cmake' and name 'ecl_command_line'
[0.202s] Level 1:colcon.colcon_core.package_identification:_identify(ThirdParty/ecl/ecl_core/ecl_concepts) by extensions ['ignore', 'ignore_ament_install']
[0.202s] Level 1:colcon.colcon_core.package_identification:_identify(ThirdParty/ecl/ecl_core/ecl_concepts) by extension 'ignore'
[0.202s] Level 1:colcon.colcon_core.package_identification:_identify(ThirdParty/ecl/ecl_core/ecl_concepts) by extension 'ignore_ament_install'
[0.202s] Level 1:colcon.colcon_core.package_identification:_identify(ThirdParty/ecl/ecl_core/ecl_concepts) by extensions ['colcon_pkg']
[0.202s] Level 1:colcon.colcon_core.package_identification:_identify(ThirdParty/ecl/ecl_core/ecl_concepts) by extension 'colcon_pkg'
[0.202s] Level 1:colcon.colcon_core.package_identification:_identify(ThirdParty/ecl/ecl_core/ecl_concepts) by extensions ['colcon_meta']
[0.202s] Level 1:colcon.colcon_core.package_identification:_identify(ThirdParty/ecl/ecl_core/ecl_concepts) by extension 'colcon_meta'
[0.202s] Level 1:colcon.colcon_core.package_identification:_identify(ThirdParty/ecl/ecl_core/ecl_concepts) by extensions ['ros']
[0.203s] Level 1:colcon.colcon_core.package_identification:_identify(ThirdParty/ecl/ecl_core/ecl_concepts) by extension 'ros'
[0.203s] DEBUG:colcon.colcon_core.package_identification:Package 'ThirdParty/ecl/ecl_core/ecl_concepts' with type 'ros.ament_cmake' and name 'ecl_concepts'
[0.203s] Level 1:colcon.colcon_core.package_identification:_identify(ThirdParty/ecl/ecl_core/ecl_containers) by extensions ['ignore', 'ignore_ament_install']
[0.203s] Level 1:colcon.colcon_core.package_identification:_identify(ThirdParty/ecl/ecl_core/ecl_containers) by extension 'ignore'
[0.203s] Level 1:colcon.colcon_core.package_identification:_identify(ThirdParty/ecl/ecl_core/ecl_containers) by extension 'ignore_ament_install'
[0.203s] Level 1:colcon.colcon_core.package_identification:_identify(ThirdParty/ecl/ecl_core/ecl_containers) by extensions ['colcon_pkg']
[0.203s] Level 1:colcon.colcon_core.package_identification:_identify(ThirdParty/ecl/ecl_core/ecl_containers) by extension 'colcon_pkg'
[0.203s] Level 1:colcon.colcon_core.package_identification:_identify(ThirdParty/ecl/ecl_core/ecl_containers) by extensions ['colcon_meta']
[0.203s] Level 1:colcon.colcon_core.package_identification:_identify(ThirdParty/ecl/ecl_core/ecl_containers) by extension 'colcon_meta'
[0.203s] Level 1:colcon.colcon_core.package_identification:_identify(ThirdParty/ecl/ecl_core/ecl_containers) by extensions ['ros']
[0.203s] Level 1:colcon.colcon_core.package_identification:_identify(ThirdParty/ecl/ecl_core/ecl_containers) by extension 'ros'
[0.204s] DEBUG:colcon.colcon_core.package_identification:Package 'ThirdParty/ecl/ecl_core/ecl_containers' with type 'ros.ament_cmake' and name 'ecl_containers'
[0.204s] Level 1:colcon.colcon_core.package_identification:_identify(ThirdParty/ecl/ecl_core/ecl_converters) by extensions ['ignore', 'ignore_ament_install']
[0.204s] Level 1:colcon.colcon_core.package_identification:_identify(ThirdParty/ecl/ecl_core/ecl_converters) by extension 'ignore'
[0.204s] Level 1:colcon.colcon_core.package_identification:_identify(ThirdParty/ecl/ecl_core/ecl_converters) by extension 'ignore_ament_install'
[0.204s] Level 1:colcon.colcon_core.package_identification:_identify(ThirdParty/ecl/ecl_core/ecl_converters) by extensions ['colcon_pkg']
[0.204s] Level 1:colcon.colcon_core.package_identification:_identify(ThirdParty/ecl/ecl_core/ecl_converters) by extension 'colcon_pkg'
[0.204s] Level 1:colcon.colcon_core.package_identification:_identify(ThirdParty/ecl/ecl_core/ecl_converters) by extensions ['colcon_meta']
[0.204s] Level 1:colcon.colcon_core.package_identification:_identify(ThirdParty/ecl/ecl_core/ecl_converters) by extension 'colcon_meta'
[0.204s] Level 1:colcon.colcon_core.package_identification:_identify(ThirdParty/ecl/ecl_core/ecl_converters) by extensions ['ros']
[0.204s] Level 1:colcon.colcon_core.package_identification:_identify(ThirdParty/ecl/ecl_core/ecl_converters) by extension 'ros'
[0.204s] DEBUG:colcon.colcon_core.package_identification:Package 'ThirdParty/ecl/ecl_core/ecl_converters' with type 'ros.ament_cmake' and name 'ecl_converters'
[0.204s] Level 1:colcon.colcon_core.package_identification:_identify(ThirdParty/ecl/ecl_core/ecl_core) by extensions ['ignore', 'ignore_ament_install']
[0.205s] Level 1:colcon.colcon_core.package_identification:_identify(ThirdParty/ecl/ecl_core/ecl_core) by extension 'ignore'
[0.205s] Level 1:colcon.colcon_core.package_identification:_identify(ThirdParty/ecl/ecl_core/ecl_core) by extension 'ignore_ament_install'
[0.205s] Level 1:colcon.colcon_core.package_identification:_identify(ThirdParty/ecl/ecl_core/ecl_core) by extensions ['colcon_pkg']
[0.205s] Level 1:colcon.colcon_core.package_identification:_identify(ThirdParty/ecl/ecl_core/ecl_core) by extension 'colcon_pkg'
[0.205s] Level 1:colcon.colcon_core.package_identification:_identify(ThirdParty/ecl/ecl_core/ecl_core) by extensions ['colcon_meta']
[0.205s] Level 1:colcon.colcon_core.package_identification:_identify(ThirdParty/ecl/ecl_core/ecl_core) by extension 'colcon_meta'
[0.205s] Level 1:colcon.colcon_core.package_identification:_identify(ThirdParty/ecl/ecl_core/ecl_core) by extensions ['ros']
[0.205s] Level 1:colcon.colcon_core.package_identification:_identify(ThirdParty/ecl/ecl_core/ecl_core) by extension 'ros'
[0.205s] DEBUG:colcon.colcon_core.package_identification:Package 'ThirdParty/ecl/ecl_core/ecl_core' with type 'ros.ament_cmake' and name 'ecl_core'
[0.205s] Level 1:colcon.colcon_core.package_identification:_identify(ThirdParty/ecl/ecl_core/ecl_core_apps) by extensions ['ignore', 'ignore_ament_install']
[0.205s] Level 1:colcon.colcon_core.package_identification:_identify(ThirdParty/ecl/ecl_core/ecl_core_apps) by extension 'ignore'
[0.205s] Level 1:colcon.colcon_core.package_identification:_identify(ThirdParty/ecl/ecl_core/ecl_core_apps) by extension 'ignore_ament_install'
[0.205s] Level 1:colcon.colcon_core.package_identification:_identify(ThirdParty/ecl/ecl_core/ecl_core_apps) by extensions ['colcon_pkg']
[0.205s] Level 1:colcon.colcon_core.package_identification:_identify(ThirdParty/ecl/ecl_core/ecl_core_apps) by extension 'colcon_pkg'
[0.205s] Level 1:colcon.colcon_core.package_identification:_identify(ThirdParty/ecl/ecl_core/ecl_core_apps) by extensions ['colcon_meta']
[0.205s] Level 1:colcon.colcon_core.package_identification:_identify(ThirdParty/ecl/ecl_core/ecl_core_apps) by extension 'colcon_meta'
[0.205s] Level 1:colcon.colcon_core.package_identification:_identify(ThirdParty/ecl/ecl_core/ecl_core_apps) by extensions ['ros']
[0.205s] Level 1:colcon.colcon_core.package_identification:_identify(ThirdParty/ecl/ecl_core/ecl_core_apps) by extension 'ros'
[0.206s] DEBUG:colcon.colcon_core.package_identification:Package 'ThirdParty/ecl/ecl_core/ecl_core_apps' with type 'ros.ament_cmake' and name 'ecl_core_apps'
[0.206s] Level 1:colcon.colcon_core.package_identification:_identify(ThirdParty/ecl/ecl_core/ecl_devices) by extensions ['ignore', 'ignore_ament_install']
[0.206s] Level 1:colcon.colcon_core.package_identification:_identify(ThirdParty/ecl/ecl_core/ecl_devices) by extension 'ignore'
[0.206s] Level 1:colcon.colcon_core.package_identification:_identify(ThirdParty/ecl/ecl_core/ecl_devices) by extension 'ignore_ament_install'
[0.206s] Level 1:colcon.colcon_core.package_identification:_identify(ThirdParty/ecl/ecl_core/ecl_devices) by extensions ['colcon_pkg']
[0.206s] Level 1:colcon.colcon_core.package_identification:_identify(ThirdParty/ecl/ecl_core/ecl_devices) by extension 'colcon_pkg'
[0.206s] Level 1:colcon.colcon_core.package_identification:_identify(ThirdParty/ecl/ecl_core/ecl_devices) by extensions ['colcon_meta']
[0.206s] Level 1:colcon.colcon_core.package_identification:_identify(ThirdParty/ecl/ecl_core/ecl_devices) by extension 'colcon_meta'
[0.206s] Level 1:colcon.colcon_core.package_identification:_identify(ThirdParty/ecl/ecl_core/ecl_devices) by extensions ['ros']
[0.206s] Level 1:colcon.colcon_core.package_identification:_identify(ThirdParty/ecl/ecl_core/ecl_devices) by extension 'ros'
[0.207s] DEBUG:colcon.colcon_core.package_identification:Package 'ThirdParty/ecl/ecl_core/ecl_devices' with type 'ros.ament_cmake' and name 'ecl_devices'
[0.207s] Level 1:colcon.colcon_core.package_identification:_identify(ThirdParty/ecl/ecl_core/ecl_eigen) by extensions ['ignore', 'ignore_ament_install']
[0.207s] Level 1:colcon.colcon_core.package_identification:_identify(ThirdParty/ecl/ecl_core/ecl_eigen) by extension 'ignore'
[0.207s] Level 1:colcon.colcon_core.package_identification:_identify(ThirdParty/ecl/ecl_core/ecl_eigen) by extension 'ignore_ament_install'
[0.207s] Level 1:colcon.colcon_core.package_identification:_identify(ThirdParty/ecl/ecl_core/ecl_eigen) by extensions ['colcon_pkg']
[0.207s] Level 1:colcon.colcon_core.package_identification:_identify(ThirdParty/ecl/ecl_core/ecl_eigen) by extension 'colcon_pkg'
[0.207s] Level 1:colcon.colcon_core.package_identification:_identify(ThirdParty/ecl/ecl_core/ecl_eigen) by extensions ['colcon_meta']
[0.207s] Level 1:colcon.colcon_core.package_identification:_identify(ThirdParty/ecl/ecl_core/ecl_eigen) by extension 'colcon_meta'
[0.207s] Level 1:colcon.colcon_core.package_identification:_identify(ThirdParty/ecl/ecl_core/ecl_eigen) by extensions ['ros']
[0.207s] Level 1:colcon.colcon_core.package_identification:_identify(ThirdParty/ecl/ecl_core/ecl_eigen) by extension 'ros'
[0.207s] DEBUG:colcon.colcon_core.package_identification:Package 'ThirdParty/ecl/ecl_core/ecl_eigen' with type 'ros.ament_cmake' and name 'ecl_eigen'
[0.207s] Level 1:colcon.colcon_core.package_identification:_identify(ThirdParty/ecl/ecl_core/ecl_exceptions) by extensions ['ignore', 'ignore_ament_install']
[0.207s] Level 1:colcon.colcon_core.package_identification:_identify(ThirdParty/ecl/ecl_core/ecl_exceptions) by extension 'ignore'
[0.207s] Level 1:colcon.colcon_core.package_identification:_identify(ThirdParty/ecl/ecl_core/ecl_exceptions) by extension 'ignore_ament_install'
[0.207s] Level 1:colcon.colcon_core.package_identification:_identify(ThirdParty/ecl/ecl_core/ecl_exceptions) by extensions ['colcon_pkg']
[0.208s] Level 1:colcon.colcon_core.package_identification:_identify(ThirdParty/ecl/ecl_core/ecl_exceptions) by extension 'colcon_pkg'
[0.208s] Level 1:colcon.colcon_core.package_identification:_identify(ThirdParty/ecl/ecl_core/ecl_exceptions) by extensions ['colcon_meta']
[0.208s] Level 1:colcon.colcon_core.package_identification:_identify(ThirdParty/ecl/ecl_core/ecl_exceptions) by extension 'colcon_meta'
[0.208s] Level 1:colcon.colcon_core.package_identification:_identify(ThirdParty/ecl/ecl_core/ecl_exceptions) by extensions ['ros']
[0.208s] Level 1:colcon.colcon_core.package_identification:_identify(ThirdParty/ecl/ecl_core/ecl_exceptions) by extension 'ros'
[0.208s] DEBUG:colcon.colcon_core.package_identification:Package 'ThirdParty/ecl/ecl_core/ecl_exceptions' with type 'ros.ament_cmake' and name 'ecl_exceptions'
[0.208s] Level 1:colcon.colcon_core.package_identification:_identify(ThirdParty/ecl/ecl_core/ecl_filesystem) by extensions ['ignore', 'ignore_ament_install']
[0.208s] Level 1:colcon.colcon_core.package_identification:_identify(ThirdParty/ecl/ecl_core/ecl_filesystem) by extension 'ignore'
[0.208s] Level 1:colcon.colcon_core.package_identification:_identify(ThirdParty/ecl/ecl_core/ecl_filesystem) by extension 'ignore_ament_install'
[0.208s] Level 1:colcon.colcon_core.package_identification:_identify(ThirdParty/ecl/ecl_core/ecl_filesystem) by extensions ['colcon_pkg']
[0.208s] Level 1:colcon.colcon_core.package_identification:_identify(ThirdParty/ecl/ecl_core/ecl_filesystem) by extension 'colcon_pkg'
[0.208s] Level 1:colcon.colcon_core.package_identification:_identify(ThirdParty/ecl/ecl_core/ecl_filesystem) by extensions ['colcon_meta']
[0.208s] Level 1:colcon.colcon_core.package_identification:_identify(ThirdParty/ecl/ecl_core/ecl_filesystem) by extension 'colcon_meta'
[0.208s] Level 1:colcon.colcon_core.package_identification:_identify(ThirdParty/ecl/ecl_core/ecl_filesystem) by extensions ['ros']
[0.208s] Level 1:colcon.colcon_core.package_identification:_identify(ThirdParty/ecl/ecl_core/ecl_filesystem) by extension 'ros'
[0.209s] DEBUG:colcon.colcon_core.package_identification:Package 'ThirdParty/ecl/ecl_core/ecl_filesystem' with type 'ros.ament_cmake' and name 'ecl_filesystem'
[0.209s] Level 1:colcon.colcon_core.package_identification:_identify(ThirdParty/ecl/ecl_core/ecl_formatters) by extensions ['ignore', 'ignore_ament_install']
[0.209s] Level 1:colcon.colcon_core.package_identification:_identify(ThirdParty/ecl/ecl_core/ecl_formatters) by extension 'ignore'
[0.209s] Level 1:colcon.colcon_core.package_identification:_identify(ThirdParty/ecl/ecl_core/ecl_formatters) by extension 'ignore_ament_install'
[0.209s] Level 1:colcon.colcon_core.package_identification:_identify(ThirdParty/ecl/ecl_core/ecl_formatters) by extensions ['colcon_pkg']
[0.209s] Level 1:colcon.colcon_core.package_identification:_identify(ThirdParty/ecl/ecl_core/ecl_formatters) by extension 'colcon_pkg'
[0.209s] Level 1:colcon.colcon_core.package_identification:_identify(ThirdParty/ecl/ecl_core/ecl_formatters) by extensions ['colcon_meta']
[0.209s] Level 1:colcon.colcon_core.package_identification:_identify(ThirdParty/ecl/ecl_core/ecl_formatters) by extension 'colcon_meta'
[0.209s] Level 1:colcon.colcon_core.package_identification:_identify(ThirdParty/ecl/ecl_core/ecl_formatters) by extensions ['ros']
[0.209s] Level 1:colcon.colcon_core.package_identification:_identify(ThirdParty/ecl/ecl_core/ecl_formatters) by extension 'ros'
[0.209s] DEBUG:colcon.colcon_core.package_identification:Package 'ThirdParty/ecl/ecl_core/ecl_formatters' with type 'ros.ament_cmake' and name 'ecl_formatters'
[0.210s] Level 1:colcon.colcon_core.package_identification:_identify(ThirdParty/ecl/ecl_core/ecl_geometry) by extensions ['ignore', 'ignore_ament_install']
[0.210s] Level 1:colcon.colcon_core.package_identification:_identify(ThirdParty/ecl/ecl_core/ecl_geometry) by extension 'ignore'
[0.210s] Level 1:colcon.colcon_core.package_identification:_identify(ThirdParty/ecl/ecl_core/ecl_geometry) by extension 'ignore_ament_install'
[0.210s] Level 1:colcon.colcon_core.package_identification:_identify(ThirdParty/ecl/ecl_core/ecl_geometry) by extensions ['colcon_pkg']
[0.210s] Level 1:colcon.colcon_core.package_identification:_identify(ThirdParty/ecl/ecl_core/ecl_geometry) by extension 'colcon_pkg'
[0.210s] Level 1:colcon.colcon_core.package_identification:_identify(ThirdParty/ecl/ecl_core/ecl_geometry) by extensions ['colcon_meta']
[0.210s] Level 1:colcon.colcon_core.package_identification:_identify(ThirdParty/ecl/ecl_core/ecl_geometry) by extension 'colcon_meta'
[0.210s] Level 1:colcon.colcon_core.package_identification:_identify(ThirdParty/ecl/ecl_core/ecl_geometry) by extensions ['ros']
[0.210s] Level 1:colcon.colcon_core.package_identification:_identify(ThirdParty/ecl/ecl_core/ecl_geometry) by extension 'ros'
[0.210s] DEBUG:colcon.colcon_core.package_identification:Package 'ThirdParty/ecl/ecl_core/ecl_geometry' with type 'ros.ament_cmake' and name 'ecl_geometry'
[0.210s] Level 1:colcon.colcon_core.package_identification:_identify(ThirdParty/ecl/ecl_core/ecl_ipc) by extensions ['ignore', 'ignore_ament_install']
[0.210s] Level 1:colcon.colcon_core.package_identification:_identify(ThirdParty/ecl/ecl_core/ecl_ipc) by extension 'ignore'
[0.210s] Level 1:colcon.colcon_core.package_identification:_identify(ThirdParty/ecl/ecl_core/ecl_ipc) by extension 'ignore_ament_install'
[0.210s] Level 1:colcon.colcon_core.package_identification:_identify(ThirdParty/ecl/ecl_core/ecl_ipc) by extensions ['colcon_pkg']
[0.210s] Level 1:colcon.colcon_core.package_identification:_identify(ThirdParty/ecl/ecl_core/ecl_ipc) by extension 'colcon_pkg'
[0.211s] Level 1:colcon.colcon_core.package_identification:_identify(ThirdParty/ecl/ecl_core/ecl_ipc) by extensions ['colcon_meta']
[0.211s] Level 1:colcon.colcon_core.package_identification:_identify(ThirdParty/ecl/ecl_core/ecl_ipc) by extension 'colcon_meta'
[0.211s] Level 1:colcon.colcon_core.package_identification:_identify(ThirdParty/ecl/ecl_core/ecl_ipc) by extensions ['ros']
[0.211s] Level 1:colcon.colcon_core.package_identification:_identify(ThirdParty/ecl/ecl_core/ecl_ipc) by extension 'ros'
[0.211s] DEBUG:colcon.colcon_core.package_identification:Package 'ThirdParty/ecl/ecl_core/ecl_ipc' with type 'ros.ament_cmake' and name 'ecl_ipc'
[0.211s] Level 1:colcon.colcon_core.package_identification:_identify(ThirdParty/ecl/ecl_core/ecl_linear_algebra) by extensions ['ignore', 'ignore_ament_install']
[0.211s] Level 1:colcon.colcon_core.package_identification:_identify(ThirdParty/ecl/ecl_core/ecl_linear_algebra) by extension 'ignore'
[0.211s] Level 1:colcon.colcon_core.package_identification:_identify(ThirdParty/ecl/ecl_core/ecl_linear_algebra) by extension 'ignore_ament_install'
[0.211s] Level 1:colcon.colcon_core.package_identification:_identify(ThirdParty/ecl/ecl_core/ecl_linear_algebra) by extensions ['colcon_pkg']
[0.211s] Level 1:colcon.colcon_core.package_identification:_identify(ThirdParty/ecl/ecl_core/ecl_linear_algebra) by extension 'colcon_pkg'
[0.211s] Level 1:colcon.colcon_core.package_identification:_identify(ThirdParty/ecl/ecl_core/ecl_linear_algebra) by extensions ['colcon_meta']
[0.211s] Level 1:colcon.colcon_core.package_identification:_identify(ThirdParty/ecl/ecl_core/ecl_linear_algebra) by extension 'colcon_meta'
[0.211s] Level 1:colcon.colcon_core.package_identification:_identify(ThirdParty/ecl/ecl_core/ecl_linear_algebra) by extensions ['ros']
[0.211s] Level 1:colcon.colcon_core.package_identification:_identify(ThirdParty/ecl/ecl_core/ecl_linear_algebra) by extension 'ros'
[0.212s] DEBUG:colcon.colcon_core.package_identification:Package 'ThirdParty/ecl/ecl_core/ecl_linear_algebra' with type 'ros.ament_cmake' and name 'ecl_linear_algebra'
[0.212s] Level 1:colcon.colcon_core.package_identification:_identify(ThirdParty/ecl/ecl_core/ecl_manipulators) by extensions ['ignore', 'ignore_ament_install']
[0.212s] Level 1:colcon.colcon_core.package_identification:_identify(ThirdParty/ecl/ecl_core/ecl_manipulators) by extension 'ignore'
[0.212s] Level 1:colcon.colcon_core.package_identification:_identify(ThirdParty/ecl/ecl_core/ecl_manipulators) by extension 'ignore_ament_install'
[0.212s] Level 1:colcon.colcon_core.package_identification:_identify(ThirdParty/ecl/ecl_core/ecl_manipulators) by extensions ['colcon_pkg']
[0.212s] Level 1:colcon.colcon_core.package_identification:_identify(ThirdParty/ecl/ecl_core/ecl_manipulators) by extension 'colcon_pkg'
[0.212s] Level 1:colcon.colcon_core.package_identification:_identify(ThirdParty/ecl/ecl_core/ecl_manipulators) by extensions ['colcon_meta']
[0.212s] Level 1:colcon.colcon_core.package_identification:_identify(ThirdParty/ecl/ecl_core/ecl_manipulators) by extension 'colcon_meta'
[0.212s] Level 1:colcon.colcon_core.package_identification:_identify(ThirdParty/ecl/ecl_core/ecl_manipulators) by extensions ['ros']
[0.212s] Level 1:colcon.colcon_core.package_identification:_identify(ThirdParty/ecl/ecl_core/ecl_manipulators) by extension 'ros'
[0.212s] DEBUG:colcon.colcon_core.package_identification:Package 'ThirdParty/ecl/ecl_core/ecl_manipulators' with type 'ros.ament_cmake' and name 'ecl_manipulators'
[0.213s] Level 1:colcon.colcon_core.package_identification:_identify(ThirdParty/ecl/ecl_core/ecl_math) by extensions ['ignore', 'ignore_ament_install']
[0.213s] Level 1:colcon.colcon_core.package_identification:_identify(ThirdParty/ecl/ecl_core/ecl_math) by extension 'ignore'
[0.213s] Level 1:colcon.colcon_core.package_identification:_identify(ThirdParty/ecl/ecl_core/ecl_math) by extension 'ignore_ament_install'
[0.213s] Level 1:colcon.colcon_core.package_identification:_identify(ThirdParty/ecl/ecl_core/ecl_math) by extensions ['colcon_pkg']
[0.213s] Level 1:colcon.colcon_core.package_identification:_identify(ThirdParty/ecl/ecl_core/ecl_math) by extension 'colcon_pkg'
[0.213s] Level 1:colcon.colcon_core.package_identification:_identify(ThirdParty/ecl/ecl_core/ecl_math) by extensions ['colcon_meta']
[0.213s] Level 1:colcon.colcon_core.package_identification:_identify(ThirdParty/ecl/ecl_core/ecl_math) by extension 'colcon_meta'
[0.213s] Level 1:colcon.colcon_core.package_identification:_identify(ThirdParty/ecl/ecl_core/ecl_math) by extensions ['ros']
[0.213s] Level 1:colcon.colcon_core.package_identification:_identify(ThirdParty/ecl/ecl_core/ecl_math) by extension 'ros'
[0.213s] DEBUG:colcon.colcon_core.package_identification:Package 'ThirdParty/ecl/ecl_core/ecl_math' with type 'ros.ament_cmake' and name 'ecl_math'
[0.213s] Level 1:colcon.colcon_core.package_identification:_identify(ThirdParty/ecl/ecl_core/ecl_mobile_robot) by extensions ['ignore', 'ignore_ament_install']
[0.213s] Level 1:colcon.colcon_core.package_identification:_identify(ThirdParty/ecl/ecl_core/ecl_mobile_robot) by extension 'ignore'
[0.213s] Level 1:colcon.colcon_core.package_identification:_identify(ThirdParty/ecl/ecl_core/ecl_mobile_robot) by extension 'ignore_ament_install'
[0.213s] Level 1:colcon.colcon_core.package_identification:_identify(ThirdParty/ecl/ecl_core/ecl_mobile_robot) by extensions ['colcon_pkg']
[0.213s] Level 1:colcon.colcon_core.package_identification:_identify(ThirdParty/ecl/ecl_core/ecl_mobile_robot) by extension 'colcon_pkg'
[0.213s] Level 1:colcon.colcon_core.package_identification:_identify(ThirdParty/ecl/ecl_core/ecl_mobile_robot) by extensions ['colcon_meta']
[0.213s] Level 1:colcon.colcon_core.package_identification:_identify(ThirdParty/ecl/ecl_core/ecl_mobile_robot) by extension 'colcon_meta'
[0.213s] Level 1:colcon.colcon_core.package_identification:_identify(ThirdParty/ecl/ecl_core/ecl_mobile_robot) by extensions ['ros']
[0.213s] Level 1:colcon.colcon_core.package_identification:_identify(ThirdParty/ecl/ecl_core/ecl_mobile_robot) by extension 'ros'
[0.214s] DEBUG:colcon.colcon_core.package_identification:Package 'ThirdParty/ecl/ecl_core/ecl_mobile_robot' with type 'ros.ament_cmake' and name 'ecl_mobile_robot'
[0.214s] Level 1:colcon.colcon_core.package_identification:_identify(ThirdParty/ecl/ecl_core/ecl_mpl) by extensions ['ignore', 'ignore_ament_install']
[0.214s] Level 1:colcon.colcon_core.package_identification:_identify(ThirdParty/ecl/ecl_core/ecl_mpl) by extension 'ignore'
[0.214s] Level 1:colcon.colcon_core.package_identification:_identify(ThirdParty/ecl/ecl_core/ecl_mpl) by extension 'ignore_ament_install'
[0.214s] Level 1:colcon.colcon_core.package_identification:_identify(ThirdParty/ecl/ecl_core/ecl_mpl) by extensions ['colcon_pkg']
[0.214s] Level 1:colcon.colcon_core.package_identification:_identify(ThirdParty/ecl/ecl_core/ecl_mpl) by extension 'colcon_pkg'
[0.214s] Level 1:colcon.colcon_core.package_identification:_identify(ThirdParty/ecl/ecl_core/ecl_mpl) by extensions ['colcon_meta']
[0.214s] Level 1:colcon.colcon_core.package_identification:_identify(ThirdParty/ecl/ecl_core/ecl_mpl) by extension 'colcon_meta'
[0.214s] Level 1:colcon.colcon_core.package_identification:_identify(ThirdParty/ecl/ecl_core/ecl_mpl) by extensions ['ros']
[0.214s] Level 1:colcon.colcon_core.package_identification:_identify(ThirdParty/ecl/ecl_core/ecl_mpl) by extension 'ros'
[0.214s] DEBUG:colcon.colcon_core.package_identification:Package 'ThirdParty/ecl/ecl_core/ecl_mpl' with type 'ros.ament_cmake' and name 'ecl_mpl'
[0.215s] Level 1:colcon.colcon_core.package_identification:_identify(ThirdParty/ecl/ecl_core/ecl_sigslots) by extensions ['ignore', 'ignore_ament_install']
[0.215s] Level 1:colcon.colcon_core.package_identification:_identify(ThirdParty/ecl/ecl_core/ecl_sigslots) by extension 'ignore'
[0.215s] Level 1:colcon.colcon_core.package_identification:_identify(ThirdParty/ecl/ecl_core/ecl_sigslots) by extension 'ignore_ament_install'
[0.215s] Level 1:colcon.colcon_core.package_identification:_identify(ThirdParty/ecl/ecl_core/ecl_sigslots) by extensions ['colcon_pkg']
[0.215s] Level 1:colcon.colcon_core.package_identification:_identify(ThirdParty/ecl/ecl_core/ecl_sigslots) by extension 'colcon_pkg'
[0.215s] Level 1:colcon.colcon_core.package_identification:_identify(ThirdParty/ecl/ecl_core/ecl_sigslots) by extensions ['colcon_meta']
[0.215s] Level 1:colcon.colcon_core.package_identification:_identify(ThirdParty/ecl/ecl_core/ecl_sigslots) by extension 'colcon_meta'
[0.215s] Level 1:colcon.colcon_core.package_identification:_identify(ThirdParty/ecl/ecl_core/ecl_sigslots) by extensions ['ros']
[0.215s] Level 1:colcon.colcon_core.package_identification:_identify(ThirdParty/ecl/ecl_core/ecl_sigslots) by extension 'ros'
[0.215s] DEBUG:colcon.colcon_core.package_identification:Package 'ThirdParty/ecl/ecl_core/ecl_sigslots' with type 'ros.ament_cmake' and name 'ecl_sigslots'
[0.215s] Level 1:colcon.colcon_core.package_identification:_identify(ThirdParty/ecl/ecl_core/ecl_statistics) by extensions ['ignore', 'ignore_ament_install']
[0.215s] Level 1:colcon.colcon_core.package_identification:_identify(ThirdParty/ecl/ecl_core/ecl_statistics) by extension 'ignore'
[0.215s] Level 1:colcon.colcon_core.package_identification:_identify(ThirdParty/ecl/ecl_core/ecl_statistics) by extension 'ignore_ament_install'
[0.215s] Level 1:colcon.colcon_core.package_identification:_identify(ThirdParty/ecl/ecl_core/ecl_statistics) by extensions ['colcon_pkg']
[0.215s] Level 1:colcon.colcon_core.package_identification:_identify(ThirdParty/ecl/ecl_core/ecl_statistics) by extension 'colcon_pkg'
[0.215s] Level 1:colcon.colcon_core.package_identification:_identify(ThirdParty/ecl/ecl_core/ecl_statistics) by extensions ['colcon_meta']
[0.215s] Level 1:colcon.colcon_core.package_identification:_identify(ThirdParty/ecl/ecl_core/ecl_statistics) by extension 'colcon_meta'
[0.215s] Level 1:colcon.colcon_core.package_identification:_identify(ThirdParty/ecl/ecl_core/ecl_statistics) by extensions ['ros']
[0.215s] Level 1:colcon.colcon_core.package_identification:_identify(ThirdParty/ecl/ecl_core/ecl_statistics) by extension 'ros'
[0.216s] DEBUG:colcon.colcon_core.package_identification:Package 'ThirdParty/ecl/ecl_core/ecl_statistics' with type 'ros.ament_cmake' and name 'ecl_statistics'
[0.216s] Level 1:colcon.colcon_core.package_identification:_identify(ThirdParty/ecl/ecl_core/ecl_streams) by extensions ['ignore', 'ignore_ament_install']
[0.216s] Level 1:colcon.colcon_core.package_identification:_identify(ThirdParty/ecl/ecl_core/ecl_streams) by extension 'ignore'
[0.216s] Level 1:colcon.colcon_core.package_identification:_identify(ThirdParty/ecl/ecl_core/ecl_streams) by extension 'ignore_ament_install'
[0.216s] Level 1:colcon.colcon_core.package_identification:_identify(ThirdParty/ecl/ecl_core/ecl_streams) by extensions ['colcon_pkg']
[0.216s] Level 1:colcon.colcon_core.package_identification:_identify(ThirdParty/ecl/ecl_core/ecl_streams) by extension 'colcon_pkg'
[0.216s] Level 1:colcon.colcon_core.package_identification:_identify(ThirdParty/ecl/ecl_core/ecl_streams) by extensions ['colcon_meta']
[0.216s] Level 1:colcon.colcon_core.package_identification:_identify(ThirdParty/ecl/ecl_core/ecl_streams) by extension 'colcon_meta'
[0.216s] Level 1:colcon.colcon_core.package_identification:_identify(ThirdParty/ecl/ecl_core/ecl_streams) by extensions ['ros']
[0.216s] Level 1:colcon.colcon_core.package_identification:_identify(ThirdParty/ecl/ecl_core/ecl_streams) by extension 'ros'
[0.217s] DEBUG:colcon.colcon_core.package_identification:Package 'ThirdParty/ecl/ecl_core/ecl_streams' with type 'ros.ament_cmake' and name 'ecl_streams'
[0.217s] Level 1:colcon.colcon_core.package_identification:_identify(ThirdParty/ecl/ecl_core/ecl_threads) by extensions ['ignore', 'ignore_ament_install']
[0.217s] Level 1:colcon.colcon_core.package_identification:_identify(ThirdParty/ecl/ecl_core/ecl_threads) by extension 'ignore'
[0.217s] Level 1:colcon.colcon_core.package_identification:_identify(ThirdParty/ecl/ecl_core/ecl_threads) by extension 'ignore_ament_install'
[0.217s] Level 1:colcon.colcon_core.package_identification:_identify(ThirdParty/ecl/ecl_core/ecl_threads) by extensions ['colcon_pkg']
[0.217s] Level 1:colcon.colcon_core.package_identification:_identify(ThirdParty/ecl/ecl_core/ecl_threads) by extension 'colcon_pkg'
[0.217s] Level 1:colcon.colcon_core.package_identification:_identify(ThirdParty/ecl/ecl_core/ecl_threads) by extensions ['colcon_meta']
[0.217s] Level 1:colcon.colcon_core.package_identification:_identify(ThirdParty/ecl/ecl_core/ecl_threads) by extension 'colcon_meta'
[0.217s] Level 1:colcon.colcon_core.package_identification:_identify(ThirdParty/ecl/ecl_core/ecl_threads) by extensions ['ros']
[0.217s] Level 1:colcon.colcon_core.package_identification:_identify(ThirdParty/ecl/ecl_core/ecl_threads) by extension 'ros'
[0.217s] DEBUG:colcon.colcon_core.package_identification:Package 'ThirdParty/ecl/ecl_core/ecl_threads' with type 'ros.ament_cmake' and name 'ecl_threads'
[0.217s] Level 1:colcon.colcon_core.package_identification:_identify(ThirdParty/ecl/ecl_core/ecl_time) by extensions ['ignore', 'ignore_ament_install']
[0.217s] Level 1:colcon.colcon_core.package_identification:_identify(ThirdParty/ecl/ecl_core/ecl_time) by extension 'ignore'
[0.217s] Level 1:colcon.colcon_core.package_identification:_identify(ThirdParty/ecl/ecl_core/ecl_time) by extension 'ignore_ament_install'
[0.218s] Level 1:colcon.colcon_core.package_identification:_identify(ThirdParty/ecl/ecl_core/ecl_time) by extensions ['colcon_pkg']
[0.218s] Level 1:colcon.colcon_core.package_identification:_identify(ThirdParty/ecl/ecl_core/ecl_time) by extension 'colcon_pkg'
[0.218s] Level 1:colcon.colcon_core.package_identification:_identify(ThirdParty/ecl/ecl_core/ecl_time) by extensions ['colcon_meta']
[0.218s] Level 1:colcon.colcon_core.package_identification:_identify(ThirdParty/ecl/ecl_core/ecl_time) by extension 'colcon_meta'
[0.218s] Level 1:colcon.colcon_core.package_identification:_identify(ThirdParty/ecl/ecl_core/ecl_time) by extensions ['ros']
[0.218s] Level 1:colcon.colcon_core.package_identification:_identify(ThirdParty/ecl/ecl_core/ecl_time) by extension 'ros'
[0.218s] DEBUG:colcon.colcon_core.package_identification:Package 'ThirdParty/ecl/ecl_core/ecl_time' with type 'ros.ament_cmake' and name 'ecl_time'
[0.218s] Level 1:colcon.colcon_core.package_identification:_identify(ThirdParty/ecl/ecl_core/ecl_type_traits) by extensions ['ignore', 'ignore_ament_install']
[0.218s] Level 1:colcon.colcon_core.package_identification:_identify(ThirdParty/ecl/ecl_core/ecl_type_traits) by extension 'ignore'
[0.218s] Level 1:colcon.colcon_core.package_identification:_identify(ThirdParty/ecl/ecl_core/ecl_type_traits) by extension 'ignore_ament_install'
[0.218s] Level 1:colcon.colcon_core.package_identification:_identify(ThirdParty/ecl/ecl_core/ecl_type_traits) by extensions ['colcon_pkg']
[0.218s] Level 1:colcon.colcon_core.package_identification:_identify(ThirdParty/ecl/ecl_core/ecl_type_traits) by extension 'colcon_pkg'
[0.218s] Level 1:colcon.colcon_core.package_identification:_identify(ThirdParty/ecl/ecl_core/ecl_type_traits) by extensions ['colcon_meta']
[0.218s] Level 1:colcon.colcon_core.package_identification:_identify(ThirdParty/ecl/ecl_core/ecl_type_traits) by extension 'colcon_meta'
[0.218s] Level 1:colcon.colcon_core.package_identification:_identify(ThirdParty/ecl/ecl_core/ecl_type_traits) by extensions ['ros']
[0.218s] Level 1:colcon.colcon_core.package_identification:_identify(ThirdParty/ecl/ecl_core/ecl_type_traits) by extension 'ros'
[0.219s] DEBUG:colcon.colcon_core.package_identification:Package 'ThirdParty/ecl/ecl_core/ecl_type_traits' with type 'ros.ament_cmake' and name 'ecl_type_traits'
[0.219s] Level 1:colcon.colcon_core.package_identification:_identify(ThirdParty/ecl/ecl_core/ecl_utilities) by extensions ['ignore', 'ignore_ament_install']
[0.219s] Level 1:colcon.colcon_core.package_identification:_identify(ThirdParty/ecl/ecl_core/ecl_utilities) by extension 'ignore'
[0.219s] Level 1:colcon.colcon_core.package_identification:_identify(ThirdParty/ecl/ecl_core/ecl_utilities) by extension 'ignore_ament_install'
[0.219s] Level 1:colcon.colcon_core.package_identification:_identify(ThirdParty/ecl/ecl_core/ecl_utilities) by extensions ['colcon_pkg']
[0.219s] Level 1:colcon.colcon_core.package_identification:_identify(ThirdParty/ecl/ecl_core/ecl_utilities) by extension 'colcon_pkg'
[0.219s] Level 1:colcon.colcon_core.package_identification:_identify(ThirdParty/ecl/ecl_core/ecl_utilities) by extensions ['colcon_meta']
[0.219s] Level 1:colcon.colcon_core.package_identification:_identify(ThirdParty/ecl/ecl_core/ecl_utilities) by extension 'colcon_meta'
[0.219s] Level 1:colcon.colcon_core.package_identification:_identify(ThirdParty/ecl/ecl_core/ecl_utilities) by extensions ['ros']
[0.219s] Level 1:colcon.colcon_core.package_identification:_identify(ThirdParty/ecl/ecl_core/ecl_utilities) by extension 'ros'
[0.219s] DEBUG:colcon.colcon_core.package_identification:Package 'ThirdParty/ecl/ecl_core/ecl_utilities' with type 'ros.ament_cmake' and name 'ecl_utilities'
[0.219s] Level 1:colcon.colcon_core.package_identification:_identify(ThirdParty/ecl/ecl_lite) by extensions ['ignore', 'ignore_ament_install']
[0.220s] Level 1:colcon.colcon_core.package_identification:_identify(ThirdParty/ecl/ecl_lite) by extension 'ignore'
[0.220s] Level 1:colcon.colcon_core.package_identification:_identify(ThirdParty/ecl/ecl_lite) by extension 'ignore_ament_install'
[0.220s] Level 1:colcon.colcon_core.package_identification:_identify(ThirdParty/ecl/ecl_lite) by extensions ['colcon_pkg']
[0.220s] Level 1:colcon.colcon_core.package_identification:_identify(ThirdParty/ecl/ecl_lite) by extension 'colcon_pkg'
[0.220s] Level 1:colcon.colcon_core.package_identification:_identify(ThirdParty/ecl/ecl_lite) by extensions ['colcon_meta']
[0.220s] Level 1:colcon.colcon_core.package_identification:_identify(ThirdParty/ecl/ecl_lite) by extension 'colcon_meta'
[0.220s] Level 1:colcon.colcon_core.package_identification:_identify(ThirdParty/ecl/ecl_lite) by extensions ['ros']
[0.220s] Level 1:colcon.colcon_core.package_identification:_identify(ThirdParty/ecl/ecl_lite) by extension 'ros'
[0.220s] Level 1:colcon.colcon_core.package_identification:_identify(ThirdParty/ecl/ecl_lite) by extensions ['cmake', 'python']
[0.220s] Level 1:colcon.colcon_core.package_identification:_identify(ThirdParty/ecl/ecl_lite) by extension 'cmake'
[0.220s] Level 1:colcon.colcon_core.package_identification:_identify(ThirdParty/ecl/ecl_lite) by extension 'python'
[0.220s] Level 1:colcon.colcon_core.package_identification:_identify(ThirdParty/ecl/ecl_lite) by extensions ['python_setup_py']
[0.220s] Level 1:colcon.colcon_core.package_identification:_identify(ThirdParty/ecl/ecl_lite) by extension 'python_setup_py'
[0.220s] Level 1:colcon.colcon_core.package_identification:_identify(ThirdParty/ecl/ecl_lite/ecl_config) by extensions ['ignore', 'ignore_ament_install']
[0.220s] Level 1:colcon.colcon_core.package_identification:_identify(ThirdParty/ecl/ecl_lite/ecl_config) by extension 'ignore'
[0.220s] Level 1:colcon.colcon_core.package_identification:_identify(ThirdParty/ecl/ecl_lite/ecl_config) by extension 'ignore_ament_install'
[0.220s] Level 1:colcon.colcon_core.package_identification:_identify(ThirdParty/ecl/ecl_lite/ecl_config) by extensions ['colcon_pkg']
[0.220s] Level 1:colcon.colcon_core.package_identification:_identify(ThirdParty/ecl/ecl_lite/ecl_config) by extension 'colcon_pkg'
[0.220s] Level 1:colcon.colcon_core.package_identification:_identify(ThirdParty/ecl/ecl_lite/ecl_config) by extensions ['colcon_meta']
[0.220s] Level 1:colcon.colcon_core.package_identification:_identify(ThirdParty/ecl/ecl_lite/ecl_config) by extension 'colcon_meta'
[0.221s] Level 1:colcon.colcon_core.package_identification:_identify(ThirdParty/ecl/ecl_lite/ecl_config) by extensions ['ros']
[0.221s] Level 1:colcon.colcon_core.package_identification:_identify(ThirdParty/ecl/ecl_lite/ecl_config) by extension 'ros'
[0.221s] DEBUG:colcon.colcon_core.package_identification:Package 'ThirdParty/ecl/ecl_lite/ecl_config' with type 'ros.ament_cmake' and name 'ecl_config'
[0.221s] Level 1:colcon.colcon_core.package_identification:_identify(ThirdParty/ecl/ecl_lite/ecl_console) by extensions ['ignore', 'ignore_ament_install']
[0.221s] Level 1:colcon.colcon_core.package_identification:_identify(ThirdParty/ecl/ecl_lite/ecl_console) by extension 'ignore'
[0.221s] Level 1:colcon.colcon_core.package_identification:_identify(ThirdParty/ecl/ecl_lite/ecl_console) by extension 'ignore_ament_install'
[0.221s] Level 1:colcon.colcon_core.package_identification:_identify(ThirdParty/ecl/ecl_lite/ecl_console) by extensions ['colcon_pkg']
[0.221s] Level 1:colcon.colcon_core.package_identification:_identify(ThirdParty/ecl/ecl_lite/ecl_console) by extension 'colcon_pkg'
[0.221s] Level 1:colcon.colcon_core.package_identification:_identify(ThirdParty/ecl/ecl_lite/ecl_console) by extensions ['colcon_meta']
[0.221s] Level 1:colcon.colcon_core.package_identification:_identify(ThirdParty/ecl/ecl_lite/ecl_console) by extension 'colcon_meta'
[0.221s] Level 1:colcon.colcon_core.package_identification:_identify(ThirdParty/ecl/ecl_lite/ecl_console) by extensions ['ros']
[0.221s] Level 1:colcon.colcon_core.package_identification:_identify(ThirdParty/ecl/ecl_lite/ecl_console) by extension 'ros'
[0.221s] DEBUG:colcon.colcon_core.package_identification:Package 'ThirdParty/ecl/ecl_lite/ecl_console' with type 'ros.ament_cmake' and name 'ecl_console'
[0.222s] Level 1:colcon.colcon_core.package_identification:_identify(ThirdParty/ecl/ecl_lite/ecl_converters_lite) by extensions ['ignore', 'ignore_ament_install']
[0.222s] Level 1:colcon.colcon_core.package_identification:_identify(ThirdParty/ecl/ecl_lite/ecl_converters_lite) by extension 'ignore'
[0.222s] Level 1:colcon.colcon_core.package_identification:_identify(ThirdParty/ecl/ecl_lite/ecl_converters_lite) by extension 'ignore_ament_install'
[0.222s] Level 1:colcon.colcon_core.package_identification:_identify(ThirdParty/ecl/ecl_lite/ecl_converters_lite) by extensions ['colcon_pkg']
[0.222s] Level 1:colcon.colcon_core.package_identification:_identify(ThirdParty/ecl/ecl_lite/ecl_converters_lite) by extension 'colcon_pkg'
[0.222s] Level 1:colcon.colcon_core.package_identification:_identify(ThirdParty/ecl/ecl_lite/ecl_converters_lite) by extensions ['colcon_meta']
[0.222s] Level 1:colcon.colcon_core.package_identification:_identify(ThirdParty/ecl/ecl_lite/ecl_converters_lite) by extension 'colcon_meta'
[0.222s] Level 1:colcon.colcon_core.package_identification:_identify(ThirdParty/ecl/ecl_lite/ecl_converters_lite) by extensions ['ros']
[0.222s] Level 1:colcon.colcon_core.package_identification:_identify(ThirdParty/ecl/ecl_lite/ecl_converters_lite) by extension 'ros'
[0.222s] DEBUG:colcon.colcon_core.package_identification:Package 'ThirdParty/ecl/ecl_lite/ecl_converters_lite' with type 'ros.ament_cmake' and name 'ecl_converters_lite'
[0.222s] Level 1:colcon.colcon_core.package_identification:_identify(ThirdParty/ecl/ecl_lite/ecl_errors) by extensions ['ignore', 'ignore_ament_install']
[0.222s] Level 1:colcon.colcon_core.package_identification:_identify(ThirdParty/ecl/ecl_lite/ecl_errors) by extension 'ignore'
[0.222s] Level 1:colcon.colcon_core.package_identification:_identify(ThirdParty/ecl/ecl_lite/ecl_errors) by extension 'ignore_ament_install'
[0.222s] Level 1:colcon.colcon_core.package_identification:_identify(ThirdParty/ecl/ecl_lite/ecl_errors) by extensions ['colcon_pkg']
[0.222s] Level 1:colcon.colcon_core.package_identification:_identify(ThirdParty/ecl/ecl_lite/ecl_errors) by extension 'colcon_pkg'
[0.222s] Level 1:colcon.colcon_core.package_identification:_identify(ThirdParty/ecl/ecl_lite/ecl_errors) by extensions ['colcon_meta']
[0.222s] Level 1:colcon.colcon_core.package_identification:_identify(ThirdParty/ecl/ecl_lite/ecl_errors) by extension 'colcon_meta'
[0.222s] Level 1:colcon.colcon_core.package_identification:_identify(ThirdParty/ecl/ecl_lite/ecl_errors) by extensions ['ros']
[0.222s] Level 1:colcon.colcon_core.package_identification:_identify(ThirdParty/ecl/ecl_lite/ecl_errors) by extension 'ros'
[0.223s] DEBUG:colcon.colcon_core.package_identification:Package 'ThirdParty/ecl/ecl_lite/ecl_errors' with type 'ros.ament_cmake' and name 'ecl_errors'
[0.223s] Level 1:colcon.colcon_core.package_identification:_identify(ThirdParty/ecl/ecl_lite/ecl_io) by extensions ['ignore', 'ignore_ament_install']
[0.223s] Level 1:colcon.colcon_core.package_identification:_identify(ThirdParty/ecl/ecl_lite/ecl_io) by extension 'ignore'
[0.223s] Level 1:colcon.colcon_core.package_identification:_identify(ThirdParty/ecl/ecl_lite/ecl_io) by extension 'ignore_ament_install'
[0.223s] Level 1:colcon.colcon_core.package_identification:_identify(ThirdParty/ecl/ecl_lite/ecl_io) by extensions ['colcon_pkg']
[0.223s] Level 1:colcon.colcon_core.package_identification:_identify(ThirdParty/ecl/ecl_lite/ecl_io) by extension 'colcon_pkg'
[0.223s] Level 1:colcon.colcon_core.package_identification:_identify(ThirdParty/ecl/ecl_lite/ecl_io) by extensions ['colcon_meta']
[0.223s] Level 1:colcon.colcon_core.package_identification:_identify(ThirdParty/ecl/ecl_lite/ecl_io) by extension 'colcon_meta'
[0.223s] Level 1:colcon.colcon_core.package_identification:_identify(ThirdParty/ecl/ecl_lite/ecl_io) by extensions ['ros']
[0.223s] Level 1:colcon.colcon_core.package_identification:_identify(ThirdParty/ecl/ecl_lite/ecl_io) by extension 'ros'
[0.230s] DEBUG:colcon.colcon_core.package_identification:Package 'ThirdParty/ecl/ecl_lite/ecl_io' with type 'ros.ament_cmake' and name 'ecl_io'
[0.231s] Level 1:colcon.colcon_core.package_identification:_identify(ThirdParty/ecl/ecl_lite/ecl_lite) by extensions ['ignore', 'ignore_ament_install']
[0.231s] Level 1:colcon.colcon_core.package_identification:_identify(ThirdParty/ecl/ecl_lite/ecl_lite) by extension 'ignore'
[0.231s] Level 1:colcon.colcon_core.package_identification:_identify(ThirdParty/ecl/ecl_lite/ecl_lite) by extension 'ignore_ament_install'
[0.231s] Level 1:colcon.colcon_core.package_identification:_identify(ThirdParty/ecl/ecl_lite/ecl_lite) by extensions ['colcon_pkg']
[0.231s] Level 1:colcon.colcon_core.package_identification:_identify(ThirdParty/ecl/ecl_lite/ecl_lite) by extension 'colcon_pkg'
[0.231s] Level 1:colcon.colcon_core.package_identification:_identify(ThirdParty/ecl/ecl_lite/ecl_lite) by extensions ['colcon_meta']
[0.231s] Level 1:colcon.colcon_core.package_identification:_identify(ThirdParty/ecl/ecl_lite/ecl_lite) by extension 'colcon_meta'
[0.231s] Level 1:colcon.colcon_core.package_identification:_identify(ThirdParty/ecl/ecl_lite/ecl_lite) by extensions ['ros']
[0.231s] Level 1:colcon.colcon_core.package_identification:_identify(ThirdParty/ecl/ecl_lite/ecl_lite) by extension 'ros'
[0.231s] DEBUG:colcon.colcon_core.package_identification:Package 'ThirdParty/ecl/ecl_lite/ecl_lite' with type 'ros.ament_cmake' and name 'ecl_lite'
[0.231s] Level 1:colcon.colcon_core.package_identification:_identify(ThirdParty/ecl/ecl_lite/ecl_sigslots_lite) by extensions ['ignore', 'ignore_ament_install']
[0.231s] Level 1:colcon.colcon_core.package_identification:_identify(ThirdParty/ecl/ecl_lite/ecl_sigslots_lite) by extension 'ignore'
[0.231s] Level 1:colcon.colcon_core.package_identification:_identify(ThirdParty/ecl/ecl_lite/ecl_sigslots_lite) by extension 'ignore_ament_install'
[0.231s] Level 1:colcon.colcon_core.package_identification:_identify(ThirdParty/ecl/ecl_lite/ecl_sigslots_lite) by extensions ['colcon_pkg']
[0.231s] Level 1:colcon.colcon_core.package_identification:_identify(ThirdParty/ecl/ecl_lite/ecl_sigslots_lite) by extension 'colcon_pkg'
[0.231s] Level 1:colcon.colcon_core.package_identification:_identify(ThirdParty/ecl/ecl_lite/ecl_sigslots_lite) by extensions ['colcon_meta']
[0.231s] Level 1:colcon.colcon_core.package_identification:_identify(ThirdParty/ecl/ecl_lite/ecl_sigslots_lite) by extension 'colcon_meta'
[0.232s] Level 1:colcon.colcon_core.package_identification:_identify(ThirdParty/ecl/ecl_lite/ecl_sigslots_lite) by extensions ['ros']
[0.232s] Level 1:colcon.colcon_core.package_identification:_identify(ThirdParty/ecl/ecl_lite/ecl_sigslots_lite) by extension 'ros'
[0.232s] DEBUG:colcon.colcon_core.package_identification:Package 'ThirdParty/ecl/ecl_lite/ecl_sigslots_lite' with type 'ros.ament_cmake' and name 'ecl_sigslots_lite'
[0.232s] Level 1:colcon.colcon_core.package_identification:_identify(ThirdParty/ecl/ecl_lite/ecl_time_lite) by extensions ['ignore', 'ignore_ament_install']
[0.232s] Level 1:colcon.colcon_core.package_identification:_identify(ThirdParty/ecl/ecl_lite/ecl_time_lite) by extension 'ignore'
[0.232s] Level 1:colcon.colcon_core.package_identification:_identify(ThirdParty/ecl/ecl_lite/ecl_time_lite) by extension 'ignore_ament_install'
[0.232s] Level 1:colcon.colcon_core.package_identification:_identify(ThirdParty/ecl/ecl_lite/ecl_time_lite) by extensions ['colcon_pkg']
[0.232s] Level 1:colcon.colcon_core.package_identification:_identify(ThirdParty/ecl/ecl_lite/ecl_time_lite) by extension 'colcon_pkg'
[0.232s] Level 1:colcon.colcon_core.package_identification:_identify(ThirdParty/ecl/ecl_lite/ecl_time_lite) by extensions ['colcon_meta']
[0.232s] Level 1:colcon.colcon_core.package_identification:_identify(ThirdParty/ecl/ecl_lite/ecl_time_lite) by extension 'colcon_meta'
[0.232s] Level 1:colcon.colcon_core.package_identification:_identify(ThirdParty/ecl/ecl_lite/ecl_time_lite) by extensions ['ros']
[0.232s] Level 1:colcon.colcon_core.package_identification:_identify(ThirdParty/ecl/ecl_lite/ecl_time_lite) by extension 'ros'
[0.233s] DEBUG:colcon.colcon_core.package_identification:Package 'ThirdParty/ecl/ecl_lite/ecl_time_lite' with type 'ros.ament_cmake' and name 'ecl_time_lite'
[0.233s] Level 1:colcon.colcon_core.package_identification:_identify(ThirdParty/gazebo_plugins) by extensions ['ignore', 'ignore_ament_install']
[0.233s] Level 1:colcon.colcon_core.package_identification:_identify(ThirdParty/gazebo_plugins) by extension 'ignore'
[0.233s] Level 1:colcon.colcon_core.package_identification:_identify(ThirdParty/gazebo_plugins) by extension 'ignore_ament_install'
[0.233s] Level 1:colcon.colcon_core.package_identification:_identify(ThirdParty/gazebo_plugins) by extensions ['colcon_pkg']
[0.233s] Level 1:colcon.colcon_core.package_identification:_identify(ThirdParty/gazebo_plugins) by extension 'colcon_pkg'
[0.233s] Level 1:colcon.colcon_core.package_identification:_identify(ThirdParty/gazebo_plugins) by extensions ['colcon_meta']
[0.233s] Level 1:colcon.colcon_core.package_identification:_identify(ThirdParty/gazebo_plugins) by extension 'colcon_meta'
[0.233s] Level 1:colcon.colcon_core.package_identification:_identify(ThirdParty/gazebo_plugins) by extensions ['ros']
[0.233s] Level 1:colcon.colcon_core.package_identification:_identify(ThirdParty/gazebo_plugins) by extension 'ros'
[0.233s] Level 1:colcon.colcon_core.package_identification:_identify(ThirdParty/gazebo_plugins) by extensions ['cmake', 'python']
[0.233s] Level 1:colcon.colcon_core.package_identification:_identify(ThirdParty/gazebo_plugins) by extension 'cmake'
[0.233s] Level 1:colcon.colcon_core.package_identification:_identify(ThirdParty/gazebo_plugins) by extension 'python'
[0.233s] Level 1:colcon.colcon_core.package_identification:_identify(ThirdParty/gazebo_plugins) by extensions ['python_setup_py']
[0.233s] Level 1:colcon.colcon_core.package_identification:_identify(ThirdParty/gazebo_plugins) by extension 'python_setup_py'
[0.233s] Level 1:colcon.colcon_core.package_identification:_identify(ThirdParty/gazebo_plugins/gazebo_plugins) by extensions ['ignore', 'ignore_ament_install']
[0.233s] Level 1:colcon.colcon_core.package_identification:_identify(ThirdParty/gazebo_plugins/gazebo_plugins) by extension 'ignore'
[0.233s] Level 1:colcon.colcon_core.package_identification:_identify(ThirdParty/gazebo_plugins/gazebo_plugins) by extension 'ignore_ament_install'
[0.233s] Level 1:colcon.colcon_core.package_identification:_identify(ThirdParty/gazebo_plugins/gazebo_plugins) by extensions ['colcon_pkg']
[0.233s] Level 1:colcon.colcon_core.package_identification:_identify(ThirdParty/gazebo_plugins/gazebo_plugins) by extension 'colcon_pkg'
[0.234s] Level 1:colcon.colcon_core.package_identification:_identify(ThirdParty/gazebo_plugins/gazebo_plugins) by extensions ['colcon_meta']
[0.234s] Level 1:colcon.colcon_core.package_identification:_identify(ThirdParty/gazebo_plugins/gazebo_plugins) by extension 'colcon_meta'
[0.234s] Level 1:colcon.colcon_core.package_identification:_identify(ThirdParty/gazebo_plugins/gazebo_plugins) by extensions ['ros']
[0.234s] Level 1:colcon.colcon_core.package_identification:_identify(ThirdParty/gazebo_plugins/gazebo_plugins) by extension 'ros'
[0.234s] DEBUG:colcon.colcon_core.package_identification:Package 'ThirdParty/gazebo_plugins/gazebo_plugins' with type 'ros.ament_cmake' and name 'gazebo_plugins'
[0.235s] Level 1:colcon.colcon_core.package_identification:_identify(ThirdParty/kobuki_core) by extensions ['ignore', 'ignore_ament_install']
[0.235s] Level 1:colcon.colcon_core.package_identification:_identify(ThirdParty/kobuki_core) by extension 'ignore'
[0.235s] Level 1:colcon.colcon_core.package_identification:_identify(ThirdParty/kobuki_core) by extension 'ignore_ament_install'
[0.235s] Level 1:colcon.colcon_core.package_identification:_identify(ThirdParty/kobuki_core) by extensions ['colcon_pkg']
[0.235s] Level 1:colcon.colcon_core.package_identification:_identify(ThirdParty/kobuki_core) by extension 'colcon_pkg'
[0.235s] Level 1:colcon.colcon_core.package_identification:_identify(ThirdParty/kobuki_core) by extensions ['colcon_meta']
[0.235s] Level 1:colcon.colcon_core.package_identification:_identify(ThirdParty/kobuki_core) by extension 'colcon_meta'
[0.235s] Level 1:colcon.colcon_core.package_identification:_identify(ThirdParty/kobuki_core) by extensions ['ros']
[0.235s] Level 1:colcon.colcon_core.package_identification:_identify(ThirdParty/kobuki_core) by extension 'ros'
[0.235s] DEBUG:colcon.colcon_core.package_identification:Package 'ThirdParty/kobuki_core' with type 'ros.ament_cmake' and name 'kobuki_core'
[0.235s] Level 1:colcon.colcon_core.package_identification:_identify(ThirdParty/kobuki_ros) by extensions ['ignore', 'ignore_ament_install']
[0.235s] Level 1:colcon.colcon_core.package_identification:_identify(ThirdParty/kobuki_ros) by extension 'ignore'
[0.235s] Level 1:colcon.colcon_core.package_identification:_identify(ThirdParty/kobuki_ros) by extension 'ignore_ament_install'
[0.235s] Level 1:colcon.colcon_core.package_identification:_identify(ThirdParty/kobuki_ros) by extensions ['colcon_pkg']
[0.235s] Level 1:colcon.colcon_core.package_identification:_identify(ThirdParty/kobuki_ros) by extension 'colcon_pkg'
[0.235s] Level 1:colcon.colcon_core.package_identification:_identify(ThirdParty/kobuki_ros) by extensions ['colcon_meta']
[0.235s] Level 1:colcon.colcon_core.package_identification:_identify(ThirdParty/kobuki_ros) by extension 'colcon_meta'
[0.235s] Level 1:colcon.colcon_core.package_identification:_identify(ThirdParty/kobuki_ros) by extensions ['ros']
[0.235s] Level 1:colcon.colcon_core.package_identification:_identify(ThirdParty/kobuki_ros) by extension 'ros'
[0.236s] Level 1:colcon.colcon_core.package_identification:_identify(ThirdParty/kobuki_ros) by extensions ['cmake', 'python']
[0.236s] Level 1:colcon.colcon_core.package_identification:_identify(ThirdParty/kobuki_ros) by extension 'cmake'
[0.236s] Level 1:colcon.colcon_core.package_identification:_identify(ThirdParty/kobuki_ros) by extension 'python'
[0.236s] Level 1:colcon.colcon_core.package_identification:_identify(ThirdParty/kobuki_ros) by extensions ['python_setup_py']
[0.236s] Level 1:colcon.colcon_core.package_identification:_identify(ThirdParty/kobuki_ros) by extension 'python_setup_py'
[0.236s] Level 1:colcon.colcon_core.package_identification:_identify(ThirdParty/kobuki_ros/kobuki_auto_docking) by extensions ['ignore', 'ignore_ament_install']
[0.236s] Level 1:colcon.colcon_core.package_identification:_identify(ThirdParty/kobuki_ros/kobuki_auto_docking) by extension 'ignore'
[0.236s] Level 1:colcon.colcon_core.package_identification:_identify(ThirdParty/kobuki_ros/kobuki_auto_docking) by extension 'ignore_ament_install'
[0.236s] Level 1:colcon.colcon_core.package_identification:_identify(ThirdParty/kobuki_ros/kobuki_auto_docking) by extensions ['colcon_pkg']
[0.236s] Level 1:colcon.colcon_core.package_identification:_identify(ThirdParty/kobuki_ros/kobuki_auto_docking) by extension 'colcon_pkg'
[0.236s] Level 1:colcon.colcon_core.package_identification:_identify(ThirdParty/kobuki_ros/kobuki_auto_docking) by extensions ['colcon_meta']
[0.236s] Level 1:colcon.colcon_core.package_identification:_identify(ThirdParty/kobuki_ros/kobuki_auto_docking) by extension 'colcon_meta'
[0.236s] Level 1:colcon.colcon_core.package_identification:_identify(ThirdParty/kobuki_ros/kobuki_auto_docking) by extensions ['ros']
[0.236s] Level 1:colcon.colcon_core.package_identification:_identify(ThirdParty/kobuki_ros/kobuki_auto_docking) by extension 'ros'
[0.237s] DEBUG:colcon.colcon_core.package_identification:Package 'ThirdParty/kobuki_ros/kobuki_auto_docking' with type 'ros.ament_cmake' and name 'kobuki_auto_docking'
[0.237s] Level 1:colcon.colcon_core.package_identification:_identify(ThirdParty/kobuki_ros/kobuki_bumper2pc) by extensions ['ignore', 'ignore_ament_install']
[0.237s] Level 1:colcon.colcon_core.package_identification:_identify(ThirdParty/kobuki_ros/kobuki_bumper2pc) by extension 'ignore'
[0.237s] Level 1:colcon.colcon_core.package_identification:_identify(ThirdParty/kobuki_ros/kobuki_bumper2pc) by extension 'ignore_ament_install'
[0.237s] Level 1:colcon.colcon_core.package_identification:_identify(ThirdParty/kobuki_ros/kobuki_bumper2pc) by extensions ['colcon_pkg']
[0.237s] Level 1:colcon.colcon_core.package_identification:_identify(ThirdParty/kobuki_ros/kobuki_bumper2pc) by extension 'colcon_pkg'
[0.237s] Level 1:colcon.colcon_core.package_identification:_identify(ThirdParty/kobuki_ros/kobuki_bumper2pc) by extensions ['colcon_meta']
[0.237s] Level 1:colcon.colcon_core.package_identification:_identify(ThirdParty/kobuki_ros/kobuki_bumper2pc) by extension 'colcon_meta'
[0.237s] Level 1:colcon.colcon_core.package_identification:_identify(ThirdParty/kobuki_ros/kobuki_bumper2pc) by extensions ['ros']
[0.237s] Level 1:colcon.colcon_core.package_identification:_identify(ThirdParty/kobuki_ros/kobuki_bumper2pc) by extension 'ros'
[0.238s] DEBUG:colcon.colcon_core.package_identification:Package 'ThirdParty/kobuki_ros/kobuki_bumper2pc' with type 'ros.ament_cmake' and name 'kobuki_bumper2pc'
[0.238s] Level 1:colcon.colcon_core.package_identification:_identify(ThirdParty/kobuki_ros/kobuki_controller_tutorial) by extensions ['ignore', 'ignore_ament_install']
[0.238s] Level 1:colcon.colcon_core.package_identification:_identify(ThirdParty/kobuki_ros/kobuki_controller_tutorial) by extension 'ignore'
[0.238s] Level 1:colcon.colcon_core.package_identification:_identify(ThirdParty/kobuki_ros/kobuki_controller_tutorial) ignored
[0.238s] Level 1:colcon.colcon_core.package_identification:_identify(ThirdParty/kobuki_ros/kobuki_description) by extensions ['ignore', 'ignore_ament_install']
[0.238s] Level 1:colcon.colcon_core.package_identification:_identify(ThirdParty/kobuki_ros/kobuki_description) by extension 'ignore'
[0.238s] Level 1:colcon.colcon_core.package_identification:_identify(ThirdParty/kobuki_ros/kobuki_description) by extension 'ignore_ament_install'
[0.238s] Level 1:colcon.colcon_core.package_identification:_identify(ThirdParty/kobuki_ros/kobuki_description) by extensions ['colcon_pkg']
[0.238s] Level 1:colcon.colcon_core.package_identification:_identify(ThirdParty/kobuki_ros/kobuki_description) by extension 'colcon_pkg'
[0.238s] Level 1:colcon.colcon_core.package_identification:_identify(ThirdParty/kobuki_ros/kobuki_description) by extensions ['colcon_meta']
[0.238s] Level 1:colcon.colcon_core.package_identification:_identify(ThirdParty/kobuki_ros/kobuki_description) by extension 'colcon_meta'
[0.238s] Level 1:colcon.colcon_core.package_identification:_identify(ThirdParty/kobuki_ros/kobuki_description) by extensions ['ros']
[0.238s] Level 1:colcon.colcon_core.package_identification:_identify(ThirdParty/kobuki_ros/kobuki_description) by extension 'ros'
[0.238s] DEBUG:colcon.colcon_core.package_identification:Package 'ThirdParty/kobuki_ros/kobuki_description' with type 'ros.ament_cmake' and name 'kobuki_description'
[0.238s] Level 1:colcon.colcon_core.package_identification:_identify(ThirdParty/kobuki_ros/kobuki_keyop) by extensions ['ignore', 'ignore_ament_install']
[0.238s] Level 1:colcon.colcon_core.package_identification:_identify(ThirdParty/kobuki_ros/kobuki_keyop) by extension 'ignore'
[0.238s] Level 1:colcon.colcon_core.package_identification:_identify(ThirdParty/kobuki_ros/kobuki_keyop) by extension 'ignore_ament_install'
[0.238s] Level 1:colcon.colcon_core.package_identification:_identify(ThirdParty/kobuki_ros/kobuki_keyop) by extensions ['colcon_pkg']
[0.238s] Level 1:colcon.colcon_core.package_identification:_identify(ThirdParty/kobuki_ros/kobuki_keyop) by extension 'colcon_pkg'
[0.239s] Level 1:colcon.colcon_core.package_identification:_identify(ThirdParty/kobuki_ros/kobuki_keyop) by extensions ['colcon_meta']
[0.239s] Level 1:colcon.colcon_core.package_identification:_identify(ThirdParty/kobuki_ros/kobuki_keyop) by extension 'colcon_meta'
[0.239s] Level 1:colcon.colcon_core.package_identification:_identify(ThirdParty/kobuki_ros/kobuki_keyop) by extensions ['ros']
[0.239s] Level 1:colcon.colcon_core.package_identification:_identify(ThirdParty/kobuki_ros/kobuki_keyop) by extension 'ros'
[0.239s] DEBUG:colcon.colcon_core.package_identification:Package 'ThirdParty/kobuki_ros/kobuki_keyop' with type 'ros.ament_cmake' and name 'kobuki_keyop'
[0.239s] Level 1:colcon.colcon_core.package_identification:_identify(ThirdParty/kobuki_ros/kobuki_node) by extensions ['ignore', 'ignore_ament_install']
[0.239s] Level 1:colcon.colcon_core.package_identification:_identify(ThirdParty/kobuki_ros/kobuki_node) by extension 'ignore'
[0.239s] Level 1:colcon.colcon_core.package_identification:_identify(ThirdParty/kobuki_ros/kobuki_node) by extension 'ignore_ament_install'
[0.239s] Level 1:colcon.colcon_core.package_identification:_identify(ThirdParty/kobuki_ros/kobuki_node) by extensions ['colcon_pkg']
[0.239s] Level 1:colcon.colcon_core.package_identification:_identify(ThirdParty/kobuki_ros/kobuki_node) by extension 'colcon_pkg'
[0.239s] Level 1:colcon.colcon_core.package_identification:_identify(ThirdParty/kobuki_ros/kobuki_node) by extensions ['colcon_meta']
[0.239s] Level 1:colcon.colcon_core.package_identification:_identify(ThirdParty/kobuki_ros/kobuki_node) by extension 'colcon_meta'
[0.239s] Level 1:colcon.colcon_core.package_identification:_identify(ThirdParty/kobuki_ros/kobuki_node) by extensions ['ros']
[0.239s] Level 1:colcon.colcon_core.package_identification:_identify(ThirdParty/kobuki_ros/kobuki_node) by extension 'ros'
[0.240s] DEBUG:colcon.colcon_core.package_identification:Package 'ThirdParty/kobuki_ros/kobuki_node' with type 'ros.ament_cmake' and name 'kobuki_node'
[0.240s] Level 1:colcon.colcon_core.package_identification:_identify(ThirdParty/kobuki_ros/kobuki_random_walker) by extensions ['ignore', 'ignore_ament_install']
[0.241s] Level 1:colcon.colcon_core.package_identification:_identify(ThirdParty/kobuki_ros/kobuki_random_walker) by extension 'ignore'
[0.241s] Level 1:colcon.colcon_core.package_identification:_identify(ThirdParty/kobuki_ros/kobuki_random_walker) by extension 'ignore_ament_install'
[0.241s] Level 1:colcon.colcon_core.package_identification:_identify(ThirdParty/kobuki_ros/kobuki_random_walker) by extensions ['colcon_pkg']
[0.241s] Level 1:colcon.colcon_core.package_identification:_identify(ThirdParty/kobuki_ros/kobuki_random_walker) by extension 'colcon_pkg'
[0.241s] Level 1:colcon.colcon_core.package_identification:_identify(ThirdParty/kobuki_ros/kobuki_random_walker) by extensions ['colcon_meta']
[0.241s] Level 1:colcon.colcon_core.package_identification:_identify(ThirdParty/kobuki_ros/kobuki_random_walker) by extension 'colcon_meta'
[0.241s] Level 1:colcon.colcon_core.package_identification:_identify(ThirdParty/kobuki_ros/kobuki_random_walker) by extensions ['ros']
[0.241s] Level 1:colcon.colcon_core.package_identification:_identify(ThirdParty/kobuki_ros/kobuki_random_walker) by extension 'ros'
[0.241s] DEBUG:colcon.colcon_core.package_identification:Package 'ThirdParty/kobuki_ros/kobuki_random_walker' with type 'ros.ament_cmake' and name 'kobuki_random_walker'
[0.241s] Level 1:colcon.colcon_core.package_identification:_identify(ThirdParty/kobuki_ros/kobuki_ros) by extensions ['ignore', 'ignore_ament_install']
[0.241s] Level 1:colcon.colcon_core.package_identification:_identify(ThirdParty/kobuki_ros/kobuki_ros) by extension 'ignore'
[0.241s] Level 1:colcon.colcon_core.package_identification:_identify(ThirdParty/kobuki_ros/kobuki_ros) by extension 'ignore_ament_install'
[0.241s] Level 1:colcon.colcon_core.package_identification:_identify(ThirdParty/kobuki_ros/kobuki_ros) by extensions ['colcon_pkg']
[0.241s] Level 1:colcon.colcon_core.package_identification:_identify(ThirdParty/kobuki_ros/kobuki_ros) by extension 'colcon_pkg'
[0.241s] Level 1:colcon.colcon_core.package_identification:_identify(ThirdParty/kobuki_ros/kobuki_ros) by extensions ['colcon_meta']
[0.241s] Level 1:colcon.colcon_core.package_identification:_identify(ThirdParty/kobuki_ros/kobuki_ros) by extension 'colcon_meta'
[0.241s] Level 1:colcon.colcon_core.package_identification:_identify(ThirdParty/kobuki_ros/kobuki_ros) by extensions ['ros']
[0.241s] Level 1:colcon.colcon_core.package_identification:_identify(ThirdParty/kobuki_ros/kobuki_ros) by extension 'ros'
[0.242s] DEBUG:colcon.colcon_core.package_identification:Package 'ThirdParty/kobuki_ros/kobuki_ros' with type 'ros.ament_cmake' and name 'kobuki_ros'
[0.242s] Level 1:colcon.colcon_core.package_identification:_identify(ThirdParty/kobuki_ros/kobuki_safety_controller) by extensions ['ignore', 'ignore_ament_install']
[0.242s] Level 1:colcon.colcon_core.package_identification:_identify(ThirdParty/kobuki_ros/kobuki_safety_controller) by extension 'ignore'
[0.242s] Level 1:colcon.colcon_core.package_identification:_identify(ThirdParty/kobuki_ros/kobuki_safety_controller) by extension 'ignore_ament_install'
[0.242s] Level 1:colcon.colcon_core.package_identification:_identify(ThirdParty/kobuki_ros/kobuki_safety_controller) by extensions ['colcon_pkg']
[0.242s] Level 1:colcon.colcon_core.package_identification:_identify(ThirdParty/kobuki_ros/kobuki_safety_controller) by extension 'colcon_pkg'
[0.242s] Level 1:colcon.colcon_core.package_identification:_identify(ThirdParty/kobuki_ros/kobuki_safety_controller) by extensions ['colcon_meta']
[0.242s] Level 1:colcon.colcon_core.package_identification:_identify(ThirdParty/kobuki_ros/kobuki_safety_controller) by extension 'colcon_meta'
[0.242s] Level 1:colcon.colcon_core.package_identification:_identify(ThirdParty/kobuki_ros/kobuki_safety_controller) by extensions ['ros']
[0.242s] Level 1:colcon.colcon_core.package_identification:_identify(ThirdParty/kobuki_ros/kobuki_safety_controller) by extension 'ros'
[0.243s] DEBUG:colcon.colcon_core.package_identification:Package 'ThirdParty/kobuki_ros/kobuki_safety_controller' with type 'ros.ament_cmake' and name 'kobuki_safety_controller'
[0.243s] Level 1:colcon.colcon_core.package_identification:_identify(ThirdParty/kobuki_ros/kobuki_testsuite) by extensions ['ignore', 'ignore_ament_install']
[0.243s] Level 1:colcon.colcon_core.package_identification:_identify(ThirdParty/kobuki_ros/kobuki_testsuite) by extension 'ignore'
[0.243s] Level 1:colcon.colcon_core.package_identification:_identify(ThirdParty/kobuki_ros/kobuki_testsuite) ignored
[0.243s] Level 1:colcon.colcon_core.package_identification:_identify(ThirdParty/openni2_camera) by extensions ['ignore', 'ignore_ament_install']
[0.243s] Level 1:colcon.colcon_core.package_identification:_identify(ThirdParty/openni2_camera) by extension 'ignore'
[0.243s] Level 1:colcon.colcon_core.package_identification:_identify(ThirdParty/openni2_camera) by extension 'ignore_ament_install'
[0.243s] Level 1:colcon.colcon_core.package_identification:_identify(ThirdParty/openni2_camera) by extensions ['colcon_pkg']
[0.243s] Level 1:colcon.colcon_core.package_identification:_identify(ThirdParty/openni2_camera) by extension 'colcon_pkg'
[0.243s] Level 1:colcon.colcon_core.package_identification:_identify(ThirdParty/openni2_camera) by extensions ['colcon_meta']
[0.243s] Level 1:colcon.colcon_core.package_identification:_identify(ThirdParty/openni2_camera) by extension 'colcon_meta'
[0.243s] Level 1:colcon.colcon_core.package_identification:_identify(ThirdParty/openni2_camera) by extensions ['ros']
[0.243s] Level 1:colcon.colcon_core.package_identification:_identify(ThirdParty/openni2_camera) by extension 'ros'
[0.243s] Level 1:colcon.colcon_core.package_identification:_identify(ThirdParty/openni2_camera) by extensions ['cmake', 'python']
[0.243s] Level 1:colcon.colcon_core.package_identification:_identify(ThirdParty/openni2_camera) by extension 'cmake'
[0.243s] Level 1:colcon.colcon_core.package_identification:_identify(ThirdParty/openni2_camera) by extension 'python'
[0.243s] Level 1:colcon.colcon_core.package_identification:_identify(ThirdParty/openni2_camera) by extensions ['python_setup_py']
[0.243s] Level 1:colcon.colcon_core.package_identification:_identify(ThirdParty/openni2_camera) by extension 'python_setup_py'
[0.243s] Level 1:colcon.colcon_core.package_identification:_identify(ThirdParty/openni2_camera/openni2_camera) by extensions ['ignore', 'ignore_ament_install']
[0.243s] Level 1:colcon.colcon_core.package_identification:_identify(ThirdParty/openni2_camera/openni2_camera) by extension 'ignore'
[0.243s] Level 1:colcon.colcon_core.package_identification:_identify(ThirdParty/openni2_camera/openni2_camera) by extension 'ignore_ament_install'
[0.243s] Level 1:colcon.colcon_core.package_identification:_identify(ThirdParty/openni2_camera/openni2_camera) by extensions ['colcon_pkg']
[0.243s] Level 1:colcon.colcon_core.package_identification:_identify(ThirdParty/openni2_camera/openni2_camera) by extension 'colcon_pkg'
[0.243s] Level 1:colcon.colcon_core.package_identification:_identify(ThirdParty/openni2_camera/openni2_camera) by extensions ['colcon_meta']
[0.243s] Level 1:colcon.colcon_core.package_identification:_identify(ThirdParty/openni2_camera/openni2_camera) by extension 'colcon_meta'
[0.244s] Level 1:colcon.colcon_core.package_identification:_identify(ThirdParty/openni2_camera/openni2_camera) by extensions ['ros']
[0.244s] Level 1:colcon.colcon_core.package_identification:_identify(ThirdParty/openni2_camera/openni2_camera) by extension 'ros'
[0.244s] DEBUG:colcon.colcon_core.package_identification:Package 'ThirdParty/openni2_camera/openni2_camera' with type 'ros.ament_cmake' and name 'openni2_camera'
[0.244s] Level 1:colcon.colcon_core.package_identification:_identify(ThirdParty/openni2_camera/openni2_launch) by extensions ['ignore', 'ignore_ament_install']
[0.244s] Level 1:colcon.colcon_core.package_identification:_identify(ThirdParty/openni2_camera/openni2_launch) by extension 'ignore'
[0.244s] Level 1:colcon.colcon_core.package_identification:_identify(ThirdParty/openni2_camera/openni2_launch) by extension 'ignore_ament_install'
[0.244s] Level 1:colcon.colcon_core.package_identification:_identify(ThirdParty/openni2_camera/openni2_launch) by extensions ['colcon_pkg']
[0.244s] Level 1:colcon.colcon_core.package_identification:_identify(ThirdParty/openni2_camera/openni2_launch) by extension 'colcon_pkg'
[0.245s] Level 1:colcon.colcon_core.package_identification:_identify(ThirdParty/openni2_camera/openni2_launch) by extensions ['colcon_meta']
[0.245s] Level 1:colcon.colcon_core.package_identification:_identify(ThirdParty/openni2_camera/openni2_launch) by extension 'colcon_meta'
[0.245s] Level 1:colcon.colcon_core.package_identification:_identify(ThirdParty/openni2_camera/openni2_launch) by extensions ['ros']
[0.245s] Level 1:colcon.colcon_core.package_identification:_identify(ThirdParty/openni2_camera/openni2_launch) by extension 'ros'
[0.245s] Level 1:colcon.colcon_core.package_identification:_identify(ThirdParty/openni2_camera/openni2_launch) ignored
[0.245s] Level 1:colcon.colcon_core.package_identification:_identify(ThirdParty/ros_astra_camera) by extensions ['ignore', 'ignore_ament_install']
[0.245s] Level 1:colcon.colcon_core.package_identification:_identify(ThirdParty/ros_astra_camera) by extension 'ignore'
[0.245s] Level 1:colcon.colcon_core.package_identification:_identify(ThirdParty/ros_astra_camera) by extension 'ignore_ament_install'
[0.245s] Level 1:colcon.colcon_core.package_identification:_identify(ThirdParty/ros_astra_camera) by extensions ['colcon_pkg']
[0.245s] Level 1:colcon.colcon_core.package_identification:_identify(ThirdParty/ros_astra_camera) by extension 'colcon_pkg'
[0.245s] Level 1:colcon.colcon_core.package_identification:_identify(ThirdParty/ros_astra_camera) by extensions ['colcon_meta']
[0.245s] Level 1:colcon.colcon_core.package_identification:_identify(ThirdParty/ros_astra_camera) by extension 'colcon_meta'
[0.245s] Level 1:colcon.colcon_core.package_identification:_identify(ThirdParty/ros_astra_camera) by extensions ['ros']
[0.245s] Level 1:colcon.colcon_core.package_identification:_identify(ThirdParty/ros_astra_camera) by extension 'ros'
[0.245s] Level 1:colcon.colcon_core.package_identification:_identify(ThirdParty/ros_astra_camera) by extensions ['cmake', 'python']
[0.245s] Level 1:colcon.colcon_core.package_identification:_identify(ThirdParty/ros_astra_camera) by extension 'cmake'
[0.245s] Level 1:colcon.colcon_core.package_identification:_identify(ThirdParty/ros_astra_camera) by extension 'python'
[0.245s] Level 1:colcon.colcon_core.package_identification:_identify(ThirdParty/ros_astra_camera) by extensions ['python_setup_py']
[0.245s] Level 1:colcon.colcon_core.package_identification:_identify(ThirdParty/ros_astra_camera) by extension 'python_setup_py'
[0.245s] Level 1:colcon.colcon_core.package_identification:_identify(ThirdParty/ros_astra_camera/astra_camera) by extensions ['ignore', 'ignore_ament_install']
[0.245s] Level 1:colcon.colcon_core.package_identification:_identify(ThirdParty/ros_astra_camera/astra_camera) by extension 'ignore'
[0.245s] Level 1:colcon.colcon_core.package_identification:_identify(ThirdParty/ros_astra_camera/astra_camera) by extension 'ignore_ament_install'
[0.245s] Level 1:colcon.colcon_core.package_identification:_identify(ThirdParty/ros_astra_camera/astra_camera) by extensions ['colcon_pkg']
[0.245s] Level 1:colcon.colcon_core.package_identification:_identify(ThirdParty/ros_astra_camera/astra_camera) by extension 'colcon_pkg'
[0.245s] Level 1:colcon.colcon_core.package_identification:_identify(ThirdParty/ros_astra_camera/astra_camera) by extensions ['colcon_meta']
[0.245s] Level 1:colcon.colcon_core.package_identification:_identify(ThirdParty/ros_astra_camera/astra_camera) by extension 'colcon_meta'
[0.245s] Level 1:colcon.colcon_core.package_identification:_identify(ThirdParty/ros_astra_camera/astra_camera) by extensions ['ros']
[0.245s] Level 1:colcon.colcon_core.package_identification:_identify(ThirdParty/ros_astra_camera/astra_camera) by extension 'ros'
[0.247s] DEBUG:colcon.colcon_core.package_identification:Package 'ThirdParty/ros_astra_camera/astra_camera' with type 'ros.ament_cmake' and name 'astra_camera'
[0.247s] Level 1:colcon.colcon_core.package_identification:_identify(ThirdParty/ros_astra_camera/astra_camera_msgs) by extensions ['ignore', 'ignore_ament_install']
[0.247s] Level 1:colcon.colcon_core.package_identification:_identify(ThirdParty/ros_astra_camera/astra_camera_msgs) by extension 'ignore'
[0.247s] Level 1:colcon.colcon_core.package_identification:_identify(ThirdParty/ros_astra_camera/astra_camera_msgs) by extension 'ignore_ament_install'
[0.247s] Level 1:colcon.colcon_core.package_identification:_identify(ThirdParty/ros_astra_camera/astra_camera_msgs) by extensions ['colcon_pkg']
[0.247s] Level 1:colcon.colcon_core.package_identification:_identify(ThirdParty/ros_astra_camera/astra_camera_msgs) by extension 'colcon_pkg'
[0.247s] Level 1:colcon.colcon_core.package_identification:_identify(ThirdParty/ros_astra_camera/astra_camera_msgs) by extensions ['colcon_meta']
[0.247s] Level 1:colcon.colcon_core.package_identification:_identify(ThirdParty/ros_astra_camera/astra_camera_msgs) by extension 'colcon_meta'
[0.247s] Level 1:colcon.colcon_core.package_identification:_identify(ThirdParty/ros_astra_camera/astra_camera_msgs) by extensions ['ros']
[0.247s] Level 1:colcon.colcon_core.package_identification:_identify(ThirdParty/ros_astra_camera/astra_camera_msgs) by extension 'ros'
[0.247s] DEBUG:colcon.colcon_core.package_identification:Package 'ThirdParty/ros_astra_camera/astra_camera_msgs' with type 'ros.ament_cmake' and name 'astra_camera_msgs'
[0.247s] Level 1:colcon.colcon_core.package_identification:_identify(ThirdParty/rplidar_ros) by extensions ['ignore', 'ignore_ament_install']
[0.247s] Level 1:colcon.colcon_core.package_identification:_identify(ThirdParty/rplidar_ros) by extension 'ignore'
[0.247s] Level 1:colcon.colcon_core.package_identification:_identify(ThirdParty/rplidar_ros) by extension 'ignore_ament_install'
[0.247s] Level 1:colcon.colcon_core.package_identification:_identify(ThirdParty/rplidar_ros) by extensions ['colcon_pkg']
[0.247s] Level 1:colcon.colcon_core.package_identification:_identify(ThirdParty/rplidar_ros) by extension 'colcon_pkg'
[0.247s] Level 1:colcon.colcon_core.package_identification:_identify(ThirdParty/rplidar_ros) by extensions ['colcon_meta']
[0.247s] Level 1:colcon.colcon_core.package_identification:_identify(ThirdParty/rplidar_ros) by extension 'colcon_meta'
[0.247s] Level 1:colcon.colcon_core.package_identification:_identify(ThirdParty/rplidar_ros) by extensions ['ros']
[0.247s] Level 1:colcon.colcon_core.package_identification:_identify(ThirdParty/rplidar_ros) by extension 'ros'
[0.248s] DEBUG:colcon.colcon_core.package_identification:Package 'ThirdParty/rplidar_ros' with type 'ros.ament_cmake' and name 'rplidar_ros'
[0.248s] Level 1:colcon.colcon_core.package_identification:_identify(ThirdParty/sophus) by extensions ['ignore', 'ignore_ament_install']
[0.248s] Level 1:colcon.colcon_core.package_identification:_identify(ThirdParty/sophus) by extension 'ignore'
[0.248s] Level 1:colcon.colcon_core.package_identification:_identify(ThirdParty/sophus) by extension 'ignore_ament_install'
[0.248s] Level 1:colcon.colcon_core.package_identification:_identify(ThirdParty/sophus) by extensions ['colcon_pkg']
[0.248s] Level 1:colcon.colcon_core.package_identification:_identify(ThirdParty/sophus) by extension 'colcon_pkg'
[0.248s] Level 1:colcon.colcon_core.package_identification:_identify(ThirdParty/sophus) by extensions ['colcon_meta']
[0.248s] Level 1:colcon.colcon_core.package_identification:_identify(ThirdParty/sophus) by extension 'colcon_meta'
[0.248s] Level 1:colcon.colcon_core.package_identification:_identify(ThirdParty/sophus) by extensions ['ros']
[0.248s] Level 1:colcon.colcon_core.package_identification:_identify(ThirdParty/sophus) by extension 'ros'
[0.248s] DEBUG:colcon.colcon_core.package_identification:Package 'ThirdParty/sophus' with type 'ros.cmake' and name 'sophus'
[0.248s] Level 1:colcon.colcon_core.package_identification:_identify(build) by extensions ['ignore', 'ignore_ament_install']
[0.249s] Level 1:colcon.colcon_core.package_identification:_identify(build) by extension 'ignore'
[0.249s] Level 1:colcon.colcon_core.package_identification:_identify(build) ignored
[0.249s] Level 1:colcon.colcon_core.package_identification:_identify(install) by extensions ['ignore', 'ignore_ament_install']
[0.249s] Level 1:colcon.colcon_core.package_identification:_identify(install) by extension 'ignore'
[0.249s] Level 1:colcon.colcon_core.package_identification:_identify(install) ignored
[0.249s] Level 1:colcon.colcon_core.package_identification:_identify(interbotix_ros_core) by extensions ['ignore', 'ignore_ament_install']
[0.249s] Level 1:colcon.colcon_core.package_identification:_identify(interbotix_ros_core) by extension 'ignore'
[0.249s] Level 1:colcon.colcon_core.package_identification:_identify(interbotix_ros_core) by extension 'ignore_ament_install'
[0.249s] Level 1:colcon.colcon_core.package_identification:_identify(interbotix_ros_core) by extensions ['colcon_pkg']
[0.249s] Level 1:colcon.colcon_core.package_identification:_identify(interbotix_ros_core) by extension 'colcon_pkg'
[0.249s] Level 1:colcon.colcon_core.package_identification:_identify(interbotix_ros_core) by extensions ['colcon_meta']
[0.249s] Level 1:colcon.colcon_core.package_identification:_identify(interbotix_ros_core) by extension 'colcon_meta'
[0.249s] Level 1:colcon.colcon_core.package_identification:_identify(interbotix_ros_core) by extensions ['ros']
[0.249s] Level 1:colcon.colcon_core.package_identification:_identify(interbotix_ros_core) by extension 'ros'
[0.249s] Level 1:colcon.colcon_core.package_identification:_identify(interbotix_ros_core) by extensions ['cmake', 'python']
[0.249s] Level 1:colcon.colcon_core.package_identification:_identify(interbotix_ros_core) by extension 'cmake'
[0.249s] Level 1:colcon.colcon_core.package_identification:_identify(interbotix_ros_core) by extension 'python'
[0.249s] Level 1:colcon.colcon_core.package_identification:_identify(interbotix_ros_core) by extensions ['python_setup_py']
[0.249s] Level 1:colcon.colcon_core.package_identification:_identify(interbotix_ros_core) by extension 'python_setup_py'
[0.249s] Level 1:colcon.colcon_core.package_identification:_identify(interbotix_ros_core/images) by extensions ['ignore', 'ignore_ament_install']
[0.249s] Level 1:colcon.colcon_core.package_identification:_identify(interbotix_ros_core/images) by extension 'ignore'
[0.249s] Level 1:colcon.colcon_core.package_identification:_identify(interbotix_ros_core/images) by extension 'ignore_ament_install'
[0.249s] Level 1:colcon.colcon_core.package_identification:_identify(interbotix_ros_core/images) by extensions ['colcon_pkg']
[0.249s] Level 1:colcon.colcon_core.package_identification:_identify(interbotix_ros_core/images) by extension 'colcon_pkg'
[0.249s] Level 1:colcon.colcon_core.package_identification:_identify(interbotix_ros_core/images) by extensions ['colcon_meta']
[0.249s] Level 1:colcon.colcon_core.package_identification:_identify(interbotix_ros_core/images) by extension 'colcon_meta'
[0.249s] Level 1:colcon.colcon_core.package_identification:_identify(interbotix_ros_core/images) by extensions ['ros']
[0.249s] Level 1:colcon.colcon_core.package_identification:_identify(interbotix_ros_core/images) by extension 'ros'
[0.249s] Level 1:colcon.colcon_core.package_identification:_identify(interbotix_ros_core/images) by extensions ['cmake', 'python']
[0.249s] Level 1:colcon.colcon_core.package_identification:_identify(interbotix_ros_core/images) by extension 'cmake'
[0.249s] Level 1:colcon.colcon_core.package_identification:_identify(interbotix_ros_core/images) by extension 'python'
[0.249s] Level 1:colcon.colcon_core.package_identification:_identify(interbotix_ros_core/images) by extensions ['python_setup_py']
[0.249s] Level 1:colcon.colcon_core.package_identification:_identify(interbotix_ros_core/images) by extension 'python_setup_py'
[0.249s] Level 1:colcon.colcon_core.package_identification:_identify(interbotix_ros_core/interbotix_ros_common_drivers) by extensions ['ignore', 'ignore_ament_install']
[0.250s] Level 1:colcon.colcon_core.package_identification:_identify(interbotix_ros_core/interbotix_ros_common_drivers) by extension 'ignore'
[0.250s] Level 1:colcon.colcon_core.package_identification:_identify(interbotix_ros_core/interbotix_ros_common_drivers) ignored
[0.250s] Level 1:colcon.colcon_core.package_identification:_identify(interbotix_ros_core/interbotix_ros_slate) by extensions ['ignore', 'ignore_ament_install']
[0.250s] Level 1:colcon.colcon_core.package_identification:_identify(interbotix_ros_core/interbotix_ros_slate) by extension 'ignore'
[0.250s] Level 1:colcon.colcon_core.package_identification:_identify(interbotix_ros_core/interbotix_ros_slate) ignored
[0.250s] Level 1:colcon.colcon_core.package_identification:_identify(interbotix_ros_core/interbotix_ros_xseries) by extensions ['ignore', 'ignore_ament_install']
[0.250s] Level 1:colcon.colcon_core.package_identification:_identify(interbotix_ros_core/interbotix_ros_xseries) by extension 'ignore'
[0.250s] Level 1:colcon.colcon_core.package_identification:_identify(interbotix_ros_core/interbotix_ros_xseries) by extension 'ignore_ament_install'
[0.250s] Level 1:colcon.colcon_core.package_identification:_identify(interbotix_ros_core/interbotix_ros_xseries) by extensions ['colcon_pkg']
[0.250s] Level 1:colcon.colcon_core.package_identification:_identify(interbotix_ros_core/interbotix_ros_xseries) by extension 'colcon_pkg'
[0.250s] Level 1:colcon.colcon_core.package_identification:_identify(interbotix_ros_core/interbotix_ros_xseries) by extensions ['colcon_meta']
[0.250s] Level 1:colcon.colcon_core.package_identification:_identify(interbotix_ros_core/interbotix_ros_xseries) by extension 'colcon_meta'
[0.250s] Level 1:colcon.colcon_core.package_identification:_identify(interbotix_ros_core/interbotix_ros_xseries) by extensions ['ros']
[0.250s] Level 1:colcon.colcon_core.package_identification:_identify(interbotix_ros_core/interbotix_ros_xseries) by extension 'ros'
[0.250s] Level 1:colcon.colcon_core.package_identification:_identify(interbotix_ros_core/interbotix_ros_xseries) by extensions ['cmake', 'python']
[0.250s] Level 1:colcon.colcon_core.package_identification:_identify(interbotix_ros_core/interbotix_ros_xseries) by extension 'cmake'
[0.250s] Level 1:colcon.colcon_core.package_identification:_identify(interbotix_ros_core/interbotix_ros_xseries) by extension 'python'
[0.250s] Level 1:colcon.colcon_core.package_identification:_identify(interbotix_ros_core/interbotix_ros_xseries) by extensions ['python_setup_py']
[0.250s] Level 1:colcon.colcon_core.package_identification:_identify(interbotix_ros_core/interbotix_ros_xseries) by extension 'python_setup_py'
[0.250s] Level 1:colcon.colcon_core.package_identification:_identify(interbotix_ros_core/interbotix_ros_xseries/dynamixel_workbench_toolbox) by extensions ['ignore', 'ignore_ament_install']
[0.250s] Level 1:colcon.colcon_core.package_identification:_identify(interbotix_ros_core/interbotix_ros_xseries/dynamixel_workbench_toolbox) by extension 'ignore'
[0.250s] Level 1:colcon.colcon_core.package_identification:_identify(interbotix_ros_core/interbotix_ros_xseries/dynamixel_workbench_toolbox) by extension 'ignore_ament_install'
[0.250s] Level 1:colcon.colcon_core.package_identification:_identify(interbotix_ros_core/interbotix_ros_xseries/dynamixel_workbench_toolbox) by extensions ['colcon_pkg']
[0.250s] Level 1:colcon.colcon_core.package_identification:_identify(interbotix_ros_core/interbotix_ros_xseries/dynamixel_workbench_toolbox) by extension 'colcon_pkg'
[0.250s] Level 1:colcon.colcon_core.package_identification:_identify(interbotix_ros_core/interbotix_ros_xseries/dynamixel_workbench_toolbox) by extensions ['colcon_meta']
[0.250s] Level 1:colcon.colcon_core.package_identification:_identify(interbotix_ros_core/interbotix_ros_xseries/dynamixel_workbench_toolbox) by extension 'colcon_meta'
[0.250s] Level 1:colcon.colcon_core.package_identification:_identify(interbotix_ros_core/interbotix_ros_xseries/dynamixel_workbench_toolbox) by extensions ['ros']
[0.250s] Level 1:colcon.colcon_core.package_identification:_identify(interbotix_ros_core/interbotix_ros_xseries/dynamixel_workbench_toolbox) by extension 'ros'
[0.250s] Level 1:colcon.colcon_core.package_identification:_identify(interbotix_ros_core/interbotix_ros_xseries/dynamixel_workbench_toolbox) by extensions ['cmake', 'python']
[0.250s] Level 1:colcon.colcon_core.package_identification:_identify(interbotix_ros_core/interbotix_ros_xseries/dynamixel_workbench_toolbox) by extension 'cmake'
[0.250s] Level 1:colcon.colcon_core.package_identification:_identify(interbotix_ros_core/interbotix_ros_xseries/dynamixel_workbench_toolbox) by extension 'python'
[0.250s] Level 1:colcon.colcon_core.package_identification:_identify(interbotix_ros_core/interbotix_ros_xseries/dynamixel_workbench_toolbox) by extensions ['python_setup_py']
[0.250s] Level 1:colcon.colcon_core.package_identification:_identify(interbotix_ros_core/interbotix_ros_xseries/dynamixel_workbench_toolbox) by extension 'python_setup_py'
[0.250s] Level 1:colcon.colcon_core.package_identification:_identify(interbotix_ros_core/interbotix_ros_xseries/interbotix_ros_xseries) by extensions ['ignore', 'ignore_ament_install']
[0.250s] Level 1:colcon.colcon_core.package_identification:_identify(interbotix_ros_core/interbotix_ros_xseries/interbotix_ros_xseries) by extension 'ignore'
[0.251s] Level 1:colcon.colcon_core.package_identification:_identify(interbotix_ros_core/interbotix_ros_xseries/interbotix_ros_xseries) by extension 'ignore_ament_install'
[0.251s] Level 1:colcon.colcon_core.package_identification:_identify(interbotix_ros_core/interbotix_ros_xseries/interbotix_ros_xseries) by extensions ['colcon_pkg']
[0.251s] Level 1:colcon.colcon_core.package_identification:_identify(interbotix_ros_core/interbotix_ros_xseries/interbotix_ros_xseries) by extension 'colcon_pkg'
[0.251s] Level 1:colcon.colcon_core.package_identification:_identify(interbotix_ros_core/interbotix_ros_xseries/interbotix_ros_xseries) by extensions ['colcon_meta']
[0.251s] Level 1:colcon.colcon_core.package_identification:_identify(interbotix_ros_core/interbotix_ros_xseries/interbotix_ros_xseries) by extension 'colcon_meta'
[0.251s] Level 1:colcon.colcon_core.package_identification:_identify(interbotix_ros_core/interbotix_ros_xseries/interbotix_ros_xseries) by extensions ['ros']
[0.251s] Level 1:colcon.colcon_core.package_identification:_identify(interbotix_ros_core/interbotix_ros_xseries/interbotix_ros_xseries) by extension 'ros'
[0.251s] DEBUG:colcon.colcon_core.package_identification:Package 'interbotix_ros_core/interbotix_ros_xseries/interbotix_ros_xseries' with type 'ros.ament_cmake' and name 'interbotix_ros_xseries'
[0.251s] Level 1:colcon.colcon_core.package_identification:_identify(interbotix_ros_core/interbotix_ros_xseries/interbotix_xs_driver) by extensions ['ignore', 'ignore_ament_install']
[0.251s] Level 1:colcon.colcon_core.package_identification:_identify(interbotix_ros_core/interbotix_ros_xseries/interbotix_xs_driver) by extension 'ignore'
[0.251s] Level 1:colcon.colcon_core.package_identification:_identify(interbotix_ros_core/interbotix_ros_xseries/interbotix_xs_driver) by extension 'ignore_ament_install'
[0.251s] Level 1:colcon.colcon_core.package_identification:_identify(interbotix_ros_core/interbotix_ros_xseries/interbotix_xs_driver) by extensions ['colcon_pkg']
[0.251s] Level 1:colcon.colcon_core.package_identification:_identify(interbotix_ros_core/interbotix_ros_xseries/interbotix_xs_driver) by extension 'colcon_pkg'
[0.251s] Level 1:colcon.colcon_core.package_identification:_identify(interbotix_ros_core/interbotix_ros_xseries/interbotix_xs_driver) by extensions ['colcon_meta']
[0.251s] Level 1:colcon.colcon_core.package_identification:_identify(interbotix_ros_core/interbotix_ros_xseries/interbotix_xs_driver) by extension 'colcon_meta'
[0.251s] Level 1:colcon.colcon_core.package_identification:_identify(interbotix_ros_core/interbotix_ros_xseries/interbotix_xs_driver) by extensions ['ros']
[0.251s] Level 1:colcon.colcon_core.package_identification:_identify(interbotix_ros_core/interbotix_ros_xseries/interbotix_xs_driver) by extension 'ros'
[0.251s] Level 1:colcon.colcon_core.package_identification:_identify(interbotix_ros_core/interbotix_ros_xseries/interbotix_xs_driver) by extensions ['cmake', 'python']
[0.251s] Level 1:colcon.colcon_core.package_identification:_identify(interbotix_ros_core/interbotix_ros_xseries/interbotix_xs_driver) by extension 'cmake'
[0.251s] Level 1:colcon.colcon_core.package_identification:_identify(interbotix_ros_core/interbotix_ros_xseries/interbotix_xs_driver) by extension 'python'
[0.251s] Level 1:colcon.colcon_core.package_identification:_identify(interbotix_ros_core/interbotix_ros_xseries/interbotix_xs_driver) by extensions ['python_setup_py']
[0.251s] Level 1:colcon.colcon_core.package_identification:_identify(interbotix_ros_core/interbotix_ros_xseries/interbotix_xs_driver) by extension 'python_setup_py'
[0.251s] Level 1:colcon.colcon_core.package_identification:_identify(interbotix_ros_core/interbotix_ros_xseries/interbotix_xs_msgs) by extensions ['ignore', 'ignore_ament_install']
[0.251s] Level 1:colcon.colcon_core.package_identification:_identify(interbotix_ros_core/interbotix_ros_xseries/interbotix_xs_msgs) by extension 'ignore'
[0.251s] Level 1:colcon.colcon_core.package_identification:_identify(interbotix_ros_core/interbotix_ros_xseries/interbotix_xs_msgs) by extension 'ignore_ament_install'
[0.251s] Level 1:colcon.colcon_core.package_identification:_identify(interbotix_ros_core/interbotix_ros_xseries/interbotix_xs_msgs) by extensions ['colcon_pkg']
[0.252s] Level 1:colcon.colcon_core.package_identification:_identify(interbotix_ros_core/interbotix_ros_xseries/interbotix_xs_msgs) by extension 'colcon_pkg'
[0.252s] Level 1:colcon.colcon_core.package_identification:_identify(interbotix_ros_core/interbotix_ros_xseries/interbotix_xs_msgs) by extensions ['colcon_meta']
[0.252s] Level 1:colcon.colcon_core.package_identification:_identify(interbotix_ros_core/interbotix_ros_xseries/interbotix_xs_msgs) by extension 'colcon_meta'
[0.252s] Level 1:colcon.colcon_core.package_identification:_identify(interbotix_ros_core/interbotix_ros_xseries/interbotix_xs_msgs) by extensions ['ros']
[0.252s] Level 1:colcon.colcon_core.package_identification:_identify(interbotix_ros_core/interbotix_ros_xseries/interbotix_xs_msgs) by extension 'ros'
[0.252s] DEBUG:colcon.colcon_core.package_identification:Package 'interbotix_ros_core/interbotix_ros_xseries/interbotix_xs_msgs' with type 'ros.ament_cmake' and name 'interbotix_xs_msgs'
[0.252s] Level 1:colcon.colcon_core.package_identification:_identify(interbotix_ros_core/interbotix_ros_xseries/interbotix_xs_sdk) by extensions ['ignore', 'ignore_ament_install']
[0.252s] Level 1:colcon.colcon_core.package_identification:_identify(interbotix_ros_core/interbotix_ros_xseries/interbotix_xs_sdk) by extension 'ignore'
[0.252s] Level 1:colcon.colcon_core.package_identification:_identify(interbotix_ros_core/interbotix_ros_xseries/interbotix_xs_sdk) by extension 'ignore_ament_install'
[0.252s] Level 1:colcon.colcon_core.package_identification:_identify(interbotix_ros_core/interbotix_ros_xseries/interbotix_xs_sdk) by extensions ['colcon_pkg']
[0.252s] Level 1:colcon.colcon_core.package_identification:_identify(interbotix_ros_core/interbotix_ros_xseries/interbotix_xs_sdk) by extension 'colcon_pkg'
[0.252s] Level 1:colcon.colcon_core.package_identification:_identify(interbotix_ros_core/interbotix_ros_xseries/interbotix_xs_sdk) by extensions ['colcon_meta']
[0.252s] Level 1:colcon.colcon_core.package_identification:_identify(interbotix_ros_core/interbotix_ros_xseries/interbotix_xs_sdk) by extension 'colcon_meta'
[0.252s] Level 1:colcon.colcon_core.package_identification:_identify(interbotix_ros_core/interbotix_ros_xseries/interbotix_xs_sdk) by extensions ['ros']
[0.252s] Level 1:colcon.colcon_core.package_identification:_identify(interbotix_ros_core/interbotix_ros_xseries/interbotix_xs_sdk) by extension 'ros'
[0.253s] DEBUG:colcon.colcon_core.package_identification:Package 'interbotix_ros_core/interbotix_ros_xseries/interbotix_xs_sdk' with type 'ros.ament_cmake' and name 'interbotix_xs_sdk'
[0.253s] Level 1:colcon.colcon_core.package_identification:_identify(interbotix_ros_rovers) by extensions ['ignore', 'ignore_ament_install']
[0.253s] Level 1:colcon.colcon_core.package_identification:_identify(interbotix_ros_rovers) by extension 'ignore'
[0.253s] Level 1:colcon.colcon_core.package_identification:_identify(interbotix_ros_rovers) by extension 'ignore_ament_install'
[0.253s] Level 1:colcon.colcon_core.package_identification:_identify(interbotix_ros_rovers) by extensions ['colcon_pkg']
[0.253s] Level 1:colcon.colcon_core.package_identification:_identify(interbotix_ros_rovers) by extension 'colcon_pkg'
[0.253s] Level 1:colcon.colcon_core.package_identification:_identify(interbotix_ros_rovers) by extensions ['colcon_meta']
[0.253s] Level 1:colcon.colcon_core.package_identification:_identify(interbotix_ros_rovers) by extension 'colcon_meta'
[0.253s] Level 1:colcon.colcon_core.package_identification:_identify(interbotix_ros_rovers) by extensions ['ros']
[0.253s] Level 1:colcon.colcon_core.package_identification:_identify(interbotix_ros_rovers) by extension 'ros'
[0.253s] Level 1:colcon.colcon_core.package_identification:_identify(interbotix_ros_rovers) by extensions ['cmake', 'python']
[0.253s] Level 1:colcon.colcon_core.package_identification:_identify(interbotix_ros_rovers) by extension 'cmake'
[0.253s] Level 1:colcon.colcon_core.package_identification:_identify(interbotix_ros_rovers) by extension 'python'
[0.253s] Level 1:colcon.colcon_core.package_identification:_identify(interbotix_ros_rovers) by extensions ['python_setup_py']
[0.253s] Level 1:colcon.colcon_core.package_identification:_identify(interbotix_ros_rovers) by extension 'python_setup_py'
[0.253s] Level 1:colcon.colcon_core.package_identification:_identify(interbotix_ros_rovers/images) by extensions ['ignore', 'ignore_ament_install']
[0.253s] Level 1:colcon.colcon_core.package_identification:_identify(interbotix_ros_rovers/images) by extension 'ignore'
[0.253s] Level 1:colcon.colcon_core.package_identification:_identify(interbotix_ros_rovers/images) by extension 'ignore_ament_install'
[0.253s] Level 1:colcon.colcon_core.package_identification:_identify(interbotix_ros_rovers/images) by extensions ['colcon_pkg']
[0.253s] Level 1:colcon.colcon_core.package_identification:_identify(interbotix_ros_rovers/images) by extension 'colcon_pkg'
[0.253s] Level 1:colcon.colcon_core.package_identification:_identify(interbotix_ros_rovers/images) by extensions ['colcon_meta']
[0.253s] Level 1:colcon.colcon_core.package_identification:_identify(interbotix_ros_rovers/images) by extension 'colcon_meta'
[0.253s] Level 1:colcon.colcon_core.package_identification:_identify(interbotix_ros_rovers/images) by extensions ['ros']
[0.253s] Level 1:colcon.colcon_core.package_identification:_identify(interbotix_ros_rovers/images) by extension 'ros'
[0.253s] Level 1:colcon.colcon_core.package_identification:_identify(interbotix_ros_rovers/images) by extensions ['cmake', 'python']
[0.254s] Level 1:colcon.colcon_core.package_identification:_identify(interbotix_ros_rovers/images) by extension 'cmake'
[0.254s] Level 1:colcon.colcon_core.package_identification:_identify(interbotix_ros_rovers/images) by extension 'python'
[0.254s] Level 1:colcon.colcon_core.package_identification:_identify(interbotix_ros_rovers/images) by extensions ['python_setup_py']
[0.254s] Level 1:colcon.colcon_core.package_identification:_identify(interbotix_ros_rovers/images) by extension 'python_setup_py'
[0.254s] Level 1:colcon.colcon_core.package_identification:_identify(interbotix_ros_rovers/interbotix_ros_xslocobots) by extensions ['ignore', 'ignore_ament_install']
[0.254s] Level 1:colcon.colcon_core.package_identification:_identify(interbotix_ros_rovers/interbotix_ros_xslocobots) by extension 'ignore'
[0.254s] Level 1:colcon.colcon_core.package_identification:_identify(interbotix_ros_rovers/interbotix_ros_xslocobots) by extension 'ignore_ament_install'
[0.254s] Level 1:colcon.colcon_core.package_identification:_identify(interbotix_ros_rovers/interbotix_ros_xslocobots) by extensions ['colcon_pkg']
[0.254s] Level 1:colcon.colcon_core.package_identification:_identify(interbotix_ros_rovers/interbotix_ros_xslocobots) by extension 'colcon_pkg'
[0.254s] Level 1:colcon.colcon_core.package_identification:_identify(interbotix_ros_rovers/interbotix_ros_xslocobots) by extensions ['colcon_meta']
[0.254s] Level 1:colcon.colcon_core.package_identification:_identify(interbotix_ros_rovers/interbotix_ros_xslocobots) by extension 'colcon_meta'
[0.254s] Level 1:colcon.colcon_core.package_identification:_identify(interbotix_ros_rovers/interbotix_ros_xslocobots) by extensions ['ros']
[0.254s] Level 1:colcon.colcon_core.package_identification:_identify(interbotix_ros_rovers/interbotix_ros_xslocobots) by extension 'ros'
[0.254s] Level 1:colcon.colcon_core.package_identification:_identify(interbotix_ros_rovers/interbotix_ros_xslocobots) by extensions ['cmake', 'python']
[0.254s] Level 1:colcon.colcon_core.package_identification:_identify(interbotix_ros_rovers/interbotix_ros_xslocobots) by extension 'cmake'
[0.254s] Level 1:colcon.colcon_core.package_identification:_identify(interbotix_ros_rovers/interbotix_ros_xslocobots) by extension 'python'
[0.254s] Level 1:colcon.colcon_core.package_identification:_identify(interbotix_ros_rovers/interbotix_ros_xslocobots) by extensions ['python_setup_py']
[0.254s] Level 1:colcon.colcon_core.package_identification:_identify(interbotix_ros_rovers/interbotix_ros_xslocobots) by extension 'python_setup_py'
[0.254s] Level 1:colcon.colcon_core.package_identification:_identify(interbotix_ros_rovers/interbotix_ros_xslocobots/examples) by extensions ['ignore', 'ignore_ament_install']
[0.254s] Level 1:colcon.colcon_core.package_identification:_identify(interbotix_ros_rovers/interbotix_ros_xslocobots/examples) by extension 'ignore'
[0.254s] Level 1:colcon.colcon_core.package_identification:_identify(interbotix_ros_rovers/interbotix_ros_xslocobots/examples) by extension 'ignore_ament_install'
[0.254s] Level 1:colcon.colcon_core.package_identification:_identify(interbotix_ros_rovers/interbotix_ros_xslocobots/examples) by extensions ['colcon_pkg']
[0.254s] Level 1:colcon.colcon_core.package_identification:_identify(interbotix_ros_rovers/interbotix_ros_xslocobots/examples) by extension 'colcon_pkg'
[0.254s] Level 1:colcon.colcon_core.package_identification:_identify(interbotix_ros_rovers/interbotix_ros_xslocobots/examples) by extensions ['colcon_meta']
[0.254s] Level 1:colcon.colcon_core.package_identification:_identify(interbotix_ros_rovers/interbotix_ros_xslocobots/examples) by extension 'colcon_meta'
[0.254s] Level 1:colcon.colcon_core.package_identification:_identify(interbotix_ros_rovers/interbotix_ros_xslocobots/examples) by extensions ['ros']
[0.254s] Level 1:colcon.colcon_core.package_identification:_identify(interbotix_ros_rovers/interbotix_ros_xslocobots/examples) by extension 'ros'
[0.254s] Level 1:colcon.colcon_core.package_identification:_identify(interbotix_ros_rovers/interbotix_ros_xslocobots/examples) by extensions ['cmake', 'python']
[0.254s] Level 1:colcon.colcon_core.package_identification:_identify(interbotix_ros_rovers/interbotix_ros_xslocobots/examples) by extension 'cmake'
[0.254s] Level 1:colcon.colcon_core.package_identification:_identify(interbotix_ros_rovers/interbotix_ros_xslocobots/examples) by extension 'python'
[0.254s] Level 1:colcon.colcon_core.package_identification:_identify(interbotix_ros_rovers/interbotix_ros_xslocobots/examples) by extensions ['python_setup_py']
[0.254s] Level 1:colcon.colcon_core.package_identification:_identify(interbotix_ros_rovers/interbotix_ros_xslocobots/examples) by extension 'python_setup_py'
[0.254s] Level 1:colcon.colcon_core.package_identification:_identify(interbotix_ros_rovers/interbotix_ros_xslocobots/examples/interbotix_ros_xslocobots_examples) by extensions ['ignore', 'ignore_ament_install']
[0.254s] Level 1:colcon.colcon_core.package_identification:_identify(interbotix_ros_rovers/interbotix_ros_xslocobots/examples/interbotix_ros_xslocobots_examples) by extension 'ignore'
[0.254s] Level 1:colcon.colcon_core.package_identification:_identify(interbotix_ros_rovers/interbotix_ros_xslocobots/examples/interbotix_ros_xslocobots_examples) ignored
[0.255s] Level 1:colcon.colcon_core.package_identification:_identify(interbotix_ros_rovers/interbotix_ros_xslocobots/examples/interbotix_xslocobot_joy) by extensions ['ignore', 'ignore_ament_install']
[0.255s] Level 1:colcon.colcon_core.package_identification:_identify(interbotix_ros_rovers/interbotix_ros_xslocobots/examples/interbotix_xslocobot_joy) by extension 'ignore'
[0.255s] Level 1:colcon.colcon_core.package_identification:_identify(interbotix_ros_rovers/interbotix_ros_xslocobots/examples/interbotix_xslocobot_joy) by extension 'ignore_ament_install'
[0.255s] Level 1:colcon.colcon_core.package_identification:_identify(interbotix_ros_rovers/interbotix_ros_xslocobots/examples/interbotix_xslocobot_joy) by extensions ['colcon_pkg']
[0.255s] Level 1:colcon.colcon_core.package_identification:_identify(interbotix_ros_rovers/interbotix_ros_xslocobots/examples/interbotix_xslocobot_joy) by extension 'colcon_pkg'
[0.255s] Level 1:colcon.colcon_core.package_identification:_identify(interbotix_ros_rovers/interbotix_ros_xslocobots/examples/interbotix_xslocobot_joy) by extensions ['colcon_meta']
[0.255s] Level 1:colcon.colcon_core.package_identification:_identify(interbotix_ros_rovers/interbotix_ros_xslocobots/examples/interbotix_xslocobot_joy) by extension 'colcon_meta'
[0.255s] Level 1:colcon.colcon_core.package_identification:_identify(interbotix_ros_rovers/interbotix_ros_xslocobots/examples/interbotix_xslocobot_joy) by extensions ['ros']
[0.255s] Level 1:colcon.colcon_core.package_identification:_identify(interbotix_ros_rovers/interbotix_ros_xslocobots/examples/interbotix_xslocobot_joy) by extension 'ros'
[0.256s] DEBUG:colcon.colcon_core.package_identification:Package 'interbotix_ros_rovers/interbotix_ros_xslocobots/examples/interbotix_xslocobot_joy' with type 'ros.ament_cmake' and name 'interbotix_xslocobot_joy'
[0.256s] Level 1:colcon.colcon_core.package_identification:_identify(interbotix_ros_rovers/interbotix_ros_xslocobots/examples/interbotix_xslocobot_landmark_nav) by extensions ['ignore', 'ignore_ament_install']
[0.256s] Level 1:colcon.colcon_core.package_identification:_identify(interbotix_ros_rovers/interbotix_ros_xslocobots/examples/interbotix_xslocobot_landmark_nav) by extension 'ignore'
[0.256s] Level 1:colcon.colcon_core.package_identification:_identify(interbotix_ros_rovers/interbotix_ros_xslocobots/examples/interbotix_xslocobot_landmark_nav) ignored
[0.256s] Level 1:colcon.colcon_core.package_identification:_identify(interbotix_ros_rovers/interbotix_ros_xslocobots/examples/interbotix_xslocobot_moveit_interface) by extensions ['ignore', 'ignore_ament_install']
[0.256s] Level 1:colcon.colcon_core.package_identification:_identify(interbotix_ros_rovers/interbotix_ros_xslocobots/examples/interbotix_xslocobot_moveit_interface) by extension 'ignore'
[0.256s] Level 1:colcon.colcon_core.package_identification:_identify(interbotix_ros_rovers/interbotix_ros_xslocobots/examples/interbotix_xslocobot_moveit_interface) ignored
[0.256s] Level 1:colcon.colcon_core.package_identification:_identify(interbotix_ros_rovers/interbotix_ros_xslocobots/images) by extensions ['ignore', 'ignore_ament_install']
[0.256s] Level 1:colcon.colcon_core.package_identification:_identify(interbotix_ros_rovers/interbotix_ros_xslocobots/images) by extension 'ignore'
[0.256s] Level 1:colcon.colcon_core.package_identification:_identify(interbotix_ros_rovers/interbotix_ros_xslocobots/images) by extension 'ignore_ament_install'
[0.256s] Level 1:colcon.colcon_core.package_identification:_identify(interbotix_ros_rovers/interbotix_ros_xslocobots/images) by extensions ['colcon_pkg']
[0.256s] Level 1:colcon.colcon_core.package_identification:_identify(interbotix_ros_rovers/interbotix_ros_xslocobots/images) by extension 'colcon_pkg'
[0.256s] Level 1:colcon.colcon_core.package_identification:_identify(interbotix_ros_rovers/interbotix_ros_xslocobots/images) by extensions ['colcon_meta']
[0.256s] Level 1:colcon.colcon_core.package_identification:_identify(interbotix_ros_rovers/interbotix_ros_xslocobots/images) by extension 'colcon_meta'
[0.256s] Level 1:colcon.colcon_core.package_identification:_identify(interbotix_ros_rovers/interbotix_ros_xslocobots/images) by extensions ['ros']
[0.256s] Level 1:colcon.colcon_core.package_identification:_identify(interbotix_ros_rovers/interbotix_ros_xslocobots/images) by extension 'ros'
[0.257s] Level 1:colcon.colcon_core.package_identification:_identify(interbotix_ros_rovers/interbotix_ros_xslocobots/images) by extensions ['cmake', 'python']
[0.257s] Level 1:colcon.colcon_core.package_identification:_identify(interbotix_ros_rovers/interbotix_ros_xslocobots/images) by extension 'cmake'
[0.257s] Level 1:colcon.colcon_core.package_identification:_identify(interbotix_ros_rovers/interbotix_ros_xslocobots/images) by extension 'python'
[0.257s] Level 1:colcon.colcon_core.package_identification:_identify(interbotix_ros_rovers/interbotix_ros_xslocobots/images) by extensions ['python_setup_py']
[0.257s] Level 1:colcon.colcon_core.package_identification:_identify(interbotix_ros_rovers/interbotix_ros_xslocobots/images) by extension 'python_setup_py'
[0.257s] Level 1:colcon.colcon_core.package_identification:_identify(interbotix_ros_rovers/interbotix_ros_xslocobots/install) by extensions ['ignore', 'ignore_ament_install']
[0.257s] Level 1:colcon.colcon_core.package_identification:_identify(interbotix_ros_rovers/interbotix_ros_xslocobots/install) by extension 'ignore'
[0.257s] Level 1:colcon.colcon_core.package_identification:_identify(interbotix_ros_rovers/interbotix_ros_xslocobots/install) by extension 'ignore_ament_install'
[0.257s] Level 1:colcon.colcon_core.package_identification:_identify(interbotix_ros_rovers/interbotix_ros_xslocobots/install) by extensions ['colcon_pkg']
[0.257s] Level 1:colcon.colcon_core.package_identification:_identify(interbotix_ros_rovers/interbotix_ros_xslocobots/install) by extension 'colcon_pkg'
[0.257s] Level 1:colcon.colcon_core.package_identification:_identify(interbotix_ros_rovers/interbotix_ros_xslocobots/install) by extensions ['colcon_meta']
[0.257s] Level 1:colcon.colcon_core.package_identification:_identify(interbotix_ros_rovers/interbotix_ros_xslocobots/install) by extension 'colcon_meta'
[0.257s] Level 1:colcon.colcon_core.package_identification:_identify(interbotix_ros_rovers/interbotix_ros_xslocobots/install) by extensions ['ros']
[0.257s] Level 1:colcon.colcon_core.package_identification:_identify(interbotix_ros_rovers/interbotix_ros_xslocobots/install) by extension 'ros'
[0.257s] Level 1:colcon.colcon_core.package_identification:_identify(interbotix_ros_rovers/interbotix_ros_xslocobots/install) by extensions ['cmake', 'python']
[0.257s] Level 1:colcon.colcon_core.package_identification:_identify(interbotix_ros_rovers/interbotix_ros_xslocobots/install) by extension 'cmake'
[0.257s] Level 1:colcon.colcon_core.package_identification:_identify(interbotix_ros_rovers/interbotix_ros_xslocobots/install) by extension 'python'
[0.257s] Level 1:colcon.colcon_core.package_identification:_identify(interbotix_ros_rovers/interbotix_ros_xslocobots/install) by extensions ['python_setup_py']
[0.257s] Level 1:colcon.colcon_core.package_identification:_identify(interbotix_ros_rovers/interbotix_ros_xslocobots/install) by extension 'python_setup_py'
[0.257s] Level 1:colcon.colcon_core.package_identification:_identify(interbotix_ros_rovers/interbotix_ros_xslocobots/install/amd64) by extensions ['ignore', 'ignore_ament_install']
[0.257s] Level 1:colcon.colcon_core.package_identification:_identify(interbotix_ros_rovers/interbotix_ros_xslocobots/install/amd64) by extension 'ignore'
[0.257s] Level 1:colcon.colcon_core.package_identification:_identify(interbotix_ros_rovers/interbotix_ros_xslocobots/install/amd64) by extension 'ignore_ament_install'
[0.257s] Level 1:colcon.colcon_core.package_identification:_identify(interbotix_ros_rovers/interbotix_ros_xslocobots/install/amd64) by extensions ['colcon_pkg']
[0.257s] Level 1:colcon.colcon_core.package_identification:_identify(interbotix_ros_rovers/interbotix_ros_xslocobots/install/amd64) by extension 'colcon_pkg'
[0.257s] Level 1:colcon.colcon_core.package_identification:_identify(interbotix_ros_rovers/interbotix_ros_xslocobots/install/amd64) by extensions ['colcon_meta']
[0.257s] Level 1:colcon.colcon_core.package_identification:_identify(interbotix_ros_rovers/interbotix_ros_xslocobots/install/amd64) by extension 'colcon_meta'
[0.257s] Level 1:colcon.colcon_core.package_identification:_identify(interbotix_ros_rovers/interbotix_ros_xslocobots/install/amd64) by extensions ['ros']
[0.257s] Level 1:colcon.colcon_core.package_identification:_identify(interbotix_ros_rovers/interbotix_ros_xslocobots/install/amd64) by extension 'ros'
[0.257s] Level 1:colcon.colcon_core.package_identification:_identify(interbotix_ros_rovers/interbotix_ros_xslocobots/install/amd64) by extensions ['cmake', 'python']
[0.257s] Level 1:colcon.colcon_core.package_identification:_identify(interbotix_ros_rovers/interbotix_ros_xslocobots/install/amd64) by extension 'cmake'
[0.257s] Level 1:colcon.colcon_core.package_identification:_identify(interbotix_ros_rovers/interbotix_ros_xslocobots/install/amd64) by extension 'python'
[0.257s] Level 1:colcon.colcon_core.package_identification:_identify(interbotix_ros_rovers/interbotix_ros_xslocobots/install/amd64) by extensions ['python_setup_py']
[0.257s] Level 1:colcon.colcon_core.package_identification:_identify(interbotix_ros_rovers/interbotix_ros_xslocobots/install/amd64) by extension 'python_setup_py'
[0.257s] Level 1:colcon.colcon_core.package_identification:_identify(interbotix_ros_rovers/interbotix_ros_xslocobots/install/resources) by extensions ['ignore', 'ignore_ament_install']
[0.258s] Level 1:colcon.colcon_core.package_identification:_identify(interbotix_ros_rovers/interbotix_ros_xslocobots/install/resources) by extension 'ignore'
[0.258s] Level 1:colcon.colcon_core.package_identification:_identify(interbotix_ros_rovers/interbotix_ros_xslocobots/install/resources) by extension 'ignore_ament_install'
[0.258s] Level 1:colcon.colcon_core.package_identification:_identify(interbotix_ros_rovers/interbotix_ros_xslocobots/install/resources) by extensions ['colcon_pkg']
[0.258s] Level 1:colcon.colcon_core.package_identification:_identify(interbotix_ros_rovers/interbotix_ros_xslocobots/install/resources) by extension 'colcon_pkg'
[0.258s] Level 1:colcon.colcon_core.package_identification:_identify(interbotix_ros_rovers/interbotix_ros_xslocobots/install/resources) by extensions ['colcon_meta']
[0.258s] Level 1:colcon.colcon_core.package_identification:_identify(interbotix_ros_rovers/interbotix_ros_xslocobots/install/resources) by extension 'colcon_meta'
[0.258s] Level 1:colcon.colcon_core.package_identification:_identify(interbotix_ros_rovers/interbotix_ros_xslocobots/install/resources) by extensions ['ros']
[0.258s] Level 1:colcon.colcon_core.package_identification:_identify(interbotix_ros_rovers/interbotix_ros_xslocobots/install/resources) by extension 'ros'
[0.258s] Level 1:colcon.colcon_core.package_identification:_identify(interbotix_ros_rovers/interbotix_ros_xslocobots/install/resources) by extensions ['cmake', 'python']
[0.258s] Level 1:colcon.colcon_core.package_identification:_identify(interbotix_ros_rovers/interbotix_ros_xslocobots/install/resources) by extension 'cmake'
[0.258s] Level 1:colcon.colcon_core.package_identification:_identify(interbotix_ros_rovers/interbotix_ros_xslocobots/install/resources) by extension 'python'
[0.258s] Level 1:colcon.colcon_core.package_identification:_identify(interbotix_ros_rovers/interbotix_ros_xslocobots/install/resources) by extensions ['python_setup_py']
[0.258s] Level 1:colcon.colcon_core.package_identification:_identify(interbotix_ros_rovers/interbotix_ros_xslocobots/install/resources) by extension 'python_setup_py'
[0.258s] Level 1:colcon.colcon_core.package_identification:_identify(interbotix_ros_rovers/interbotix_ros_xslocobots/install/resources/conf) by extensions ['ignore', 'ignore_ament_install']
[0.258s] Level 1:colcon.colcon_core.package_identification:_identify(interbotix_ros_rovers/interbotix_ros_xslocobots/install/resources/conf) by extension 'ignore'
[0.258s] Level 1:colcon.colcon_core.package_identification:_identify(interbotix_ros_rovers/interbotix_ros_xslocobots/install/resources/conf) by extension 'ignore_ament_install'
[0.258s] Level 1:colcon.colcon_core.package_identification:_identify(interbotix_ros_rovers/interbotix_ros_xslocobots/install/resources/conf) by extensions ['colcon_pkg']
[0.258s] Level 1:colcon.colcon_core.package_identification:_identify(interbotix_ros_rovers/interbotix_ros_xslocobots/install/resources/conf) by extension 'colcon_pkg'
[0.258s] Level 1:colcon.colcon_core.package_identification:_identify(interbotix_ros_rovers/interbotix_ros_xslocobots/install/resources/conf) by extensions ['colcon_meta']
[0.258s] Level 1:colcon.colcon_core.package_identification:_identify(interbotix_ros_rovers/interbotix_ros_xslocobots/install/resources/conf) by extension 'colcon_meta'
[0.258s] Level 1:colcon.colcon_core.package_identification:_identify(interbotix_ros_rovers/interbotix_ros_xslocobots/install/resources/conf) by extensions ['ros']
[0.258s] Level 1:colcon.colcon_core.package_identification:_identify(interbotix_ros_rovers/interbotix_ros_xslocobots/install/resources/conf) by extension 'ros'
[0.258s] Level 1:colcon.colcon_core.package_identification:_identify(interbotix_ros_rovers/interbotix_ros_xslocobots/install/resources/conf) by extensions ['cmake', 'python']
[0.258s] Level 1:colcon.colcon_core.package_identification:_identify(interbotix_ros_rovers/interbotix_ros_xslocobots/install/resources/conf) by extension 'cmake'
[0.258s] Level 1:colcon.colcon_core.package_identification:_identify(interbotix_ros_rovers/interbotix_ros_xslocobots/install/resources/conf) by extension 'python'
[0.258s] Level 1:colcon.colcon_core.package_identification:_identify(interbotix_ros_rovers/interbotix_ros_xslocobots/install/resources/conf) by extensions ['python_setup_py']
[0.258s] Level 1:colcon.colcon_core.package_identification:_identify(interbotix_ros_rovers/interbotix_ros_xslocobots/install/resources/conf) by extension 'python_setup_py'
[0.258s] Level 1:colcon.colcon_core.package_identification:_identify(interbotix_ros_rovers/interbotix_ros_xslocobots/install/resources/service) by extensions ['ignore', 'ignore_ament_install']
[0.258s] Level 1:colcon.colcon_core.package_identification:_identify(interbotix_ros_rovers/interbotix_ros_xslocobots/install/resources/service) by extension 'ignore'
[0.258s] Level 1:colcon.colcon_core.package_identification:_identify(interbotix_ros_rovers/interbotix_ros_xslocobots/install/resources/service) by extension 'ignore_ament_install'
[0.258s] Level 1:colcon.colcon_core.package_identification:_identify(interbotix_ros_rovers/interbotix_ros_xslocobots/install/resources/service) by extensions ['colcon_pkg']
[0.258s] Level 1:colcon.colcon_core.package_identification:_identify(interbotix_ros_rovers/interbotix_ros_xslocobots/install/resources/service) by extension 'colcon_pkg'
[0.258s] Level 1:colcon.colcon_core.package_identification:_identify(interbotix_ros_rovers/interbotix_ros_xslocobots/install/resources/service) by extensions ['colcon_meta']
[0.258s] Level 1:colcon.colcon_core.package_identification:_identify(interbotix_ros_rovers/interbotix_ros_xslocobots/install/resources/service) by extension 'colcon_meta'
[0.258s] Level 1:colcon.colcon_core.package_identification:_identify(interbotix_ros_rovers/interbotix_ros_xslocobots/install/resources/service) by extensions ['ros']
[0.258s] Level 1:colcon.colcon_core.package_identification:_identify(interbotix_ros_rovers/interbotix_ros_xslocobots/install/resources/service) by extension 'ros'
[0.259s] Level 1:colcon.colcon_core.package_identification:_identify(interbotix_ros_rovers/interbotix_ros_xslocobots/install/resources/service) by extensions ['cmake', 'python']
[0.259s] Level 1:colcon.colcon_core.package_identification:_identify(interbotix_ros_rovers/interbotix_ros_xslocobots/install/resources/service) by extension 'cmake'
[0.259s] Level 1:colcon.colcon_core.package_identification:_identify(interbotix_ros_rovers/interbotix_ros_xslocobots/install/resources/service) by extension 'python'
[0.259s] Level 1:colcon.colcon_core.package_identification:_identify(interbotix_ros_rovers/interbotix_ros_xslocobots/install/resources/service) by extensions ['python_setup_py']
[0.259s] Level 1:colcon.colcon_core.package_identification:_identify(interbotix_ros_rovers/interbotix_ros_xslocobots/install/resources/service) by extension 'python_setup_py'
[0.259s] Level 1:colcon.colcon_core.package_identification:_identify(interbotix_ros_rovers/interbotix_ros_xslocobots/interbotix_ros_xslocobots) by extensions ['ignore', 'ignore_ament_install']
[0.259s] Level 1:colcon.colcon_core.package_identification:_identify(interbotix_ros_rovers/interbotix_ros_xslocobots/interbotix_ros_xslocobots) by extension 'ignore'
[0.259s] Level 1:colcon.colcon_core.package_identification:_identify(interbotix_ros_rovers/interbotix_ros_xslocobots/interbotix_ros_xslocobots) ignored
[0.259s] Level 1:colcon.colcon_core.package_identification:_identify(interbotix_ros_rovers/interbotix_ros_xslocobots/interbotix_xslocobot_control) by extensions ['ignore', 'ignore_ament_install']
[0.259s] Level 1:colcon.colcon_core.package_identification:_identify(interbotix_ros_rovers/interbotix_ros_xslocobots/interbotix_xslocobot_control) by extension 'ignore'
[0.259s] Level 1:colcon.colcon_core.package_identification:_identify(interbotix_ros_rovers/interbotix_ros_xslocobots/interbotix_xslocobot_control) by extension 'ignore_ament_install'
[0.259s] Level 1:colcon.colcon_core.package_identification:_identify(interbotix_ros_rovers/interbotix_ros_xslocobots/interbotix_xslocobot_control) by extensions ['colcon_pkg']
[0.259s] Level 1:colcon.colcon_core.package_identification:_identify(interbotix_ros_rovers/interbotix_ros_xslocobots/interbotix_xslocobot_control) by extension 'colcon_pkg'
[0.259s] Level 1:colcon.colcon_core.package_identification:_identify(interbotix_ros_rovers/interbotix_ros_xslocobots/interbotix_xslocobot_control) by extensions ['colcon_meta']
[0.259s] Level 1:colcon.colcon_core.package_identification:_identify(interbotix_ros_rovers/interbotix_ros_xslocobots/interbotix_xslocobot_control) by extension 'colcon_meta'
[0.259s] Level 1:colcon.colcon_core.package_identification:_identify(interbotix_ros_rovers/interbotix_ros_xslocobots/interbotix_xslocobot_control) by extensions ['ros']
[0.259s] Level 1:colcon.colcon_core.package_identification:_identify(interbotix_ros_rovers/interbotix_ros_xslocobots/interbotix_xslocobot_control) by extension 'ros'
[0.263s] DEBUG:colcon.colcon_core.package_identification:Package 'interbotix_ros_rovers/interbotix_ros_xslocobots/interbotix_xslocobot_control' with type 'ros.ament_cmake' and name 'interbotix_xslocobot_control'
[0.263s] Level 1:colcon.colcon_core.package_identification:_identify(interbotix_ros_rovers/interbotix_ros_xslocobots/interbotix_xslocobot_descriptions) by extensions ['ignore', 'ignore_ament_install']
[0.263s] Level 1:colcon.colcon_core.package_identification:_identify(interbotix_ros_rovers/interbotix_ros_xslocobots/interbotix_xslocobot_descriptions) by extension 'ignore'
[0.263s] Level 1:colcon.colcon_core.package_identification:_identify(interbotix_ros_rovers/interbotix_ros_xslocobots/interbotix_xslocobot_descriptions) by extension 'ignore_ament_install'
[0.263s] Level 1:colcon.colcon_core.package_identification:_identify(interbotix_ros_rovers/interbotix_ros_xslocobots/interbotix_xslocobot_descriptions) by extensions ['colcon_pkg']
[0.263s] Level 1:colcon.colcon_core.package_identification:_identify(interbotix_ros_rovers/interbotix_ros_xslocobots/interbotix_xslocobot_descriptions) by extension 'colcon_pkg'
[0.263s] Level 1:colcon.colcon_core.package_identification:_identify(interbotix_ros_rovers/interbotix_ros_xslocobots/interbotix_xslocobot_descriptions) by extensions ['colcon_meta']
[0.263s] Level 1:colcon.colcon_core.package_identification:_identify(interbotix_ros_rovers/interbotix_ros_xslocobots/interbotix_xslocobot_descriptions) by extension 'colcon_meta'
[0.263s] Level 1:colcon.colcon_core.package_identification:_identify(interbotix_ros_rovers/interbotix_ros_xslocobots/interbotix_xslocobot_descriptions) by extensions ['ros']
[0.263s] Level 1:colcon.colcon_core.package_identification:_identify(interbotix_ros_rovers/interbotix_ros_xslocobots/interbotix_xslocobot_descriptions) by extension 'ros'
[0.265s] DEBUG:colcon.colcon_core.package_identification:Package 'interbotix_ros_rovers/interbotix_ros_xslocobots/interbotix_xslocobot_descriptions' with type 'ros.ament_cmake' and name 'interbotix_xslocobot_descriptions'
[0.265s] Level 1:colcon.colcon_core.package_identification:_identify(interbotix_ros_rovers/interbotix_ros_xslocobots/interbotix_xslocobot_moveit) by extensions ['ignore', 'ignore_ament_install']
[0.265s] Level 1:colcon.colcon_core.package_identification:_identify(interbotix_ros_rovers/interbotix_ros_xslocobots/interbotix_xslocobot_moveit) by extension 'ignore'
[0.265s] Level 1:colcon.colcon_core.package_identification:_identify(interbotix_ros_rovers/interbotix_ros_xslocobots/interbotix_xslocobot_moveit) by extension 'ignore_ament_install'
[0.265s] Level 1:colcon.colcon_core.package_identification:_identify(interbotix_ros_rovers/interbotix_ros_xslocobots/interbotix_xslocobot_moveit) by extensions ['colcon_pkg']
[0.265s] Level 1:colcon.colcon_core.package_identification:_identify(interbotix_ros_rovers/interbotix_ros_xslocobots/interbotix_xslocobot_moveit) by extension 'colcon_pkg'
[0.265s] Level 1:colcon.colcon_core.package_identification:_identify(interbotix_ros_rovers/interbotix_ros_xslocobots/interbotix_xslocobot_moveit) by extensions ['colcon_meta']
[0.265s] Level 1:colcon.colcon_core.package_identification:_identify(interbotix_ros_rovers/interbotix_ros_xslocobots/interbotix_xslocobot_moveit) by extension 'colcon_meta'
[0.265s] Level 1:colcon.colcon_core.package_identification:_identify(interbotix_ros_rovers/interbotix_ros_xslocobots/interbotix_xslocobot_moveit) by extensions ['ros']
[0.265s] Level 1:colcon.colcon_core.package_identification:_identify(interbotix_ros_rovers/interbotix_ros_xslocobots/interbotix_xslocobot_moveit) by extension 'ros'
[0.266s] DEBUG:colcon.colcon_core.package_identification:Package 'interbotix_ros_rovers/interbotix_ros_xslocobots/interbotix_xslocobot_moveit' with type 'ros.ament_cmake' and name 'interbotix_xslocobot_moveit'
[0.266s] Level 1:colcon.colcon_core.package_identification:_identify(interbotix_ros_rovers/interbotix_ros_xslocobots/interbotix_xslocobot_nav) by extensions ['ignore', 'ignore_ament_install']
[0.266s] Level 1:colcon.colcon_core.package_identification:_identify(interbotix_ros_rovers/interbotix_ros_xslocobots/interbotix_xslocobot_nav) by extension 'ignore'
[0.266s] Level 1:colcon.colcon_core.package_identification:_identify(interbotix_ros_rovers/interbotix_ros_xslocobots/interbotix_xslocobot_nav) by extension 'ignore_ament_install'
[0.266s] Level 1:colcon.colcon_core.package_identification:_identify(interbotix_ros_rovers/interbotix_ros_xslocobots/interbotix_xslocobot_nav) by extensions ['colcon_pkg']
[0.266s] Level 1:colcon.colcon_core.package_identification:_identify(interbotix_ros_rovers/interbotix_ros_xslocobots/interbotix_xslocobot_nav) by extension 'colcon_pkg'
[0.266s] Level 1:colcon.colcon_core.package_identification:_identify(interbotix_ros_rovers/interbotix_ros_xslocobots/interbotix_xslocobot_nav) by extensions ['colcon_meta']
[0.266s] Level 1:colcon.colcon_core.package_identification:_identify(interbotix_ros_rovers/interbotix_ros_xslocobots/interbotix_xslocobot_nav) by extension 'colcon_meta'
[0.266s] Level 1:colcon.colcon_core.package_identification:_identify(interbotix_ros_rovers/interbotix_ros_xslocobots/interbotix_xslocobot_nav) by extensions ['ros']
[0.266s] Level 1:colcon.colcon_core.package_identification:_identify(interbotix_ros_rovers/interbotix_ros_xslocobots/interbotix_xslocobot_nav) by extension 'ros'
[0.267s] DEBUG:colcon.colcon_core.package_identification:Package 'interbotix_ros_rovers/interbotix_ros_xslocobots/interbotix_xslocobot_nav' with type 'ros.ament_cmake' and name 'interbotix_xslocobot_nav'
[0.267s] Level 1:colcon.colcon_core.package_identification:_identify(interbotix_ros_rovers/interbotix_ros_xslocobots/interbotix_xslocobot_perception) by extensions ['ignore', 'ignore_ament_install']
[0.267s] Level 1:colcon.colcon_core.package_identification:_identify(interbotix_ros_rovers/interbotix_ros_xslocobots/interbotix_xslocobot_perception) by extension 'ignore'
[0.267s] Level 1:colcon.colcon_core.package_identification:_identify(interbotix_ros_rovers/interbotix_ros_xslocobots/interbotix_xslocobot_perception) ignored
[0.267s] Level 1:colcon.colcon_core.package_identification:_identify(interbotix_ros_rovers/interbotix_ros_xslocobots/interbotix_xslocobot_ros_control) by extensions ['ignore', 'ignore_ament_install']
[0.267s] Level 1:colcon.colcon_core.package_identification:_identify(interbotix_ros_rovers/interbotix_ros_xslocobots/interbotix_xslocobot_ros_control) by extension 'ignore'
[0.267s] Level 1:colcon.colcon_core.package_identification:_identify(interbotix_ros_rovers/interbotix_ros_xslocobots/interbotix_xslocobot_ros_control) by extension 'ignore_ament_install'
[0.267s] Level 1:colcon.colcon_core.package_identification:_identify(interbotix_ros_rovers/interbotix_ros_xslocobots/interbotix_xslocobot_ros_control) by extensions ['colcon_pkg']
[0.267s] Level 1:colcon.colcon_core.package_identification:_identify(interbotix_ros_rovers/interbotix_ros_xslocobots/interbotix_xslocobot_ros_control) by extension 'colcon_pkg'
[0.267s] Level 1:colcon.colcon_core.package_identification:_identify(interbotix_ros_rovers/interbotix_ros_xslocobots/interbotix_xslocobot_ros_control) by extensions ['colcon_meta']
[0.267s] Level 1:colcon.colcon_core.package_identification:_identify(interbotix_ros_rovers/interbotix_ros_xslocobots/interbotix_xslocobot_ros_control) by extension 'colcon_meta'
[0.267s] Level 1:colcon.colcon_core.package_identification:_identify(interbotix_ros_rovers/interbotix_ros_xslocobots/interbotix_xslocobot_ros_control) by extensions ['ros']
[0.267s] Level 1:colcon.colcon_core.package_identification:_identify(interbotix_ros_rovers/interbotix_ros_xslocobots/interbotix_xslocobot_ros_control) by extension 'ros'
[0.268s] DEBUG:colcon.colcon_core.package_identification:Package 'interbotix_ros_rovers/interbotix_ros_xslocobots/interbotix_xslocobot_ros_control' with type 'ros.ament_cmake' and name 'interbotix_xslocobot_ros_control'
[0.268s] Level 1:colcon.colcon_core.package_identification:_identify(interbotix_ros_rovers/interbotix_ros_xslocobots/interbotix_xslocobot_sim) by extensions ['ignore', 'ignore_ament_install']
[0.268s] Level 1:colcon.colcon_core.package_identification:_identify(interbotix_ros_rovers/interbotix_ros_xslocobots/interbotix_xslocobot_sim) by extension 'ignore'
[0.268s] Level 1:colcon.colcon_core.package_identification:_identify(interbotix_ros_rovers/interbotix_ros_xslocobots/interbotix_xslocobot_sim) by extension 'ignore_ament_install'
[0.268s] Level 1:colcon.colcon_core.package_identification:_identify(interbotix_ros_rovers/interbotix_ros_xslocobots/interbotix_xslocobot_sim) by extensions ['colcon_pkg']
[0.268s] Level 1:colcon.colcon_core.package_identification:_identify(interbotix_ros_rovers/interbotix_ros_xslocobots/interbotix_xslocobot_sim) by extension 'colcon_pkg'
[0.268s] Level 1:colcon.colcon_core.package_identification:_identify(interbotix_ros_rovers/interbotix_ros_xslocobots/interbotix_xslocobot_sim) by extensions ['colcon_meta']
[0.268s] Level 1:colcon.colcon_core.package_identification:_identify(interbotix_ros_rovers/interbotix_ros_xslocobots/interbotix_xslocobot_sim) by extension 'colcon_meta'
[0.268s] Level 1:colcon.colcon_core.package_identification:_identify(interbotix_ros_rovers/interbotix_ros_xslocobots/interbotix_xslocobot_sim) by extensions ['ros']
[0.268s] Level 1:colcon.colcon_core.package_identification:_identify(interbotix_ros_rovers/interbotix_ros_xslocobots/interbotix_xslocobot_sim) by extension 'ros'
[0.269s] DEBUG:colcon.colcon_core.package_identification:Package 'interbotix_ros_rovers/interbotix_ros_xslocobots/interbotix_xslocobot_sim' with type 'ros.ament_cmake' and name 'interbotix_xslocobot_sim'
[0.269s] Level 1:colcon.colcon_core.package_identification:_identify(interbotix_ros_toolboxes) by extensions ['ignore', 'ignore_ament_install']
[0.269s] Level 1:colcon.colcon_core.package_identification:_identify(interbotix_ros_toolboxes) by extension 'ignore'
[0.269s] Level 1:colcon.colcon_core.package_identification:_identify(interbotix_ros_toolboxes) by extension 'ignore_ament_install'
[0.269s] Level 1:colcon.colcon_core.package_identification:_identify(interbotix_ros_toolboxes) by extensions ['colcon_pkg']
[0.269s] Level 1:colcon.colcon_core.package_identification:_identify(interbotix_ros_toolboxes) by extension 'colcon_pkg'
[0.269s] Level 1:colcon.colcon_core.package_identification:_identify(interbotix_ros_toolboxes) by extensions ['colcon_meta']
[0.269s] Level 1:colcon.colcon_core.package_identification:_identify(interbotix_ros_toolboxes) by extension 'colcon_meta'
[0.269s] Level 1:colcon.colcon_core.package_identification:_identify(interbotix_ros_toolboxes) by extensions ['ros']
[0.269s] Level 1:colcon.colcon_core.package_identification:_identify(interbotix_ros_toolboxes) by extension 'ros'
[0.269s] Level 1:colcon.colcon_core.package_identification:_identify(interbotix_ros_toolboxes) by extensions ['cmake', 'python']
[0.270s] Level 1:colcon.colcon_core.package_identification:_identify(interbotix_ros_toolboxes) by extension 'cmake'
[0.270s] Level 1:colcon.colcon_core.package_identification:_identify(interbotix_ros_toolboxes) by extension 'python'
[0.270s] Level 1:colcon.colcon_core.package_identification:_identify(interbotix_ros_toolboxes) by extensions ['python_setup_py']
[0.270s] Level 1:colcon.colcon_core.package_identification:_identify(interbotix_ros_toolboxes) by extension 'python_setup_py'
[0.270s] Level 1:colcon.colcon_core.package_identification:_identify(interbotix_ros_toolboxes/images) by extensions ['ignore', 'ignore_ament_install']
[0.270s] Level 1:colcon.colcon_core.package_identification:_identify(interbotix_ros_toolboxes/images) by extension 'ignore'
[0.270s] Level 1:colcon.colcon_core.package_identification:_identify(interbotix_ros_toolboxes/images) by extension 'ignore_ament_install'
[0.270s] Level 1:colcon.colcon_core.package_identification:_identify(interbotix_ros_toolboxes/images) by extensions ['colcon_pkg']
[0.270s] Level 1:colcon.colcon_core.package_identification:_identify(interbotix_ros_toolboxes/images) by extension 'colcon_pkg'
[0.270s] Level 1:colcon.colcon_core.package_identification:_identify(interbotix_ros_toolboxes/images) by extensions ['colcon_meta']
[0.270s] Level 1:colcon.colcon_core.package_identification:_identify(interbotix_ros_toolboxes/images) by extension 'colcon_meta'
[0.270s] Level 1:colcon.colcon_core.package_identification:_identify(interbotix_ros_toolboxes/images) by extensions ['ros']
[0.270s] Level 1:colcon.colcon_core.package_identification:_identify(interbotix_ros_toolboxes/images) by extension 'ros'
[0.270s] Level 1:colcon.colcon_core.package_identification:_identify(interbotix_ros_toolboxes/images) by extensions ['cmake', 'python']
[0.270s] Level 1:colcon.colcon_core.package_identification:_identify(interbotix_ros_toolboxes/images) by extension 'cmake'
[0.270s] Level 1:colcon.colcon_core.package_identification:_identify(interbotix_ros_toolboxes/images) by extension 'python'
[0.270s] Level 1:colcon.colcon_core.package_identification:_identify(interbotix_ros_toolboxes/images) by extensions ['python_setup_py']
[0.270s] Level 1:colcon.colcon_core.package_identification:_identify(interbotix_ros_toolboxes/images) by extension 'python_setup_py'
[0.270s] Level 1:colcon.colcon_core.package_identification:_identify(interbotix_ros_toolboxes/interbotix_common_toolbox) by extensions ['ignore', 'ignore_ament_install']
[0.270s] Level 1:colcon.colcon_core.package_identification:_identify(interbotix_ros_toolboxes/interbotix_common_toolbox) by extension 'ignore'
[0.270s] Level 1:colcon.colcon_core.package_identification:_identify(interbotix_ros_toolboxes/interbotix_common_toolbox) by extension 'ignore_ament_install'
[0.270s] Level 1:colcon.colcon_core.package_identification:_identify(interbotix_ros_toolboxes/interbotix_common_toolbox) by extensions ['colcon_pkg']
[0.270s] Level 1:colcon.colcon_core.package_identification:_identify(interbotix_ros_toolboxes/interbotix_common_toolbox) by extension 'colcon_pkg'
[0.270s] Level 1:colcon.colcon_core.package_identification:_identify(interbotix_ros_toolboxes/interbotix_common_toolbox) by extensions ['colcon_meta']
[0.270s] Level 1:colcon.colcon_core.package_identification:_identify(interbotix_ros_toolboxes/interbotix_common_toolbox) by extension 'colcon_meta'
[0.270s] Level 1:colcon.colcon_core.package_identification:_identify(interbotix_ros_toolboxes/interbotix_common_toolbox) by extensions ['ros']
[0.270s] Level 1:colcon.colcon_core.package_identification:_identify(interbotix_ros_toolboxes/interbotix_common_toolbox) by extension 'ros'
[0.270s] Level 1:colcon.colcon_core.package_identification:_identify(interbotix_ros_toolboxes/interbotix_common_toolbox) by extensions ['cmake', 'python']
[0.270s] Level 1:colcon.colcon_core.package_identification:_identify(interbotix_ros_toolboxes/interbotix_common_toolbox) by extension 'cmake'
[0.270s] Level 1:colcon.colcon_core.package_identification:_identify(interbotix_ros_toolboxes/interbotix_common_toolbox) by extension 'python'
[0.270s] Level 1:colcon.colcon_core.package_identification:_identify(interbotix_ros_toolboxes/interbotix_common_toolbox) by extensions ['python_setup_py']
[0.270s] Level 1:colcon.colcon_core.package_identification:_identify(interbotix_ros_toolboxes/interbotix_common_toolbox) by extension 'python_setup_py'
[0.270s] Level 1:colcon.colcon_core.package_identification:_identify(interbotix_ros_toolboxes/interbotix_common_toolbox/interbotix_common_modules) by extensions ['ignore', 'ignore_ament_install']
[0.270s] Level 1:colcon.colcon_core.package_identification:_identify(interbotix_ros_toolboxes/interbotix_common_toolbox/interbotix_common_modules) by extension 'ignore'
[0.271s] Level 1:colcon.colcon_core.package_identification:_identify(interbotix_ros_toolboxes/interbotix_common_toolbox/interbotix_common_modules) by extension 'ignore_ament_install'
[0.271s] Level 1:colcon.colcon_core.package_identification:_identify(interbotix_ros_toolboxes/interbotix_common_toolbox/interbotix_common_modules) by extensions ['colcon_pkg']
[0.271s] Level 1:colcon.colcon_core.package_identification:_identify(interbotix_ros_toolboxes/interbotix_common_toolbox/interbotix_common_modules) by extension 'colcon_pkg'
[0.271s] Level 1:colcon.colcon_core.package_identification:_identify(interbotix_ros_toolboxes/interbotix_common_toolbox/interbotix_common_modules) by extensions ['colcon_meta']
[0.271s] Level 1:colcon.colcon_core.package_identification:_identify(interbotix_ros_toolboxes/interbotix_common_toolbox/interbotix_common_modules) by extension 'colcon_meta'
[0.271s] Level 1:colcon.colcon_core.package_identification:_identify(interbotix_ros_toolboxes/interbotix_common_toolbox/interbotix_common_modules) by extensions ['ros']
[0.271s] Level 1:colcon.colcon_core.package_identification:_identify(interbotix_ros_toolboxes/interbotix_common_toolbox/interbotix_common_modules) by extension 'ros'
[0.271s] DEBUG:colcon.colcon_core.package_identification:Package 'interbotix_ros_toolboxes/interbotix_common_toolbox/interbotix_common_modules' with type 'ros.ament_python' and name 'interbotix_common_modules'
[0.271s] Level 1:colcon.colcon_core.package_identification:_identify(interbotix_ros_toolboxes/interbotix_common_toolbox/interbotix_common_sim) by extensions ['ignore', 'ignore_ament_install']
[0.271s] Level 1:colcon.colcon_core.package_identification:_identify(interbotix_ros_toolboxes/interbotix_common_toolbox/interbotix_common_sim) by extension 'ignore'
[0.271s] Level 1:colcon.colcon_core.package_identification:_identify(interbotix_ros_toolboxes/interbotix_common_toolbox/interbotix_common_sim) by extension 'ignore_ament_install'
[0.271s] Level 1:colcon.colcon_core.package_identification:_identify(interbotix_ros_toolboxes/interbotix_common_toolbox/interbotix_common_sim) by extensions ['colcon_pkg']
[0.271s] Level 1:colcon.colcon_core.package_identification:_identify(interbotix_ros_toolboxes/interbotix_common_toolbox/interbotix_common_sim) by extension 'colcon_pkg'
[0.271s] Level 1:colcon.colcon_core.package_identification:_identify(interbotix_ros_toolboxes/interbotix_common_toolbox/interbotix_common_sim) by extensions ['colcon_meta']
[0.271s] Level 1:colcon.colcon_core.package_identification:_identify(interbotix_ros_toolboxes/interbotix_common_toolbox/interbotix_common_sim) by extension 'colcon_meta'
[0.271s] Level 1:colcon.colcon_core.package_identification:_identify(interbotix_ros_toolboxes/interbotix_common_toolbox/interbotix_common_sim) by extensions ['ros']
[0.271s] Level 1:colcon.colcon_core.package_identification:_identify(interbotix_ros_toolboxes/interbotix_common_toolbox/interbotix_common_sim) by extension 'ros'
[0.272s] DEBUG:colcon.colcon_core.package_identification:Package 'interbotix_ros_toolboxes/interbotix_common_toolbox/interbotix_common_sim' with type 'ros.ament_cmake' and name 'interbotix_common_sim'
[0.272s] Level 1:colcon.colcon_core.package_identification:_identify(interbotix_ros_toolboxes/interbotix_common_toolbox/interbotix_common_toolbox) by extensions ['ignore', 'ignore_ament_install']
[0.272s] Level 1:colcon.colcon_core.package_identification:_identify(interbotix_ros_toolboxes/interbotix_common_toolbox/interbotix_common_toolbox) by extension 'ignore'
[0.272s] Level 1:colcon.colcon_core.package_identification:_identify(interbotix_ros_toolboxes/interbotix_common_toolbox/interbotix_common_toolbox) by extension 'ignore_ament_install'
[0.272s] Level 1:colcon.colcon_core.package_identification:_identify(interbotix_ros_toolboxes/interbotix_common_toolbox/interbotix_common_toolbox) by extensions ['colcon_pkg']
[0.272s] Level 1:colcon.colcon_core.package_identification:_identify(interbotix_ros_toolboxes/interbotix_common_toolbox/interbotix_common_toolbox) by extension 'colcon_pkg'
[0.272s] Level 1:colcon.colcon_core.package_identification:_identify(interbotix_ros_toolboxes/interbotix_common_toolbox/interbotix_common_toolbox) by extensions ['colcon_meta']
[0.272s] Level 1:colcon.colcon_core.package_identification:_identify(interbotix_ros_toolboxes/interbotix_common_toolbox/interbotix_common_toolbox) by extension 'colcon_meta'
[0.272s] Level 1:colcon.colcon_core.package_identification:_identify(interbotix_ros_toolboxes/interbotix_common_toolbox/interbotix_common_toolbox) by extensions ['ros']
[0.272s] Level 1:colcon.colcon_core.package_identification:_identify(interbotix_ros_toolboxes/interbotix_common_toolbox/interbotix_common_toolbox) by extension 'ros'
[0.272s] DEBUG:colcon.colcon_core.package_identification:Package 'interbotix_ros_toolboxes/interbotix_common_toolbox/interbotix_common_toolbox' with type 'ros.ament_cmake' and name 'interbotix_common_toolbox'
[0.272s] Level 1:colcon.colcon_core.package_identification:_identify(interbotix_ros_toolboxes/interbotix_common_toolbox/interbotix_gravity_compensation) by extensions ['ignore', 'ignore_ament_install']
[0.272s] Level 1:colcon.colcon_core.package_identification:_identify(interbotix_ros_toolboxes/interbotix_common_toolbox/interbotix_gravity_compensation) by extension 'ignore'
[0.272s] Level 1:colcon.colcon_core.package_identification:_identify(interbotix_ros_toolboxes/interbotix_common_toolbox/interbotix_gravity_compensation) by extension 'ignore_ament_install'
[0.272s] Level 1:colcon.colcon_core.package_identification:_identify(interbotix_ros_toolboxes/interbotix_common_toolbox/interbotix_gravity_compensation) by extensions ['colcon_pkg']
[0.272s] Level 1:colcon.colcon_core.package_identification:_identify(interbotix_ros_toolboxes/interbotix_common_toolbox/interbotix_gravity_compensation) by extension 'colcon_pkg'
[0.272s] Level 1:colcon.colcon_core.package_identification:_identify(interbotix_ros_toolboxes/interbotix_common_toolbox/interbotix_gravity_compensation) by extensions ['colcon_meta']
[0.272s] Level 1:colcon.colcon_core.package_identification:_identify(interbotix_ros_toolboxes/interbotix_common_toolbox/interbotix_gravity_compensation) by extension 'colcon_meta'
[0.272s] Level 1:colcon.colcon_core.package_identification:_identify(interbotix_ros_toolboxes/interbotix_common_toolbox/interbotix_gravity_compensation) by extensions ['ros']
[0.273s] Level 1:colcon.colcon_core.package_identification:_identify(interbotix_ros_toolboxes/interbotix_common_toolbox/interbotix_gravity_compensation) by extension 'ros'
[0.273s] DEBUG:colcon.colcon_core.package_identification:Package 'interbotix_ros_toolboxes/interbotix_common_toolbox/interbotix_gravity_compensation' with type 'ros.ament_cmake' and name 'interbotix_gravity_compensation'
[0.273s] Level 1:colcon.colcon_core.package_identification:_identify(interbotix_ros_toolboxes/interbotix_common_toolbox/interbotix_landmark_modules) by extensions ['ignore', 'ignore_ament_install']
[0.273s] Level 1:colcon.colcon_core.package_identification:_identify(interbotix_ros_toolboxes/interbotix_common_toolbox/interbotix_landmark_modules) by extension 'ignore'
[0.273s] Level 1:colcon.colcon_core.package_identification:_identify(interbotix_ros_toolboxes/interbotix_common_toolbox/interbotix_landmark_modules) ignored
[0.273s] Level 1:colcon.colcon_core.package_identification:_identify(interbotix_ros_toolboxes/interbotix_common_toolbox/interbotix_moveit_interface) by extensions ['ignore', 'ignore_ament_install']
[0.273s] Level 1:colcon.colcon_core.package_identification:_identify(interbotix_ros_toolboxes/interbotix_common_toolbox/interbotix_moveit_interface) by extension 'ignore'
[0.273s] Level 1:colcon.colcon_core.package_identification:_identify(interbotix_ros_toolboxes/interbotix_common_toolbox/interbotix_moveit_interface) ignored
[0.273s] Level 1:colcon.colcon_core.package_identification:_identify(interbotix_ros_toolboxes/interbotix_common_toolbox/interbotix_moveit_interface_msgs) by extensions ['ignore', 'ignore_ament_install']
[0.273s] Level 1:colcon.colcon_core.package_identification:_identify(interbotix_ros_toolboxes/interbotix_common_toolbox/interbotix_moveit_interface_msgs) by extension 'ignore'
[0.273s] Level 1:colcon.colcon_core.package_identification:_identify(interbotix_ros_toolboxes/interbotix_common_toolbox/interbotix_moveit_interface_msgs) ignored
[0.274s] Level 1:colcon.colcon_core.package_identification:_identify(interbotix_ros_toolboxes/interbotix_common_toolbox/interbotix_tf_tools) by extensions ['ignore', 'ignore_ament_install']
[0.274s] Level 1:colcon.colcon_core.package_identification:_identify(interbotix_ros_toolboxes/interbotix_common_toolbox/interbotix_tf_tools) by extension 'ignore'
[0.274s] Level 1:colcon.colcon_core.package_identification:_identify(interbotix_ros_toolboxes/interbotix_common_toolbox/interbotix_tf_tools) by extension 'ignore_ament_install'
[0.274s] Level 1:colcon.colcon_core.package_identification:_identify(interbotix_ros_toolboxes/interbotix_common_toolbox/interbotix_tf_tools) by extensions ['colcon_pkg']
[0.274s] Level 1:colcon.colcon_core.package_identification:_identify(interbotix_ros_toolboxes/interbotix_common_toolbox/interbotix_tf_tools) by extension 'colcon_pkg'
[0.274s] Level 1:colcon.colcon_core.package_identification:_identify(interbotix_ros_toolboxes/interbotix_common_toolbox/interbotix_tf_tools) by extensions ['colcon_meta']
[0.274s] Level 1:colcon.colcon_core.package_identification:_identify(interbotix_ros_toolboxes/interbotix_common_toolbox/interbotix_tf_tools) by extension 'colcon_meta'
[0.274s] Level 1:colcon.colcon_core.package_identification:_identify(interbotix_ros_toolboxes/interbotix_common_toolbox/interbotix_tf_tools) by extensions ['ros']
[0.274s] Level 1:colcon.colcon_core.package_identification:_identify(interbotix_ros_toolboxes/interbotix_common_toolbox/interbotix_tf_tools) by extension 'ros'
[0.274s] DEBUG:colcon.colcon_core.package_identification:Package 'interbotix_ros_toolboxes/interbotix_common_toolbox/interbotix_tf_tools' with type 'ros.ament_cmake' and name 'interbotix_tf_tools'
[0.274s] Level 1:colcon.colcon_core.package_identification:_identify(interbotix_ros_toolboxes/interbotix_io_toolbox) by extensions ['ignore', 'ignore_ament_install']
[0.275s] Level 1:colcon.colcon_core.package_identification:_identify(interbotix_ros_toolboxes/interbotix_io_toolbox) by extension 'ignore'
[0.275s] Level 1:colcon.colcon_core.package_identification:_identify(interbotix_ros_toolboxes/interbotix_io_toolbox) ignored
[0.275s] Level 1:colcon.colcon_core.package_identification:_identify(interbotix_ros_toolboxes/interbotix_perception_toolbox) by extensions ['ignore', 'ignore_ament_install']
[0.275s] Level 1:colcon.colcon_core.package_identification:_identify(interbotix_ros_toolboxes/interbotix_perception_toolbox) by extension 'ignore'
[0.275s] Level 1:colcon.colcon_core.package_identification:_identify(interbotix_ros_toolboxes/interbotix_perception_toolbox) ignored
[0.275s] Level 1:colcon.colcon_core.package_identification:_identify(interbotix_ros_toolboxes/interbotix_rpi_toolbox) by extensions ['ignore', 'ignore_ament_install']
[0.275s] Level 1:colcon.colcon_core.package_identification:_identify(interbotix_ros_toolboxes/interbotix_rpi_toolbox) by extension 'ignore'
[0.275s] Level 1:colcon.colcon_core.package_identification:_identify(interbotix_ros_toolboxes/interbotix_rpi_toolbox) ignored
[0.275s] Level 1:colcon.colcon_core.package_identification:_identify(interbotix_ros_toolboxes/interbotix_xs_toolbox) by extensions ['ignore', 'ignore_ament_install']
[0.275s] Level 1:colcon.colcon_core.package_identification:_identify(interbotix_ros_toolboxes/interbotix_xs_toolbox) by extension 'ignore'
[0.275s] Level 1:colcon.colcon_core.package_identification:_identify(interbotix_ros_toolboxes/interbotix_xs_toolbox) by extension 'ignore_ament_install'
[0.275s] Level 1:colcon.colcon_core.package_identification:_identify(interbotix_ros_toolboxes/interbotix_xs_toolbox) by extensions ['colcon_pkg']
[0.275s] Level 1:colcon.colcon_core.package_identification:_identify(interbotix_ros_toolboxes/interbotix_xs_toolbox) by extension 'colcon_pkg'
[0.275s] Level 1:colcon.colcon_core.package_identification:_identify(interbotix_ros_toolboxes/interbotix_xs_toolbox) by extensions ['colcon_meta']
[0.275s] Level 1:colcon.colcon_core.package_identification:_identify(interbotix_ros_toolboxes/interbotix_xs_toolbox) by extension 'colcon_meta'
[0.275s] Level 1:colcon.colcon_core.package_identification:_identify(interbotix_ros_toolboxes/interbotix_xs_toolbox) by extensions ['ros']
[0.275s] Level 1:colcon.colcon_core.package_identification:_identify(interbotix_ros_toolboxes/interbotix_xs_toolbox) by extension 'ros'
[0.275s] Level 1:colcon.colcon_core.package_identification:_identify(interbotix_ros_toolboxes/interbotix_xs_toolbox) by extensions ['cmake', 'python']
[0.275s] Level 1:colcon.colcon_core.package_identification:_identify(interbotix_ros_toolboxes/interbotix_xs_toolbox) by extension 'cmake'
[0.275s] Level 1:colcon.colcon_core.package_identification:_identify(interbotix_ros_toolboxes/interbotix_xs_toolbox) by extension 'python'
[0.275s] Level 1:colcon.colcon_core.package_identification:_identify(interbotix_ros_toolboxes/interbotix_xs_toolbox) by extensions ['python_setup_py']
[0.275s] Level 1:colcon.colcon_core.package_identification:_identify(interbotix_ros_toolboxes/interbotix_xs_toolbox) by extension 'python_setup_py'
[0.275s] Level 1:colcon.colcon_core.package_identification:_identify(interbotix_ros_toolboxes/interbotix_xs_toolbox/interbotix_xs_modules) by extensions ['ignore', 'ignore_ament_install']
[0.275s] Level 1:colcon.colcon_core.package_identification:_identify(interbotix_ros_toolboxes/interbotix_xs_toolbox/interbotix_xs_modules) by extension 'ignore'
[0.275s] Level 1:colcon.colcon_core.package_identification:_identify(interbotix_ros_toolboxes/interbotix_xs_toolbox/interbotix_xs_modules) by extension 'ignore_ament_install'
[0.275s] Level 1:colcon.colcon_core.package_identification:_identify(interbotix_ros_toolboxes/interbotix_xs_toolbox/interbotix_xs_modules) by extensions ['colcon_pkg']
[0.275s] Level 1:colcon.colcon_core.package_identification:_identify(interbotix_ros_toolboxes/interbotix_xs_toolbox/interbotix_xs_modules) by extension 'colcon_pkg'
[0.275s] Level 1:colcon.colcon_core.package_identification:_identify(interbotix_ros_toolboxes/interbotix_xs_toolbox/interbotix_xs_modules) by extensions ['colcon_meta']
[0.275s] Level 1:colcon.colcon_core.package_identification:_identify(interbotix_ros_toolboxes/interbotix_xs_toolbox/interbotix_xs_modules) by extension 'colcon_meta'
[0.275s] Level 1:colcon.colcon_core.package_identification:_identify(interbotix_ros_toolboxes/interbotix_xs_toolbox/interbotix_xs_modules) by extensions ['ros']
[0.275s] Level 1:colcon.colcon_core.package_identification:_identify(interbotix_ros_toolboxes/interbotix_xs_toolbox/interbotix_xs_modules) by extension 'ros'
[0.276s] DEBUG:colcon.colcon_core.package_identification:Package 'interbotix_ros_toolboxes/interbotix_xs_toolbox/interbotix_xs_modules' with type 'ros.ament_python' and name 'interbotix_xs_modules'
[0.276s] Level 1:colcon.colcon_core.package_identification:_identify(interbotix_ros_toolboxes/interbotix_xs_toolbox/interbotix_xs_ros_control) by extensions ['ignore', 'ignore_ament_install']
[0.276s] Level 1:colcon.colcon_core.package_identification:_identify(interbotix_ros_toolboxes/interbotix_xs_toolbox/interbotix_xs_ros_control) by extension 'ignore'
[0.276s] Level 1:colcon.colcon_core.package_identification:_identify(interbotix_ros_toolboxes/interbotix_xs_toolbox/interbotix_xs_ros_control) by extension 'ignore_ament_install'
[0.276s] Level 1:colcon.colcon_core.package_identification:_identify(interbotix_ros_toolboxes/interbotix_xs_toolbox/interbotix_xs_ros_control) by extensions ['colcon_pkg']
[0.276s] Level 1:colcon.colcon_core.package_identification:_identify(interbotix_ros_toolboxes/interbotix_xs_toolbox/interbotix_xs_ros_control) by extension 'colcon_pkg'
[0.276s] Level 1:colcon.colcon_core.package_identification:_identify(interbotix_ros_toolboxes/interbotix_xs_toolbox/interbotix_xs_ros_control) by extensions ['colcon_meta']
[0.276s] Level 1:colcon.colcon_core.package_identification:_identify(interbotix_ros_toolboxes/interbotix_xs_toolbox/interbotix_xs_ros_control) by extension 'colcon_meta'
[0.277s] Level 1:colcon.colcon_core.package_identification:_identify(interbotix_ros_toolboxes/interbotix_xs_toolbox/interbotix_xs_ros_control) by extensions ['ros']
[0.277s] Level 1:colcon.colcon_core.package_identification:_identify(interbotix_ros_toolboxes/interbotix_xs_toolbox/interbotix_xs_ros_control) by extension 'ros'
[0.277s] DEBUG:colcon.colcon_core.package_identification:Package 'interbotix_ros_toolboxes/interbotix_xs_toolbox/interbotix_xs_ros_control' with type 'ros.ament_cmake' and name 'interbotix_xs_ros_control'
[0.277s] Level 1:colcon.colcon_core.package_identification:_identify(interbotix_ros_toolboxes/interbotix_xs_toolbox/interbotix_xs_rviz) by extensions ['ignore', 'ignore_ament_install']
[0.277s] Level 1:colcon.colcon_core.package_identification:_identify(interbotix_ros_toolboxes/interbotix_xs_toolbox/interbotix_xs_rviz) by extension 'ignore'
[0.277s] Level 1:colcon.colcon_core.package_identification:_identify(interbotix_ros_toolboxes/interbotix_xs_toolbox/interbotix_xs_rviz) by extension 'ignore_ament_install'
[0.278s] Level 1:colcon.colcon_core.package_identification:_identify(interbotix_ros_toolboxes/interbotix_xs_toolbox/interbotix_xs_rviz) by extensions ['colcon_pkg']
[0.278s] Level 1:colcon.colcon_core.package_identification:_identify(interbotix_ros_toolboxes/interbotix_xs_toolbox/interbotix_xs_rviz) by extension 'colcon_pkg'
[0.278s] Level 1:colcon.colcon_core.package_identification:_identify(interbotix_ros_toolboxes/interbotix_xs_toolbox/interbotix_xs_rviz) by extensions ['colcon_meta']
[0.278s] Level 1:colcon.colcon_core.package_identification:_identify(interbotix_ros_toolboxes/interbotix_xs_toolbox/interbotix_xs_rviz) by extension 'colcon_meta'
[0.278s] Level 1:colcon.colcon_core.package_identification:_identify(interbotix_ros_toolboxes/interbotix_xs_toolbox/interbotix_xs_rviz) by extensions ['ros']
[0.278s] Level 1:colcon.colcon_core.package_identification:_identify(interbotix_ros_toolboxes/interbotix_xs_toolbox/interbotix_xs_rviz) by extension 'ros'
[0.278s] DEBUG:colcon.colcon_core.package_identification:Package 'interbotix_ros_toolboxes/interbotix_xs_toolbox/interbotix_xs_rviz' with type 'ros.ament_cmake' and name 'interbotix_xs_rviz'
[0.278s] Level 1:colcon.colcon_core.package_identification:_identify(interbotix_ros_toolboxes/interbotix_xs_toolbox/interbotix_xs_toolbox) by extensions ['ignore', 'ignore_ament_install']
[0.278s] Level 1:colcon.colcon_core.package_identification:_identify(interbotix_ros_toolboxes/interbotix_xs_toolbox/interbotix_xs_toolbox) by extension 'ignore'
[0.278s] Level 1:colcon.colcon_core.package_identification:_identify(interbotix_ros_toolboxes/interbotix_xs_toolbox/interbotix_xs_toolbox) by extension 'ignore_ament_install'
[0.278s] Level 1:colcon.colcon_core.package_identification:_identify(interbotix_ros_toolboxes/interbotix_xs_toolbox/interbotix_xs_toolbox) by extensions ['colcon_pkg']
[0.278s] Level 1:colcon.colcon_core.package_identification:_identify(interbotix_ros_toolboxes/interbotix_xs_toolbox/interbotix_xs_toolbox) by extension 'colcon_pkg'
[0.278s] Level 1:colcon.colcon_core.package_identification:_identify(interbotix_ros_toolboxes/interbotix_xs_toolbox/interbotix_xs_toolbox) by extensions ['colcon_meta']
[0.278s] Level 1:colcon.colcon_core.package_identification:_identify(interbotix_ros_toolboxes/interbotix_xs_toolbox/interbotix_xs_toolbox) by extension 'colcon_meta'
[0.278s] Level 1:colcon.colcon_core.package_identification:_identify(interbotix_ros_toolboxes/interbotix_xs_toolbox/interbotix_xs_toolbox) by extensions ['ros']
[0.278s] Level 1:colcon.colcon_core.package_identification:_identify(interbotix_ros_toolboxes/interbotix_xs_toolbox/interbotix_xs_toolbox) by extension 'ros'
[0.279s] DEBUG:colcon.colcon_core.package_identification:Package 'interbotix_ros_toolboxes/interbotix_xs_toolbox/interbotix_xs_toolbox' with type 'ros.ament_cmake' and name 'interbotix_xs_toolbox'
[0.279s] Level 1:colcon.colcon_core.package_identification:_identify(interbotix_ros_toolboxes/third_party_libraries) by extensions ['ignore', 'ignore_ament_install']
[0.279s] Level 1:colcon.colcon_core.package_identification:_identify(interbotix_ros_toolboxes/third_party_libraries) by extension 'ignore'
[0.279s] Level 1:colcon.colcon_core.package_identification:_identify(interbotix_ros_toolboxes/third_party_libraries) by extension 'ignore_ament_install'
[0.279s] Level 1:colcon.colcon_core.package_identification:_identify(interbotix_ros_toolboxes/third_party_libraries) by extensions ['colcon_pkg']
[0.279s] Level 1:colcon.colcon_core.package_identification:_identify(interbotix_ros_toolboxes/third_party_libraries) by extension 'colcon_pkg'
[0.279s] Level 1:colcon.colcon_core.package_identification:_identify(interbotix_ros_toolboxes/third_party_libraries) by extensions ['colcon_meta']
[0.279s] Level 1:colcon.colcon_core.package_identification:_identify(interbotix_ros_toolboxes/third_party_libraries) by extension 'colcon_meta'
[0.279s] Level 1:colcon.colcon_core.package_identification:_identify(interbotix_ros_toolboxes/third_party_libraries) by extensions ['ros']
[0.279s] Level 1:colcon.colcon_core.package_identification:_identify(interbotix_ros_toolboxes/third_party_libraries) by extension 'ros'
[0.279s] Level 1:colcon.colcon_core.package_identification:_identify(interbotix_ros_toolboxes/third_party_libraries) by extensions ['cmake', 'python']
[0.279s] Level 1:colcon.colcon_core.package_identification:_identify(interbotix_ros_toolboxes/third_party_libraries) by extension 'cmake'
[0.279s] Level 1:colcon.colcon_core.package_identification:_identify(interbotix_ros_toolboxes/third_party_libraries) by extension 'python'
[0.279s] Level 1:colcon.colcon_core.package_identification:_identify(interbotix_ros_toolboxes/third_party_libraries) by extensions ['python_setup_py']
[0.279s] Level 1:colcon.colcon_core.package_identification:_identify(interbotix_ros_toolboxes/third_party_libraries) by extension 'python_setup_py'
[0.279s] Level 1:colcon.colcon_core.package_identification:_identify(interbotix_ros_toolboxes/third_party_libraries/ModernRobotics) by extensions ['ignore', 'ignore_ament_install']
[0.279s] Level 1:colcon.colcon_core.package_identification:_identify(interbotix_ros_toolboxes/third_party_libraries/ModernRobotics) by extension 'ignore'
[0.279s] Level 1:colcon.colcon_core.package_identification:_identify(interbotix_ros_toolboxes/third_party_libraries/ModernRobotics) by extension 'ignore_ament_install'
[0.279s] Level 1:colcon.colcon_core.package_identification:_identify(interbotix_ros_toolboxes/third_party_libraries/ModernRobotics) by extensions ['colcon_pkg']
[0.279s] Level 1:colcon.colcon_core.package_identification:_identify(interbotix_ros_toolboxes/third_party_libraries/ModernRobotics) by extension 'colcon_pkg'
[0.279s] Level 1:colcon.colcon_core.package_identification:_identify(interbotix_ros_toolboxes/third_party_libraries/ModernRobotics) by extensions ['colcon_meta']
[0.279s] Level 1:colcon.colcon_core.package_identification:_identify(interbotix_ros_toolboxes/third_party_libraries/ModernRobotics) by extension 'colcon_meta'
[0.280s] Level 1:colcon.colcon_core.package_identification:_identify(interbotix_ros_toolboxes/third_party_libraries/ModernRobotics) by extensions ['ros']
[0.280s] Level 1:colcon.colcon_core.package_identification:_identify(interbotix_ros_toolboxes/third_party_libraries/ModernRobotics) by extension 'ros'
[0.280s] Level 1:colcon.colcon_core.package_identification:_identify(interbotix_ros_toolboxes/third_party_libraries/ModernRobotics) by extensions ['cmake', 'python']
[0.280s] Level 1:colcon.colcon_core.package_identification:_identify(interbotix_ros_toolboxes/third_party_libraries/ModernRobotics) by extension 'cmake'
[0.280s] Level 1:colcon.colcon_core.package_identification:_identify(interbotix_ros_toolboxes/third_party_libraries/ModernRobotics) by extension 'python'
[0.280s] Level 1:colcon.colcon_core.package_identification:_identify(interbotix_ros_toolboxes/third_party_libraries/ModernRobotics) by extensions ['python_setup_py']
[0.280s] Level 1:colcon.colcon_core.package_identification:_identify(interbotix_ros_toolboxes/third_party_libraries/ModernRobotics) by extension 'python_setup_py'
[0.280s] Level 1:colcon.colcon_core.package_identification:_identify(kobuki) by extensions ['ignore', 'ignore_ament_install']
[0.280s] Level 1:colcon.colcon_core.package_identification:_identify(kobuki) by extension 'ignore'
[0.280s] Level 1:colcon.colcon_core.package_identification:_identify(kobuki) by extension 'ignore_ament_install'
[0.280s] Level 1:colcon.colcon_core.package_identification:_identify(kobuki) by extensions ['colcon_pkg']
[0.280s] Level 1:colcon.colcon_core.package_identification:_identify(kobuki) by extension 'colcon_pkg'
[0.280s] Level 1:colcon.colcon_core.package_identification:_identify(kobuki) by extensions ['colcon_meta']
[0.280s] Level 1:colcon.colcon_core.package_identification:_identify(kobuki) by extension 'colcon_meta'
[0.280s] Level 1:colcon.colcon_core.package_identification:_identify(kobuki) by extensions ['ros']
[0.280s] Level 1:colcon.colcon_core.package_identification:_identify(kobuki) by extension 'ros'
[0.280s] DEBUG:colcon.colcon_core.package_identification:Package 'kobuki' with type 'ros.ament_cmake' and name 'kobuki'
[0.280s] Level 1:colcon.colcon_core.package_identification:_identify(log) by extensions ['ignore', 'ignore_ament_install']
[0.280s] Level 1:colcon.colcon_core.package_identification:_identify(log) by extension 'ignore'
[0.280s] Level 1:colcon.colcon_core.package_identification:_identify(log) ignored
[0.281s] Level 1:colcon.colcon_core.package_identification:_identify(moveit_visual_tools) by extensions ['ignore', 'ignore_ament_install']
[0.281s] Level 1:colcon.colcon_core.package_identification:_identify(moveit_visual_tools) by extension 'ignore'
[0.281s] Level 1:colcon.colcon_core.package_identification:_identify(moveit_visual_tools) by extension 'ignore_ament_install'
[0.281s] Level 1:colcon.colcon_core.package_identification:_identify(moveit_visual_tools) by extensions ['colcon_pkg']
[0.281s] Level 1:colcon.colcon_core.package_identification:_identify(moveit_visual_tools) by extension 'colcon_pkg'
[0.281s] Level 1:colcon.colcon_core.package_identification:_identify(moveit_visual_tools) by extensions ['colcon_meta']
[0.281s] Level 1:colcon.colcon_core.package_identification:_identify(moveit_visual_tools) by extension 'colcon_meta'
[0.281s] Level 1:colcon.colcon_core.package_identification:_identify(moveit_visual_tools) by extensions ['ros']
[0.281s] Level 1:colcon.colcon_core.package_identification:_identify(moveit_visual_tools) by extension 'ros'
[0.282s] DEBUG:colcon.colcon_core.package_identification:Package 'moveit_visual_tools' with type 'ros.ament_cmake' and name 'moveit_visual_tools'
[0.282s] Level 1:colcon.colcon_core.package_discovery:discover_packages(recursive) using defaults
[0.282s] Level 1:colcon.colcon_core.package_discovery:discover_packages(ignore) discover
[0.282s] Level 1:colcon.colcon_core.package_discovery:discover_packages(ignore) using defaults
[0.282s] Level 1:colcon.colcon_core.package_discovery:discover_packages(path) discover
[0.282s] Level 1:colcon.colcon_core.package_discovery:discover_packages(path) using defaults
[0.299s] INFO:colcon.colcon_metadata.metadata.colcon_pkg:Updating descriptor of package 'ThirdParty/gazebo_plugins/gazebo_plugins' from colcon.pkg: {'dependencies': ['Gazebo']}
[0.320s] Level 5:colcon.colcon_core.verb:set package 'astra_camera_msgs' build argument 'cmake_args' from command line to 'None'
[0.320s] Level 5:colcon.colcon_core.verb:set package 'astra_camera_msgs' build argument 'cmake_target' from command line to 'None'
[0.320s] Level 5:colcon.colcon_core.verb:set package 'astra_camera_msgs' build argument 'cmake_target_skip_unavailable' from command line to 'False'
[0.320s] Level 5:colcon.colcon_core.verb:set package 'astra_camera_msgs' build argument 'cmake_clean_cache' from command line to 'False'
[0.320s] Level 5:colcon.colcon_core.verb:set package 'astra_camera_msgs' build argument 'cmake_clean_first' from command line to 'False'
[0.320s] Level 5:colcon.colcon_core.verb:set package 'astra_camera_msgs' build argument 'cmake_force_configure' from command line to 'False'
[0.320s] Level 5:colcon.colcon_core.verb:set package 'astra_camera_msgs' build argument 'ament_cmake_args' from command line to 'None'
[0.320s] Level 5:colcon.colcon_core.verb:set package 'astra_camera_msgs' build argument 'catkin_cmake_args' from command line to 'None'
[0.320s] Level 5:colcon.colcon_core.verb:set package 'astra_camera_msgs' build argument 'catkin_skip_building_tests' from command line to 'False'
[0.320s] DEBUG:colcon.colcon_core.verb:Building package 'astra_camera_msgs' with the following arguments: {'ament_cmake_args': None, 'build_base': '/home/wellyowo/locobot_sim/locobot_ws/src/build/astra_camera_msgs', 'catkin_cmake_args': None, 'catkin_skip_building_tests': False, 'cmake_args': None, 'cmake_clean_cache': False, 'cmake_clean_first': False, 'cmake_force_configure': False, 'cmake_target': None, 'cmake_target_skip_unavailable': False, 'install_base': '/home/wellyowo/locobot_sim/locobot_ws/src/install/astra_camera_msgs', 'merge_install': False, 'path': '/home/wellyowo/locobot_sim/locobot_ws/src/ThirdParty/ros_astra_camera/astra_camera_msgs', 'symlink_install': False, 'test_result_base': None}
[0.320s] Level 5:colcon.colcon_core.verb:set package 'ecl_command_line' build argument 'cmake_args' from command line to 'None'
[0.320s] Level 5:colcon.colcon_core.verb:set package 'ecl_command_line' build argument 'cmake_target' from command line to 'None'
[0.320s] Level 5:colcon.colcon_core.verb:set package 'ecl_command_line' build argument 'cmake_target_skip_unavailable' from command line to 'False'
[0.320s] Level 5:colcon.colcon_core.verb:set package 'ecl_command_line' build argument 'cmake_clean_cache' from command line to 'False'
[0.320s] Level 5:colcon.colcon_core.verb:set package 'ecl_command_line' build argument 'cmake_clean_first' from command line to 'False'
[0.320s] Level 5:colcon.colcon_core.verb:set package 'ecl_command_line' build argument 'cmake_force_configure' from command line to 'False'
[0.320s] Level 5:colcon.colcon_core.verb:set package 'ecl_command_line' build argument 'ament_cmake_args' from command line to 'None'
[0.320s] Level 5:colcon.colcon_core.verb:set package 'ecl_command_line' build argument 'catkin_cmake_args' from command line to 'None'
[0.320s] Level 5:colcon.colcon_core.verb:set package 'ecl_command_line' build argument 'catkin_skip_building_tests' from command line to 'False'
[0.320s] DEBUG:colcon.colcon_core.verb:Building package 'ecl_command_line' with the following arguments: {'ament_cmake_args': None, 'build_base': '/home/wellyowo/locobot_sim/locobot_ws/src/build/ecl_command_line', 'catkin_cmake_args': None, 'catkin_skip_building_tests': False, 'cmake_args': None, 'cmake_clean_cache': False, 'cmake_clean_first': False, 'cmake_force_configure': False, 'cmake_target': None, 'cmake_target_skip_unavailable': False, 'install_base': '/home/wellyowo/locobot_sim/locobot_ws/src/install/ecl_command_line', 'merge_install': False, 'path': '/home/wellyowo/locobot_sim/locobot_ws/src/ThirdParty/ecl/ecl_core/ecl_command_line', 'symlink_install': False, 'test_result_base': None}
[0.320s] Level 5:colcon.colcon_core.verb:set package 'ecl_config' build argument 'cmake_args' from command line to 'None'
[0.320s] Level 5:colcon.colcon_core.verb:set package 'ecl_config' build argument 'cmake_target' from command line to 'None'
[0.320s] Level 5:colcon.colcon_core.verb:set package 'ecl_config' build argument 'cmake_target_skip_unavailable' from command line to 'False'
[0.320s] Level 5:colcon.colcon_core.verb:set package 'ecl_config' build argument 'cmake_clean_cache' from command line to 'False'
[0.320s] Level 5:colcon.colcon_core.verb:set package 'ecl_config' build argument 'cmake_clean_first' from command line to 'False'
[0.320s] Level 5:colcon.colcon_core.verb:set package 'ecl_config' build argument 'cmake_force_configure' from command line to 'False'
[0.321s] Level 5:colcon.colcon_core.verb:set package 'ecl_config' build argument 'ament_cmake_args' from command line to 'None'
[0.321s] Level 5:colcon.colcon_core.verb:set package 'ecl_config' build argument 'catkin_cmake_args' from command line to 'None'
[0.321s] Level 5:colcon.colcon_core.verb:set package 'ecl_config' build argument 'catkin_skip_building_tests' from command line to 'False'
[0.321s] DEBUG:colcon.colcon_core.verb:Building package 'ecl_config' with the following arguments: {'ament_cmake_args': None, 'build_base': '/home/wellyowo/locobot_sim/locobot_ws/src/build/ecl_config', 'catkin_cmake_args': None, 'catkin_skip_building_tests': False, 'cmake_args': None, 'cmake_clean_cache': False, 'cmake_clean_first': False, 'cmake_force_configure': False, 'cmake_target': None, 'cmake_target_skip_unavailable': False, 'install_base': '/home/wellyowo/locobot_sim/locobot_ws/src/install/ecl_config', 'merge_install': False, 'path': '/home/wellyowo/locobot_sim/locobot_ws/src/ThirdParty/ecl/ecl_lite/ecl_config', 'symlink_install': False, 'test_result_base': None}
[0.321s] Level 5:colcon.colcon_core.verb:set package 'ecl_eigen' build argument 'cmake_args' from command line to 'None'
[0.321s] Level 5:colcon.colcon_core.verb:set package 'ecl_eigen' build argument 'cmake_target' from command line to 'None'
[0.321s] Level 5:colcon.colcon_core.verb:set package 'ecl_eigen' build argument 'cmake_target_skip_unavailable' from command line to 'False'
[0.321s] Level 5:colcon.colcon_core.verb:set package 'ecl_eigen' build argument 'cmake_clean_cache' from command line to 'False'
[0.321s] Level 5:colcon.colcon_core.verb:set package 'ecl_eigen' build argument 'cmake_clean_first' from command line to 'False'
[0.321s] Level 5:colcon.colcon_core.verb:set package 'ecl_eigen' build argument 'cmake_force_configure' from command line to 'False'
[0.321s] Level 5:colcon.colcon_core.verb:set package 'ecl_eigen' build argument 'ament_cmake_args' from command line to 'None'
[0.321s] Level 5:colcon.colcon_core.verb:set package 'ecl_eigen' build argument 'catkin_cmake_args' from command line to 'None'
[0.321s] Level 5:colcon.colcon_core.verb:set package 'ecl_eigen' build argument 'catkin_skip_building_tests' from command line to 'False'
[0.321s] DEBUG:colcon.colcon_core.verb:Building package 'ecl_eigen' with the following arguments: {'ament_cmake_args': None, 'build_base': '/home/wellyowo/locobot_sim/locobot_ws/src/build/ecl_eigen', 'catkin_cmake_args': None, 'catkin_skip_building_tests': False, 'cmake_args': None, 'cmake_clean_cache': False, 'cmake_clean_first': False, 'cmake_force_configure': False, 'cmake_target': None, 'cmake_target_skip_unavailable': False, 'install_base': '/home/wellyowo/locobot_sim/locobot_ws/src/install/ecl_eigen', 'merge_install': False, 'path': '/home/wellyowo/locobot_sim/locobot_ws/src/ThirdParty/ecl/ecl_core/ecl_eigen', 'symlink_install': False, 'test_result_base': None}
[0.321s] Level 5:colcon.colcon_core.verb:set package 'ecl_mpl' build argument 'cmake_args' from command line to 'None'
[0.321s] Level 5:colcon.colcon_core.verb:set package 'ecl_mpl' build argument 'cmake_target' from command line to 'None'
[0.321s] Level 5:colcon.colcon_core.verb:set package 'ecl_mpl' build argument 'cmake_target_skip_unavailable' from command line to 'False'
[0.321s] Level 5:colcon.colcon_core.verb:set package 'ecl_mpl' build argument 'cmake_clean_cache' from command line to 'False'
[0.321s] Level 5:colcon.colcon_core.verb:set package 'ecl_mpl' build argument 'cmake_clean_first' from command line to 'False'
[0.321s] Level 5:colcon.colcon_core.verb:set package 'ecl_mpl' build argument 'cmake_force_configure' from command line to 'False'
[0.321s] Level 5:colcon.colcon_core.verb:set package 'ecl_mpl' build argument 'ament_cmake_args' from command line to 'None'
[0.321s] Level 5:colcon.colcon_core.verb:set package 'ecl_mpl' build argument 'catkin_cmake_args' from command line to 'None'
[0.321s] Level 5:colcon.colcon_core.verb:set package 'ecl_mpl' build argument 'catkin_skip_building_tests' from command line to 'False'
[0.321s] DEBUG:colcon.colcon_core.verb:Building package 'ecl_mpl' with the following arguments: {'ament_cmake_args': None, 'build_base': '/home/wellyowo/locobot_sim/locobot_ws/src/build/ecl_mpl', 'catkin_cmake_args': None, 'catkin_skip_building_tests': False, 'cmake_args': None, 'cmake_clean_cache': False, 'cmake_clean_first': False, 'cmake_force_configure': False, 'cmake_target': None, 'cmake_target_skip_unavailable': False, 'install_base': '/home/wellyowo/locobot_sim/locobot_ws/src/install/ecl_mpl', 'merge_install': False, 'path': '/home/wellyowo/locobot_sim/locobot_ws/src/ThirdParty/ecl/ecl_core/ecl_mpl', 'symlink_install': False, 'test_result_base': None}
[0.321s] Level 5:colcon.colcon_core.verb:set package 'gazebo_plugins' build argument 'cmake_args' from command line to 'None'
[0.321s] Level 5:colcon.colcon_core.verb:set package 'gazebo_plugins' build argument 'cmake_target' from command line to 'None'
[0.321s] Level 5:colcon.colcon_core.verb:set package 'gazebo_plugins' build argument 'cmake_target_skip_unavailable' from command line to 'False'
[0.321s] Level 5:colcon.colcon_core.verb:set package 'gazebo_plugins' build argument 'cmake_clean_cache' from command line to 'False'
[0.322s] Level 5:colcon.colcon_core.verb:set package 'gazebo_plugins' build argument 'cmake_clean_first' from command line to 'False'
[0.322s] Level 5:colcon.colcon_core.verb:set package 'gazebo_plugins' build argument 'cmake_force_configure' from command line to 'False'
[0.322s] Level 5:colcon.colcon_core.verb:set package 'gazebo_plugins' build argument 'ament_cmake_args' from command line to 'None'
[0.322s] Level 5:colcon.colcon_core.verb:set package 'gazebo_plugins' build argument 'catkin_cmake_args' from command line to 'None'
[0.322s] Level 5:colcon.colcon_core.verb:set package 'gazebo_plugins' build argument 'catkin_skip_building_tests' from command line to 'False'
[0.322s] DEBUG:colcon.colcon_core.verb:Building package 'gazebo_plugins' with the following arguments: {'ament_cmake_args': None, 'build_base': '/home/wellyowo/locobot_sim/locobot_ws/src/build/gazebo_plugins', 'catkin_cmake_args': None, 'catkin_skip_building_tests': False, 'cmake_args': None, 'cmake_clean_cache': False, 'cmake_clean_first': False, 'cmake_force_configure': False, 'cmake_target': None, 'cmake_target_skip_unavailable': False, 'install_base': '/home/wellyowo/locobot_sim/locobot_ws/src/install/gazebo_plugins', 'merge_install': False, 'path': '/home/wellyowo/locobot_sim/locobot_ws/src/ThirdParty/gazebo_plugins/gazebo_plugins', 'symlink_install': False, 'test_result_base': None}
[0.322s] Level 5:colcon.colcon_core.verb:set package 'interbotix_common_modules' build argument 'cmake_args' from command line to 'None'
[0.322s] Level 5:colcon.colcon_core.verb:set package 'interbotix_common_modules' build argument 'cmake_target' from command line to 'None'
[0.322s] Level 5:colcon.colcon_core.verb:set package 'interbotix_common_modules' build argument 'cmake_target_skip_unavailable' from command line to 'False'
[0.322s] Level 5:colcon.colcon_core.verb:set package 'interbotix_common_modules' build argument 'cmake_clean_cache' from command line to 'False'
[0.322s] Level 5:colcon.colcon_core.verb:set package 'interbotix_common_modules' build argument 'cmake_clean_first' from command line to 'False'
[0.322s] Level 5:colcon.colcon_core.verb:set package 'interbotix_common_modules' build argument 'cmake_force_configure' from command line to 'False'
[0.322s] Level 5:colcon.colcon_core.verb:set package 'interbotix_common_modules' build argument 'ament_cmake_args' from command line to 'None'
[0.322s] Level 5:colcon.colcon_core.verb:set package 'interbotix_common_modules' build argument 'catkin_cmake_args' from command line to 'None'
[0.322s] Level 5:colcon.colcon_core.verb:set package 'interbotix_common_modules' build argument 'catkin_skip_building_tests' from command line to 'False'
[0.322s] DEBUG:colcon.colcon_core.verb:Building package 'interbotix_common_modules' with the following arguments: {'ament_cmake_args': None, 'build_base': '/home/wellyowo/locobot_sim/locobot_ws/src/build/interbotix_common_modules', 'catkin_cmake_args': None, 'catkin_skip_building_tests': False, 'cmake_args': None, 'cmake_clean_cache': False, 'cmake_clean_first': False, 'cmake_force_configure': False, 'cmake_target': None, 'cmake_target_skip_unavailable': False, 'install_base': '/home/wellyowo/locobot_sim/locobot_ws/src/install/interbotix_common_modules', 'merge_install': False, 'path': '/home/wellyowo/locobot_sim/locobot_ws/src/interbotix_ros_toolboxes/interbotix_common_toolbox/interbotix_common_modules', 'symlink_install': False, 'test_result_base': None}
[0.322s] Level 5:colcon.colcon_core.verb:set package 'interbotix_common_sim' build argument 'cmake_args' from command line to 'None'
[0.322s] Level 5:colcon.colcon_core.verb:set package 'interbotix_common_sim' build argument 'cmake_target' from command line to 'None'
[0.322s] Level 5:colcon.colcon_core.verb:set package 'interbotix_common_sim' build argument 'cmake_target_skip_unavailable' from command line to 'False'
[0.322s] Level 5:colcon.colcon_core.verb:set package 'interbotix_common_sim' build argument 'cmake_clean_cache' from command line to 'False'
[0.322s] Level 5:colcon.colcon_core.verb:set package 'interbotix_common_sim' build argument 'cmake_clean_first' from command line to 'False'
[0.322s] Level 5:colcon.colcon_core.verb:set package 'interbotix_common_sim' build argument 'cmake_force_configure' from command line to 'False'
[0.322s] Level 5:colcon.colcon_core.verb:set package 'interbotix_common_sim' build argument 'ament_cmake_args' from command line to 'None'
[0.322s] Level 5:colcon.colcon_core.verb:set package 'interbotix_common_sim' build argument 'catkin_cmake_args' from command line to 'None'
[0.322s] Level 5:colcon.colcon_core.verb:set package 'interbotix_common_sim' build argument 'catkin_skip_building_tests' from command line to 'False'
[0.322s] DEBUG:colcon.colcon_core.verb:Building package 'interbotix_common_sim' with the following arguments: {'ament_cmake_args': None, 'build_base': '/home/wellyowo/locobot_sim/locobot_ws/src/build/interbotix_common_sim', 'catkin_cmake_args': None, 'catkin_skip_building_tests': False, 'cmake_args': None, 'cmake_clean_cache': False, 'cmake_clean_first': False, 'cmake_force_configure': False, 'cmake_target': None, 'cmake_target_skip_unavailable': False, 'install_base': '/home/wellyowo/locobot_sim/locobot_ws/src/install/interbotix_common_sim', 'merge_install': False, 'path': '/home/wellyowo/locobot_sim/locobot_ws/src/interbotix_ros_toolboxes/interbotix_common_toolbox/interbotix_common_sim', 'symlink_install': False, 'test_result_base': None}
[0.322s] Level 5:colcon.colcon_core.verb:set package 'interbotix_tf_tools' build argument 'cmake_args' from command line to 'None'
[0.322s] Level 5:colcon.colcon_core.verb:set package 'interbotix_tf_tools' build argument 'cmake_target' from command line to 'None'
[0.322s] Level 5:colcon.colcon_core.verb:set package 'interbotix_tf_tools' build argument 'cmake_target_skip_unavailable' from command line to 'False'
[0.322s] Level 5:colcon.colcon_core.verb:set package 'interbotix_tf_tools' build argument 'cmake_clean_cache' from command line to 'False'
[0.322s] Level 5:colcon.colcon_core.verb:set package 'interbotix_tf_tools' build argument 'cmake_clean_first' from command line to 'False'
[0.322s] Level 5:colcon.colcon_core.verb:set package 'interbotix_tf_tools' build argument 'cmake_force_configure' from command line to 'False'
[0.322s] Level 5:colcon.colcon_core.verb:set package 'interbotix_tf_tools' build argument 'ament_cmake_args' from command line to 'None'
[0.322s] Level 5:colcon.colcon_core.verb:set package 'interbotix_tf_tools' build argument 'catkin_cmake_args' from command line to 'None'
[0.323s] Level 5:colcon.colcon_core.verb:set package 'interbotix_tf_tools' build argument 'catkin_skip_building_tests' from command line to 'False'
[0.323s] DEBUG:colcon.colcon_core.verb:Building package 'interbotix_tf_tools' with the following arguments: {'ament_cmake_args': None, 'build_base': '/home/wellyowo/locobot_sim/locobot_ws/src/build/interbotix_tf_tools', 'catkin_cmake_args': None, 'catkin_skip_building_tests': False, 'cmake_args': None, 'cmake_clean_cache': False, 'cmake_clean_first': False, 'cmake_force_configure': False, 'cmake_target': None, 'cmake_target_skip_unavailable': False, 'install_base': '/home/wellyowo/locobot_sim/locobot_ws/src/install/interbotix_tf_tools', 'merge_install': False, 'path': '/home/wellyowo/locobot_sim/locobot_ws/src/interbotix_ros_toolboxes/interbotix_common_toolbox/interbotix_tf_tools', 'symlink_install': False, 'test_result_base': None}
[0.323s] Level 5:colcon.colcon_core.verb:set package 'interbotix_xs_msgs' build argument 'cmake_args' from command line to 'None'
[0.323s] Level 5:colcon.colcon_core.verb:set package 'interbotix_xs_msgs' build argument 'cmake_target' from command line to 'None'
[0.323s] Level 5:colcon.colcon_core.verb:set package 'interbotix_xs_msgs' build argument 'cmake_target_skip_unavailable' from command line to 'False'
[0.323s] Level 5:colcon.colcon_core.verb:set package 'interbotix_xs_msgs' build argument 'cmake_clean_cache' from command line to 'False'
[0.323s] Level 5:colcon.colcon_core.verb:set package 'interbotix_xs_msgs' build argument 'cmake_clean_first' from command line to 'False'
[0.323s] Level 5:colcon.colcon_core.verb:set package 'interbotix_xs_msgs' build argument 'cmake_force_configure' from command line to 'False'
[0.323s] Level 5:colcon.colcon_core.verb:set package 'interbotix_xs_msgs' build argument 'ament_cmake_args' from command line to 'None'
[0.323s] Level 5:colcon.colcon_core.verb:set package 'interbotix_xs_msgs' build argument 'catkin_cmake_args' from command line to 'None'
[0.323s] Level 5:colcon.colcon_core.verb:set package 'interbotix_xs_msgs' build argument 'catkin_skip_building_tests' from command line to 'False'
[0.323s] DEBUG:colcon.colcon_core.verb:Building package 'interbotix_xs_msgs' with the following arguments: {'ament_cmake_args': None, 'build_base': '/home/wellyowo/locobot_sim/locobot_ws/src/build/interbotix_xs_msgs', 'catkin_cmake_args': None, 'catkin_skip_building_tests': False, 'cmake_args': None, 'cmake_clean_cache': False, 'cmake_clean_first': False, 'cmake_force_configure': False, 'cmake_target': None, 'cmake_target_skip_unavailable': False, 'install_base': '/home/wellyowo/locobot_sim/locobot_ws/src/install/interbotix_xs_msgs', 'merge_install': False, 'path': '/home/wellyowo/locobot_sim/locobot_ws/src/interbotix_ros_core/interbotix_ros_xseries/interbotix_xs_msgs', 'symlink_install': False, 'test_result_base': None}
[0.323s] Level 5:colcon.colcon_core.verb:set package 'kobuki_bumper2pc' build argument 'cmake_args' from command line to 'None'
[0.323s] Level 5:colcon.colcon_core.verb:set package 'kobuki_bumper2pc' build argument 'cmake_target' from command line to 'None'
[0.323s] Level 5:colcon.colcon_core.verb:set package 'kobuki_bumper2pc' build argument 'cmake_target_skip_unavailable' from command line to 'False'
[0.323s] Level 5:colcon.colcon_core.verb:set package 'kobuki_bumper2pc' build argument 'cmake_clean_cache' from command line to 'False'
[0.323s] Level 5:colcon.colcon_core.verb:set package 'kobuki_bumper2pc' build argument 'cmake_clean_first' from command line to 'False'
[0.323s] Level 5:colcon.colcon_core.verb:set package 'kobuki_bumper2pc' build argument 'cmake_force_configure' from command line to 'False'
[0.323s] Level 5:colcon.colcon_core.verb:set package 'kobuki_bumper2pc' build argument 'ament_cmake_args' from command line to 'None'
[0.323s] Level 5:colcon.colcon_core.verb:set package 'kobuki_bumper2pc' build argument 'catkin_cmake_args' from command line to 'None'
[0.323s] Level 5:colcon.colcon_core.verb:set package 'kobuki_bumper2pc' build argument 'catkin_skip_building_tests' from command line to 'False'
[0.323s] DEBUG:colcon.colcon_core.verb:Building package 'kobuki_bumper2pc' with the following arguments: {'ament_cmake_args': None, 'build_base': '/home/wellyowo/locobot_sim/locobot_ws/src/build/kobuki_bumper2pc', 'catkin_cmake_args': None, 'catkin_skip_building_tests': False, 'cmake_args': None, 'cmake_clean_cache': False, 'cmake_clean_first': False, 'cmake_force_configure': False, 'cmake_target': None, 'cmake_target_skip_unavailable': False, 'install_base': '/home/wellyowo/locobot_sim/locobot_ws/src/install/kobuki_bumper2pc', 'merge_install': False, 'path': '/home/wellyowo/locobot_sim/locobot_ws/src/ThirdParty/kobuki_ros/kobuki_bumper2pc', 'symlink_install': False, 'test_result_base': None}
[0.323s] Level 5:colcon.colcon_core.verb:set package 'kobuki_description' build argument 'cmake_args' from command line to 'None'
[0.323s] Level 5:colcon.colcon_core.verb:set package 'kobuki_description' build argument 'cmake_target' from command line to 'None'
[0.323s] Level 5:colcon.colcon_core.verb:set package 'kobuki_description' build argument 'cmake_target_skip_unavailable' from command line to 'False'
[0.323s] Level 5:colcon.colcon_core.verb:set package 'kobuki_description' build argument 'cmake_clean_cache' from command line to 'False'
[0.323s] Level 5:colcon.colcon_core.verb:set package 'kobuki_description' build argument 'cmake_clean_first' from command line to 'False'
[0.323s] Level 5:colcon.colcon_core.verb:set package 'kobuki_description' build argument 'cmake_force_configure' from command line to 'False'
[0.323s] Level 5:colcon.colcon_core.verb:set package 'kobuki_description' build argument 'ament_cmake_args' from command line to 'None'
[0.323s] Level 5:colcon.colcon_core.verb:set package 'kobuki_description' build argument 'catkin_cmake_args' from command line to 'None'
[0.323s] Level 5:colcon.colcon_core.verb:set package 'kobuki_description' build argument 'catkin_skip_building_tests' from command line to 'False'
[0.323s] DEBUG:colcon.colcon_core.verb:Building package 'kobuki_description' with the following arguments: {'ament_cmake_args': None, 'build_base': '/home/wellyowo/locobot_sim/locobot_ws/src/build/kobuki_description', 'catkin_cmake_args': None, 'catkin_skip_building_tests': False, 'cmake_args': None, 'cmake_clean_cache': False, 'cmake_clean_first': False, 'cmake_force_configure': False, 'cmake_target': None, 'cmake_target_skip_unavailable': False, 'install_base': '/home/wellyowo/locobot_sim/locobot_ws/src/install/kobuki_description', 'merge_install': False, 'path': '/home/wellyowo/locobot_sim/locobot_ws/src/ThirdParty/kobuki_ros/kobuki_description', 'symlink_install': False, 'test_result_base': None}
[0.324s] Level 5:colcon.colcon_core.verb:set package 'kobuki_keyop' build argument 'cmake_args' from command line to 'None'
[0.324s] Level 5:colcon.colcon_core.verb:set package 'kobuki_keyop' build argument 'cmake_target' from command line to 'None'
[0.324s] Level 5:colcon.colcon_core.verb:set package 'kobuki_keyop' build argument 'cmake_target_skip_unavailable' from command line to 'False'
[0.324s] Level 5:colcon.colcon_core.verb:set package 'kobuki_keyop' build argument 'cmake_clean_cache' from command line to 'False'
[0.324s] Level 5:colcon.colcon_core.verb:set package 'kobuki_keyop' build argument 'cmake_clean_first' from command line to 'False'
[0.324s] Level 5:colcon.colcon_core.verb:set package 'kobuki_keyop' build argument 'cmake_force_configure' from command line to 'False'
[0.324s] Level 5:colcon.colcon_core.verb:set package 'kobuki_keyop' build argument 'ament_cmake_args' from command line to 'None'
[0.324s] Level 5:colcon.colcon_core.verb:set package 'kobuki_keyop' build argument 'catkin_cmake_args' from command line to 'None'
[0.324s] Level 5:colcon.colcon_core.verb:set package 'kobuki_keyop' build argument 'catkin_skip_building_tests' from command line to 'False'
[0.324s] DEBUG:colcon.colcon_core.verb:Building package 'kobuki_keyop' with the following arguments: {'ament_cmake_args': None, 'build_base': '/home/wellyowo/locobot_sim/locobot_ws/src/build/kobuki_keyop', 'catkin_cmake_args': None, 'catkin_skip_building_tests': False, 'cmake_args': None, 'cmake_clean_cache': False, 'cmake_clean_first': False, 'cmake_force_configure': False, 'cmake_target': None, 'cmake_target_skip_unavailable': False, 'install_base': '/home/wellyowo/locobot_sim/locobot_ws/src/install/kobuki_keyop', 'merge_install': False, 'path': '/home/wellyowo/locobot_sim/locobot_ws/src/ThirdParty/kobuki_ros/kobuki_keyop', 'symlink_install': False, 'test_result_base': None}
[0.324s] Level 5:colcon.colcon_core.verb:set package 'kobuki_random_walker' build argument 'cmake_args' from command line to 'None'
[0.324s] Level 5:colcon.colcon_core.verb:set package 'kobuki_random_walker' build argument 'cmake_target' from command line to 'None'
[0.324s] Level 5:colcon.colcon_core.verb:set package 'kobuki_random_walker' build argument 'cmake_target_skip_unavailable' from command line to 'False'
[0.324s] Level 5:colcon.colcon_core.verb:set package 'kobuki_random_walker' build argument 'cmake_clean_cache' from command line to 'False'
[0.324s] Level 5:colcon.colcon_core.verb:set package 'kobuki_random_walker' build argument 'cmake_clean_first' from command line to 'False'
[0.324s] Level 5:colcon.colcon_core.verb:set package 'kobuki_random_walker' build argument 'cmake_force_configure' from command line to 'False'
[0.324s] Level 5:colcon.colcon_core.verb:set package 'kobuki_random_walker' build argument 'ament_cmake_args' from command line to 'None'
[0.324s] Level 5:colcon.colcon_core.verb:set package 'kobuki_random_walker' build argument 'catkin_cmake_args' from command line to 'None'
[0.324s] Level 5:colcon.colcon_core.verb:set package 'kobuki_random_walker' build argument 'catkin_skip_building_tests' from command line to 'False'
[0.324s] DEBUG:colcon.colcon_core.verb:Building package 'kobuki_random_walker' with the following arguments: {'ament_cmake_args': None, 'build_base': '/home/wellyowo/locobot_sim/locobot_ws/src/build/kobuki_random_walker', 'catkin_cmake_args': None, 'catkin_skip_building_tests': False, 'cmake_args': None, 'cmake_clean_cache': False, 'cmake_clean_first': False, 'cmake_force_configure': False, 'cmake_target': None, 'cmake_target_skip_unavailable': False, 'install_base': '/home/wellyowo/locobot_sim/locobot_ws/src/install/kobuki_random_walker', 'merge_install': False, 'path': '/home/wellyowo/locobot_sim/locobot_ws/src/ThirdParty/kobuki_ros/kobuki_random_walker', 'symlink_install': False, 'test_result_base': None}
[0.324s] Level 5:colcon.colcon_core.verb:set package 'kobuki_safety_controller' build argument 'cmake_args' from command line to 'None'
[0.324s] Level 5:colcon.colcon_core.verb:set package 'kobuki_safety_controller' build argument 'cmake_target' from command line to 'None'
[0.324s] Level 5:colcon.colcon_core.verb:set package 'kobuki_safety_controller' build argument 'cmake_target_skip_unavailable' from command line to 'False'
[0.324s] Level 5:colcon.colcon_core.verb:set package 'kobuki_safety_controller' build argument 'cmake_clean_cache' from command line to 'False'
[0.324s] Level 5:colcon.colcon_core.verb:set package 'kobuki_safety_controller' build argument 'cmake_clean_first' from command line to 'False'
[0.324s] Level 5:colcon.colcon_core.verb:set package 'kobuki_safety_controller' build argument 'cmake_force_configure' from command line to 'False'
[0.324s] Level 5:colcon.colcon_core.verb:set package 'kobuki_safety_controller' build argument 'ament_cmake_args' from command line to 'None'
[0.324s] Level 5:colcon.colcon_core.verb:set package 'kobuki_safety_controller' build argument 'catkin_cmake_args' from command line to 'None'
[0.324s] Level 5:colcon.colcon_core.verb:set package 'kobuki_safety_controller' build argument 'catkin_skip_building_tests' from command line to 'False'
[0.324s] DEBUG:colcon.colcon_core.verb:Building package 'kobuki_safety_controller' with the following arguments: {'ament_cmake_args': None, 'build_base': '/home/wellyowo/locobot_sim/locobot_ws/src/build/kobuki_safety_controller', 'catkin_cmake_args': None, 'catkin_skip_building_tests': False, 'cmake_args': None, 'cmake_clean_cache': False, 'cmake_clean_first': False, 'cmake_force_configure': False, 'cmake_target': None, 'cmake_target_skip_unavailable': False, 'install_base': '/home/wellyowo/locobot_sim/locobot_ws/src/install/kobuki_safety_controller', 'merge_install': False, 'path': '/home/wellyowo/locobot_sim/locobot_ws/src/ThirdParty/kobuki_ros/kobuki_safety_controller', 'symlink_install': False, 'test_result_base': None}
[0.325s] Level 5:colcon.colcon_core.verb:set package 'moveit_visual_tools' build argument 'cmake_args' from command line to 'None'
[0.325s] Level 5:colcon.colcon_core.verb:set package 'moveit_visual_tools' build argument 'cmake_target' from command line to 'None'
[0.325s] Level 5:colcon.colcon_core.verb:set package 'moveit_visual_tools' build argument 'cmake_target_skip_unavailable' from command line to 'False'
[0.325s] Level 5:colcon.colcon_core.verb:set package 'moveit_visual_tools' build argument 'cmake_clean_cache' from command line to 'False'
[0.325s] Level 5:colcon.colcon_core.verb:set package 'moveit_visual_tools' build argument 'cmake_clean_first' from command line to 'False'
[0.325s] Level 5:colcon.colcon_core.verb:set package 'moveit_visual_tools' build argument 'cmake_force_configure' from command line to 'False'
[0.325s] Level 5:colcon.colcon_core.verb:set package 'moveit_visual_tools' build argument 'ament_cmake_args' from command line to 'None'
[0.325s] Level 5:colcon.colcon_core.verb:set package 'moveit_visual_tools' build argument 'catkin_cmake_args' from command line to 'None'
[0.325s] Level 5:colcon.colcon_core.verb:set package 'moveit_visual_tools' build argument 'catkin_skip_building_tests' from command line to 'False'
[0.325s] DEBUG:colcon.colcon_core.verb:Building package 'moveit_visual_tools' with the following arguments: {'ament_cmake_args': None, 'build_base': '/home/wellyowo/locobot_sim/locobot_ws/src/build/moveit_visual_tools', 'catkin_cmake_args': None, 'catkin_skip_building_tests': False, 'cmake_args': None, 'cmake_clean_cache': False, 'cmake_clean_first': False, 'cmake_force_configure': False, 'cmake_target': None, 'cmake_target_skip_unavailable': False, 'install_base': '/home/wellyowo/locobot_sim/locobot_ws/src/install/moveit_visual_tools', 'merge_install': False, 'path': '/home/wellyowo/locobot_sim/locobot_ws/src/moveit_visual_tools', 'symlink_install': False, 'test_result_base': None}
[0.325s] Level 5:colcon.colcon_core.verb:set package 'openni2_camera' build argument 'cmake_args' from command line to 'None'
[0.325s] Level 5:colcon.colcon_core.verb:set package 'openni2_camera' build argument 'cmake_target' from command line to 'None'
[0.325s] Level 5:colcon.colcon_core.verb:set package 'openni2_camera' build argument 'cmake_target_skip_unavailable' from command line to 'False'
[0.325s] Level 5:colcon.colcon_core.verb:set package 'openni2_camera' build argument 'cmake_clean_cache' from command line to 'False'
[0.325s] Level 5:colcon.colcon_core.verb:set package 'openni2_camera' build argument 'cmake_clean_first' from command line to 'False'
[0.325s] Level 5:colcon.colcon_core.verb:set package 'openni2_camera' build argument 'cmake_force_configure' from command line to 'False'
[0.325s] Level 5:colcon.colcon_core.verb:set package 'openni2_camera' build argument 'ament_cmake_args' from command line to 'None'
[0.325s] Level 5:colcon.colcon_core.verb:set package 'openni2_camera' build argument 'catkin_cmake_args' from command line to 'None'
[0.325s] Level 5:colcon.colcon_core.verb:set package 'openni2_camera' build argument 'catkin_skip_building_tests' from command line to 'False'
[0.325s] DEBUG:colcon.colcon_core.verb:Building package 'openni2_camera' with the following arguments: {'ament_cmake_args': None, 'build_base': '/home/wellyowo/locobot_sim/locobot_ws/src/build/openni2_camera', 'catkin_cmake_args': None, 'catkin_skip_building_tests': False, 'cmake_args': None, 'cmake_clean_cache': False, 'cmake_clean_first': False, 'cmake_force_configure': False, 'cmake_target': None, 'cmake_target_skip_unavailable': False, 'install_base': '/home/wellyowo/locobot_sim/locobot_ws/src/install/openni2_camera', 'merge_install': False, 'path': '/home/wellyowo/locobot_sim/locobot_ws/src/ThirdParty/openni2_camera/openni2_camera', 'symlink_install': False, 'test_result_base': None}
[0.325s] Level 5:colcon.colcon_core.verb:set package 'rplidar_ros' build argument 'cmake_args' from command line to 'None'
[0.325s] Level 5:colcon.colcon_core.verb:set package 'rplidar_ros' build argument 'cmake_target' from command line to 'None'
[0.325s] Level 5:colcon.colcon_core.verb:set package 'rplidar_ros' build argument 'cmake_target_skip_unavailable' from command line to 'False'
[0.325s] Level 5:colcon.colcon_core.verb:set package 'rplidar_ros' build argument 'cmake_clean_cache' from command line to 'False'
[0.325s] Level 5:colcon.colcon_core.verb:set package 'rplidar_ros' build argument 'cmake_clean_first' from command line to 'False'
[0.325s] Level 5:colcon.colcon_core.verb:set package 'rplidar_ros' build argument 'cmake_force_configure' from command line to 'False'
[0.325s] Level 5:colcon.colcon_core.verb:set package 'rplidar_ros' build argument 'ament_cmake_args' from command line to 'None'
[0.325s] Level 5:colcon.colcon_core.verb:set package 'rplidar_ros' build argument 'catkin_cmake_args' from command line to 'None'
[0.325s] Level 5:colcon.colcon_core.verb:set package 'rplidar_ros' build argument 'catkin_skip_building_tests' from command line to 'False'
[0.325s] DEBUG:colcon.colcon_core.verb:Building package 'rplidar_ros' with the following arguments: {'ament_cmake_args': None, 'build_base': '/home/wellyowo/locobot_sim/locobot_ws/src/build/rplidar_ros', 'catkin_cmake_args': None, 'catkin_skip_building_tests': False, 'cmake_args': None, 'cmake_clean_cache': False, 'cmake_clean_first': False, 'cmake_force_configure': False, 'cmake_target': None, 'cmake_target_skip_unavailable': False, 'install_base': '/home/wellyowo/locobot_sim/locobot_ws/src/install/rplidar_ros', 'merge_install': False, 'path': '/home/wellyowo/locobot_sim/locobot_ws/src/ThirdParty/rplidar_ros', 'symlink_install': False, 'test_result_base': None}
[0.326s] Level 5:colcon.colcon_core.verb:set package 'sophus' build argument 'cmake_args' from command line to 'None'
[0.326s] Level 5:colcon.colcon_core.verb:set package 'sophus' build argument 'cmake_target' from command line to 'None'
[0.326s] Level 5:colcon.colcon_core.verb:set package 'sophus' build argument 'cmake_target_skip_unavailable' from command line to 'False'
[0.326s] Level 5:colcon.colcon_core.verb:set package 'sophus' build argument 'cmake_clean_cache' from command line to 'False'
[0.326s] Level 5:colcon.colcon_core.verb:set package 'sophus' build argument 'cmake_clean_first' from command line to 'False'
[0.326s] Level 5:colcon.colcon_core.verb:set package 'sophus' build argument 'cmake_force_configure' from command line to 'False'
[0.326s] Level 5:colcon.colcon_core.verb:set package 'sophus' build argument 'ament_cmake_args' from command line to 'None'
[0.326s] Level 5:colcon.colcon_core.verb:set package 'sophus' build argument 'catkin_cmake_args' from command line to 'None'
[0.326s] Level 5:colcon.colcon_core.verb:set package 'sophus' build argument 'catkin_skip_building_tests' from command line to 'False'
[0.326s] DEBUG:colcon.colcon_core.verb:Building package 'sophus' with the following arguments: {'ament_cmake_args': None, 'build_base': '/home/wellyowo/locobot_sim/locobot_ws/src/build/sophus', 'catkin_cmake_args': None, 'catkin_skip_building_tests': False, 'cmake_args': None, 'cmake_clean_cache': False, 'cmake_clean_first': False, 'cmake_force_configure': False, 'cmake_target': None, 'cmake_target_skip_unavailable': False, 'install_base': '/home/wellyowo/locobot_sim/locobot_ws/src/install/sophus', 'merge_install': False, 'path': '/home/wellyowo/locobot_sim/locobot_ws/src/ThirdParty/sophus', 'symlink_install': False, 'test_result_base': None}
[0.326s] Level 5:colcon.colcon_core.verb:set package 'astra_camera' build argument 'cmake_args' from command line to 'None'
[0.326s] Level 5:colcon.colcon_core.verb:set package 'astra_camera' build argument 'cmake_target' from command line to 'None'
[0.326s] Level 5:colcon.colcon_core.verb:set package 'astra_camera' build argument 'cmake_target_skip_unavailable' from command line to 'False'
[0.326s] Level 5:colcon.colcon_core.verb:set package 'astra_camera' build argument 'cmake_clean_cache' from command line to 'False'
[0.326s] Level 5:colcon.colcon_core.verb:set package 'astra_camera' build argument 'cmake_clean_first' from command line to 'False'
[0.326s] Level 5:colcon.colcon_core.verb:set package 'astra_camera' build argument 'cmake_force_configure' from command line to 'False'
[0.326s] Level 5:colcon.colcon_core.verb:set package 'astra_camera' build argument 'ament_cmake_args' from command line to 'None'
[0.326s] Level 5:colcon.colcon_core.verb:set package 'astra_camera' build argument 'catkin_cmake_args' from command line to 'None'
[0.326s] Level 5:colcon.colcon_core.verb:set package 'astra_camera' build argument 'catkin_skip_building_tests' from command line to 'False'
[0.326s] DEBUG:colcon.colcon_core.verb:Building package 'astra_camera' with the following arguments: {'ament_cmake_args': None, 'build_base': '/home/wellyowo/locobot_sim/locobot_ws/src/build/astra_camera', 'catkin_cmake_args': None, 'catkin_skip_building_tests': False, 'cmake_args': None, 'cmake_clean_cache': False, 'cmake_clean_first': False, 'cmake_force_configure': False, 'cmake_target': None, 'cmake_target_skip_unavailable': False, 'install_base': '/home/wellyowo/locobot_sim/locobot_ws/src/install/astra_camera', 'merge_install': False, 'path': '/home/wellyowo/locobot_sim/locobot_ws/src/ThirdParty/ros_astra_camera/astra_camera', 'symlink_install': False, 'test_result_base': None}
[0.326s] Level 5:colcon.colcon_core.verb:set package 'aws_robomaker_bookstore_world' build argument 'cmake_args' from command line to 'None'
[0.327s] Level 5:colcon.colcon_core.verb:set package 'aws_robomaker_bookstore_world' build argument 'cmake_target' from command line to 'None'
[0.327s] Level 5:colcon.colcon_core.verb:set package 'aws_robomaker_bookstore_world' build argument 'cmake_target_skip_unavailable' from command line to 'False'
[0.327s] Level 5:colcon.colcon_core.verb:set package 'aws_robomaker_bookstore_world' build argument 'cmake_clean_cache' from command line to 'False'
[0.327s] Level 5:colcon.colcon_core.verb:set package 'aws_robomaker_bookstore_world' build argument 'cmake_clean_first' from command line to 'False'
[0.327s] Level 5:colcon.colcon_core.verb:set package 'aws_robomaker_bookstore_world' build argument 'cmake_force_configure' from command line to 'False'
[0.327s] Level 5:colcon.colcon_core.verb:set package 'aws_robomaker_bookstore_world' build argument 'ament_cmake_args' from command line to 'None'
[0.327s] Level 5:colcon.colcon_core.verb:set package 'aws_robomaker_bookstore_world' build argument 'catkin_cmake_args' from command line to 'None'
[0.327s] Level 5:colcon.colcon_core.verb:set package 'aws_robomaker_bookstore_world' build argument 'catkin_skip_building_tests' from command line to 'False'
[0.327s] DEBUG:colcon.colcon_core.verb:Building package 'aws_robomaker_bookstore_world' with the following arguments: {'ament_cmake_args': None, 'build_base': '/home/wellyowo/locobot_sim/locobot_ws/src/build/aws_robomaker_bookstore_world', 'catkin_cmake_args': None, 'catkin_skip_building_tests': False, 'cmake_args': None, 'cmake_clean_cache': False, 'cmake_clean_first': False, 'cmake_force_configure': False, 'cmake_target': None, 'cmake_target_skip_unavailable': False, 'install_base': '/home/wellyowo/locobot_sim/locobot_ws/src/install/aws_robomaker_bookstore_world', 'merge_install': False, 'path': '/home/wellyowo/locobot_sim/locobot_ws/src/ThirdParty/aws-robomaker-bookstore-world', 'symlink_install': False, 'test_result_base': None}
[0.327s] Level 5:colcon.colcon_core.verb:set package 'aws_robomaker_racetrack_world' build argument 'cmake_args' from command line to 'None'
[0.327s] Level 5:colcon.colcon_core.verb:set package 'aws_robomaker_racetrack_world' build argument 'cmake_target' from command line to 'None'
[0.327s] Level 5:colcon.colcon_core.verb:set package 'aws_robomaker_racetrack_world' build argument 'cmake_target_skip_unavailable' from command line to 'False'
[0.327s] Level 5:colcon.colcon_core.verb:set package 'aws_robomaker_racetrack_world' build argument 'cmake_clean_cache' from command line to 'False'
[0.327s] Level 5:colcon.colcon_core.verb:set package 'aws_robomaker_racetrack_world' build argument 'cmake_clean_first' from command line to 'False'
[0.327s] Level 5:colcon.colcon_core.verb:set package 'aws_robomaker_racetrack_world' build argument 'cmake_force_configure' from command line to 'False'
[0.327s] Level 5:colcon.colcon_core.verb:set package 'aws_robomaker_racetrack_world' build argument 'ament_cmake_args' from command line to 'None'
[0.327s] Level 5:colcon.colcon_core.verb:set package 'aws_robomaker_racetrack_world' build argument 'catkin_cmake_args' from command line to 'None'
[0.327s] Level 5:colcon.colcon_core.verb:set package 'aws_robomaker_racetrack_world' build argument 'catkin_skip_building_tests' from command line to 'False'
[0.327s] DEBUG:colcon.colcon_core.verb:Building package 'aws_robomaker_racetrack_world' with the following arguments: {'ament_cmake_args': None, 'build_base': '/home/wellyowo/locobot_sim/locobot_ws/src/build/aws_robomaker_racetrack_world', 'catkin_cmake_args': None, 'catkin_skip_building_tests': False, 'cmake_args': None, 'cmake_clean_cache': False, 'cmake_clean_first': False, 'cmake_force_configure': False, 'cmake_target': None, 'cmake_target_skip_unavailable': False, 'install_base': '/home/wellyowo/locobot_sim/locobot_ws/src/install/aws_robomaker_racetrack_world', 'merge_install': False, 'path': '/home/wellyowo/locobot_sim/locobot_ws/src/ThirdParty/aws-robomaker-racetrack-world', 'symlink_install': False, 'test_result_base': None}
[0.327s] Level 5:colcon.colcon_core.verb:set package 'aws_robomaker_small_house_world' build argument 'cmake_args' from command line to 'None'
[0.327s] Level 5:colcon.colcon_core.verb:set package 'aws_robomaker_small_house_world' build argument 'cmake_target' from command line to 'None'
[0.327s] Level 5:colcon.colcon_core.verb:set package 'aws_robomaker_small_house_world' build argument 'cmake_target_skip_unavailable' from command line to 'False'
[0.327s] Level 5:colcon.colcon_core.verb:set package 'aws_robomaker_small_house_world' build argument 'cmake_clean_cache' from command line to 'False'
[0.327s] Level 5:colcon.colcon_core.verb:set package 'aws_robomaker_small_house_world' build argument 'cmake_clean_first' from command line to 'False'
[0.327s] Level 5:colcon.colcon_core.verb:set package 'aws_robomaker_small_house_world' build argument 'cmake_force_configure' from command line to 'False'
[0.327s] Level 5:colcon.colcon_core.verb:set package 'aws_robomaker_small_house_world' build argument 'ament_cmake_args' from command line to 'None'
[0.327s] Level 5:colcon.colcon_core.verb:set package 'aws_robomaker_small_house_world' build argument 'catkin_cmake_args' from command line to 'None'
[0.327s] Level 5:colcon.colcon_core.verb:set package 'aws_robomaker_small_house_world' build argument 'catkin_skip_building_tests' from command line to 'False'
[0.327s] DEBUG:colcon.colcon_core.verb:Building package 'aws_robomaker_small_house_world' with the following arguments: {'ament_cmake_args': None, 'build_base': '/home/wellyowo/locobot_sim/locobot_ws/src/build/aws_robomaker_small_house_world', 'catkin_cmake_args': None, 'catkin_skip_building_tests': False, 'cmake_args': None, 'cmake_clean_cache': False, 'cmake_clean_first': False, 'cmake_force_configure': False, 'cmake_target': None, 'cmake_target_skip_unavailable': False, 'install_base': '/home/wellyowo/locobot_sim/locobot_ws/src/install/aws_robomaker_small_house_world', 'merge_install': False, 'path': '/home/wellyowo/locobot_sim/locobot_ws/src/ThirdParty/aws-robomaker-small-house-world', 'symlink_install': False, 'test_result_base': None}
[0.328s] Level 5:colcon.colcon_core.verb:set package 'aws_robomaker_small_warehouse_world' build argument 'cmake_args' from command line to 'None'
[0.328s] Level 5:colcon.colcon_core.verb:set package 'aws_robomaker_small_warehouse_world' build argument 'cmake_target' from command line to 'None'
[0.328s] Level 5:colcon.colcon_core.verb:set package 'aws_robomaker_small_warehouse_world' build argument 'cmake_target_skip_unavailable' from command line to 'False'
[0.328s] Level 5:colcon.colcon_core.verb:set package 'aws_robomaker_small_warehouse_world' build argument 'cmake_clean_cache' from command line to 'False'
[0.328s] Level 5:colcon.colcon_core.verb:set package 'aws_robomaker_small_warehouse_world' build argument 'cmake_clean_first' from command line to 'False'
[0.328s] Level 5:colcon.colcon_core.verb:set package 'aws_robomaker_small_warehouse_world' build argument 'cmake_force_configure' from command line to 'False'
[0.328s] Level 5:colcon.colcon_core.verb:set package 'aws_robomaker_small_warehouse_world' build argument 'ament_cmake_args' from command line to 'None'
[0.328s] Level 5:colcon.colcon_core.verb:set package 'aws_robomaker_small_warehouse_world' build argument 'catkin_cmake_args' from command line to 'None'
[0.328s] Level 5:colcon.colcon_core.verb:set package 'aws_robomaker_small_warehouse_world' build argument 'catkin_skip_building_tests' from command line to 'False'
[0.328s] DEBUG:colcon.colcon_core.verb:Building package 'aws_robomaker_small_warehouse_world' with the following arguments: {'ament_cmake_args': None, 'build_base': '/home/wellyowo/locobot_sim/locobot_ws/src/build/aws_robomaker_small_warehouse_world', 'catkin_cmake_args': None, 'catkin_skip_building_tests': False, 'cmake_args': None, 'cmake_clean_cache': False, 'cmake_clean_first': False, 'cmake_force_configure': False, 'cmake_target': None, 'cmake_target_skip_unavailable': False, 'install_base': '/home/wellyowo/locobot_sim/locobot_ws/src/install/aws_robomaker_small_warehouse_world', 'merge_install': False, 'path': '/home/wellyowo/locobot_sim/locobot_ws/src/ThirdParty/aws-robomaker-small-warehouse-world', 'symlink_install': False, 'test_result_base': None}
[0.328s] Level 5:colcon.colcon_core.verb:set package 'ecl_console' build argument 'cmake_args' from command line to 'None'
[0.328s] Level 5:colcon.colcon_core.verb:set package 'ecl_console' build argument 'cmake_target' from command line to 'None'
[0.328s] Level 5:colcon.colcon_core.verb:set package 'ecl_console' build argument 'cmake_target_skip_unavailable' from command line to 'False'
[0.328s] Level 5:colcon.colcon_core.verb:set package 'ecl_console' build argument 'cmake_clean_cache' from command line to 'False'
[0.328s] Level 5:colcon.colcon_core.verb:set package 'ecl_console' build argument 'cmake_clean_first' from command line to 'False'
[0.328s] Level 5:colcon.colcon_core.verb:set package 'ecl_console' build argument 'cmake_force_configure' from command line to 'False'
[0.328s] Level 5:colcon.colcon_core.verb:set package 'ecl_console' build argument 'ament_cmake_args' from command line to 'None'
[0.328s] Level 5:colcon.colcon_core.verb:set package 'ecl_console' build argument 'catkin_cmake_args' from command line to 'None'
[0.328s] Level 5:colcon.colcon_core.verb:set package 'ecl_console' build argument 'catkin_skip_building_tests' from command line to 'False'
[0.328s] DEBUG:colcon.colcon_core.verb:Building package 'ecl_console' with the following arguments: {'ament_cmake_args': None, 'build_base': '/home/wellyowo/locobot_sim/locobot_ws/src/build/ecl_console', 'catkin_cmake_args': None, 'catkin_skip_building_tests': False, 'cmake_args': None, 'cmake_clean_cache': False, 'cmake_clean_first': False, 'cmake_force_configure': False, 'cmake_target': None, 'cmake_target_skip_unavailable': False, 'install_base': '/home/wellyowo/locobot_sim/locobot_ws/src/install/ecl_console', 'merge_install': False, 'path': '/home/wellyowo/locobot_sim/locobot_ws/src/ThirdParty/ecl/ecl_lite/ecl_console', 'symlink_install': False, 'test_result_base': None}
[0.328s] Level 5:colcon.colcon_core.verb:set package 'ecl_converters_lite' build argument 'cmake_args' from command line to 'None'
[0.328s] Level 5:colcon.colcon_core.verb:set package 'ecl_converters_lite' build argument 'cmake_target' from command line to 'None'
[0.328s] Level 5:colcon.colcon_core.verb:set package 'ecl_converters_lite' build argument 'cmake_target_skip_unavailable' from command line to 'False'
[0.328s] Level 5:colcon.colcon_core.verb:set package 'ecl_converters_lite' build argument 'cmake_clean_cache' from command line to 'False'
[0.328s] Level 5:colcon.colcon_core.verb:set package 'ecl_converters_lite' build argument 'cmake_clean_first' from command line to 'False'
[0.328s] Level 5:colcon.colcon_core.verb:set package 'ecl_converters_lite' build argument 'cmake_force_configure' from command line to 'False'
[0.328s] Level 5:colcon.colcon_core.verb:set package 'ecl_converters_lite' build argument 'ament_cmake_args' from command line to 'None'
[0.328s] Level 5:colcon.colcon_core.verb:set package 'ecl_converters_lite' build argument 'catkin_cmake_args' from command line to 'None'
[0.328s] Level 5:colcon.colcon_core.verb:set package 'ecl_converters_lite' build argument 'catkin_skip_building_tests' from command line to 'False'
[0.328s] DEBUG:colcon.colcon_core.verb:Building package 'ecl_converters_lite' with the following arguments: {'ament_cmake_args': None, 'build_base': '/home/wellyowo/locobot_sim/locobot_ws/src/build/ecl_converters_lite', 'catkin_cmake_args': None, 'catkin_skip_building_tests': False, 'cmake_args': None, 'cmake_clean_cache': False, 'cmake_clean_first': False, 'cmake_force_configure': False, 'cmake_target': None, 'cmake_target_skip_unavailable': False, 'install_base': '/home/wellyowo/locobot_sim/locobot_ws/src/install/ecl_converters_lite', 'merge_install': False, 'path': '/home/wellyowo/locobot_sim/locobot_ws/src/ThirdParty/ecl/ecl_lite/ecl_converters_lite', 'symlink_install': False, 'test_result_base': None}
[0.328s] Level 5:colcon.colcon_core.verb:set package 'ecl_errors' build argument 'cmake_args' from command line to 'None'
[0.329s] Level 5:colcon.colcon_core.verb:set package 'ecl_errors' build argument 'cmake_target' from command line to 'None'
[0.329s] Level 5:colcon.colcon_core.verb:set package 'ecl_errors' build argument 'cmake_target_skip_unavailable' from command line to 'False'
[0.329s] Level 5:colcon.colcon_core.verb:set package 'ecl_errors' build argument 'cmake_clean_cache' from command line to 'False'
[0.329s] Level 5:colcon.colcon_core.verb:set package 'ecl_errors' build argument 'cmake_clean_first' from command line to 'False'
[0.329s] Level 5:colcon.colcon_core.verb:set package 'ecl_errors' build argument 'cmake_force_configure' from command line to 'False'
[0.329s] Level 5:colcon.colcon_core.verb:set package 'ecl_errors' build argument 'ament_cmake_args' from command line to 'None'
[0.329s] Level 5:colcon.colcon_core.verb:set package 'ecl_errors' build argument 'catkin_cmake_args' from command line to 'None'
[0.329s] Level 5:colcon.colcon_core.verb:set package 'ecl_errors' build argument 'catkin_skip_building_tests' from command line to 'False'
[0.329s] DEBUG:colcon.colcon_core.verb:Building package 'ecl_errors' with the following arguments: {'ament_cmake_args': None, 'build_base': '/home/wellyowo/locobot_sim/locobot_ws/src/build/ecl_errors', 'catkin_cmake_args': None, 'catkin_skip_building_tests': False, 'cmake_args': None, 'cmake_clean_cache': False, 'cmake_clean_first': False, 'cmake_force_configure': False, 'cmake_target': None, 'cmake_target_skip_unavailable': False, 'install_base': '/home/wellyowo/locobot_sim/locobot_ws/src/install/ecl_errors', 'merge_install': False, 'path': '/home/wellyowo/locobot_sim/locobot_ws/src/ThirdParty/ecl/ecl_lite/ecl_errors', 'symlink_install': False, 'test_result_base': None}
[0.329s] Level 5:colcon.colcon_core.verb:set package 'ecl_type_traits' build argument 'cmake_args' from command line to 'None'
[0.329s] Level 5:colcon.colcon_core.verb:set package 'ecl_type_traits' build argument 'cmake_target' from command line to 'None'
[0.329s] Level 5:colcon.colcon_core.verb:set package 'ecl_type_traits' build argument 'cmake_target_skip_unavailable' from command line to 'False'
[0.329s] Level 5:colcon.colcon_core.verb:set package 'ecl_type_traits' build argument 'cmake_clean_cache' from command line to 'False'
[0.329s] Level 5:colcon.colcon_core.verb:set package 'ecl_type_traits' build argument 'cmake_clean_first' from command line to 'False'
[0.329s] Level 5:colcon.colcon_core.verb:set package 'ecl_type_traits' build argument 'cmake_force_configure' from command line to 'False'
[0.329s] Level 5:colcon.colcon_core.verb:set package 'ecl_type_traits' build argument 'ament_cmake_args' from command line to 'None'
[0.329s] Level 5:colcon.colcon_core.verb:set package 'ecl_type_traits' build argument 'catkin_cmake_args' from command line to 'None'
[0.329s] Level 5:colcon.colcon_core.verb:set package 'ecl_type_traits' build argument 'catkin_skip_building_tests' from command line to 'False'
[0.329s] DEBUG:colcon.colcon_core.verb:Building package 'ecl_type_traits' with the following arguments: {'ament_cmake_args': None, 'build_base': '/home/wellyowo/locobot_sim/locobot_ws/src/build/ecl_type_traits', 'catkin_cmake_args': None, 'catkin_skip_building_tests': False, 'cmake_args': None, 'cmake_clean_cache': False, 'cmake_clean_first': False, 'cmake_force_configure': False, 'cmake_target': None, 'cmake_target_skip_unavailable': False, 'install_base': '/home/wellyowo/locobot_sim/locobot_ws/src/install/ecl_type_traits', 'merge_install': False, 'path': '/home/wellyowo/locobot_sim/locobot_ws/src/ThirdParty/ecl/ecl_core/ecl_type_traits', 'symlink_install': False, 'test_result_base': None}
[0.329s] Level 5:colcon.colcon_core.verb:set package 'interbotix_gravity_compensation' build argument 'cmake_args' from command line to 'None'
[0.329s] Level 5:colcon.colcon_core.verb:set package 'interbotix_gravity_compensation' build argument 'cmake_target' from command line to 'None'
[0.329s] Level 5:colcon.colcon_core.verb:set package 'interbotix_gravity_compensation' build argument 'cmake_target_skip_unavailable' from command line to 'False'
[0.329s] Level 5:colcon.colcon_core.verb:set package 'interbotix_gravity_compensation' build argument 'cmake_clean_cache' from command line to 'False'
[0.329s] Level 5:colcon.colcon_core.verb:set package 'interbotix_gravity_compensation' build argument 'cmake_clean_first' from command line to 'False'
[0.329s] Level 5:colcon.colcon_core.verb:set package 'interbotix_gravity_compensation' build argument 'cmake_force_configure' from command line to 'False'
[0.329s] Level 5:colcon.colcon_core.verb:set package 'interbotix_gravity_compensation' build argument 'ament_cmake_args' from command line to 'None'
[0.329s] Level 5:colcon.colcon_core.verb:set package 'interbotix_gravity_compensation' build argument 'catkin_cmake_args' from command line to 'None'
[0.329s] Level 5:colcon.colcon_core.verb:set package 'interbotix_gravity_compensation' build argument 'catkin_skip_building_tests' from command line to 'False'
[0.329s] DEBUG:colcon.colcon_core.verb:Building package 'interbotix_gravity_compensation' with the following arguments: {'ament_cmake_args': None, 'build_base': '/home/wellyowo/locobot_sim/locobot_ws/src/build/interbotix_gravity_compensation', 'catkin_cmake_args': None, 'catkin_skip_building_tests': False, 'cmake_args': None, 'cmake_clean_cache': False, 'cmake_clean_first': False, 'cmake_force_configure': False, 'cmake_target': None, 'cmake_target_skip_unavailable': False, 'install_base': '/home/wellyowo/locobot_sim/locobot_ws/src/install/interbotix_gravity_compensation', 'merge_install': False, 'path': '/home/wellyowo/locobot_sim/locobot_ws/src/interbotix_ros_toolboxes/interbotix_common_toolbox/interbotix_gravity_compensation', 'symlink_install': False, 'test_result_base': None}
[0.329s] Level 5:colcon.colcon_core.verb:set package 'interbotix_xs_ros_control' build argument 'cmake_args' from command line to 'None'
[0.329s] Level 5:colcon.colcon_core.verb:set package 'interbotix_xs_ros_control' build argument 'cmake_target' from command line to 'None'
[0.329s] Level 5:colcon.colcon_core.verb:set package 'interbotix_xs_ros_control' build argument 'cmake_target_skip_unavailable' from command line to 'False'
[0.329s] Level 5:colcon.colcon_core.verb:set package 'interbotix_xs_ros_control' build argument 'cmake_clean_cache' from command line to 'False'
[0.329s] Level 5:colcon.colcon_core.verb:set package 'interbotix_xs_ros_control' build argument 'cmake_clean_first' from command line to 'False'
[0.329s] Level 5:colcon.colcon_core.verb:set package 'interbotix_xs_ros_control' build argument 'cmake_force_configure' from command line to 'False'
[0.330s] Level 5:colcon.colcon_core.verb:set package 'interbotix_xs_ros_control' build argument 'ament_cmake_args' from command line to 'None'
[0.330s] Level 5:colcon.colcon_core.verb:set package 'interbotix_xs_ros_control' build argument 'catkin_cmake_args' from command line to 'None'
[0.330s] Level 5:colcon.colcon_core.verb:set package 'interbotix_xs_ros_control' build argument 'catkin_skip_building_tests' from command line to 'False'
[0.330s] DEBUG:colcon.colcon_core.verb:Building package 'interbotix_xs_ros_control' with the following arguments: {'ament_cmake_args': None, 'build_base': '/home/wellyowo/locobot_sim/locobot_ws/src/build/interbotix_xs_ros_control', 'catkin_cmake_args': None, 'catkin_skip_building_tests': False, 'cmake_args': None, 'cmake_clean_cache': False, 'cmake_clean_first': False, 'cmake_force_configure': False, 'cmake_target': None, 'cmake_target_skip_unavailable': False, 'install_base': '/home/wellyowo/locobot_sim/locobot_ws/src/install/interbotix_xs_ros_control', 'merge_install': False, 'path': '/home/wellyowo/locobot_sim/locobot_ws/src/interbotix_ros_toolboxes/interbotix_xs_toolbox/interbotix_xs_ros_control', 'symlink_install': False, 'test_result_base': None}
[0.330s] Level 5:colcon.colcon_core.verb:set package 'interbotix_xs_sdk' build argument 'cmake_args' from command line to 'None'
[0.330s] Level 5:colcon.colcon_core.verb:set package 'interbotix_xs_sdk' build argument 'cmake_target' from command line to 'None'
[0.330s] Level 5:colcon.colcon_core.verb:set package 'interbotix_xs_sdk' build argument 'cmake_target_skip_unavailable' from command line to 'False'
[0.330s] Level 5:colcon.colcon_core.verb:set package 'interbotix_xs_sdk' build argument 'cmake_clean_cache' from command line to 'False'
[0.330s] Level 5:colcon.colcon_core.verb:set package 'interbotix_xs_sdk' build argument 'cmake_clean_first' from command line to 'False'
[0.330s] Level 5:colcon.colcon_core.verb:set package 'interbotix_xs_sdk' build argument 'cmake_force_configure' from command line to 'False'
[0.330s] Level 5:colcon.colcon_core.verb:set package 'interbotix_xs_sdk' build argument 'ament_cmake_args' from command line to 'None'
[0.330s] Level 5:colcon.colcon_core.verb:set package 'interbotix_xs_sdk' build argument 'catkin_cmake_args' from command line to 'None'
[0.330s] Level 5:colcon.colcon_core.verb:set package 'interbotix_xs_sdk' build argument 'catkin_skip_building_tests' from command line to 'False'
[0.330s] DEBUG:colcon.colcon_core.verb:Building package 'interbotix_xs_sdk' with the following arguments: {'ament_cmake_args': None, 'build_base': '/home/wellyowo/locobot_sim/locobot_ws/src/build/interbotix_xs_sdk', 'catkin_cmake_args': None, 'catkin_skip_building_tests': False, 'cmake_args': None, 'cmake_clean_cache': False, 'cmake_clean_first': False, 'cmake_force_configure': False, 'cmake_target': None, 'cmake_target_skip_unavailable': False, 'install_base': '/home/wellyowo/locobot_sim/locobot_ws/src/install/interbotix_xs_sdk', 'merge_install': False, 'path': '/home/wellyowo/locobot_sim/locobot_ws/src/interbotix_ros_core/interbotix_ros_xseries/interbotix_xs_sdk', 'symlink_install': False, 'test_result_base': None}
[0.330s] Level 5:colcon.colcon_core.verb:set package 'kobuki' build argument 'cmake_args' from command line to 'None'
[0.330s] Level 5:colcon.colcon_core.verb:set package 'kobuki' build argument 'cmake_target' from command line to 'None'
[0.330s] Level 5:colcon.colcon_core.verb:set package 'kobuki' build argument 'cmake_target_skip_unavailable' from command line to 'False'
[0.330s] Level 5:colcon.colcon_core.verb:set package 'kobuki' build argument 'cmake_clean_cache' from command line to 'False'
[0.330s] Level 5:colcon.colcon_core.verb:set package 'kobuki' build argument 'cmake_clean_first' from command line to 'False'
[0.330s] Level 5:colcon.colcon_core.verb:set package 'kobuki' build argument 'cmake_force_configure' from command line to 'False'
[0.330s] Level 5:colcon.colcon_core.verb:set package 'kobuki' build argument 'ament_cmake_args' from command line to 'None'
[0.330s] Level 5:colcon.colcon_core.verb:set package 'kobuki' build argument 'catkin_cmake_args' from command line to 'None'
[0.330s] Level 5:colcon.colcon_core.verb:set package 'kobuki' build argument 'catkin_skip_building_tests' from command line to 'False'
[0.330s] DEBUG:colcon.colcon_core.verb:Building package 'kobuki' with the following arguments: {'ament_cmake_args': None, 'build_base': '/home/wellyowo/locobot_sim/locobot_ws/src/build/kobuki', 'catkin_cmake_args': None, 'catkin_skip_building_tests': False, 'cmake_args': None, 'cmake_clean_cache': False, 'cmake_clean_first': False, 'cmake_force_configure': False, 'cmake_target': None, 'cmake_target_skip_unavailable': False, 'install_base': '/home/wellyowo/locobot_sim/locobot_ws/src/install/kobuki', 'merge_install': False, 'path': '/home/wellyowo/locobot_sim/locobot_ws/src/kobuki', 'symlink_install': False, 'test_result_base': None}
[0.330s] Level 5:colcon.colcon_core.verb:set package 'ecl_concepts' build argument 'cmake_args' from command line to 'None'
[0.330s] Level 5:colcon.colcon_core.verb:set package 'ecl_concepts' build argument 'cmake_target' from command line to 'None'
[0.330s] Level 5:colcon.colcon_core.verb:set package 'ecl_concepts' build argument 'cmake_target_skip_unavailable' from command line to 'False'
[0.330s] Level 5:colcon.colcon_core.verb:set package 'ecl_concepts' build argument 'cmake_clean_cache' from command line to 'False'
[0.330s] Level 5:colcon.colcon_core.verb:set package 'ecl_concepts' build argument 'cmake_clean_first' from command line to 'False'
[0.330s] Level 5:colcon.colcon_core.verb:set package 'ecl_concepts' build argument 'cmake_force_configure' from command line to 'False'
[0.330s] Level 5:colcon.colcon_core.verb:set package 'ecl_concepts' build argument 'ament_cmake_args' from command line to 'None'
[0.330s] Level 5:colcon.colcon_core.verb:set package 'ecl_concepts' build argument 'catkin_cmake_args' from command line to 'None'
[0.330s] Level 5:colcon.colcon_core.verb:set package 'ecl_concepts' build argument 'catkin_skip_building_tests' from command line to 'False'
[0.330s] DEBUG:colcon.colcon_core.verb:Building package 'ecl_concepts' with the following arguments: {'ament_cmake_args': None, 'build_base': '/home/wellyowo/locobot_sim/locobot_ws/src/build/ecl_concepts', 'catkin_cmake_args': None, 'catkin_skip_building_tests': False, 'cmake_args': None, 'cmake_clean_cache': False, 'cmake_clean_first': False, 'cmake_force_configure': False, 'cmake_target': None, 'cmake_target_skip_unavailable': False, 'install_base': '/home/wellyowo/locobot_sim/locobot_ws/src/install/ecl_concepts', 'merge_install': False, 'path': '/home/wellyowo/locobot_sim/locobot_ws/src/ThirdParty/ecl/ecl_core/ecl_concepts', 'symlink_install': False, 'test_result_base': None}
[0.331s] Level 5:colcon.colcon_core.verb:set package 'ecl_exceptions' build argument 'cmake_args' from command line to 'None'
[0.331s] Level 5:colcon.colcon_core.verb:set package 'ecl_exceptions' build argument 'cmake_target' from command line to 'None'
[0.331s] Level 5:colcon.colcon_core.verb:set package 'ecl_exceptions' build argument 'cmake_target_skip_unavailable' from command line to 'False'
[0.331s] Level 5:colcon.colcon_core.verb:set package 'ecl_exceptions' build argument 'cmake_clean_cache' from command line to 'False'
[0.331s] Level 5:colcon.colcon_core.verb:set package 'ecl_exceptions' build argument 'cmake_clean_first' from command line to 'False'
[0.331s] Level 5:colcon.colcon_core.verb:set package 'ecl_exceptions' build argument 'cmake_force_configure' from command line to 'False'
[0.331s] Level 5:colcon.colcon_core.verb:set package 'ecl_exceptions' build argument 'ament_cmake_args' from command line to 'None'
[0.331s] Level 5:colcon.colcon_core.verb:set package 'ecl_exceptions' build argument 'catkin_cmake_args' from command line to 'None'
[0.331s] Level 5:colcon.colcon_core.verb:set package 'ecl_exceptions' build argument 'catkin_skip_building_tests' from command line to 'False'
[0.331s] DEBUG:colcon.colcon_core.verb:Building package 'ecl_exceptions' with the following arguments: {'ament_cmake_args': None, 'build_base': '/home/wellyowo/locobot_sim/locobot_ws/src/build/ecl_exceptions', 'catkin_cmake_args': None, 'catkin_skip_building_tests': False, 'cmake_args': None, 'cmake_clean_cache': False, 'cmake_clean_first': False, 'cmake_force_configure': False, 'cmake_target': None, 'cmake_target_skip_unavailable': False, 'install_base': '/home/wellyowo/locobot_sim/locobot_ws/src/install/ecl_exceptions', 'merge_install': False, 'path': '/home/wellyowo/locobot_sim/locobot_ws/src/ThirdParty/ecl/ecl_core/ecl_exceptions', 'symlink_install': False, 'test_result_base': None}
[0.331s] Level 5:colcon.colcon_core.verb:set package 'ecl_filesystem' build argument 'cmake_args' from command line to 'None'
[0.331s] Level 5:colcon.colcon_core.verb:set package 'ecl_filesystem' build argument 'cmake_target' from command line to 'None'
[0.331s] Level 5:colcon.colcon_core.verb:set package 'ecl_filesystem' build argument 'cmake_target_skip_unavailable' from command line to 'False'
[0.331s] Level 5:colcon.colcon_core.verb:set package 'ecl_filesystem' build argument 'cmake_clean_cache' from command line to 'False'
[0.331s] Level 5:colcon.colcon_core.verb:set package 'ecl_filesystem' build argument 'cmake_clean_first' from command line to 'False'
[0.331s] Level 5:colcon.colcon_core.verb:set package 'ecl_filesystem' build argument 'cmake_force_configure' from command line to 'False'
[0.331s] Level 5:colcon.colcon_core.verb:set package 'ecl_filesystem' build argument 'ament_cmake_args' from command line to 'None'
[0.331s] Level 5:colcon.colcon_core.verb:set package 'ecl_filesystem' build argument 'catkin_cmake_args' from command line to 'None'
[0.331s] Level 5:colcon.colcon_core.verb:set package 'ecl_filesystem' build argument 'catkin_skip_building_tests' from command line to 'False'
[0.331s] DEBUG:colcon.colcon_core.verb:Building package 'ecl_filesystem' with the following arguments: {'ament_cmake_args': None, 'build_base': '/home/wellyowo/locobot_sim/locobot_ws/src/build/ecl_filesystem', 'catkin_cmake_args': None, 'catkin_skip_building_tests': False, 'cmake_args': None, 'cmake_clean_cache': False, 'cmake_clean_first': False, 'cmake_force_configure': False, 'cmake_target': None, 'cmake_target_skip_unavailable': False, 'install_base': '/home/wellyowo/locobot_sim/locobot_ws/src/install/ecl_filesystem', 'merge_install': False, 'path': '/home/wellyowo/locobot_sim/locobot_ws/src/ThirdParty/ecl/ecl_core/ecl_filesystem', 'symlink_install': False, 'test_result_base': None}
[0.331s] Level 5:colcon.colcon_core.verb:set package 'ecl_io' build argument 'cmake_args' from command line to 'None'
[0.331s] Level 5:colcon.colcon_core.verb:set package 'ecl_io' build argument 'cmake_target' from command line to 'None'
[0.331s] Level 5:colcon.colcon_core.verb:set package 'ecl_io' build argument 'cmake_target_skip_unavailable' from command line to 'False'
[0.331s] Level 5:colcon.colcon_core.verb:set package 'ecl_io' build argument 'cmake_clean_cache' from command line to 'False'
[0.331s] Level 5:colcon.colcon_core.verb:set package 'ecl_io' build argument 'cmake_clean_first' from command line to 'False'
[0.331s] Level 5:colcon.colcon_core.verb:set package 'ecl_io' build argument 'cmake_force_configure' from command line to 'False'
[0.331s] Level 5:colcon.colcon_core.verb:set package 'ecl_io' build argument 'ament_cmake_args' from command line to 'None'
[0.331s] Level 5:colcon.colcon_core.verb:set package 'ecl_io' build argument 'catkin_cmake_args' from command line to 'None'
[0.331s] Level 5:colcon.colcon_core.verb:set package 'ecl_io' build argument 'catkin_skip_building_tests' from command line to 'False'
[0.331s] DEBUG:colcon.colcon_core.verb:Building package 'ecl_io' with the following arguments: {'ament_cmake_args': None, 'build_base': '/home/wellyowo/locobot_sim/locobot_ws/src/build/ecl_io', 'catkin_cmake_args': None, 'catkin_skip_building_tests': False, 'cmake_args': None, 'cmake_clean_cache': False, 'cmake_clean_first': False, 'cmake_force_configure': False, 'cmake_target': None, 'cmake_target_skip_unavailable': False, 'install_base': '/home/wellyowo/locobot_sim/locobot_ws/src/install/ecl_io', 'merge_install': False, 'path': '/home/wellyowo/locobot_sim/locobot_ws/src/ThirdParty/ecl/ecl_lite/ecl_io', 'symlink_install': False, 'test_result_base': None}
[0.332s] Level 5:colcon.colcon_core.verb:set package 'ecl_math' build argument 'cmake_args' from command line to 'None'
[0.332s] Level 5:colcon.colcon_core.verb:set package 'ecl_math' build argument 'cmake_target' from command line to 'None'
[0.332s] Level 5:colcon.colcon_core.verb:set package 'ecl_math' build argument 'cmake_target_skip_unavailable' from command line to 'False'
[0.332s] Level 5:colcon.colcon_core.verb:set package 'ecl_math' build argument 'cmake_clean_cache' from command line to 'False'
[0.332s] Level 5:colcon.colcon_core.verb:set package 'ecl_math' build argument 'cmake_clean_first' from command line to 'False'
[0.332s] Level 5:colcon.colcon_core.verb:set package 'ecl_math' build argument 'cmake_force_configure' from command line to 'False'
[0.332s] Level 5:colcon.colcon_core.verb:set package 'ecl_math' build argument 'ament_cmake_args' from command line to 'None'
[0.332s] Level 5:colcon.colcon_core.verb:set package 'ecl_math' build argument 'catkin_cmake_args' from command line to 'None'
[0.332s] Level 5:colcon.colcon_core.verb:set package 'ecl_math' build argument 'catkin_skip_building_tests' from command line to 'False'
[0.332s] DEBUG:colcon.colcon_core.verb:Building package 'ecl_math' with the following arguments: {'ament_cmake_args': None, 'build_base': '/home/wellyowo/locobot_sim/locobot_ws/src/build/ecl_math', 'catkin_cmake_args': None, 'catkin_skip_building_tests': False, 'cmake_args': None, 'cmake_clean_cache': False, 'cmake_clean_first': False, 'cmake_force_configure': False, 'cmake_target': None, 'cmake_target_skip_unavailable': False, 'install_base': '/home/wellyowo/locobot_sim/locobot_ws/src/install/ecl_math', 'merge_install': False, 'path': '/home/wellyowo/locobot_sim/locobot_ws/src/ThirdParty/ecl/ecl_core/ecl_math', 'symlink_install': False, 'test_result_base': None}
[0.332s] Level 5:colcon.colcon_core.verb:set package 'ecl_sigslots_lite' build argument 'cmake_args' from command line to 'None'
[0.332s] Level 5:colcon.colcon_core.verb:set package 'ecl_sigslots_lite' build argument 'cmake_target' from command line to 'None'
[0.332s] Level 5:colcon.colcon_core.verb:set package 'ecl_sigslots_lite' build argument 'cmake_target_skip_unavailable' from command line to 'False'
[0.332s] Level 5:colcon.colcon_core.verb:set package 'ecl_sigslots_lite' build argument 'cmake_clean_cache' from command line to 'False'
[0.332s] Level 5:colcon.colcon_core.verb:set package 'ecl_sigslots_lite' build argument 'cmake_clean_first' from command line to 'False'
[0.332s] Level 5:colcon.colcon_core.verb:set package 'ecl_sigslots_lite' build argument 'cmake_force_configure' from command line to 'False'
[0.332s] Level 5:colcon.colcon_core.verb:set package 'ecl_sigslots_lite' build argument 'ament_cmake_args' from command line to 'None'
[0.332s] Level 5:colcon.colcon_core.verb:set package 'ecl_sigslots_lite' build argument 'catkin_cmake_args' from command line to 'None'
[0.332s] Level 5:colcon.colcon_core.verb:set package 'ecl_sigslots_lite' build argument 'catkin_skip_building_tests' from command line to 'False'
[0.332s] DEBUG:colcon.colcon_core.verb:Building package 'ecl_sigslots_lite' with the following arguments: {'ament_cmake_args': None, 'build_base': '/home/wellyowo/locobot_sim/locobot_ws/src/build/ecl_sigslots_lite', 'catkin_cmake_args': None, 'catkin_skip_building_tests': False, 'cmake_args': None, 'cmake_clean_cache': False, 'cmake_clean_first': False, 'cmake_force_configure': False, 'cmake_target': None, 'cmake_target_skip_unavailable': False, 'install_base': '/home/wellyowo/locobot_sim/locobot_ws/src/install/ecl_sigslots_lite', 'merge_install': False, 'path': '/home/wellyowo/locobot_sim/locobot_ws/src/ThirdParty/ecl/ecl_lite/ecl_sigslots_lite', 'symlink_install': False, 'test_result_base': None}
[0.332s] Level 5:colcon.colcon_core.verb:set package 'ecl_time_lite' build argument 'cmake_args' from command line to 'None'
[0.332s] Level 5:colcon.colcon_core.verb:set package 'ecl_time_lite' build argument 'cmake_target' from command line to 'None'
[0.332s] Level 5:colcon.colcon_core.verb:set package 'ecl_time_lite' build argument 'cmake_target_skip_unavailable' from command line to 'False'
[0.332s] Level 5:colcon.colcon_core.verb:set package 'ecl_time_lite' build argument 'cmake_clean_cache' from command line to 'False'
[0.332s] Level 5:colcon.colcon_core.verb:set package 'ecl_time_lite' build argument 'cmake_clean_first' from command line to 'False'
[0.332s] Level 5:colcon.colcon_core.verb:set package 'ecl_time_lite' build argument 'cmake_force_configure' from command line to 'False'
[0.332s] Level 5:colcon.colcon_core.verb:set package 'ecl_time_lite' build argument 'ament_cmake_args' from command line to 'None'
[0.332s] Level 5:colcon.colcon_core.verb:set package 'ecl_time_lite' build argument 'catkin_cmake_args' from command line to 'None'
[0.332s] Level 5:colcon.colcon_core.verb:set package 'ecl_time_lite' build argument 'catkin_skip_building_tests' from command line to 'False'
[0.332s] DEBUG:colcon.colcon_core.verb:Building package 'ecl_time_lite' with the following arguments: {'ament_cmake_args': None, 'build_base': '/home/wellyowo/locobot_sim/locobot_ws/src/build/ecl_time_lite', 'catkin_cmake_args': None, 'catkin_skip_building_tests': False, 'cmake_args': None, 'cmake_clean_cache': False, 'cmake_clean_first': False, 'cmake_force_configure': False, 'cmake_target': None, 'cmake_target_skip_unavailable': False, 'install_base': '/home/wellyowo/locobot_sim/locobot_ws/src/install/ecl_time_lite', 'merge_install': False, 'path': '/home/wellyowo/locobot_sim/locobot_ws/src/ThirdParty/ecl/ecl_lite/ecl_time_lite', 'symlink_install': False, 'test_result_base': None}
[0.333s] Level 5:colcon.colcon_core.verb:set package 'interbotix_common_toolbox' build argument 'cmake_args' from command line to 'None'
[0.333s] Level 5:colcon.colcon_core.verb:set package 'interbotix_common_toolbox' build argument 'cmake_target' from command line to 'None'
[0.333s] Level 5:colcon.colcon_core.verb:set package 'interbotix_common_toolbox' build argument 'cmake_target_skip_unavailable' from command line to 'False'
[0.333s] Level 5:colcon.colcon_core.verb:set package 'interbotix_common_toolbox' build argument 'cmake_clean_cache' from command line to 'False'
[0.333s] Level 5:colcon.colcon_core.verb:set package 'interbotix_common_toolbox' build argument 'cmake_clean_first' from command line to 'False'
[0.333s] Level 5:colcon.colcon_core.verb:set package 'interbotix_common_toolbox' build argument 'cmake_force_configure' from command line to 'False'
[0.333s] Level 5:colcon.colcon_core.verb:set package 'interbotix_common_toolbox' build argument 'ament_cmake_args' from command line to 'None'
[0.333s] Level 5:colcon.colcon_core.verb:set package 'interbotix_common_toolbox' build argument 'catkin_cmake_args' from command line to 'None'
[0.333s] Level 5:colcon.colcon_core.verb:set package 'interbotix_common_toolbox' build argument 'catkin_skip_building_tests' from command line to 'False'
[0.333s] DEBUG:colcon.colcon_core.verb:Building package 'interbotix_common_toolbox' with the following arguments: {'ament_cmake_args': None, 'build_base': '/home/wellyowo/locobot_sim/locobot_ws/src/build/interbotix_common_toolbox', 'catkin_cmake_args': None, 'catkin_skip_building_tests': False, 'cmake_args': None, 'cmake_clean_cache': False, 'cmake_clean_first': False, 'cmake_force_configure': False, 'cmake_target': None, 'cmake_target_skip_unavailable': False, 'install_base': '/home/wellyowo/locobot_sim/locobot_ws/src/install/interbotix_common_toolbox', 'merge_install': False, 'path': '/home/wellyowo/locobot_sim/locobot_ws/src/interbotix_ros_toolboxes/interbotix_common_toolbox/interbotix_common_toolbox', 'symlink_install': False, 'test_result_base': None}
[0.333s] Level 5:colcon.colcon_core.verb:set package 'interbotix_ros_xseries' build argument 'cmake_args' from command line to 'None'
[0.333s] Level 5:colcon.colcon_core.verb:set package 'interbotix_ros_xseries' build argument 'cmake_target' from command line to 'None'
[0.333s] Level 5:colcon.colcon_core.verb:set package 'interbotix_ros_xseries' build argument 'cmake_target_skip_unavailable' from command line to 'False'
[0.333s] Level 5:colcon.colcon_core.verb:set package 'interbotix_ros_xseries' build argument 'cmake_clean_cache' from command line to 'False'
[0.333s] Level 5:colcon.colcon_core.verb:set package 'interbotix_ros_xseries' build argument 'cmake_clean_first' from command line to 'False'
[0.333s] Level 5:colcon.colcon_core.verb:set package 'interbotix_ros_xseries' build argument 'cmake_force_configure' from command line to 'False'
[0.333s] Level 5:colcon.colcon_core.verb:set package 'interbotix_ros_xseries' build argument 'ament_cmake_args' from command line to 'None'
[0.333s] Level 5:colcon.colcon_core.verb:set package 'interbotix_ros_xseries' build argument 'catkin_cmake_args' from command line to 'None'
[0.333s] Level 5:colcon.colcon_core.verb:set package 'interbotix_ros_xseries' build argument 'catkin_skip_building_tests' from command line to 'False'
[0.333s] DEBUG:colcon.colcon_core.verb:Building package 'interbotix_ros_xseries' with the following arguments: {'ament_cmake_args': None, 'build_base': '/home/wellyowo/locobot_sim/locobot_ws/src/build/interbotix_ros_xseries', 'catkin_cmake_args': None, 'catkin_skip_building_tests': False, 'cmake_args': None, 'cmake_clean_cache': False, 'cmake_clean_first': False, 'cmake_force_configure': False, 'cmake_target': None, 'cmake_target_skip_unavailable': False, 'install_base': '/home/wellyowo/locobot_sim/locobot_ws/src/install/interbotix_ros_xseries', 'merge_install': False, 'path': '/home/wellyowo/locobot_sim/locobot_ws/src/interbotix_ros_core/interbotix_ros_xseries/interbotix_ros_xseries', 'symlink_install': False, 'test_result_base': None}
[0.333s] Level 5:colcon.colcon_core.verb:set package 'interbotix_xs_modules' build argument 'cmake_args' from command line to 'None'
[0.333s] Level 5:colcon.colcon_core.verb:set package 'interbotix_xs_modules' build argument 'cmake_target' from command line to 'None'
[0.333s] Level 5:colcon.colcon_core.verb:set package 'interbotix_xs_modules' build argument 'cmake_target_skip_unavailable' from command line to 'False'
[0.333s] Level 5:colcon.colcon_core.verb:set package 'interbotix_xs_modules' build argument 'cmake_clean_cache' from command line to 'False'
[0.333s] Level 5:colcon.colcon_core.verb:set package 'interbotix_xs_modules' build argument 'cmake_clean_first' from command line to 'False'
[0.333s] Level 5:colcon.colcon_core.verb:set package 'interbotix_xs_modules' build argument 'cmake_force_configure' from command line to 'False'
[0.333s] Level 5:colcon.colcon_core.verb:set package 'interbotix_xs_modules' build argument 'ament_cmake_args' from command line to 'None'
[0.333s] Level 5:colcon.colcon_core.verb:set package 'interbotix_xs_modules' build argument 'catkin_cmake_args' from command line to 'None'
[0.333s] Level 5:colcon.colcon_core.verb:set package 'interbotix_xs_modules' build argument 'catkin_skip_building_tests' from command line to 'False'
[0.333s] DEBUG:colcon.colcon_core.verb:Building package 'interbotix_xs_modules' with the following arguments: {'ament_cmake_args': None, 'build_base': '/home/wellyowo/locobot_sim/locobot_ws/src/build/interbotix_xs_modules', 'catkin_cmake_args': None, 'catkin_skip_building_tests': False, 'cmake_args': None, 'cmake_clean_cache': False, 'cmake_clean_first': False, 'cmake_force_configure': False, 'cmake_target': None, 'cmake_target_skip_unavailable': False, 'install_base': '/home/wellyowo/locobot_sim/locobot_ws/src/install/interbotix_xs_modules', 'merge_install': False, 'path': '/home/wellyowo/locobot_sim/locobot_ws/src/interbotix_ros_toolboxes/interbotix_xs_toolbox/interbotix_xs_modules', 'symlink_install': False, 'test_result_base': None}
[0.333s] Level 5:colcon.colcon_core.verb:set package 'interbotix_xs_rviz' build argument 'cmake_args' from command line to 'None'
[0.334s] Level 5:colcon.colcon_core.verb:set package 'interbotix_xs_rviz' build argument 'cmake_target' from command line to 'None'
[0.334s] Level 5:colcon.colcon_core.verb:set package 'interbotix_xs_rviz' build argument 'cmake_target_skip_unavailable' from command line to 'False'
[0.334s] Level 5:colcon.colcon_core.verb:set package 'interbotix_xs_rviz' build argument 'cmake_clean_cache' from command line to 'False'
[0.334s] Level 5:colcon.colcon_core.verb:set package 'interbotix_xs_rviz' build argument 'cmake_clean_first' from command line to 'False'
[0.334s] Level 5:colcon.colcon_core.verb:set package 'interbotix_xs_rviz' build argument 'cmake_force_configure' from command line to 'False'
[0.334s] Level 5:colcon.colcon_core.verb:set package 'interbotix_xs_rviz' build argument 'ament_cmake_args' from command line to 'None'
[0.334s] Level 5:colcon.colcon_core.verb:set package 'interbotix_xs_rviz' build argument 'catkin_cmake_args' from command line to 'None'
[0.334s] Level 5:colcon.colcon_core.verb:set package 'interbotix_xs_rviz' build argument 'catkin_skip_building_tests' from command line to 'False'
[0.334s] DEBUG:colcon.colcon_core.verb:Building package 'interbotix_xs_rviz' with the following arguments: {'ament_cmake_args': None, 'build_base': '/home/wellyowo/locobot_sim/locobot_ws/src/build/interbotix_xs_rviz', 'catkin_cmake_args': None, 'catkin_skip_building_tests': False, 'cmake_args': None, 'cmake_clean_cache': False, 'cmake_clean_first': False, 'cmake_force_configure': False, 'cmake_target': None, 'cmake_target_skip_unavailable': False, 'install_base': '/home/wellyowo/locobot_sim/locobot_ws/src/install/interbotix_xs_rviz', 'merge_install': False, 'path': '/home/wellyowo/locobot_sim/locobot_ws/src/interbotix_ros_toolboxes/interbotix_xs_toolbox/interbotix_xs_rviz', 'symlink_install': False, 'test_result_base': None}
[0.334s] Level 5:colcon.colcon_core.verb:set package 'ecl_converters' build argument 'cmake_args' from command line to 'None'
[0.334s] Level 5:colcon.colcon_core.verb:set package 'ecl_converters' build argument 'cmake_target' from command line to 'None'
[0.334s] Level 5:colcon.colcon_core.verb:set package 'ecl_converters' build argument 'cmake_target_skip_unavailable' from command line to 'False'
[0.334s] Level 5:colcon.colcon_core.verb:set package 'ecl_converters' build argument 'cmake_clean_cache' from command line to 'False'
[0.334s] Level 5:colcon.colcon_core.verb:set package 'ecl_converters' build argument 'cmake_clean_first' from command line to 'False'
[0.334s] Level 5:colcon.colcon_core.verb:set package 'ecl_converters' build argument 'cmake_force_configure' from command line to 'False'
[0.334s] Level 5:colcon.colcon_core.verb:set package 'ecl_converters' build argument 'ament_cmake_args' from command line to 'None'
[0.334s] Level 5:colcon.colcon_core.verb:set package 'ecl_converters' build argument 'catkin_cmake_args' from command line to 'None'
[0.334s] Level 5:colcon.colcon_core.verb:set package 'ecl_converters' build argument 'catkin_skip_building_tests' from command line to 'False'
[0.334s] DEBUG:colcon.colcon_core.verb:Building package 'ecl_converters' with the following arguments: {'ament_cmake_args': None, 'build_base': '/home/wellyowo/locobot_sim/locobot_ws/src/build/ecl_converters', 'catkin_cmake_args': None, 'catkin_skip_building_tests': False, 'cmake_args': None, 'cmake_clean_cache': False, 'cmake_clean_first': False, 'cmake_force_configure': False, 'cmake_target': None, 'cmake_target_skip_unavailable': False, 'install_base': '/home/wellyowo/locobot_sim/locobot_ws/src/install/ecl_converters', 'merge_install': False, 'path': '/home/wellyowo/locobot_sim/locobot_ws/src/ThirdParty/ecl/ecl_core/ecl_converters', 'symlink_install': False, 'test_result_base': None}
[0.334s] Level 5:colcon.colcon_core.verb:set package 'ecl_lite' build argument 'cmake_args' from command line to 'None'
[0.334s] Level 5:colcon.colcon_core.verb:set package 'ecl_lite' build argument 'cmake_target' from command line to 'None'
[0.334s] Level 5:colcon.colcon_core.verb:set package 'ecl_lite' build argument 'cmake_target_skip_unavailable' from command line to 'False'
[0.334s] Level 5:colcon.colcon_core.verb:set package 'ecl_lite' build argument 'cmake_clean_cache' from command line to 'False'
[0.334s] Level 5:colcon.colcon_core.verb:set package 'ecl_lite' build argument 'cmake_clean_first' from command line to 'False'
[0.334s] Level 5:colcon.colcon_core.verb:set package 'ecl_lite' build argument 'cmake_force_configure' from command line to 'False'
[0.334s] Level 5:colcon.colcon_core.verb:set package 'ecl_lite' build argument 'ament_cmake_args' from command line to 'None'
[0.334s] Level 5:colcon.colcon_core.verb:set package 'ecl_lite' build argument 'catkin_cmake_args' from command line to 'None'
[0.334s] Level 5:colcon.colcon_core.verb:set package 'ecl_lite' build argument 'catkin_skip_building_tests' from command line to 'False'
[0.334s] DEBUG:colcon.colcon_core.verb:Building package 'ecl_lite' with the following arguments: {'ament_cmake_args': None, 'build_base': '/home/wellyowo/locobot_sim/locobot_ws/src/build/ecl_lite', 'catkin_cmake_args': None, 'catkin_skip_building_tests': False, 'cmake_args': None, 'cmake_clean_cache': False, 'cmake_clean_first': False, 'cmake_force_configure': False, 'cmake_target': None, 'cmake_target_skip_unavailable': False, 'install_base': '/home/wellyowo/locobot_sim/locobot_ws/src/install/ecl_lite', 'merge_install': False, 'path': '/home/wellyowo/locobot_sim/locobot_ws/src/ThirdParty/ecl/ecl_lite/ecl_lite', 'symlink_install': False, 'test_result_base': None}
[0.334s] Level 5:colcon.colcon_core.verb:set package 'ecl_time' build argument 'cmake_args' from command line to 'None'
[0.334s] Level 5:colcon.colcon_core.verb:set package 'ecl_time' build argument 'cmake_target' from command line to 'None'
[0.334s] Level 5:colcon.colcon_core.verb:set package 'ecl_time' build argument 'cmake_target_skip_unavailable' from command line to 'False'
[0.335s] Level 5:colcon.colcon_core.verb:set package 'ecl_time' build argument 'cmake_clean_cache' from command line to 'False'
[0.335s] Level 5:colcon.colcon_core.verb:set package 'ecl_time' build argument 'cmake_clean_first' from command line to 'False'
[0.335s] Level 5:colcon.colcon_core.verb:set package 'ecl_time' build argument 'cmake_force_configure' from command line to 'False'
[0.335s] Level 5:colcon.colcon_core.verb:set package 'ecl_time' build argument 'ament_cmake_args' from command line to 'None'
[0.335s] Level 5:colcon.colcon_core.verb:set package 'ecl_time' build argument 'catkin_cmake_args' from command line to 'None'
[0.335s] Level 5:colcon.colcon_core.verb:set package 'ecl_time' build argument 'catkin_skip_building_tests' from command line to 'False'
[0.335s] DEBUG:colcon.colcon_core.verb:Building package 'ecl_time' with the following arguments: {'ament_cmake_args': None, 'build_base': '/home/wellyowo/locobot_sim/locobot_ws/src/build/ecl_time', 'catkin_cmake_args': None, 'catkin_skip_building_tests': False, 'cmake_args': None, 'cmake_clean_cache': False, 'cmake_clean_first': False, 'cmake_force_configure': False, 'cmake_target': None, 'cmake_target_skip_unavailable': False, 'install_base': '/home/wellyowo/locobot_sim/locobot_ws/src/install/ecl_time', 'merge_install': False, 'path': '/home/wellyowo/locobot_sim/locobot_ws/src/ThirdParty/ecl/ecl_core/ecl_time', 'symlink_install': False, 'test_result_base': None}
[0.335s] Level 5:colcon.colcon_core.verb:set package 'ecl_utilities' build argument 'cmake_args' from command line to 'None'
[0.335s] Level 5:colcon.colcon_core.verb:set package 'ecl_utilities' build argument 'cmake_target' from command line to 'None'
[0.335s] Level 5:colcon.colcon_core.verb:set package 'ecl_utilities' build argument 'cmake_target_skip_unavailable' from command line to 'False'
[0.335s] Level 5:colcon.colcon_core.verb:set package 'ecl_utilities' build argument 'cmake_clean_cache' from command line to 'False'
[0.335s] Level 5:colcon.colcon_core.verb:set package 'ecl_utilities' build argument 'cmake_clean_first' from command line to 'False'
[0.335s] Level 5:colcon.colcon_core.verb:set package 'ecl_utilities' build argument 'cmake_force_configure' from command line to 'False'
[0.335s] Level 5:colcon.colcon_core.verb:set package 'ecl_utilities' build argument 'ament_cmake_args' from command line to 'None'
[0.335s] Level 5:colcon.colcon_core.verb:set package 'ecl_utilities' build argument 'catkin_cmake_args' from command line to 'None'
[0.335s] Level 5:colcon.colcon_core.verb:set package 'ecl_utilities' build argument 'catkin_skip_building_tests' from command line to 'False'
[0.335s] DEBUG:colcon.colcon_core.verb:Building package 'ecl_utilities' with the following arguments: {'ament_cmake_args': None, 'build_base': '/home/wellyowo/locobot_sim/locobot_ws/src/build/ecl_utilities', 'catkin_cmake_args': None, 'catkin_skip_building_tests': False, 'cmake_args': None, 'cmake_clean_cache': False, 'cmake_clean_first': False, 'cmake_force_configure': False, 'cmake_target': None, 'cmake_target_skip_unavailable': False, 'install_base': '/home/wellyowo/locobot_sim/locobot_ws/src/install/ecl_utilities', 'merge_install': False, 'path': '/home/wellyowo/locobot_sim/locobot_ws/src/ThirdParty/ecl/ecl_core/ecl_utilities', 'symlink_install': False, 'test_result_base': None}
[0.335s] Level 5:colcon.colcon_core.verb:set package 'interbotix_xs_toolbox' build argument 'cmake_args' from command line to 'None'
[0.335s] Level 5:colcon.colcon_core.verb:set package 'interbotix_xs_toolbox' build argument 'cmake_target' from command line to 'None'
[0.335s] Level 5:colcon.colcon_core.verb:set package 'interbotix_xs_toolbox' build argument 'cmake_target_skip_unavailable' from command line to 'False'
[0.335s] Level 5:colcon.colcon_core.verb:set package 'interbotix_xs_toolbox' build argument 'cmake_clean_cache' from command line to 'False'
[0.335s] Level 5:colcon.colcon_core.verb:set package 'interbotix_xs_toolbox' build argument 'cmake_clean_first' from command line to 'False'
[0.335s] Level 5:colcon.colcon_core.verb:set package 'interbotix_xs_toolbox' build argument 'cmake_force_configure' from command line to 'False'
[0.335s] Level 5:colcon.colcon_core.verb:set package 'interbotix_xs_toolbox' build argument 'ament_cmake_args' from command line to 'None'
[0.335s] Level 5:colcon.colcon_core.verb:set package 'interbotix_xs_toolbox' build argument 'catkin_cmake_args' from command line to 'None'
[0.335s] Level 5:colcon.colcon_core.verb:set package 'interbotix_xs_toolbox' build argument 'catkin_skip_building_tests' from command line to 'False'
[0.335s] DEBUG:colcon.colcon_core.verb:Building package 'interbotix_xs_toolbox' with the following arguments: {'ament_cmake_args': None, 'build_base': '/home/wellyowo/locobot_sim/locobot_ws/src/build/interbotix_xs_toolbox', 'catkin_cmake_args': None, 'catkin_skip_building_tests': False, 'cmake_args': None, 'cmake_clean_cache': False, 'cmake_clean_first': False, 'cmake_force_configure': False, 'cmake_target': None, 'cmake_target_skip_unavailable': False, 'install_base': '/home/wellyowo/locobot_sim/locobot_ws/src/install/interbotix_xs_toolbox', 'merge_install': False, 'path': '/home/wellyowo/locobot_sim/locobot_ws/src/interbotix_ros_toolboxes/interbotix_xs_toolbox/interbotix_xs_toolbox', 'symlink_install': False, 'test_result_base': None}
[0.335s] Level 5:colcon.colcon_core.verb:set package 'interbotix_xslocobot_descriptions' build argument 'cmake_args' from command line to 'None'
[0.335s] Level 5:colcon.colcon_core.verb:set package 'interbotix_xslocobot_descriptions' build argument 'cmake_target' from command line to 'None'
[0.335s] Level 5:colcon.colcon_core.verb:set package 'interbotix_xslocobot_descriptions' build argument 'cmake_target_skip_unavailable' from command line to 'False'
[0.335s] Level 5:colcon.colcon_core.verb:set package 'interbotix_xslocobot_descriptions' build argument 'cmake_clean_cache' from command line to 'False'
[0.335s] Level 5:colcon.colcon_core.verb:set package 'interbotix_xslocobot_descriptions' build argument 'cmake_clean_first' from command line to 'False'
[0.336s] Level 5:colcon.colcon_core.verb:set package 'interbotix_xslocobot_descriptions' build argument 'cmake_force_configure' from command line to 'False'
[0.336s] Level 5:colcon.colcon_core.verb:set package 'interbotix_xslocobot_descriptions' build argument 'ament_cmake_args' from command line to 'None'
[0.336s] Level 5:colcon.colcon_core.verb:set package 'interbotix_xslocobot_descriptions' build argument 'catkin_cmake_args' from command line to 'None'
[0.336s] Level 5:colcon.colcon_core.verb:set package 'interbotix_xslocobot_descriptions' build argument 'catkin_skip_building_tests' from command line to 'False'
[0.336s] DEBUG:colcon.colcon_core.verb:Building package 'interbotix_xslocobot_descriptions' with the following arguments: {'ament_cmake_args': None, 'build_base': '/home/wellyowo/locobot_sim/locobot_ws/src/build/interbotix_xslocobot_descriptions', 'catkin_cmake_args': None, 'catkin_skip_building_tests': False, 'cmake_args': None, 'cmake_clean_cache': False, 'cmake_clean_first': False, 'cmake_force_configure': False, 'cmake_target': None, 'cmake_target_skip_unavailable': False, 'install_base': '/home/wellyowo/locobot_sim/locobot_ws/src/install/interbotix_xslocobot_descriptions', 'merge_install': False, 'path': '/home/wellyowo/locobot_sim/locobot_ws/src/interbotix_ros_rovers/interbotix_ros_xslocobots/interbotix_xslocobot_descriptions', 'symlink_install': False, 'test_result_base': None}
[0.336s] Level 5:colcon.colcon_core.verb:set package 'ecl_formatters' build argument 'cmake_args' from command line to 'None'
[0.336s] Level 5:colcon.colcon_core.verb:set package 'ecl_formatters' build argument 'cmake_target' from command line to 'None'
[0.336s] Level 5:colcon.colcon_core.verb:set package 'ecl_formatters' build argument 'cmake_target_skip_unavailable' from command line to 'False'
[0.336s] Level 5:colcon.colcon_core.verb:set package 'ecl_formatters' build argument 'cmake_clean_cache' from command line to 'False'
[0.336s] Level 5:colcon.colcon_core.verb:set package 'ecl_formatters' build argument 'cmake_clean_first' from command line to 'False'
[0.336s] Level 5:colcon.colcon_core.verb:set package 'ecl_formatters' build argument 'cmake_force_configure' from command line to 'False'
[0.336s] Level 5:colcon.colcon_core.verb:set package 'ecl_formatters' build argument 'ament_cmake_args' from command line to 'None'
[0.336s] Level 5:colcon.colcon_core.verb:set package 'ecl_formatters' build argument 'catkin_cmake_args' from command line to 'None'
[0.336s] Level 5:colcon.colcon_core.verb:set package 'ecl_formatters' build argument 'catkin_skip_building_tests' from command line to 'False'
[0.336s] DEBUG:colcon.colcon_core.verb:Building package 'ecl_formatters' with the following arguments: {'ament_cmake_args': None, 'build_base': '/home/wellyowo/locobot_sim/locobot_ws/src/build/ecl_formatters', 'catkin_cmake_args': None, 'catkin_skip_building_tests': False, 'cmake_args': None, 'cmake_clean_cache': False, 'cmake_clean_first': False, 'cmake_force_configure': False, 'cmake_target': None, 'cmake_target_skip_unavailable': False, 'install_base': '/home/wellyowo/locobot_sim/locobot_ws/src/install/ecl_formatters', 'merge_install': False, 'path': '/home/wellyowo/locobot_sim/locobot_ws/src/ThirdParty/ecl/ecl_core/ecl_formatters', 'symlink_install': False, 'test_result_base': None}
[0.336s] Level 5:colcon.colcon_core.verb:set package 'ecl_threads' build argument 'cmake_args' from command line to 'None'
[0.336s] Level 5:colcon.colcon_core.verb:set package 'ecl_threads' build argument 'cmake_target' from command line to 'None'
[0.336s] Level 5:colcon.colcon_core.verb:set package 'ecl_threads' build argument 'cmake_target_skip_unavailable' from command line to 'False'
[0.336s] Level 5:colcon.colcon_core.verb:set package 'ecl_threads' build argument 'cmake_clean_cache' from command line to 'False'
[0.336s] Level 5:colcon.colcon_core.verb:set package 'ecl_threads' build argument 'cmake_clean_first' from command line to 'False'
[0.336s] Level 5:colcon.colcon_core.verb:set package 'ecl_threads' build argument 'cmake_force_configure' from command line to 'False'
[0.336s] Level 5:colcon.colcon_core.verb:set package 'ecl_threads' build argument 'ament_cmake_args' from command line to 'None'
[0.336s] Level 5:colcon.colcon_core.verb:set package 'ecl_threads' build argument 'catkin_cmake_args' from command line to 'None'
[0.336s] Level 5:colcon.colcon_core.verb:set package 'ecl_threads' build argument 'catkin_skip_building_tests' from command line to 'False'
[0.336s] DEBUG:colcon.colcon_core.verb:Building package 'ecl_threads' with the following arguments: {'ament_cmake_args': None, 'build_base': '/home/wellyowo/locobot_sim/locobot_ws/src/build/ecl_threads', 'catkin_cmake_args': None, 'catkin_skip_building_tests': False, 'cmake_args': None, 'cmake_clean_cache': False, 'cmake_clean_first': False, 'cmake_force_configure': False, 'cmake_target': None, 'cmake_target_skip_unavailable': False, 'install_base': '/home/wellyowo/locobot_sim/locobot_ws/src/install/ecl_threads', 'merge_install': False, 'path': '/home/wellyowo/locobot_sim/locobot_ws/src/ThirdParty/ecl/ecl_core/ecl_threads', 'symlink_install': False, 'test_result_base': None}
[0.336s] Level 5:colcon.colcon_core.verb:set package 'interbotix_xslocobot_control' build argument 'cmake_args' from command line to 'None'
[0.336s] Level 5:colcon.colcon_core.verb:set package 'interbotix_xslocobot_control' build argument 'cmake_target' from command line to 'None'
[0.336s] Level 5:colcon.colcon_core.verb:set package 'interbotix_xslocobot_control' build argument 'cmake_target_skip_unavailable' from command line to 'False'
[0.336s] Level 5:colcon.colcon_core.verb:set package 'interbotix_xslocobot_control' build argument 'cmake_clean_cache' from command line to 'False'
[0.336s] Level 5:colcon.colcon_core.verb:set package 'interbotix_xslocobot_control' build argument 'cmake_clean_first' from command line to 'False'
[0.336s] Level 5:colcon.colcon_core.verb:set package 'interbotix_xslocobot_control' build argument 'cmake_force_configure' from command line to 'False'
[0.336s] Level 5:colcon.colcon_core.verb:set package 'interbotix_xslocobot_control' build argument 'ament_cmake_args' from command line to 'None'
[0.337s] Level 5:colcon.colcon_core.verb:set package 'interbotix_xslocobot_control' build argument 'catkin_cmake_args' from command line to 'None'
[0.337s] Level 5:colcon.colcon_core.verb:set package 'interbotix_xslocobot_control' build argument 'catkin_skip_building_tests' from command line to 'False'
[0.337s] DEBUG:colcon.colcon_core.verb:Building package 'interbotix_xslocobot_control' with the following arguments: {'ament_cmake_args': None, 'build_base': '/home/wellyowo/locobot_sim/locobot_ws/src/build/interbotix_xslocobot_control', 'catkin_cmake_args': None, 'catkin_skip_building_tests': False, 'cmake_args': None, 'cmake_clean_cache': False, 'cmake_clean_first': False, 'cmake_force_configure': False, 'cmake_target': None, 'cmake_target_skip_unavailable': False, 'install_base': '/home/wellyowo/locobot_sim/locobot_ws/src/install/interbotix_xslocobot_control', 'merge_install': False, 'path': '/home/wellyowo/locobot_sim/locobot_ws/src/interbotix_ros_rovers/interbotix_ros_xslocobots/interbotix_xslocobot_control', 'symlink_install': False, 'test_result_base': None}
[0.337s] Level 5:colcon.colcon_core.verb:set package 'interbotix_xslocobot_sim' build argument 'cmake_args' from command line to 'None'
[0.337s] Level 5:colcon.colcon_core.verb:set package 'interbotix_xslocobot_sim' build argument 'cmake_target' from command line to 'None'
[0.337s] Level 5:colcon.colcon_core.verb:set package 'interbotix_xslocobot_sim' build argument 'cmake_target_skip_unavailable' from command line to 'False'
[0.337s] Level 5:colcon.colcon_core.verb:set package 'interbotix_xslocobot_sim' build argument 'cmake_clean_cache' from command line to 'False'
[0.337s] Level 5:colcon.colcon_core.verb:set package 'interbotix_xslocobot_sim' build argument 'cmake_clean_first' from command line to 'False'
[0.337s] Level 5:colcon.colcon_core.verb:set package 'interbotix_xslocobot_sim' build argument 'cmake_force_configure' from command line to 'False'
[0.337s] Level 5:colcon.colcon_core.verb:set package 'interbotix_xslocobot_sim' build argument 'ament_cmake_args' from command line to 'None'
[0.337s] Level 5:colcon.colcon_core.verb:set package 'interbotix_xslocobot_sim' build argument 'catkin_cmake_args' from command line to 'None'
[0.337s] Level 5:colcon.colcon_core.verb:set package 'interbotix_xslocobot_sim' build argument 'catkin_skip_building_tests' from command line to 'False'
[0.337s] DEBUG:colcon.colcon_core.verb:Building package 'interbotix_xslocobot_sim' with the following arguments: {'ament_cmake_args': None, 'build_base': '/home/wellyowo/locobot_sim/locobot_ws/src/build/interbotix_xslocobot_sim', 'catkin_cmake_args': None, 'catkin_skip_building_tests': False, 'cmake_args': None, 'cmake_clean_cache': False, 'cmake_clean_first': False, 'cmake_force_configure': False, 'cmake_target': None, 'cmake_target_skip_unavailable': False, 'install_base': '/home/wellyowo/locobot_sim/locobot_ws/src/install/interbotix_xslocobot_sim', 'merge_install': False, 'path': '/home/wellyowo/locobot_sim/locobot_ws/src/interbotix_ros_rovers/interbotix_ros_xslocobots/interbotix_xslocobot_sim', 'symlink_install': False, 'test_result_base': None}
[0.337s] Level 5:colcon.colcon_core.verb:set package 'ecl_containers' build argument 'cmake_args' from command line to 'None'
[0.337s] Level 5:colcon.colcon_core.verb:set package 'ecl_containers' build argument 'cmake_target' from command line to 'None'
[0.337s] Level 5:colcon.colcon_core.verb:set package 'ecl_containers' build argument 'cmake_target_skip_unavailable' from command line to 'False'
[0.337s] Level 5:colcon.colcon_core.verb:set package 'ecl_containers' build argument 'cmake_clean_cache' from command line to 'False'
[0.337s] Level 5:colcon.colcon_core.verb:set package 'ecl_containers' build argument 'cmake_clean_first' from command line to 'False'
[0.337s] Level 5:colcon.colcon_core.verb:set package 'ecl_containers' build argument 'cmake_force_configure' from command line to 'False'
[0.337s] Level 5:colcon.colcon_core.verb:set package 'ecl_containers' build argument 'ament_cmake_args' from command line to 'None'
[0.337s] Level 5:colcon.colcon_core.verb:set package 'ecl_containers' build argument 'catkin_cmake_args' from command line to 'None'
[0.337s] Level 5:colcon.colcon_core.verb:set package 'ecl_containers' build argument 'catkin_skip_building_tests' from command line to 'False'
[0.337s] DEBUG:colcon.colcon_core.verb:Building package 'ecl_containers' with the following arguments: {'ament_cmake_args': None, 'build_base': '/home/wellyowo/locobot_sim/locobot_ws/src/build/ecl_containers', 'catkin_cmake_args': None, 'catkin_skip_building_tests': False, 'cmake_args': None, 'cmake_clean_cache': False, 'cmake_clean_first': False, 'cmake_force_configure': False, 'cmake_target': None, 'cmake_target_skip_unavailable': False, 'install_base': '/home/wellyowo/locobot_sim/locobot_ws/src/install/ecl_containers', 'merge_install': False, 'path': '/home/wellyowo/locobot_sim/locobot_ws/src/ThirdParty/ecl/ecl_core/ecl_containers', 'symlink_install': False, 'test_result_base': None}
[0.337s] Level 5:colcon.colcon_core.verb:set package 'ecl_ipc' build argument 'cmake_args' from command line to 'None'
[0.337s] Level 5:colcon.colcon_core.verb:set package 'ecl_ipc' build argument 'cmake_target' from command line to 'None'
[0.337s] Level 5:colcon.colcon_core.verb:set package 'ecl_ipc' build argument 'cmake_target_skip_unavailable' from command line to 'False'
[0.337s] Level 5:colcon.colcon_core.verb:set package 'ecl_ipc' build argument 'cmake_clean_cache' from command line to 'False'
[0.337s] Level 5:colcon.colcon_core.verb:set package 'ecl_ipc' build argument 'cmake_clean_first' from command line to 'False'
[0.337s] Level 5:colcon.colcon_core.verb:set package 'ecl_ipc' build argument 'cmake_force_configure' from command line to 'False'
[0.337s] Level 5:colcon.colcon_core.verb:set package 'ecl_ipc' build argument 'ament_cmake_args' from command line to 'None'
[0.337s] Level 5:colcon.colcon_core.verb:set package 'ecl_ipc' build argument 'catkin_cmake_args' from command line to 'None'
[0.337s] Level 5:colcon.colcon_core.verb:set package 'ecl_ipc' build argument 'catkin_skip_building_tests' from command line to 'False'
[0.338s] DEBUG:colcon.colcon_core.verb:Building package 'ecl_ipc' with the following arguments: {'ament_cmake_args': None, 'build_base': '/home/wellyowo/locobot_sim/locobot_ws/src/build/ecl_ipc', 'catkin_cmake_args': None, 'catkin_skip_building_tests': False, 'cmake_args': None, 'cmake_clean_cache': False, 'cmake_clean_first': False, 'cmake_force_configure': False, 'cmake_target': None, 'cmake_target_skip_unavailable': False, 'install_base': '/home/wellyowo/locobot_sim/locobot_ws/src/install/ecl_ipc', 'merge_install': False, 'path': '/home/wellyowo/locobot_sim/locobot_ws/src/ThirdParty/ecl/ecl_core/ecl_ipc', 'symlink_install': False, 'test_result_base': None}
[0.338s] Level 5:colcon.colcon_core.verb:set package 'ecl_linear_algebra' build argument 'cmake_args' from command line to 'None'
[0.338s] Level 5:colcon.colcon_core.verb:set package 'ecl_linear_algebra' build argument 'cmake_target' from command line to 'None'
[0.338s] Level 5:colcon.colcon_core.verb:set package 'ecl_linear_algebra' build argument 'cmake_target_skip_unavailable' from command line to 'False'
[0.338s] Level 5:colcon.colcon_core.verb:set package 'ecl_linear_algebra' build argument 'cmake_clean_cache' from command line to 'False'
[0.338s] Level 5:colcon.colcon_core.verb:set package 'ecl_linear_algebra' build argument 'cmake_clean_first' from command line to 'False'
[0.338s] Level 5:colcon.colcon_core.verb:set package 'ecl_linear_algebra' build argument 'cmake_force_configure' from command line to 'False'
[0.338s] Level 5:colcon.colcon_core.verb:set package 'ecl_linear_algebra' build argument 'ament_cmake_args' from command line to 'None'
[0.338s] Level 5:colcon.colcon_core.verb:set package 'ecl_linear_algebra' build argument 'catkin_cmake_args' from command line to 'None'
[0.338s] Level 5:colcon.colcon_core.verb:set package 'ecl_linear_algebra' build argument 'catkin_skip_building_tests' from command line to 'False'
[0.338s] DEBUG:colcon.colcon_core.verb:Building package 'ecl_linear_algebra' with the following arguments: {'ament_cmake_args': None, 'build_base': '/home/wellyowo/locobot_sim/locobot_ws/src/build/ecl_linear_algebra', 'catkin_cmake_args': None, 'catkin_skip_building_tests': False, 'cmake_args': None, 'cmake_clean_cache': False, 'cmake_clean_first': False, 'cmake_force_configure': False, 'cmake_target': None, 'cmake_target_skip_unavailable': False, 'install_base': '/home/wellyowo/locobot_sim/locobot_ws/src/install/ecl_linear_algebra', 'merge_install': False, 'path': '/home/wellyowo/locobot_sim/locobot_ws/src/ThirdParty/ecl/ecl_core/ecl_linear_algebra', 'symlink_install': False, 'test_result_base': None}
[0.338s] Level 5:colcon.colcon_core.verb:set package 'ecl_sigslots' build argument 'cmake_args' from command line to 'None'
[0.338s] Level 5:colcon.colcon_core.verb:set package 'ecl_sigslots' build argument 'cmake_target' from command line to 'None'
[0.338s] Level 5:colcon.colcon_core.verb:set package 'ecl_sigslots' build argument 'cmake_target_skip_unavailable' from command line to 'False'
[0.338s] Level 5:colcon.colcon_core.verb:set package 'ecl_sigslots' build argument 'cmake_clean_cache' from command line to 'False'
[0.338s] Level 5:colcon.colcon_core.verb:set package 'ecl_sigslots' build argument 'cmake_clean_first' from command line to 'False'
[0.338s] Level 5:colcon.colcon_core.verb:set package 'ecl_sigslots' build argument 'cmake_force_configure' from command line to 'False'
[0.338s] Level 5:colcon.colcon_core.verb:set package 'ecl_sigslots' build argument 'ament_cmake_args' from command line to 'None'
[0.338s] Level 5:colcon.colcon_core.verb:set package 'ecl_sigslots' build argument 'catkin_cmake_args' from command line to 'None'
[0.338s] Level 5:colcon.colcon_core.verb:set package 'ecl_sigslots' build argument 'catkin_skip_building_tests' from command line to 'False'
[0.338s] DEBUG:colcon.colcon_core.verb:Building package 'ecl_sigslots' with the following arguments: {'ament_cmake_args': None, 'build_base': '/home/wellyowo/locobot_sim/locobot_ws/src/build/ecl_sigslots', 'catkin_cmake_args': None, 'catkin_skip_building_tests': False, 'cmake_args': None, 'cmake_clean_cache': False, 'cmake_clean_first': False, 'cmake_force_configure': False, 'cmake_target': None, 'cmake_target_skip_unavailable': False, 'install_base': '/home/wellyowo/locobot_sim/locobot_ws/src/install/ecl_sigslots', 'merge_install': False, 'path': '/home/wellyowo/locobot_sim/locobot_ws/src/ThirdParty/ecl/ecl_core/ecl_sigslots', 'symlink_install': False, 'test_result_base': None}
[0.338s] Level 5:colcon.colcon_core.verb:set package 'interbotix_xslocobot_joy' build argument 'cmake_args' from command line to 'None'
[0.338s] Level 5:colcon.colcon_core.verb:set package 'interbotix_xslocobot_joy' build argument 'cmake_target' from command line to 'None'
[0.338s] Level 5:colcon.colcon_core.verb:set package 'interbotix_xslocobot_joy' build argument 'cmake_target_skip_unavailable' from command line to 'False'
[0.338s] Level 5:colcon.colcon_core.verb:set package 'interbotix_xslocobot_joy' build argument 'cmake_clean_cache' from command line to 'False'
[0.338s] Level 5:colcon.colcon_core.verb:set package 'interbotix_xslocobot_joy' build argument 'cmake_clean_first' from command line to 'False'
[0.338s] Level 5:colcon.colcon_core.verb:set package 'interbotix_xslocobot_joy' build argument 'cmake_force_configure' from command line to 'False'
[0.338s] Level 5:colcon.colcon_core.verb:set package 'interbotix_xslocobot_joy' build argument 'ament_cmake_args' from command line to 'None'
[0.338s] Level 5:colcon.colcon_core.verb:set package 'interbotix_xslocobot_joy' build argument 'catkin_cmake_args' from command line to 'None'
[0.338s] Level 5:colcon.colcon_core.verb:set package 'interbotix_xslocobot_joy' build argument 'catkin_skip_building_tests' from command line to 'False'
[0.339s] DEBUG:colcon.colcon_core.verb:Building package 'interbotix_xslocobot_joy' with the following arguments: {'ament_cmake_args': None, 'build_base': '/home/wellyowo/locobot_sim/locobot_ws/src/build/interbotix_xslocobot_joy', 'catkin_cmake_args': None, 'catkin_skip_building_tests': False, 'cmake_args': None, 'cmake_clean_cache': False, 'cmake_clean_first': False, 'cmake_force_configure': False, 'cmake_target': None, 'cmake_target_skip_unavailable': False, 'install_base': '/home/wellyowo/locobot_sim/locobot_ws/src/install/interbotix_xslocobot_joy', 'merge_install': False, 'path': '/home/wellyowo/locobot_sim/locobot_ws/src/interbotix_ros_rovers/interbotix_ros_xslocobots/examples/interbotix_xslocobot_joy', 'symlink_install': False, 'test_result_base': None}
[0.339s] Level 5:colcon.colcon_core.verb:set package 'interbotix_xslocobot_nav' build argument 'cmake_args' from command line to 'None'
[0.339s] Level 5:colcon.colcon_core.verb:set package 'interbotix_xslocobot_nav' build argument 'cmake_target' from command line to 'None'
[0.339s] Level 5:colcon.colcon_core.verb:set package 'interbotix_xslocobot_nav' build argument 'cmake_target_skip_unavailable' from command line to 'False'
[0.339s] Level 5:colcon.colcon_core.verb:set package 'interbotix_xslocobot_nav' build argument 'cmake_clean_cache' from command line to 'False'
[0.339s] Level 5:colcon.colcon_core.verb:set package 'interbotix_xslocobot_nav' build argument 'cmake_clean_first' from command line to 'False'
[0.339s] Level 5:colcon.colcon_core.verb:set package 'interbotix_xslocobot_nav' build argument 'cmake_force_configure' from command line to 'False'
[0.339s] Level 5:colcon.colcon_core.verb:set package 'interbotix_xslocobot_nav' build argument 'ament_cmake_args' from command line to 'None'
[0.339s] Level 5:colcon.colcon_core.verb:set package 'interbotix_xslocobot_nav' build argument 'catkin_cmake_args' from command line to 'None'
[0.339s] Level 5:colcon.colcon_core.verb:set package 'interbotix_xslocobot_nav' build argument 'catkin_skip_building_tests' from command line to 'False'
[0.339s] DEBUG:colcon.colcon_core.verb:Building package 'interbotix_xslocobot_nav' with the following arguments: {'ament_cmake_args': None, 'build_base': '/home/wellyowo/locobot_sim/locobot_ws/src/build/interbotix_xslocobot_nav', 'catkin_cmake_args': None, 'catkin_skip_building_tests': False, 'cmake_args': None, 'cmake_clean_cache': False, 'cmake_clean_first': False, 'cmake_force_configure': False, 'cmake_target': None, 'cmake_target_skip_unavailable': False, 'install_base': '/home/wellyowo/locobot_sim/locobot_ws/src/install/interbotix_xslocobot_nav', 'merge_install': False, 'path': '/home/wellyowo/locobot_sim/locobot_ws/src/interbotix_ros_rovers/interbotix_ros_xslocobots/interbotix_xslocobot_nav', 'symlink_install': False, 'test_result_base': None}
[0.339s] Level 5:colcon.colcon_core.verb:set package 'interbotix_xslocobot_ros_control' build argument 'cmake_args' from command line to 'None'
[0.339s] Level 5:colcon.colcon_core.verb:set package 'interbotix_xslocobot_ros_control' build argument 'cmake_target' from command line to 'None'
[0.339s] Level 5:colcon.colcon_core.verb:set package 'interbotix_xslocobot_ros_control' build argument 'cmake_target_skip_unavailable' from command line to 'False'
[0.339s] Level 5:colcon.colcon_core.verb:set package 'interbotix_xslocobot_ros_control' build argument 'cmake_clean_cache' from command line to 'False'
[0.339s] Level 5:colcon.colcon_core.verb:set package 'interbotix_xslocobot_ros_control' build argument 'cmake_clean_first' from command line to 'False'
[0.339s] Level 5:colcon.colcon_core.verb:set package 'interbotix_xslocobot_ros_control' build argument 'cmake_force_configure' from command line to 'False'
[0.339s] Level 5:colcon.colcon_core.verb:set package 'interbotix_xslocobot_ros_control' build argument 'ament_cmake_args' from command line to 'None'
[0.339s] Level 5:colcon.colcon_core.verb:set package 'interbotix_xslocobot_ros_control' build argument 'catkin_cmake_args' from command line to 'None'
[0.339s] Level 5:colcon.colcon_core.verb:set package 'interbotix_xslocobot_ros_control' build argument 'catkin_skip_building_tests' from command line to 'False'
[0.339s] DEBUG:colcon.colcon_core.verb:Building package 'interbotix_xslocobot_ros_control' with the following arguments: {'ament_cmake_args': None, 'build_base': '/home/wellyowo/locobot_sim/locobot_ws/src/build/interbotix_xslocobot_ros_control', 'catkin_cmake_args': None, 'catkin_skip_building_tests': False, 'cmake_args': None, 'cmake_clean_cache': False, 'cmake_clean_first': False, 'cmake_force_configure': False, 'cmake_target': None, 'cmake_target_skip_unavailable': False, 'install_base': '/home/wellyowo/locobot_sim/locobot_ws/src/install/interbotix_xslocobot_ros_control', 'merge_install': False, 'path': '/home/wellyowo/locobot_sim/locobot_ws/src/interbotix_ros_rovers/interbotix_ros_xslocobots/interbotix_xslocobot_ros_control', 'symlink_install': False, 'test_result_base': None}
[0.339s] Level 5:colcon.colcon_core.verb:set package 'ecl_devices' build argument 'cmake_args' from command line to 'None'
[0.339s] Level 5:colcon.colcon_core.verb:set package 'ecl_devices' build argument 'cmake_target' from command line to 'None'
[0.339s] Level 5:colcon.colcon_core.verb:set package 'ecl_devices' build argument 'cmake_target_skip_unavailable' from command line to 'False'
[0.339s] Level 5:colcon.colcon_core.verb:set package 'ecl_devices' build argument 'cmake_clean_cache' from command line to 'False'
[0.339s] Level 5:colcon.colcon_core.verb:set package 'ecl_devices' build argument 'cmake_clean_first' from command line to 'False'
[0.339s] Level 5:colcon.colcon_core.verb:set package 'ecl_devices' build argument 'cmake_force_configure' from command line to 'False'
[0.339s] Level 5:colcon.colcon_core.verb:set package 'ecl_devices' build argument 'ament_cmake_args' from command line to 'None'
[0.339s] Level 5:colcon.colcon_core.verb:set package 'ecl_devices' build argument 'catkin_cmake_args' from command line to 'None'
[0.339s] Level 5:colcon.colcon_core.verb:set package 'ecl_devices' build argument 'catkin_skip_building_tests' from command line to 'False'
[0.340s] DEBUG:colcon.colcon_core.verb:Building package 'ecl_devices' with the following arguments: {'ament_cmake_args': None, 'build_base': '/home/wellyowo/locobot_sim/locobot_ws/src/build/ecl_devices', 'catkin_cmake_args': None, 'catkin_skip_building_tests': False, 'cmake_args': None, 'cmake_clean_cache': False, 'cmake_clean_first': False, 'cmake_force_configure': False, 'cmake_target': None, 'cmake_target_skip_unavailable': False, 'install_base': '/home/wellyowo/locobot_sim/locobot_ws/src/install/ecl_devices', 'merge_install': False, 'path': '/home/wellyowo/locobot_sim/locobot_ws/src/ThirdParty/ecl/ecl_core/ecl_devices', 'symlink_install': False, 'test_result_base': None}
[0.340s] Level 5:colcon.colcon_core.verb:set package 'ecl_geometry' build argument 'cmake_args' from command line to 'None'
[0.340s] Level 5:colcon.colcon_core.verb:set package 'ecl_geometry' build argument 'cmake_target' from command line to 'None'
[0.340s] Level 5:colcon.colcon_core.verb:set package 'ecl_geometry' build argument 'cmake_target_skip_unavailable' from command line to 'False'
[0.340s] Level 5:colcon.colcon_core.verb:set package 'ecl_geometry' build argument 'cmake_clean_cache' from command line to 'False'
[0.340s] Level 5:colcon.colcon_core.verb:set package 'ecl_geometry' build argument 'cmake_clean_first' from command line to 'False'
[0.340s] Level 5:colcon.colcon_core.verb:set package 'ecl_geometry' build argument 'cmake_force_configure' from command line to 'False'
[0.340s] Level 5:colcon.colcon_core.verb:set package 'ecl_geometry' build argument 'ament_cmake_args' from command line to 'None'
[0.340s] Level 5:colcon.colcon_core.verb:set package 'ecl_geometry' build argument 'catkin_cmake_args' from command line to 'None'
[0.340s] Level 5:colcon.colcon_core.verb:set package 'ecl_geometry' build argument 'catkin_skip_building_tests' from command line to 'False'
[0.340s] DEBUG:colcon.colcon_core.verb:Building package 'ecl_geometry' with the following arguments: {'ament_cmake_args': None, 'build_base': '/home/wellyowo/locobot_sim/locobot_ws/src/build/ecl_geometry', 'catkin_cmake_args': None, 'catkin_skip_building_tests': False, 'cmake_args': None, 'cmake_clean_cache': False, 'cmake_clean_first': False, 'cmake_force_configure': False, 'cmake_target': None, 'cmake_target_skip_unavailable': False, 'install_base': '/home/wellyowo/locobot_sim/locobot_ws/src/install/ecl_geometry', 'merge_install': False, 'path': '/home/wellyowo/locobot_sim/locobot_ws/src/ThirdParty/ecl/ecl_core/ecl_geometry', 'symlink_install': False, 'test_result_base': None}
[0.340s] Level 5:colcon.colcon_core.verb:set package 'ecl_statistics' build argument 'cmake_args' from command line to 'None'
[0.340s] Level 5:colcon.colcon_core.verb:set package 'ecl_statistics' build argument 'cmake_target' from command line to 'None'
[0.340s] Level 5:colcon.colcon_core.verb:set package 'ecl_statistics' build argument 'cmake_target_skip_unavailable' from command line to 'False'
[0.340s] Level 5:colcon.colcon_core.verb:set package 'ecl_statistics' build argument 'cmake_clean_cache' from command line to 'False'
[0.340s] Level 5:colcon.colcon_core.verb:set package 'ecl_statistics' build argument 'cmake_clean_first' from command line to 'False'
[0.340s] Level 5:colcon.colcon_core.verb:set package 'ecl_statistics' build argument 'cmake_force_configure' from command line to 'False'
[0.340s] Level 5:colcon.colcon_core.verb:set package 'ecl_statistics' build argument 'ament_cmake_args' from command line to 'None'
[0.340s] Level 5:colcon.colcon_core.verb:set package 'ecl_statistics' build argument 'catkin_cmake_args' from command line to 'None'
[0.340s] Level 5:colcon.colcon_core.verb:set package 'ecl_statistics' build argument 'catkin_skip_building_tests' from command line to 'False'
[0.340s] DEBUG:colcon.colcon_core.verb:Building package 'ecl_statistics' with the following arguments: {'ament_cmake_args': None, 'build_base': '/home/wellyowo/locobot_sim/locobot_ws/src/build/ecl_statistics', 'catkin_cmake_args': None, 'catkin_skip_building_tests': False, 'cmake_args': None, 'cmake_clean_cache': False, 'cmake_clean_first': False, 'cmake_force_configure': False, 'cmake_target': None, 'cmake_target_skip_unavailable': False, 'install_base': '/home/wellyowo/locobot_sim/locobot_ws/src/install/ecl_statistics', 'merge_install': False, 'path': '/home/wellyowo/locobot_sim/locobot_ws/src/ThirdParty/ecl/ecl_core/ecl_statistics', 'symlink_install': False, 'test_result_base': None}
[0.340s] Level 5:colcon.colcon_core.verb:set package 'interbotix_xslocobot_moveit' build argument 'cmake_args' from command line to 'None'
[0.340s] Level 5:colcon.colcon_core.verb:set package 'interbotix_xslocobot_moveit' build argument 'cmake_target' from command line to 'None'
[0.340s] Level 5:colcon.colcon_core.verb:set package 'interbotix_xslocobot_moveit' build argument 'cmake_target_skip_unavailable' from command line to 'False'
[0.340s] Level 5:colcon.colcon_core.verb:set package 'interbotix_xslocobot_moveit' build argument 'cmake_clean_cache' from command line to 'False'
[0.340s] Level 5:colcon.colcon_core.verb:set package 'interbotix_xslocobot_moveit' build argument 'cmake_clean_first' from command line to 'False'
[0.340s] Level 5:colcon.colcon_core.verb:set package 'interbotix_xslocobot_moveit' build argument 'cmake_force_configure' from command line to 'False'
[0.340s] Level 5:colcon.colcon_core.verb:set package 'interbotix_xslocobot_moveit' build argument 'ament_cmake_args' from command line to 'None'
[0.340s] Level 5:colcon.colcon_core.verb:set package 'interbotix_xslocobot_moveit' build argument 'catkin_cmake_args' from command line to 'None'
[0.340s] Level 5:colcon.colcon_core.verb:set package 'interbotix_xslocobot_moveit' build argument 'catkin_skip_building_tests' from command line to 'False'
[0.341s] DEBUG:colcon.colcon_core.verb:Building package 'interbotix_xslocobot_moveit' with the following arguments: {'ament_cmake_args': None, 'build_base': '/home/wellyowo/locobot_sim/locobot_ws/src/build/interbotix_xslocobot_moveit', 'catkin_cmake_args': None, 'catkin_skip_building_tests': False, 'cmake_args': None, 'cmake_clean_cache': False, 'cmake_clean_first': False, 'cmake_force_configure': False, 'cmake_target': None, 'cmake_target_skip_unavailable': False, 'install_base': '/home/wellyowo/locobot_sim/locobot_ws/src/install/interbotix_xslocobot_moveit', 'merge_install': False, 'path': '/home/wellyowo/locobot_sim/locobot_ws/src/interbotix_ros_rovers/interbotix_ros_xslocobots/interbotix_xslocobot_moveit', 'symlink_install': False, 'test_result_base': None}
[0.341s] Level 5:colcon.colcon_core.verb:set package 'ecl_manipulators' build argument 'cmake_args' from command line to 'None'
[0.341s] Level 5:colcon.colcon_core.verb:set package 'ecl_manipulators' build argument 'cmake_target' from command line to 'None'
[0.341s] Level 5:colcon.colcon_core.verb:set package 'ecl_manipulators' build argument 'cmake_target_skip_unavailable' from command line to 'False'
[0.341s] Level 5:colcon.colcon_core.verb:set package 'ecl_manipulators' build argument 'cmake_clean_cache' from command line to 'False'
[0.341s] Level 5:colcon.colcon_core.verb:set package 'ecl_manipulators' build argument 'cmake_clean_first' from command line to 'False'
[0.341s] Level 5:colcon.colcon_core.verb:set package 'ecl_manipulators' build argument 'cmake_force_configure' from command line to 'False'
[0.341s] Level 5:colcon.colcon_core.verb:set package 'ecl_manipulators' build argument 'ament_cmake_args' from command line to 'None'
[0.341s] Level 5:colcon.colcon_core.verb:set package 'ecl_manipulators' build argument 'catkin_cmake_args' from command line to 'None'
[0.341s] Level 5:colcon.colcon_core.verb:set package 'ecl_manipulators' build argument 'catkin_skip_building_tests' from command line to 'False'
[0.341s] DEBUG:colcon.colcon_core.verb:Building package 'ecl_manipulators' with the following arguments: {'ament_cmake_args': None, 'build_base': '/home/wellyowo/locobot_sim/locobot_ws/src/build/ecl_manipulators', 'catkin_cmake_args': None, 'catkin_skip_building_tests': False, 'cmake_args': None, 'cmake_clean_cache': False, 'cmake_clean_first': False, 'cmake_force_configure': False, 'cmake_target': None, 'cmake_target_skip_unavailable': False, 'install_base': '/home/wellyowo/locobot_sim/locobot_ws/src/install/ecl_manipulators', 'merge_install': False, 'path': '/home/wellyowo/locobot_sim/locobot_ws/src/ThirdParty/ecl/ecl_core/ecl_manipulators', 'symlink_install': False, 'test_result_base': None}
[0.341s] Level 5:colcon.colcon_core.verb:set package 'ecl_mobile_robot' build argument 'cmake_args' from command line to 'None'
[0.341s] Level 5:colcon.colcon_core.verb:set package 'ecl_mobile_robot' build argument 'cmake_target' from command line to 'None'
[0.341s] Level 5:colcon.colcon_core.verb:set package 'ecl_mobile_robot' build argument 'cmake_target_skip_unavailable' from command line to 'False'
[0.341s] Level 5:colcon.colcon_core.verb:set package 'ecl_mobile_robot' build argument 'cmake_clean_cache' from command line to 'False'
[0.341s] Level 5:colcon.colcon_core.verb:set package 'ecl_mobile_robot' build argument 'cmake_clean_first' from command line to 'False'
[0.341s] Level 5:colcon.colcon_core.verb:set package 'ecl_mobile_robot' build argument 'cmake_force_configure' from command line to 'False'
[0.341s] Level 5:colcon.colcon_core.verb:set package 'ecl_mobile_robot' build argument 'ament_cmake_args' from command line to 'None'
[0.341s] Level 5:colcon.colcon_core.verb:set package 'ecl_mobile_robot' build argument 'catkin_cmake_args' from command line to 'None'
[0.341s] Level 5:colcon.colcon_core.verb:set package 'ecl_mobile_robot' build argument 'catkin_skip_building_tests' from command line to 'False'
[0.341s] DEBUG:colcon.colcon_core.verb:Building package 'ecl_mobile_robot' with the following arguments: {'ament_cmake_args': None, 'build_base': '/home/wellyowo/locobot_sim/locobot_ws/src/build/ecl_mobile_robot', 'catkin_cmake_args': None, 'catkin_skip_building_tests': False, 'cmake_args': None, 'cmake_clean_cache': False, 'cmake_clean_first': False, 'cmake_force_configure': False, 'cmake_target': None, 'cmake_target_skip_unavailable': False, 'install_base': '/home/wellyowo/locobot_sim/locobot_ws/src/install/ecl_mobile_robot', 'merge_install': False, 'path': '/home/wellyowo/locobot_sim/locobot_ws/src/ThirdParty/ecl/ecl_core/ecl_mobile_robot', 'symlink_install': False, 'test_result_base': None}
[0.341s] Level 5:colcon.colcon_core.verb:set package 'ecl_streams' build argument 'cmake_args' from command line to 'None'
[0.341s] Level 5:colcon.colcon_core.verb:set package 'ecl_streams' build argument 'cmake_target' from command line to 'None'
[0.341s] Level 5:colcon.colcon_core.verb:set package 'ecl_streams' build argument 'cmake_target_skip_unavailable' from command line to 'False'
[0.341s] Level 5:colcon.colcon_core.verb:set package 'ecl_streams' build argument 'cmake_clean_cache' from command line to 'False'
[0.341s] Level 5:colcon.colcon_core.verb:set package 'ecl_streams' build argument 'cmake_clean_first' from command line to 'False'
[0.341s] Level 5:colcon.colcon_core.verb:set package 'ecl_streams' build argument 'cmake_force_configure' from command line to 'False'
[0.341s] Level 5:colcon.colcon_core.verb:set package 'ecl_streams' build argument 'ament_cmake_args' from command line to 'None'
[0.341s] Level 5:colcon.colcon_core.verb:set package 'ecl_streams' build argument 'catkin_cmake_args' from command line to 'None'
[0.341s] Level 5:colcon.colcon_core.verb:set package 'ecl_streams' build argument 'catkin_skip_building_tests' from command line to 'False'
[0.342s] DEBUG:colcon.colcon_core.verb:Building package 'ecl_streams' with the following arguments: {'ament_cmake_args': None, 'build_base': '/home/wellyowo/locobot_sim/locobot_ws/src/build/ecl_streams', 'catkin_cmake_args': None, 'catkin_skip_building_tests': False, 'cmake_args': None, 'cmake_clean_cache': False, 'cmake_clean_first': False, 'cmake_force_configure': False, 'cmake_target': None, 'cmake_target_skip_unavailable': False, 'install_base': '/home/wellyowo/locobot_sim/locobot_ws/src/install/ecl_streams', 'merge_install': False, 'path': '/home/wellyowo/locobot_sim/locobot_ws/src/ThirdParty/ecl/ecl_core/ecl_streams', 'symlink_install': False, 'test_result_base': None}
[0.342s] Level 5:colcon.colcon_core.verb:set package 'ecl_core_apps' build argument 'cmake_args' from command line to 'None'
[0.342s] Level 5:colcon.colcon_core.verb:set package 'ecl_core_apps' build argument 'cmake_target' from command line to 'None'
[0.342s] Level 5:colcon.colcon_core.verb:set package 'ecl_core_apps' build argument 'cmake_target_skip_unavailable' from command line to 'False'
[0.342s] Level 5:colcon.colcon_core.verb:set package 'ecl_core_apps' build argument 'cmake_clean_cache' from command line to 'False'
[0.342s] Level 5:colcon.colcon_core.verb:set package 'ecl_core_apps' build argument 'cmake_clean_first' from command line to 'False'
[0.342s] Level 5:colcon.colcon_core.verb:set package 'ecl_core_apps' build argument 'cmake_force_configure' from command line to 'False'
[0.342s] Level 5:colcon.colcon_core.verb:set package 'ecl_core_apps' build argument 'ament_cmake_args' from command line to 'None'
[0.342s] Level 5:colcon.colcon_core.verb:set package 'ecl_core_apps' build argument 'catkin_cmake_args' from command line to 'None'
[0.342s] Level 5:colcon.colcon_core.verb:set package 'ecl_core_apps' build argument 'catkin_skip_building_tests' from command line to 'False'
[0.342s] DEBUG:colcon.colcon_core.verb:Building package 'ecl_core_apps' with the following arguments: {'ament_cmake_args': None, 'build_base': '/home/wellyowo/locobot_sim/locobot_ws/src/build/ecl_core_apps', 'catkin_cmake_args': None, 'catkin_skip_building_tests': False, 'cmake_args': None, 'cmake_clean_cache': False, 'cmake_clean_first': False, 'cmake_force_configure': False, 'cmake_target': None, 'cmake_target_skip_unavailable': False, 'install_base': '/home/wellyowo/locobot_sim/locobot_ws/src/install/ecl_core_apps', 'merge_install': False, 'path': '/home/wellyowo/locobot_sim/locobot_ws/src/ThirdParty/ecl/ecl_core/ecl_core_apps', 'symlink_install': False, 'test_result_base': None}
[0.342s] Level 5:colcon.colcon_core.verb:set package 'kobuki_core' build argument 'cmake_args' from command line to 'None'
[0.342s] Level 5:colcon.colcon_core.verb:set package 'kobuki_core' build argument 'cmake_target' from command line to 'None'
[0.342s] Level 5:colcon.colcon_core.verb:set package 'kobuki_core' build argument 'cmake_target_skip_unavailable' from command line to 'False'
[0.342s] Level 5:colcon.colcon_core.verb:set package 'kobuki_core' build argument 'cmake_clean_cache' from command line to 'False'
[0.342s] Level 5:colcon.colcon_core.verb:set package 'kobuki_core' build argument 'cmake_clean_first' from command line to 'False'
[0.342s] Level 5:colcon.colcon_core.verb:set package 'kobuki_core' build argument 'cmake_force_configure' from command line to 'False'
[0.342s] Level 5:colcon.colcon_core.verb:set package 'kobuki_core' build argument 'ament_cmake_args' from command line to 'None'
[0.342s] Level 5:colcon.colcon_core.verb:set package 'kobuki_core' build argument 'catkin_cmake_args' from command line to 'None'
[0.342s] Level 5:colcon.colcon_core.verb:set package 'kobuki_core' build argument 'catkin_skip_building_tests' from command line to 'False'
[0.342s] DEBUG:colcon.colcon_core.verb:Building package 'kobuki_core' with the following arguments: {'ament_cmake_args': None, 'build_base': '/home/wellyowo/locobot_sim/locobot_ws/src/build/kobuki_core', 'catkin_cmake_args': None, 'catkin_skip_building_tests': False, 'cmake_args': None, 'cmake_clean_cache': False, 'cmake_clean_first': False, 'cmake_force_configure': False, 'cmake_target': None, 'cmake_target_skip_unavailable': False, 'install_base': '/home/wellyowo/locobot_sim/locobot_ws/src/install/kobuki_core', 'merge_install': False, 'path': '/home/wellyowo/locobot_sim/locobot_ws/src/ThirdParty/kobuki_core', 'symlink_install': False, 'test_result_base': None}
[0.343s] Level 5:colcon.colcon_core.verb:set package 'ecl_core' build argument 'cmake_args' from command line to 'None'
[0.343s] Level 5:colcon.colcon_core.verb:set package 'ecl_core' build argument 'cmake_target' from command line to 'None'
[0.343s] Level 5:colcon.colcon_core.verb:set package 'ecl_core' build argument 'cmake_target_skip_unavailable' from command line to 'False'
[0.343s] Level 5:colcon.colcon_core.verb:set package 'ecl_core' build argument 'cmake_clean_cache' from command line to 'False'
[0.343s] Level 5:colcon.colcon_core.verb:set package 'ecl_core' build argument 'cmake_clean_first' from command line to 'False'
[0.343s] Level 5:colcon.colcon_core.verb:set package 'ecl_core' build argument 'cmake_force_configure' from command line to 'False'
[0.343s] Level 5:colcon.colcon_core.verb:set package 'ecl_core' build argument 'ament_cmake_args' from command line to 'None'
[0.343s] Level 5:colcon.colcon_core.verb:set package 'ecl_core' build argument 'catkin_cmake_args' from command line to 'None'
[0.343s] Level 5:colcon.colcon_core.verb:set package 'ecl_core' build argument 'catkin_skip_building_tests' from command line to 'False'
[0.343s] DEBUG:colcon.colcon_core.verb:Building package 'ecl_core' with the following arguments: {'ament_cmake_args': None, 'build_base': '/home/wellyowo/locobot_sim/locobot_ws/src/build/ecl_core', 'catkin_cmake_args': None, 'catkin_skip_building_tests': False, 'cmake_args': None, 'cmake_clean_cache': False, 'cmake_clean_first': False, 'cmake_force_configure': False, 'cmake_target': None, 'cmake_target_skip_unavailable': False, 'install_base': '/home/wellyowo/locobot_sim/locobot_ws/src/install/ecl_core', 'merge_install': False, 'path': '/home/wellyowo/locobot_sim/locobot_ws/src/ThirdParty/ecl/ecl_core/ecl_core', 'symlink_install': False, 'test_result_base': None}
[0.343s] Level 5:colcon.colcon_core.verb:set package 'kobuki_auto_docking' build argument 'cmake_args' from command line to 'None'
[0.343s] Level 5:colcon.colcon_core.verb:set package 'kobuki_auto_docking' build argument 'cmake_target' from command line to 'None'
[0.343s] Level 5:colcon.colcon_core.verb:set package 'kobuki_auto_docking' build argument 'cmake_target_skip_unavailable' from command line to 'False'
[0.343s] Level 5:colcon.colcon_core.verb:set package 'kobuki_auto_docking' build argument 'cmake_clean_cache' from command line to 'False'
[0.343s] Level 5:colcon.colcon_core.verb:set package 'kobuki_auto_docking' build argument 'cmake_clean_first' from command line to 'False'
[0.343s] Level 5:colcon.colcon_core.verb:set package 'kobuki_auto_docking' build argument 'cmake_force_configure' from command line to 'False'
[0.343s] Level 5:colcon.colcon_core.verb:set package 'kobuki_auto_docking' build argument 'ament_cmake_args' from command line to 'None'
[0.343s] Level 5:colcon.colcon_core.verb:set package 'kobuki_auto_docking' build argument 'catkin_cmake_args' from command line to 'None'
[0.343s] Level 5:colcon.colcon_core.verb:set package 'kobuki_auto_docking' build argument 'catkin_skip_building_tests' from command line to 'False'
[0.343s] DEBUG:colcon.colcon_core.verb:Building package 'kobuki_auto_docking' with the following arguments: {'ament_cmake_args': None, 'build_base': '/home/wellyowo/locobot_sim/locobot_ws/src/build/kobuki_auto_docking', 'catkin_cmake_args': None, 'catkin_skip_building_tests': False, 'cmake_args': None, 'cmake_clean_cache': False, 'cmake_clean_first': False, 'cmake_force_configure': False, 'cmake_target': None, 'cmake_target_skip_unavailable': False, 'install_base': '/home/wellyowo/locobot_sim/locobot_ws/src/install/kobuki_auto_docking', 'merge_install': False, 'path': '/home/wellyowo/locobot_sim/locobot_ws/src/ThirdParty/kobuki_ros/kobuki_auto_docking', 'symlink_install': False, 'test_result_base': None}
[0.343s] Level 5:colcon.colcon_core.verb:set package 'kobuki_node' build argument 'cmake_args' from command line to 'None'
[0.343s] Level 5:colcon.colcon_core.verb:set package 'kobuki_node' build argument 'cmake_target' from command line to 'None'
[0.343s] Level 5:colcon.colcon_core.verb:set package 'kobuki_node' build argument 'cmake_target_skip_unavailable' from command line to 'False'
[0.343s] Level 5:colcon.colcon_core.verb:set package 'kobuki_node' build argument 'cmake_clean_cache' from command line to 'False'
[0.343s] Level 5:colcon.colcon_core.verb:set package 'kobuki_node' build argument 'cmake_clean_first' from command line to 'False'
[0.343s] Level 5:colcon.colcon_core.verb:set package 'kobuki_node' build argument 'cmake_force_configure' from command line to 'False'
[0.343s] Level 5:colcon.colcon_core.verb:set package 'kobuki_node' build argument 'ament_cmake_args' from command line to 'None'
[0.343s] Level 5:colcon.colcon_core.verb:set package 'kobuki_node' build argument 'catkin_cmake_args' from command line to 'None'
[0.343s] Level 5:colcon.colcon_core.verb:set package 'kobuki_node' build argument 'catkin_skip_building_tests' from command line to 'False'
[0.343s] DEBUG:colcon.colcon_core.verb:Building package 'kobuki_node' with the following arguments: {'ament_cmake_args': None, 'build_base': '/home/wellyowo/locobot_sim/locobot_ws/src/build/kobuki_node', 'catkin_cmake_args': None, 'catkin_skip_building_tests': False, 'cmake_args': None, 'cmake_clean_cache': False, 'cmake_clean_first': False, 'cmake_force_configure': False, 'cmake_target': None, 'cmake_target_skip_unavailable': False, 'install_base': '/home/wellyowo/locobot_sim/locobot_ws/src/install/kobuki_node', 'merge_install': False, 'path': '/home/wellyowo/locobot_sim/locobot_ws/src/ThirdParty/kobuki_ros/kobuki_node', 'symlink_install': False, 'test_result_base': None}
[0.344s] Level 5:colcon.colcon_core.verb:set package 'kobuki_ros' build argument 'cmake_args' from command line to 'None'
[0.344s] Level 5:colcon.colcon_core.verb:set package 'kobuki_ros' build argument 'cmake_target' from command line to 'None'
[0.344s] Level 5:colcon.colcon_core.verb:set package 'kobuki_ros' build argument 'cmake_target_skip_unavailable' from command line to 'False'
[0.344s] Level 5:colcon.colcon_core.verb:set package 'kobuki_ros' build argument 'cmake_clean_cache' from command line to 'False'
[0.344s] Level 5:colcon.colcon_core.verb:set package 'kobuki_ros' build argument 'cmake_clean_first' from command line to 'False'
[0.344s] Level 5:colcon.colcon_core.verb:set package 'kobuki_ros' build argument 'cmake_force_configure' from command line to 'False'
[0.344s] Level 5:colcon.colcon_core.verb:set package 'kobuki_ros' build argument 'ament_cmake_args' from command line to 'None'
[0.344s] Level 5:colcon.colcon_core.verb:set package 'kobuki_ros' build argument 'catkin_cmake_args' from command line to 'None'
[0.344s] Level 5:colcon.colcon_core.verb:set package 'kobuki_ros' build argument 'catkin_skip_building_tests' from command line to 'False'
[0.344s] DEBUG:colcon.colcon_core.verb:Building package 'kobuki_ros' with the following arguments: {'ament_cmake_args': None, 'build_base': '/home/wellyowo/locobot_sim/locobot_ws/src/build/kobuki_ros', 'catkin_cmake_args': None, 'catkin_skip_building_tests': False, 'cmake_args': None, 'cmake_clean_cache': False, 'cmake_clean_first': False, 'cmake_force_configure': False, 'cmake_target': None, 'cmake_target_skip_unavailable': False, 'install_base': '/home/wellyowo/locobot_sim/locobot_ws/src/install/kobuki_ros', 'merge_install': False, 'path': '/home/wellyowo/locobot_sim/locobot_ws/src/ThirdParty/kobuki_ros/kobuki_ros', 'symlink_install': False, 'test_result_base': None}
[0.344s] INFO:colcon.colcon_core.executor:Executing jobs using 'parallel' executor
[0.345s] DEBUG:colcon.colcon_parallel_executor.executor.parallel:run_until_complete
[0.346s] INFO:colcon.colcon_ros.task.ament_cmake.build:Building ROS package in '/home/wellyowo/locobot_sim/locobot_ws/src/ThirdParty/ecl/ecl_lite/ecl_config' with build type 'ament_cmake'
[0.346s] INFO:colcon.colcon_cmake.task.cmake.build:Building CMake package in '/home/wellyowo/locobot_sim/locobot_ws/src/ThirdParty/ecl/ecl_lite/ecl_config'
[0.348s] INFO:colcon.colcon_core.plugin_system:Skipping extension 'colcon_core.shell.bat': Not used on non-Windows systems
[0.348s] INFO:colcon.colcon_core.shell:Skip shell extension 'powershell' for command environment: Not usable outside of PowerShell
[0.348s] DEBUG:colcon.colcon_core.shell:Skip shell extension 'dsv' for command environment
[0.352s] INFO:colcon.colcon_ros.task.ament_cmake.build:Building ROS package in '/home/wellyowo/locobot_sim/locobot_ws/src/ThirdParty/ecl/ecl_core/ecl_mpl' with build type 'ament_cmake'
[0.352s] INFO:colcon.colcon_cmake.task.cmake.build:Building CMake package in '/home/wellyowo/locobot_sim/locobot_ws/src/ThirdParty/ecl/ecl_core/ecl_mpl'
[0.352s] INFO:colcon.colcon_core.shell:Skip shell extension 'powershell' for command environment: Not usable outside of PowerShell
[0.352s] DEBUG:colcon.colcon_core.shell:Skip shell extension 'dsv' for command environment
[0.354s] INFO:colcon.colcon_ros.task.ament_cmake.build:Building ROS package in '/home/wellyowo/locobot_sim/locobot_ws/src/interbotix_ros_core/interbotix_ros_xseries/interbotix_xs_msgs' with build type 'ament_cmake'
[0.354s] INFO:colcon.colcon_cmake.task.cmake.build:Building CMake package in '/home/wellyowo/locobot_sim/locobot_ws/src/interbotix_ros_core/interbotix_ros_xseries/interbotix_xs_msgs'
[0.354s] INFO:colcon.colcon_core.shell:Skip shell extension 'powershell' for command environment: Not usable outside of PowerShell
[0.354s] DEBUG:colcon.colcon_core.shell:Skip shell extension 'dsv' for command environment
[0.356s] INFO:colcon.colcon_ros.task.ament_cmake.build:Building ROS package in '/home/wellyowo/locobot_sim/locobot_ws/src/ThirdParty/ecl/ecl_core/ecl_eigen' with build type 'ament_cmake'
[0.356s] INFO:colcon.colcon_cmake.task.cmake.build:Building CMake package in '/home/wellyowo/locobot_sim/locobot_ws/src/ThirdParty/ecl/ecl_core/ecl_eigen'
[0.356s] INFO:colcon.colcon_core.shell:Skip shell extension 'powershell' for command environment: Not usable outside of PowerShell
[0.356s] DEBUG:colcon.colcon_core.shell:Skip shell extension 'dsv' for command environment
[0.358s] INFO:colcon.colcon_ros.task.cmake.build:Building ROS package in '/home/wellyowo/locobot_sim/locobot_ws/src/ThirdParty/sophus' with build type 'cmake'
[0.358s] INFO:colcon.colcon_cmake.task.cmake.build:Building CMake package in '/home/wellyowo/locobot_sim/locobot_ws/src/ThirdParty/sophus'
[0.358s] INFO:colcon.colcon_core.shell:Skip shell extension 'powershell' for command environment: Not usable outside of PowerShell
[0.358s] DEBUG:colcon.colcon_core.shell:Skip shell extension 'dsv' for command environment
[0.361s] INFO:colcon.colcon_ros.task.ament_python.build:Building ROS package in '/home/wellyowo/locobot_sim/locobot_ws/src/interbotix_ros_toolboxes/interbotix_common_toolbox/interbotix_common_modules' with build type 'ament_python'
[0.361s] Level 1:colcon.colcon_core.shell:create_environment_hook('interbotix_common_modules', 'ament_prefix_path')
[0.361s] INFO:colcon.colcon_core.shell:Creating environment hook '/home/wellyowo/locobot_sim/locobot_ws/src/install/interbotix_common_modules/share/interbotix_common_modules/hook/ament_prefix_path.ps1'
[0.362s] INFO:colcon.colcon_core.shell:Creating environment descriptor '/home/wellyowo/locobot_sim/locobot_ws/src/install/interbotix_common_modules/share/interbotix_common_modules/hook/ament_prefix_path.dsv'
[0.362s] INFO:colcon.colcon_core.shell:Creating environment hook '/home/wellyowo/locobot_sim/locobot_ws/src/install/interbotix_common_modules/share/interbotix_common_modules/hook/ament_prefix_path.sh'
[0.362s] INFO:colcon.colcon_core.shell:Skip shell extension 'powershell' for command environment: Not usable outside of PowerShell
[0.362s] DEBUG:colcon.colcon_core.shell:Skip shell extension 'dsv' for command environment
[0.364s] INFO:colcon.colcon_ros.task.ament_cmake.build:Building ROS package in '/home/wellyowo/locobot_sim/locobot_ws/src/interbotix_ros_toolboxes/interbotix_common_toolbox/interbotix_common_sim' with build type 'ament_cmake'
[0.364s] INFO:colcon.colcon_cmake.task.cmake.build:Building CMake package in '/home/wellyowo/locobot_sim/locobot_ws/src/interbotix_ros_toolboxes/interbotix_common_toolbox/interbotix_common_sim'
[0.364s] INFO:colcon.colcon_core.shell:Skip shell extension 'powershell' for command environment: Not usable outside of PowerShell
[0.364s] DEBUG:colcon.colcon_core.shell:Skip shell extension 'dsv' for command environment
[0.366s] INFO:colcon.colcon_ros.task.ament_cmake.build:Building ROS package in '/home/wellyowo/locobot_sim/locobot_ws/src/ThirdParty/ecl/ecl_core/ecl_command_line' with build type 'ament_cmake'
[0.366s] INFO:colcon.colcon_cmake.task.cmake.build:Building CMake package in '/home/wellyowo/locobot_sim/locobot_ws/src/ThirdParty/ecl/ecl_core/ecl_command_line'
[0.367s] INFO:colcon.colcon_core.shell:Skip shell extension 'powershell' for command environment: Not usable outside of PowerShell
[0.367s] DEBUG:colcon.colcon_core.shell:Skip shell extension 'dsv' for command environment
[0.368s] INFO:colcon.colcon_ros.task.ament_cmake.build:Building ROS package in '/home/wellyowo/locobot_sim/locobot_ws/src/ThirdParty/rplidar_ros' with build type 'ament_cmake'
[0.369s] INFO:colcon.colcon_cmake.task.cmake.build:Building CMake package in '/home/wellyowo/locobot_sim/locobot_ws/src/ThirdParty/rplidar_ros'
[0.369s] INFO:colcon.colcon_core.shell:Skip shell extension 'powershell' for command environment: Not usable outside of PowerShell
[0.369s] DEBUG:colcon.colcon_core.shell:Skip shell extension 'dsv' for command environment
[0.371s] INFO:colcon.colcon_ros.task.ament_cmake.build:Building ROS package in '/home/wellyowo/locobot_sim/locobot_ws/src/ThirdParty/gazebo_plugins/gazebo_plugins' with build type 'ament_cmake'
[0.371s] INFO:colcon.colcon_cmake.task.cmake.build:Building CMake package in '/home/wellyowo/locobot_sim/locobot_ws/src/ThirdParty/gazebo_plugins/gazebo_plugins'
[0.371s] INFO:colcon.colcon_core.shell:Skip shell extension 'powershell' for command environment: Not usable outside of PowerShell
[0.371s] DEBUG:colcon.colcon_core.shell:Skip shell extension 'dsv' for command environment
[0.373s] INFO:colcon.colcon_ros.task.ament_cmake.build:Building ROS package in '/home/wellyowo/locobot_sim/locobot_ws/src/ThirdParty/ros_astra_camera/astra_camera_msgs' with build type 'ament_cmake'
[0.373s] INFO:colcon.colcon_cmake.task.cmake.build:Building CMake package in '/home/wellyowo/locobot_sim/locobot_ws/src/ThirdParty/ros_astra_camera/astra_camera_msgs'
[0.373s] INFO:colcon.colcon_core.shell:Skip shell extension 'powershell' for command environment: Not usable outside of PowerShell
[0.373s] DEBUG:colcon.colcon_core.shell:Skip shell extension 'dsv' for command environment
[0.375s] INFO:colcon.colcon_ros.task.ament_cmake.build:Building ROS package in '/home/wellyowo/locobot_sim/locobot_ws/src/ThirdParty/kobuki_ros/kobuki_bumper2pc' with build type 'ament_cmake'
[0.375s] INFO:colcon.colcon_cmake.task.cmake.build:Building CMake package in '/home/wellyowo/locobot_sim/locobot_ws/src/ThirdParty/kobuki_ros/kobuki_bumper2pc'
[0.375s] INFO:colcon.colcon_core.shell:Skip shell extension 'powershell' for command environment: Not usable outside of PowerShell
[0.375s] DEBUG:colcon.colcon_core.shell:Skip shell extension 'dsv' for command environment
[0.377s] INFO:colcon.colcon_ros.task.ament_cmake.build:Building ROS package in '/home/wellyowo/locobot_sim/locobot_ws/src/ThirdParty/kobuki_ros/kobuki_description' with build type 'ament_cmake'
[0.377s] INFO:colcon.colcon_cmake.task.cmake.build:Building CMake package in '/home/wellyowo/locobot_sim/locobot_ws/src/ThirdParty/kobuki_ros/kobuki_description'
[0.377s] INFO:colcon.colcon_core.shell:Skip shell extension 'powershell' for command environment: Not usable outside of PowerShell
[0.377s] DEBUG:colcon.colcon_core.shell:Skip shell extension 'dsv' for command environment
[0.379s] INFO:colcon.colcon_ros.task.ament_cmake.build:Building ROS package in '/home/wellyowo/locobot_sim/locobot_ws/src/ThirdParty/kobuki_ros/kobuki_keyop' with build type 'ament_cmake'
[0.379s] INFO:colcon.colcon_cmake.task.cmake.build:Building CMake package in '/home/wellyowo/locobot_sim/locobot_ws/src/ThirdParty/kobuki_ros/kobuki_keyop'
[0.380s] INFO:colcon.colcon_core.shell:Skip shell extension 'powershell' for command environment: Not usable outside of PowerShell
[0.380s] DEBUG:colcon.colcon_core.shell:Skip shell extension 'dsv' for command environment
[0.381s] INFO:colcon.colcon_ros.task.ament_cmake.build:Building ROS package in '/home/wellyowo/locobot_sim/locobot_ws/src/ThirdParty/kobuki_ros/kobuki_random_walker' with build type 'ament_cmake'
[0.382s] INFO:colcon.colcon_cmake.task.cmake.build:Building CMake package in '/home/wellyowo/locobot_sim/locobot_ws/src/ThirdParty/kobuki_ros/kobuki_random_walker'
[0.382s] INFO:colcon.colcon_core.shell:Skip shell extension 'powershell' for command environment: Not usable outside of PowerShell
[0.382s] DEBUG:colcon.colcon_core.shell:Skip shell extension 'dsv' for command environment
[0.384s] INFO:colcon.colcon_ros.task.ament_cmake.build:Building ROS package in '/home/wellyowo/locobot_sim/locobot_ws/src/ThirdParty/kobuki_ros/kobuki_safety_controller' with build type 'ament_cmake'
[0.384s] INFO:colcon.colcon_cmake.task.cmake.build:Building CMake package in '/home/wellyowo/locobot_sim/locobot_ws/src/ThirdParty/kobuki_ros/kobuki_safety_controller'
[0.384s] INFO:colcon.colcon_core.shell:Skip shell extension 'powershell' for command environment: Not usable outside of PowerShell
[0.384s] DEBUG:colcon.colcon_core.shell:Skip shell extension 'dsv' for command environment
[0.389s] DEBUG:colcon.colcon_core.event_handler.log_command:Invoking command in '/home/wellyowo/locobot_sim/locobot_ws/src/build/ecl_config': CMAKE_PREFIX_PATH=/opt/ros/humble /usr/bin/cmake --build /home/wellyowo/locobot_sim/locobot_ws/src/build/ecl_config -- -j16 -l16
[0.392s] DEBUG:colcon.colcon_core.event_handler.log_command:Invoking command in '/home/wellyowo/locobot_sim/locobot_ws/src/build/ecl_mpl': CMAKE_PREFIX_PATH=/opt/ros/humble /usr/bin/cmake --build /home/wellyowo/locobot_sim/locobot_ws/src/build/ecl_mpl -- -j16 -l16
[0.393s] DEBUG:colcon.colcon_core.event_handler.log_command:Invoking command in '/home/wellyowo/locobot_sim/locobot_ws/src/build/interbotix_xs_msgs': CMAKE_PREFIX_PATH=/opt/ros/humble /usr/bin/cmake --build /home/wellyowo/locobot_sim/locobot_ws/src/build/interbotix_xs_msgs -- -j16 -l16
[0.395s] DEBUG:colcon.colcon_core.event_handler.log_command:Invoking command in '/home/wellyowo/locobot_sim/locobot_ws/src/build/ecl_eigen': CMAKE_PREFIX_PATH=/opt/ros/humble /usr/bin/cmake --build /home/wellyowo/locobot_sim/locobot_ws/src/build/ecl_eigen -- -j16 -l16
[0.397s] DEBUG:colcon.colcon_core.event_handler.log_command:Invoking command in '/home/wellyowo/locobot_sim/locobot_ws/src/build/sophus': CMAKE_PREFIX_PATH=/opt/ros/humble /usr/bin/cmake --build /home/wellyowo/locobot_sim/locobot_ws/src/build/sophus -- -j16 -l16
[0.613s] INFO:colcon.colcon_core.task.python.build:Building Python package in '/home/wellyowo/locobot_sim/locobot_ws/src/interbotix_ros_toolboxes/interbotix_common_toolbox/interbotix_common_modules'
[0.613s] INFO:colcon.colcon_core.shell:Skip shell extension 'powershell' for command environment: Not usable outside of PowerShell
[0.613s] DEBUG:colcon.colcon_core.shell:Skip shell extension 'dsv' for command environment
[0.619s] DEBUG:colcon.colcon_core.event_handler.log_command:Invoking command in '/home/wellyowo/locobot_sim/locobot_ws/src/build/interbotix_common_sim': CMAKE_PREFIX_PATH=/opt/ros/humble /usr/bin/cmake --build /home/wellyowo/locobot_sim/locobot_ws/src/build/interbotix_common_sim -- -j16 -l16
[0.621s] DEBUG:colcon.colcon_core.event_handler.log_command:Invoking command in '/home/wellyowo/locobot_sim/locobot_ws/src/build/ecl_command_line': CMAKE_PREFIX_PATH=/opt/ros/humble /usr/bin/cmake --build /home/wellyowo/locobot_sim/locobot_ws/src/build/ecl_command_line -- -j16 -l16
[0.623s] DEBUG:colcon.colcon_core.event_handler.log_command:Invoking command in '/home/wellyowo/locobot_sim/locobot_ws/src/build/rplidar_ros': CMAKE_PREFIX_PATH=/opt/ros/humble /usr/bin/cmake --build /home/wellyowo/locobot_sim/locobot_ws/src/build/rplidar_ros -- -j16 -l16
[0.626s] DEBUG:colcon.colcon_core.event_handler.log_command:Invoking command in '/home/wellyowo/locobot_sim/locobot_ws/src/build/gazebo_plugins': CMAKE_PREFIX_PATH=/opt/ros/humble /usr/bin/cmake --build /home/wellyowo/locobot_sim/locobot_ws/src/build/gazebo_plugins -- -j16 -l16
[0.629s] DEBUG:colcon.colcon_core.event_handler.log_command:Invoking command in '/home/wellyowo/locobot_sim/locobot_ws/src/build/astra_camera_msgs': CMAKE_PREFIX_PATH=/opt/ros/humble /usr/bin/cmake --build /home/wellyowo/locobot_sim/locobot_ws/src/build/astra_camera_msgs -- -j16 -l16
[0.632s] DEBUG:colcon.colcon_core.event_handler.log_command:Invoking command in '/home/wellyowo/locobot_sim/locobot_ws/src/build/kobuki_bumper2pc': CMAKE_PREFIX_PATH=/opt/ros/humble /usr/bin/cmake --build /home/wellyowo/locobot_sim/locobot_ws/src/build/kobuki_bumper2pc -- -j16 -l16
[0.634s] DEBUG:colcon.colcon_core.event_handler.log_command:Invoking command in '/home/wellyowo/locobot_sim/locobot_ws/src/build/kobuki_description': CMAKE_PREFIX_PATH=/opt/ros/humble /usr/bin/cmake --build /home/wellyowo/locobot_sim/locobot_ws/src/build/kobuki_description -- -j16 -l16
[0.637s] DEBUG:colcon.colcon_core.event_handler.log_command:Invoking command in '/home/wellyowo/locobot_sim/locobot_ws/src/build/kobuki_keyop': CMAKE_PREFIX_PATH=/opt/ros/humble /usr/bin/cmake --build /home/wellyowo/locobot_sim/locobot_ws/src/build/kobuki_keyop -- -j16 -l16
[0.640s] DEBUG:colcon.colcon_core.event_handler.log_command:Invoking command in '/home/wellyowo/locobot_sim/locobot_ws/src/build/kobuki_random_walker': CMAKE_PREFIX_PATH=/opt/ros/humble /usr/bin/cmake --build /home/wellyowo/locobot_sim/locobot_ws/src/build/kobuki_random_walker -- -j16 -l16
[0.642s] DEBUG:colcon.colcon_core.event_handler.log_command:Invoking command in '/home/wellyowo/locobot_sim/locobot_ws/src/build/kobuki_safety_controller': CMAKE_PREFIX_PATH=/opt/ros/humble /usr/bin/cmake --build /home/wellyowo/locobot_sim/locobot_ws/src/build/kobuki_safety_controller -- -j16 -l16
[0.692s] DEBUG:colcon.colcon_core.event_handler.log_command:Invoked command in '/home/wellyowo/locobot_sim/locobot_ws/src/build/ecl_config' returned '0': CMAKE_PREFIX_PATH=/opt/ros/humble /usr/bin/cmake --build /home/wellyowo/locobot_sim/locobot_ws/src/build/ecl_config -- -j16 -l16
[0.712s] DEBUG:colcon.colcon_core.event_handler.log_command:Invoking command in '/home/wellyowo/locobot_sim/locobot_ws/src/build/ecl_config': CMAKE_PREFIX_PATH=/opt/ros/humble /usr/bin/cmake --install /home/wellyowo/locobot_sim/locobot_ws/src/build/ecl_config
[0.724s] DEBUG:colcon.colcon_core.event_handler.log_command:Invoked command in '/home/wellyowo/locobot_sim/locobot_ws/src/build/ecl_mpl' returned '0': CMAKE_PREFIX_PATH=/opt/ros/humble /usr/bin/cmake --build /home/wellyowo/locobot_sim/locobot_ws/src/build/ecl_mpl -- -j16 -l16
[0.725s] DEBUG:colcon.colcon_core.event_handler.log_command:Invoking command in '/home/wellyowo/locobot_sim/locobot_ws/src/build/ecl_mpl': CMAKE_PREFIX_PATH=/opt/ros/humble /usr/bin/cmake --install /home/wellyowo/locobot_sim/locobot_ws/src/build/ecl_mpl
[0.738s] DEBUG:colcon.colcon_core.event_handler.log_command:Invoked command in '/home/wellyowo/locobot_sim/locobot_ws/src/build/ecl_eigen' returned '0': CMAKE_PREFIX_PATH=/opt/ros/humble /usr/bin/cmake --build /home/wellyowo/locobot_sim/locobot_ws/src/build/ecl_eigen -- -j16 -l16
[0.741s] DEBUG:colcon.colcon_core.event_handler.log_command:Invoking command in '/home/wellyowo/locobot_sim/locobot_ws/src/build/ecl_eigen': CMAKE_PREFIX_PATH=/opt/ros/humble /usr/bin/cmake --install /home/wellyowo/locobot_sim/locobot_ws/src/build/ecl_eigen
[0.742s] DEBUG:colcon.colcon_core.event_handler.log_command:Invoked command in '/home/wellyowo/locobot_sim/locobot_ws/src/build/interbotix_common_sim' returned '0': CMAKE_PREFIX_PATH=/opt/ros/humble /usr/bin/cmake --build /home/wellyowo/locobot_sim/locobot_ws/src/build/interbotix_common_sim -- -j16 -l16
[0.743s] DEBUG:colcon.colcon_core.event_handler.log_command:Invoking command in '/home/wellyowo/locobot_sim/locobot_ws/src/build/interbotix_common_sim': CMAKE_PREFIX_PATH=/opt/ros/humble /usr/bin/cmake --install /home/wellyowo/locobot_sim/locobot_ws/src/build/interbotix_common_sim
[0.786s] Level 1:colcon.colcon_core.environment:create_environment_scripts_only(ecl_config)
[0.789s] Level 1:colcon.colcon_core.environment:checking '/home/wellyowo/locobot_sim/locobot_ws/src/install/ecl_config' for CMake module files
[0.792s] DEBUG:colcon.colcon_core.event_handler.log_command:Invoked command in '/home/wellyowo/locobot_sim/locobot_ws/src/build/kobuki_description' returned '0': CMAKE_PREFIX_PATH=/opt/ros/humble /usr/bin/cmake --build /home/wellyowo/locobot_sim/locobot_ws/src/build/kobuki_description -- -j16 -l16
[0.792s] DEBUG:colcon.colcon_core.event_handler.log_command:Invoking command in '/home/wellyowo/locobot_sim/locobot_ws/src/build/kobuki_description': CMAKE_PREFIX_PATH=/opt/ros/humble /usr/bin/cmake --install /home/wellyowo/locobot_sim/locobot_ws/src/build/kobuki_description
[0.794s] Level 1:colcon.colcon_core.environment:checking '/home/wellyowo/locobot_sim/locobot_ws/src/install/ecl_config' for CMake config files
[0.796s] Level 1:colcon.colcon_core.shell:create_environment_hook('ecl_config', 'cmake_prefix_path')
[0.796s] INFO:colcon.colcon_core.shell:Creating environment hook '/home/wellyowo/locobot_sim/locobot_ws/src/install/ecl_config/share/ecl_config/hook/cmake_prefix_path.ps1'
[0.799s] DEBUG:colcon.colcon_core.event_handler.log_command:Invoked command in '/home/wellyowo/locobot_sim/locobot_ws/src/build/ecl_config' returned '0': CMAKE_PREFIX_PATH=/opt/ros/humble /usr/bin/cmake --install /home/wellyowo/locobot_sim/locobot_ws/src/build/ecl_config
[0.799s] INFO:colcon.colcon_core.shell:Creating environment descriptor '/home/wellyowo/locobot_sim/locobot_ws/src/install/ecl_config/share/ecl_config/hook/cmake_prefix_path.dsv'
[0.800s] INFO:colcon.colcon_core.shell:Creating environment hook '/home/wellyowo/locobot_sim/locobot_ws/src/install/ecl_config/share/ecl_config/hook/cmake_prefix_path.sh'
[0.802s] Level 1:colcon.colcon_core.environment:checking '/home/wellyowo/locobot_sim/locobot_ws/src/install/ecl_config/bin'
[0.803s] Level 1:colcon.colcon_core.shell:create_environment_hook('ecl_config', 'path')
[0.806s] INFO:colcon.colcon_core.shell:Creating environment hook '/home/wellyowo/locobot_sim/locobot_ws/src/install/ecl_config/share/ecl_config/hook/path.ps1'
[0.807s] INFO:colcon.colcon_core.shell:Creating environment descriptor '/home/wellyowo/locobot_sim/locobot_ws/src/install/ecl_config/share/ecl_config/hook/path.dsv'
[0.807s] INFO:colcon.colcon_core.shell:Creating environment hook '/home/wellyowo/locobot_sim/locobot_ws/src/install/ecl_config/share/ecl_config/hook/path.sh'
[0.808s] Level 1:colcon.colcon_core.environment:checking '/home/wellyowo/locobot_sim/locobot_ws/src/install/ecl_config/lib/pkgconfig/ecl_config.pc'
[0.808s] Level 1:colcon.colcon_core.environment:checking '/home/wellyowo/locobot_sim/locobot_ws/src/install/ecl_config/lib/python3.10/site-packages'
[0.809s] Level 1:colcon.colcon_core.environment:checking '/home/wellyowo/locobot_sim/locobot_ws/src/install/ecl_config/bin'
[0.809s] Level 1:colcon.colcon_core.shell:create_environment_hook('ecl_config', 'pythonscriptspath')
[0.809s] INFO:colcon.colcon_core.shell:Creating environment hook '/home/wellyowo/locobot_sim/locobot_ws/src/install/ecl_config/share/ecl_config/hook/pythonscriptspath.ps1'
[0.810s] INFO:colcon.colcon_core.shell:Creating environment descriptor '/home/wellyowo/locobot_sim/locobot_ws/src/install/ecl_config/share/ecl_config/hook/pythonscriptspath.dsv'
[0.810s] INFO:colcon.colcon_core.shell:Creating environment hook '/home/wellyowo/locobot_sim/locobot_ws/src/install/ecl_config/share/ecl_config/hook/pythonscriptspath.sh'
[0.811s] INFO:colcon.colcon_core.shell:Creating package script '/home/wellyowo/locobot_sim/locobot_ws/src/install/ecl_config/share/ecl_config/package.ps1'
[0.812s] INFO:colcon.colcon_core.shell:Creating package descriptor '/home/wellyowo/locobot_sim/locobot_ws/src/install/ecl_config/share/ecl_config/package.dsv'
[0.813s] INFO:colcon.colcon_core.shell:Creating package script '/home/wellyowo/locobot_sim/locobot_ws/src/install/ecl_config/share/ecl_config/package.sh'
[0.814s] INFO:colcon.colcon_core.shell:Creating package script '/home/wellyowo/locobot_sim/locobot_ws/src/install/ecl_config/share/ecl_config/package.bash'
[0.815s] INFO:colcon.colcon_core.shell:Creating package script '/home/wellyowo/locobot_sim/locobot_ws/src/install/ecl_config/share/ecl_config/package.zsh'
[0.816s] Level 1:colcon.colcon_core.environment:create_file_with_runtime_dependencies(/home/wellyowo/locobot_sim/locobot_ws/src/install/ecl_config/share/colcon-core/packages/ecl_config)
[0.817s] Level 1:colcon.colcon_core.environment:create_environment_scripts_only(ecl_config)
[0.818s] Level 1:colcon.colcon_core.environment:checking '/home/wellyowo/locobot_sim/locobot_ws/src/install/ecl_config' for CMake module files
[0.819s] Level 1:colcon.colcon_core.environment:checking '/home/wellyowo/locobot_sim/locobot_ws/src/install/ecl_config' for CMake config files
[0.820s] Level 1:colcon.colcon_core.shell:create_environment_hook('ecl_config', 'cmake_prefix_path')
[0.820s] INFO:colcon.colcon_core.shell:Creating environment hook '/home/wellyowo/locobot_sim/locobot_ws/src/install/ecl_config/share/ecl_config/hook/cmake_prefix_path.ps1'
[0.821s] INFO:colcon.colcon_core.shell:Creating environment descriptor '/home/wellyowo/locobot_sim/locobot_ws/src/install/ecl_config/share/ecl_config/hook/cmake_prefix_path.dsv'
[0.821s] INFO:colcon.colcon_core.shell:Creating environment hook '/home/wellyowo/locobot_sim/locobot_ws/src/install/ecl_config/share/ecl_config/hook/cmake_prefix_path.sh'
[0.822s] Level 1:colcon.colcon_core.environment:checking '/home/wellyowo/locobot_sim/locobot_ws/src/install/ecl_config/bin'
[0.822s] Level 1:colcon.colcon_core.shell:create_environment_hook('ecl_config', 'path')
[0.822s] INFO:colcon.colcon_core.shell:Creating environment hook '/home/wellyowo/locobot_sim/locobot_ws/src/install/ecl_config/share/ecl_config/hook/path.ps1'
[0.823s] INFO:colcon.colcon_core.shell:Creating environment descriptor '/home/wellyowo/locobot_sim/locobot_ws/src/install/ecl_config/share/ecl_config/hook/path.dsv'
[0.824s] INFO:colcon.colcon_core.shell:Creating environment hook '/home/wellyowo/locobot_sim/locobot_ws/src/install/ecl_config/share/ecl_config/hook/path.sh'
[0.824s] Level 1:colcon.colcon_core.environment:checking '/home/wellyowo/locobot_sim/locobot_ws/src/install/ecl_config/lib/pkgconfig/ecl_config.pc'
[0.824s] Level 1:colcon.colcon_core.environment:checking '/home/wellyowo/locobot_sim/locobot_ws/src/install/ecl_config/lib/python3.10/site-packages'
[0.825s] Level 1:colcon.colcon_core.environment:checking '/home/wellyowo/locobot_sim/locobot_ws/src/install/ecl_config/bin'
[0.825s] Level 1:colcon.colcon_core.shell:create_environment_hook('ecl_config', 'pythonscriptspath')
[0.825s] INFO:colcon.colcon_core.shell:Creating environment hook '/home/wellyowo/locobot_sim/locobot_ws/src/install/ecl_config/share/ecl_config/hook/pythonscriptspath.ps1'
[0.826s] INFO:colcon.colcon_core.shell:Creating environment descriptor '/home/wellyowo/locobot_sim/locobot_ws/src/install/ecl_config/share/ecl_config/hook/pythonscriptspath.dsv'
[0.826s] INFO:colcon.colcon_core.shell:Creating environment hook '/home/wellyowo/locobot_sim/locobot_ws/src/install/ecl_config/share/ecl_config/hook/pythonscriptspath.sh'
[0.828s] INFO:colcon.colcon_core.shell:Creating package script '/home/wellyowo/locobot_sim/locobot_ws/src/install/ecl_config/share/ecl_config/package.ps1'
[0.828s] INFO:colcon.colcon_core.shell:Creating package descriptor '/home/wellyowo/locobot_sim/locobot_ws/src/install/ecl_config/share/ecl_config/package.dsv'
[0.829s] INFO:colcon.colcon_core.shell:Creating package script '/home/wellyowo/locobot_sim/locobot_ws/src/install/ecl_config/share/ecl_config/package.sh'
[0.829s] INFO:colcon.colcon_core.shell:Creating package script '/home/wellyowo/locobot_sim/locobot_ws/src/install/ecl_config/share/ecl_config/package.bash'
[0.830s] INFO:colcon.colcon_core.shell:Creating package script '/home/wellyowo/locobot_sim/locobot_ws/src/install/ecl_config/share/ecl_config/package.zsh'
[0.830s] Level 1:colcon.colcon_core.environment:create_file_with_runtime_dependencies(/home/wellyowo/locobot_sim/locobot_ws/src/install/ecl_config/share/colcon-core/packages/ecl_config)
[0.833s] Level 1:colcon.colcon_core.environment:create_environment_scripts_only(ecl_mpl)
[0.834s] Level 1:colcon.colcon_core.environment:checking '/home/wellyowo/locobot_sim/locobot_ws/src/install/ecl_mpl' for CMake module files
[0.836s] Level 1:colcon.colcon_core.environment:checking '/home/wellyowo/locobot_sim/locobot_ws/src/install/ecl_mpl' for CMake config files
[0.837s] Level 1:colcon.colcon_core.shell:create_environment_hook('ecl_mpl', 'cmake_prefix_path')
[0.837s] INFO:colcon.colcon_core.shell:Creating environment hook '/home/wellyowo/locobot_sim/locobot_ws/src/install/ecl_mpl/share/ecl_mpl/hook/cmake_prefix_path.ps1'
[0.836s] DEBUG:colcon.colcon_core.event_handler.log_command:Invoked command in '/home/wellyowo/locobot_sim/locobot_ws/src/build/ecl_mpl' returned '0': CMAKE_PREFIX_PATH=/opt/ros/humble /usr/bin/cmake --install /home/wellyowo/locobot_sim/locobot_ws/src/build/ecl_mpl
[0.840s] INFO:colcon.colcon_core.shell:Creating environment descriptor '/home/wellyowo/locobot_sim/locobot_ws/src/install/ecl_mpl/share/ecl_mpl/hook/cmake_prefix_path.dsv'
[0.841s] INFO:colcon.colcon_core.shell:Creating environment hook '/home/wellyowo/locobot_sim/locobot_ws/src/install/ecl_mpl/share/ecl_mpl/hook/cmake_prefix_path.sh'
[0.841s] Level 1:colcon.colcon_core.environment:checking '/home/wellyowo/locobot_sim/locobot_ws/src/install/ecl_mpl/bin'
[0.841s] Level 1:colcon.colcon_core.environment:checking '/home/wellyowo/locobot_sim/locobot_ws/src/install/ecl_mpl/lib/pkgconfig/ecl_mpl.pc'
[0.842s] Level 1:colcon.colcon_core.environment:checking '/home/wellyowo/locobot_sim/locobot_ws/src/install/ecl_mpl/lib/python3.10/site-packages'
[0.842s] Level 1:colcon.colcon_core.environment:checking '/home/wellyowo/locobot_sim/locobot_ws/src/install/ecl_mpl/bin'
[0.843s] INFO:colcon.colcon_core.shell:Creating package script '/home/wellyowo/locobot_sim/locobot_ws/src/install/ecl_mpl/share/ecl_mpl/package.ps1'
[0.845s] INFO:colcon.colcon_core.shell:Creating package descriptor '/home/wellyowo/locobot_sim/locobot_ws/src/install/ecl_mpl/share/ecl_mpl/package.dsv'
[0.845s] INFO:colcon.colcon_core.shell:Creating package script '/home/wellyowo/locobot_sim/locobot_ws/src/install/ecl_mpl/share/ecl_mpl/package.sh'
[0.846s] INFO:colcon.colcon_core.shell:Creating package script '/home/wellyowo/locobot_sim/locobot_ws/src/install/ecl_mpl/share/ecl_mpl/package.bash'
[0.846s] INFO:colcon.colcon_core.shell:Creating package script '/home/wellyowo/locobot_sim/locobot_ws/src/install/ecl_mpl/share/ecl_mpl/package.zsh'
[0.847s] Level 1:colcon.colcon_core.environment:create_file_with_runtime_dependencies(/home/wellyowo/locobot_sim/locobot_ws/src/install/ecl_mpl/share/colcon-core/packages/ecl_mpl)
[0.848s] Level 1:colcon.colcon_core.environment:create_environment_scripts_only(ecl_mpl)
[0.848s] Level 1:colcon.colcon_core.environment:checking '/home/wellyowo/locobot_sim/locobot_ws/src/install/ecl_mpl' for CMake module files
[0.850s] Level 1:colcon.colcon_core.environment:checking '/home/wellyowo/locobot_sim/locobot_ws/src/install/ecl_mpl' for CMake config files
[0.851s] Level 1:colcon.colcon_core.shell:create_environment_hook('ecl_mpl', 'cmake_prefix_path')
[0.851s] INFO:colcon.colcon_core.shell:Creating environment hook '/home/wellyowo/locobot_sim/locobot_ws/src/install/ecl_mpl/share/ecl_mpl/hook/cmake_prefix_path.ps1'
[0.854s] INFO:colcon.colcon_core.shell:Creating environment descriptor '/home/wellyowo/locobot_sim/locobot_ws/src/install/ecl_mpl/share/ecl_mpl/hook/cmake_prefix_path.dsv'
[0.854s] INFO:colcon.colcon_core.shell:Creating environment hook '/home/wellyowo/locobot_sim/locobot_ws/src/install/ecl_mpl/share/ecl_mpl/hook/cmake_prefix_path.sh'
[0.855s] Level 1:colcon.colcon_core.environment:checking '/home/wellyowo/locobot_sim/locobot_ws/src/install/ecl_mpl/bin'
[0.856s] Level 1:colcon.colcon_core.environment:checking '/home/wellyowo/locobot_sim/locobot_ws/src/install/ecl_mpl/lib/pkgconfig/ecl_mpl.pc'
[0.856s] Level 1:colcon.colcon_core.environment:checking '/home/wellyowo/locobot_sim/locobot_ws/src/install/ecl_mpl/lib/python3.10/site-packages'
[0.856s] Level 1:colcon.colcon_core.environment:checking '/home/wellyowo/locobot_sim/locobot_ws/src/install/ecl_mpl/bin'
[0.857s] INFO:colcon.colcon_core.shell:Creating package script '/home/wellyowo/locobot_sim/locobot_ws/src/install/ecl_mpl/share/ecl_mpl/package.ps1'
[0.858s] INFO:colcon.colcon_core.shell:Creating package descriptor '/home/wellyowo/locobot_sim/locobot_ws/src/install/ecl_mpl/share/ecl_mpl/package.dsv'
[0.858s] INFO:colcon.colcon_core.shell:Creating package script '/home/wellyowo/locobot_sim/locobot_ws/src/install/ecl_mpl/share/ecl_mpl/package.sh'
[0.859s] INFO:colcon.colcon_core.shell:Creating package script '/home/wellyowo/locobot_sim/locobot_ws/src/install/ecl_mpl/share/ecl_mpl/package.bash'
[0.859s] INFO:colcon.colcon_core.shell:Creating package script '/home/wellyowo/locobot_sim/locobot_ws/src/install/ecl_mpl/share/ecl_mpl/package.zsh'
[0.861s] Level 1:colcon.colcon_core.environment:create_file_with_runtime_dependencies(/home/wellyowo/locobot_sim/locobot_ws/src/install/ecl_mpl/share/colcon-core/packages/ecl_mpl)
[0.864s] INFO:colcon.colcon_ros.task.ament_cmake.build:Building ROS package in '/home/wellyowo/locobot_sim/locobot_ws/src/ThirdParty/ecl/ecl_lite/ecl_errors' with build type 'ament_cmake'
[0.865s] INFO:colcon.colcon_cmake.task.cmake.build:Building CMake package in '/home/wellyowo/locobot_sim/locobot_ws/src/ThirdParty/ecl/ecl_lite/ecl_errors'
[0.865s] INFO:colcon.colcon_core.shell:Skip shell extension 'powershell' for command environment: Not usable outside of PowerShell
[0.865s] DEBUG:colcon.colcon_core.shell:Skip shell extension 'dsv' for command environment
[0.876s] INFO:colcon.colcon_ros.task.ament_cmake.build:Building ROS package in '/home/wellyowo/locobot_sim/locobot_ws/src/ThirdParty/ecl/ecl_core/ecl_type_traits' with build type 'ament_cmake'
[0.877s] INFO:colcon.colcon_cmake.task.cmake.build:Building CMake package in '/home/wellyowo/locobot_sim/locobot_ws/src/ThirdParty/ecl/ecl_core/ecl_type_traits'
[0.877s] INFO:colcon.colcon_core.shell:Skip shell extension 'powershell' for command environment: Not usable outside of PowerShell
[0.877s] DEBUG:colcon.colcon_core.shell:Skip shell extension 'dsv' for command environment
[0.905s] DEBUG:colcon.colcon_core.event_handler.log_command:Invoked command in '/home/wellyowo/locobot_sim/locobot_ws/src/build/ecl_command_line' returned '0': CMAKE_PREFIX_PATH=/opt/ros/humble /usr/bin/cmake --build /home/wellyowo/locobot_sim/locobot_ws/src/build/ecl_command_line -- -j16 -l16
[0.914s] Level 1:colcon.colcon_core.environment:create_environment_scripts_only(ecl_eigen)
[0.917s] Level 1:colcon.colcon_core.environment:checking '/home/wellyowo/locobot_sim/locobot_ws/src/install/ecl_eigen' for CMake module files
[0.918s] DEBUG:colcon.colcon_core.event_handler.log_command:Invoking command in '/home/wellyowo/locobot_sim/locobot_ws/src/build/ecl_command_line': CMAKE_PREFIX_PATH=/opt/ros/humble /usr/bin/cmake --install /home/wellyowo/locobot_sim/locobot_ws/src/build/ecl_command_line
[0.918s] DEBUG:colcon.colcon_core.event_handler.log_command:Invoked command in '/home/wellyowo/locobot_sim/locobot_ws/src/build/interbotix_xs_msgs' returned '0': CMAKE_PREFIX_PATH=/opt/ros/humble /usr/bin/cmake --build /home/wellyowo/locobot_sim/locobot_ws/src/build/interbotix_xs_msgs -- -j16 -l16
[0.919s] DEBUG:colcon.colcon_core.event_handler.log_command:Invoking command in '/home/wellyowo/locobot_sim/locobot_ws/src/build/interbotix_xs_msgs': CMAKE_PREFIX_PATH=/opt/ros/humble /usr/bin/cmake --install /home/wellyowo/locobot_sim/locobot_ws/src/build/interbotix_xs_msgs
[0.919s] DEBUG:colcon.colcon_core.event_handler.log_command:Invoked command in '/home/wellyowo/locobot_sim/locobot_ws/src/build/ecl_eigen' returned '0': CMAKE_PREFIX_PATH=/opt/ros/humble /usr/bin/cmake --install /home/wellyowo/locobot_sim/locobot_ws/src/build/ecl_eigen
[0.920s] Level 1:colcon.colcon_core.environment:checking '/home/wellyowo/locobot_sim/locobot_ws/src/install/ecl_eigen' for CMake config files
[0.921s] Level 1:colcon.colcon_core.shell:create_environment_hook('ecl_eigen', 'cmake_prefix_path')
[0.921s] INFO:colcon.colcon_core.shell:Creating environment hook '/home/wellyowo/locobot_sim/locobot_ws/src/install/ecl_eigen/share/ecl_eigen/hook/cmake_prefix_path.ps1'
[0.922s] INFO:colcon.colcon_core.shell:Creating environment descriptor '/home/wellyowo/locobot_sim/locobot_ws/src/install/ecl_eigen/share/ecl_eigen/hook/cmake_prefix_path.dsv'
[0.930s] INFO:colcon.colcon_core.shell:Creating environment hook '/home/wellyowo/locobot_sim/locobot_ws/src/install/ecl_eigen/share/ecl_eigen/hook/cmake_prefix_path.sh'
[0.931s] Level 1:colcon.colcon_core.environment:checking '/home/wellyowo/locobot_sim/locobot_ws/src/install/ecl_eigen/bin'
[0.931s] Level 1:colcon.colcon_core.environment:checking '/home/wellyowo/locobot_sim/locobot_ws/src/install/ecl_eigen/lib/pkgconfig/ecl_eigen.pc'
[0.931s] Level 1:colcon.colcon_core.environment:checking '/home/wellyowo/locobot_sim/locobot_ws/src/install/ecl_eigen/lib/python3.10/site-packages'
[0.931s] Level 1:colcon.colcon_core.environment:checking '/home/wellyowo/locobot_sim/locobot_ws/src/install/ecl_eigen/bin'
[0.932s] INFO:colcon.colcon_core.shell:Creating package script '/home/wellyowo/locobot_sim/locobot_ws/src/install/ecl_eigen/share/ecl_eigen/package.ps1'
[0.932s] INFO:colcon.colcon_core.shell:Creating package descriptor '/home/wellyowo/locobot_sim/locobot_ws/src/install/ecl_eigen/share/ecl_eigen/package.dsv'
[0.933s] INFO:colcon.colcon_core.shell:Creating package script '/home/wellyowo/locobot_sim/locobot_ws/src/install/ecl_eigen/share/ecl_eigen/package.sh'
[0.933s] INFO:colcon.colcon_core.shell:Creating package script '/home/wellyowo/locobot_sim/locobot_ws/src/install/ecl_eigen/share/ecl_eigen/package.bash'
[0.934s] INFO:colcon.colcon_core.shell:Creating package script '/home/wellyowo/locobot_sim/locobot_ws/src/install/ecl_eigen/share/ecl_eigen/package.zsh'
[0.937s] Level 1:colcon.colcon_core.environment:create_file_with_runtime_dependencies(/home/wellyowo/locobot_sim/locobot_ws/src/install/ecl_eigen/share/colcon-core/packages/ecl_eigen)
[0.937s] Level 1:colcon.colcon_core.environment:create_environment_scripts_only(ecl_eigen)
[0.938s] Level 1:colcon.colcon_core.environment:checking '/home/wellyowo/locobot_sim/locobot_ws/src/install/ecl_eigen' for CMake module files
[0.938s] Level 1:colcon.colcon_core.environment:checking '/home/wellyowo/locobot_sim/locobot_ws/src/install/ecl_eigen' for CMake config files
[0.940s] Level 1:colcon.colcon_core.shell:create_environment_hook('ecl_eigen', 'cmake_prefix_path')
[0.940s] INFO:colcon.colcon_core.shell:Creating environment hook '/home/wellyowo/locobot_sim/locobot_ws/src/install/ecl_eigen/share/ecl_eigen/hook/cmake_prefix_path.ps1'
[0.945s] INFO:colcon.colcon_core.shell:Creating environment descriptor '/home/wellyowo/locobot_sim/locobot_ws/src/install/ecl_eigen/share/ecl_eigen/hook/cmake_prefix_path.dsv'
[0.946s] INFO:colcon.colcon_core.shell:Creating environment hook '/home/wellyowo/locobot_sim/locobot_ws/src/install/ecl_eigen/share/ecl_eigen/hook/cmake_prefix_path.sh'
[0.947s] Level 1:colcon.colcon_core.environment:checking '/home/wellyowo/locobot_sim/locobot_ws/src/install/ecl_eigen/bin'
[0.947s] Level 1:colcon.colcon_core.environment:checking '/home/wellyowo/locobot_sim/locobot_ws/src/install/ecl_eigen/lib/pkgconfig/ecl_eigen.pc'
[0.947s] Level 1:colcon.colcon_core.environment:checking '/home/wellyowo/locobot_sim/locobot_ws/src/install/ecl_eigen/lib/python3.10/site-packages'
[0.947s] Level 1:colcon.colcon_core.environment:checking '/home/wellyowo/locobot_sim/locobot_ws/src/install/ecl_eigen/bin'
[0.948s] INFO:colcon.colcon_core.shell:Creating package script '/home/wellyowo/locobot_sim/locobot_ws/src/install/ecl_eigen/share/ecl_eigen/package.ps1'
[0.954s] INFO:colcon.colcon_core.shell:Creating package descriptor '/home/wellyowo/locobot_sim/locobot_ws/src/install/ecl_eigen/share/ecl_eigen/package.dsv'
[0.955s] INFO:colcon.colcon_core.shell:Creating package script '/home/wellyowo/locobot_sim/locobot_ws/src/install/ecl_eigen/share/ecl_eigen/package.sh'
[0.956s] INFO:colcon.colcon_core.shell:Creating package script '/home/wellyowo/locobot_sim/locobot_ws/src/install/ecl_eigen/share/ecl_eigen/package.bash'
[0.957s] INFO:colcon.colcon_core.shell:Creating package script '/home/wellyowo/locobot_sim/locobot_ws/src/install/ecl_eigen/share/ecl_eigen/package.zsh'
[0.958s] Level 1:colcon.colcon_core.environment:create_file_with_runtime_dependencies(/home/wellyowo/locobot_sim/locobot_ws/src/install/ecl_eigen/share/colcon-core/packages/ecl_eigen)
[0.967s] Level 1:colcon.colcon_core.environment:create_environment_scripts_only(interbotix_common_sim)
[0.967s] Level 1:colcon.colcon_core.environment:checking '/home/wellyowo/locobot_sim/locobot_ws/src/install/interbotix_common_sim' for CMake module files
[0.968s] Level 1:colcon.colcon_core.environment:checking '/home/wellyowo/locobot_sim/locobot_ws/src/install/interbotix_common_sim' for CMake config files
[0.968s] Level 1:colcon.colcon_core.shell:create_environment_hook('interbotix_common_sim', 'cmake_prefix_path')
[0.969s] INFO:colcon.colcon_core.shell:Creating environment hook '/home/wellyowo/locobot_sim/locobot_ws/src/install/interbotix_common_sim/share/interbotix_common_sim/hook/cmake_prefix_path.ps1'
[0.969s] INFO:colcon.colcon_core.shell:Creating environment descriptor '/home/wellyowo/locobot_sim/locobot_ws/src/install/interbotix_common_sim/share/interbotix_common_sim/hook/cmake_prefix_path.dsv'
[0.970s] INFO:colcon.colcon_core.shell:Creating environment hook '/home/wellyowo/locobot_sim/locobot_ws/src/install/interbotix_common_sim/share/interbotix_common_sim/hook/cmake_prefix_path.sh'
[0.970s] Level 1:colcon.colcon_core.environment:checking '/home/wellyowo/locobot_sim/locobot_ws/src/install/interbotix_common_sim/bin'
[0.970s] Level 1:colcon.colcon_core.environment:checking '/home/wellyowo/locobot_sim/locobot_ws/src/install/interbotix_common_sim/lib/pkgconfig/interbotix_common_sim.pc'
[0.971s] Level 1:colcon.colcon_core.environment:checking '/home/wellyowo/locobot_sim/locobot_ws/src/install/interbotix_common_sim/lib/python3.10/site-packages'
[0.971s] Level 1:colcon.colcon_core.environment:checking '/home/wellyowo/locobot_sim/locobot_ws/src/install/interbotix_common_sim/bin'
[0.971s] INFO:colcon.colcon_core.shell:Creating package script '/home/wellyowo/locobot_sim/locobot_ws/src/install/interbotix_common_sim/share/interbotix_common_sim/package.ps1'
[0.978s] INFO:colcon.colcon_core.shell:Creating package descriptor '/home/wellyowo/locobot_sim/locobot_ws/src/install/interbotix_common_sim/share/interbotix_common_sim/package.dsv'
[0.979s] INFO:colcon.colcon_core.shell:Creating package script '/home/wellyowo/locobot_sim/locobot_ws/src/install/interbotix_common_sim/share/interbotix_common_sim/package.sh'
[0.979s] DEBUG:colcon.colcon_core.event_handler.log_command:Invoked command in '/home/wellyowo/locobot_sim/locobot_ws/src/build/kobuki_keyop' returned '0': CMAKE_PREFIX_PATH=/opt/ros/humble /usr/bin/cmake --build /home/wellyowo/locobot_sim/locobot_ws/src/build/kobuki_keyop -- -j16 -l16
[0.980s] DEBUG:colcon.colcon_core.event_handler.log_command:Invoking command in '/home/wellyowo/locobot_sim/locobot_ws/src/build/kobuki_keyop': CMAKE_PREFIX_PATH=/opt/ros/humble /usr/bin/cmake --install /home/wellyowo/locobot_sim/locobot_ws/src/build/kobuki_keyop
[0.982s] DEBUG:colcon.colcon_core.event_handler.log_command:Invoked command in '/home/wellyowo/locobot_sim/locobot_ws/src/build/interbotix_common_sim' returned '0': CMAKE_PREFIX_PATH=/opt/ros/humble /usr/bin/cmake --install /home/wellyowo/locobot_sim/locobot_ws/src/build/interbotix_common_sim
[0.983s] INFO:colcon.colcon_core.shell:Creating package script '/home/wellyowo/locobot_sim/locobot_ws/src/install/interbotix_common_sim/share/interbotix_common_sim/package.bash'
[0.984s] INFO:colcon.colcon_core.shell:Creating package script '/home/wellyowo/locobot_sim/locobot_ws/src/install/interbotix_common_sim/share/interbotix_common_sim/package.zsh'
[0.984s] Level 1:colcon.colcon_core.environment:create_file_with_runtime_dependencies(/home/wellyowo/locobot_sim/locobot_ws/src/install/interbotix_common_sim/share/colcon-core/packages/interbotix_common_sim)
[0.985s] Level 1:colcon.colcon_core.environment:create_environment_scripts_only(interbotix_common_sim)
[0.985s] Level 1:colcon.colcon_core.environment:checking '/home/wellyowo/locobot_sim/locobot_ws/src/install/interbotix_common_sim' for CMake module files
[0.985s] Level 1:colcon.colcon_core.environment:checking '/home/wellyowo/locobot_sim/locobot_ws/src/install/interbotix_common_sim' for CMake config files
[0.986s] Level 1:colcon.colcon_core.shell:create_environment_hook('interbotix_common_sim', 'cmake_prefix_path')
[0.986s] INFO:colcon.colcon_core.shell:Creating environment hook '/home/wellyowo/locobot_sim/locobot_ws/src/install/interbotix_common_sim/share/interbotix_common_sim/hook/cmake_prefix_path.ps1'
[0.986s] INFO:colcon.colcon_core.shell:Creating environment descriptor '/home/wellyowo/locobot_sim/locobot_ws/src/install/interbotix_common_sim/share/interbotix_common_sim/hook/cmake_prefix_path.dsv'
[0.992s] INFO:colcon.colcon_core.shell:Creating environment hook '/home/wellyowo/locobot_sim/locobot_ws/src/install/interbotix_common_sim/share/interbotix_common_sim/hook/cmake_prefix_path.sh'
[0.994s] Level 1:colcon.colcon_core.environment:checking '/home/wellyowo/locobot_sim/locobot_ws/src/install/interbotix_common_sim/bin'
[0.994s] Level 1:colcon.colcon_core.environment:checking '/home/wellyowo/locobot_sim/locobot_ws/src/install/interbotix_common_sim/lib/pkgconfig/interbotix_common_sim.pc'
[0.994s] Level 1:colcon.colcon_core.environment:checking '/home/wellyowo/locobot_sim/locobot_ws/src/install/interbotix_common_sim/lib/python3.10/site-packages'
[0.995s] Level 1:colcon.colcon_core.environment:checking '/home/wellyowo/locobot_sim/locobot_ws/src/install/interbotix_common_sim/bin'
[0.995s] INFO:colcon.colcon_core.shell:Creating package script '/home/wellyowo/locobot_sim/locobot_ws/src/install/interbotix_common_sim/share/interbotix_common_sim/package.ps1'
[0.997s] INFO:colcon.colcon_core.shell:Creating package descriptor '/home/wellyowo/locobot_sim/locobot_ws/src/install/interbotix_common_sim/share/interbotix_common_sim/package.dsv'
[1.001s] INFO:colcon.colcon_core.shell:Creating package script '/home/wellyowo/locobot_sim/locobot_ws/src/install/interbotix_common_sim/share/interbotix_common_sim/package.sh'
[1.005s] INFO:colcon.colcon_core.shell:Creating package script '/home/wellyowo/locobot_sim/locobot_ws/src/install/interbotix_common_sim/share/interbotix_common_sim/package.bash'
[1.006s] INFO:colcon.colcon_core.shell:Creating package script '/home/wellyowo/locobot_sim/locobot_ws/src/install/interbotix_common_sim/share/interbotix_common_sim/package.zsh'
[1.006s] Level 1:colcon.colcon_core.environment:create_file_with_runtime_dependencies(/home/wellyowo/locobot_sim/locobot_ws/src/install/interbotix_common_sim/share/colcon-core/packages/interbotix_common_sim)
[1.025s] DEBUG:colcon.colcon_core.event_handler.log_command:Invoked command in '/home/wellyowo/locobot_sim/locobot_ws/src/build/rplidar_ros' returned '0': CMAKE_PREFIX_PATH=/opt/ros/humble /usr/bin/cmake --build /home/wellyowo/locobot_sim/locobot_ws/src/build/rplidar_ros -- -j16 -l16
[1.027s] DEBUG:colcon.colcon_core.event_handler.log_command:Invoking command in '/home/wellyowo/locobot_sim/locobot_ws/src/build/rplidar_ros': CMAKE_PREFIX_PATH=/opt/ros/humble /usr/bin/cmake --install /home/wellyowo/locobot_sim/locobot_ws/src/build/rplidar_ros
[1.037s] DEBUG:colcon.colcon_core.event_handler.log_command:Invoked command in '/home/wellyowo/locobot_sim/locobot_ws/src/build/kobuki_safety_controller' returned '0': CMAKE_PREFIX_PATH=/opt/ros/humble /usr/bin/cmake --build /home/wellyowo/locobot_sim/locobot_ws/src/build/kobuki_safety_controller -- -j16 -l16
[1.037s] DEBUG:colcon.colcon_core.event_handler.log_command:Invoking command in '/home/wellyowo/locobot_sim/locobot_ws/src/build/kobuki_safety_controller': CMAKE_PREFIX_PATH=/opt/ros/humble /usr/bin/cmake --install /home/wellyowo/locobot_sim/locobot_ws/src/build/kobuki_safety_controller
[1.037s] DEBUG:colcon.colcon_core.event_handler.log_command:Invoked command in '/home/wellyowo/locobot_sim/locobot_ws/src/build/kobuki_random_walker' returned '0': CMAKE_PREFIX_PATH=/opt/ros/humble /usr/bin/cmake --build /home/wellyowo/locobot_sim/locobot_ws/src/build/kobuki_random_walker -- -j16 -l16
[1.043s] DEBUG:colcon.colcon_core.event_handler.log_command:Invoking command in '/home/wellyowo/locobot_sim/locobot_ws/src/build/kobuki_random_walker': CMAKE_PREFIX_PATH=/opt/ros/humble /usr/bin/cmake --install /home/wellyowo/locobot_sim/locobot_ws/src/build/kobuki_random_walker
[1.045s] DEBUG:colcon.colcon_core.event_handler.log_command:Invoked command in '/home/wellyowo/locobot_sim/locobot_ws/src/build/kobuki_bumper2pc' returned '0': CMAKE_PREFIX_PATH=/opt/ros/humble /usr/bin/cmake --build /home/wellyowo/locobot_sim/locobot_ws/src/build/kobuki_bumper2pc -- -j16 -l16
[1.048s] DEBUG:colcon.colcon_core.event_handler.log_command:Invoking command in '/home/wellyowo/locobot_sim/locobot_ws/src/build/kobuki_bumper2pc': CMAKE_PREFIX_PATH=/opt/ros/humble /usr/bin/cmake --install /home/wellyowo/locobot_sim/locobot_ws/src/build/kobuki_bumper2pc
[1.050s] Level 1:colcon.colcon_core.environment:create_environment_scripts_only(kobuki_description)
[1.050s] Level 1:colcon.colcon_core.environment:checking '/home/wellyowo/locobot_sim/locobot_ws/src/install/kobuki_description' for CMake module files
[1.051s] DEBUG:colcon.colcon_core.event_handler.log_command:Invoked command in '/home/wellyowo/locobot_sim/locobot_ws/src/build/kobuki_description' returned '0': CMAKE_PREFIX_PATH=/opt/ros/humble /usr/bin/cmake --install /home/wellyowo/locobot_sim/locobot_ws/src/build/kobuki_description
[1.055s] Level 1:colcon.colcon_core.environment:checking '/home/wellyowo/locobot_sim/locobot_ws/src/install/kobuki_description' for CMake config files
[1.055s] Level 1:colcon.colcon_core.shell:create_environment_hook('kobuki_description', 'cmake_prefix_path')
[1.056s] INFO:colcon.colcon_core.shell:Creating environment hook '/home/wellyowo/locobot_sim/locobot_ws/src/install/kobuki_description/share/kobuki_description/hook/cmake_prefix_path.ps1'
[1.057s] INFO:colcon.colcon_core.shell:Creating environment descriptor '/home/wellyowo/locobot_sim/locobot_ws/src/install/kobuki_description/share/kobuki_description/hook/cmake_prefix_path.dsv'
[1.057s] INFO:colcon.colcon_core.shell:Creating environment hook '/home/wellyowo/locobot_sim/locobot_ws/src/install/kobuki_description/share/kobuki_description/hook/cmake_prefix_path.sh'
[1.058s] Level 1:colcon.colcon_core.environment:checking '/home/wellyowo/locobot_sim/locobot_ws/src/install/kobuki_description/bin'
[1.058s] Level 1:colcon.colcon_core.environment:checking '/home/wellyowo/locobot_sim/locobot_ws/src/install/kobuki_description/lib/pkgconfig/kobuki_description.pc'
[1.058s] Level 1:colcon.colcon_core.environment:checking '/home/wellyowo/locobot_sim/locobot_ws/src/install/kobuki_description/lib/python3.10/site-packages'
[1.058s] Level 1:colcon.colcon_core.environment:checking '/home/wellyowo/locobot_sim/locobot_ws/src/install/kobuki_description/bin'
[1.059s] INFO:colcon.colcon_core.shell:Creating package script '/home/wellyowo/locobot_sim/locobot_ws/src/install/kobuki_description/share/kobuki_description/package.ps1'
[1.059s] INFO:colcon.colcon_core.shell:Creating package descriptor '/home/wellyowo/locobot_sim/locobot_ws/src/install/kobuki_description/share/kobuki_description/package.dsv'
[1.063s] INFO:colcon.colcon_core.shell:Creating package script '/home/wellyowo/locobot_sim/locobot_ws/src/install/kobuki_description/share/kobuki_description/package.sh'
[1.064s] INFO:colcon.colcon_core.shell:Creating package script '/home/wellyowo/locobot_sim/locobot_ws/src/install/kobuki_description/share/kobuki_description/package.bash'
[1.064s] INFO:colcon.colcon_core.shell:Creating package script '/home/wellyowo/locobot_sim/locobot_ws/src/install/kobuki_description/share/kobuki_description/package.zsh'
[1.065s] Level 1:colcon.colcon_core.environment:create_file_with_runtime_dependencies(/home/wellyowo/locobot_sim/locobot_ws/src/install/kobuki_description/share/colcon-core/packages/kobuki_description)
[1.065s] Level 1:colcon.colcon_core.environment:create_environment_scripts_only(kobuki_description)
[1.070s] Level 1:colcon.colcon_core.environment:checking '/home/wellyowo/locobot_sim/locobot_ws/src/install/kobuki_description' for CMake module files
[1.071s] Level 1:colcon.colcon_core.environment:checking '/home/wellyowo/locobot_sim/locobot_ws/src/install/kobuki_description' for CMake config files
[1.071s] Level 1:colcon.colcon_core.shell:create_environment_hook('kobuki_description', 'cmake_prefix_path')
[1.071s] INFO:colcon.colcon_core.shell:Creating environment hook '/home/wellyowo/locobot_sim/locobot_ws/src/install/kobuki_description/share/kobuki_description/hook/cmake_prefix_path.ps1'
[1.072s] INFO:colcon.colcon_core.shell:Creating environment descriptor '/home/wellyowo/locobot_sim/locobot_ws/src/install/kobuki_description/share/kobuki_description/hook/cmake_prefix_path.dsv'
[1.073s] INFO:colcon.colcon_core.shell:Creating environment hook '/home/wellyowo/locobot_sim/locobot_ws/src/install/kobuki_description/share/kobuki_description/hook/cmake_prefix_path.sh'
[1.077s] Level 1:colcon.colcon_core.environment:checking '/home/wellyowo/locobot_sim/locobot_ws/src/install/kobuki_description/bin'
[1.077s] Level 1:colcon.colcon_core.environment:checking '/home/wellyowo/locobot_sim/locobot_ws/src/install/kobuki_description/lib/pkgconfig/kobuki_description.pc'
[1.077s] Level 1:colcon.colcon_core.environment:checking '/home/wellyowo/locobot_sim/locobot_ws/src/install/kobuki_description/lib/python3.10/site-packages'
[1.078s] Level 1:colcon.colcon_core.environment:checking '/home/wellyowo/locobot_sim/locobot_ws/src/install/kobuki_description/bin'
[1.078s] INFO:colcon.colcon_core.shell:Creating package script '/home/wellyowo/locobot_sim/locobot_ws/src/install/kobuki_description/share/kobuki_description/package.ps1'
[1.079s] INFO:colcon.colcon_core.shell:Creating package descriptor '/home/wellyowo/locobot_sim/locobot_ws/src/install/kobuki_description/share/kobuki_description/package.dsv'
[1.080s] INFO:colcon.colcon_core.shell:Creating package script '/home/wellyowo/locobot_sim/locobot_ws/src/install/kobuki_description/share/kobuki_description/package.sh'
[1.081s] INFO:colcon.colcon_core.shell:Creating package script '/home/wellyowo/locobot_sim/locobot_ws/src/install/kobuki_description/share/kobuki_description/package.bash'
[1.084s] INFO:colcon.colcon_core.shell:Creating package script '/home/wellyowo/locobot_sim/locobot_ws/src/install/kobuki_description/share/kobuki_description/package.zsh'
[1.085s] Level 1:colcon.colcon_core.environment:create_file_with_runtime_dependencies(/home/wellyowo/locobot_sim/locobot_ws/src/install/kobuki_description/share/colcon-core/packages/kobuki_description)
[1.092s] INFO:colcon.colcon_ros.task.ament_cmake.build:Building ROS package in '/home/wellyowo/locobot_sim/locobot_ws/src/ThirdParty/ecl/ecl_lite/ecl_console' with build type 'ament_cmake'
[1.095s] INFO:colcon.colcon_cmake.task.cmake.build:Building CMake package in '/home/wellyowo/locobot_sim/locobot_ws/src/ThirdParty/ecl/ecl_lite/ecl_console'
[1.096s] INFO:colcon.colcon_core.shell:Skip shell extension 'powershell' for command environment: Not usable outside of PowerShell
[1.096s] DEBUG:colcon.colcon_core.shell:Skip shell extension 'dsv' for command environment
[1.108s] INFO:colcon.colcon_ros.task.ament_cmake.build:Building ROS package in '/home/wellyowo/locobot_sim/locobot_ws/src/ThirdParty/ecl/ecl_lite/ecl_converters_lite' with build type 'ament_cmake'
[1.108s] INFO:colcon.colcon_cmake.task.cmake.build:Building CMake package in '/home/wellyowo/locobot_sim/locobot_ws/src/ThirdParty/ecl/ecl_lite/ecl_converters_lite'
[1.108s] INFO:colcon.colcon_core.shell:Skip shell extension 'powershell' for command environment: Not usable outside of PowerShell
[1.109s] DEBUG:colcon.colcon_core.shell:Skip shell extension 'dsv' for command environment
[1.122s] INFO:colcon.colcon_ros.task.ament_cmake.build:Building ROS package in '/home/wellyowo/locobot_sim/locobot_ws/src/interbotix_ros_toolboxes/interbotix_common_toolbox/interbotix_tf_tools' with build type 'ament_cmake'
[1.122s] INFO:colcon.colcon_cmake.task.cmake.build:Building CMake package in '/home/wellyowo/locobot_sim/locobot_ws/src/interbotix_ros_toolboxes/interbotix_common_toolbox/interbotix_tf_tools'
[1.123s] INFO:colcon.colcon_core.shell:Skip shell extension 'powershell' for command environment: Not usable outside of PowerShell
[1.123s] DEBUG:colcon.colcon_core.shell:Skip shell extension 'dsv' for command environment
[1.161s] Level 1:colcon.colcon_core.environment:create_environment_scripts_only(ecl_command_line)
[1.161s] Level 1:colcon.colcon_core.environment:checking '/home/wellyowo/locobot_sim/locobot_ws/src/install/ecl_command_line' for CMake module files
[1.175s] Level 1:colcon.colcon_core.environment:checking '/home/wellyowo/locobot_sim/locobot_ws/src/install/ecl_command_line' for CMake config files
[1.176s] Level 1:colcon.colcon_core.shell:create_environment_hook('ecl_command_line', 'cmake_prefix_path')
[1.176s] INFO:colcon.colcon_core.shell:Creating environment hook '/home/wellyowo/locobot_sim/locobot_ws/src/install/ecl_command_line/share/ecl_command_line/hook/cmake_prefix_path.ps1'
[1.179s] INFO:colcon.colcon_core.shell:Creating environment descriptor '/home/wellyowo/locobot_sim/locobot_ws/src/install/ecl_command_line/share/ecl_command_line/hook/cmake_prefix_path.dsv'
[1.179s] INFO:colcon.colcon_core.shell:Creating environment hook '/home/wellyowo/locobot_sim/locobot_ws/src/install/ecl_command_line/share/ecl_command_line/hook/cmake_prefix_path.sh'
[1.180s] Level 1:colcon.colcon_core.environment:checking '/home/wellyowo/locobot_sim/locobot_ws/src/install/ecl_command_line/lib'
[1.180s] Level 1:colcon.colcon_core.environment:checking '/home/wellyowo/locobot_sim/locobot_ws/src/install/ecl_command_line/bin'
[1.180s] Level 1:colcon.colcon_core.environment:checking '/home/wellyowo/locobot_sim/locobot_ws/src/install/ecl_command_line/lib/pkgconfig/ecl_command_line.pc'
[1.180s] Level 1:colcon.colcon_core.environment:checking '/home/wellyowo/locobot_sim/locobot_ws/src/install/ecl_command_line/lib/python3.10/site-packages'
[1.181s] Level 1:colcon.colcon_core.environment:checking '/home/wellyowo/locobot_sim/locobot_ws/src/install/ecl_command_line/bin'
[1.181s] INFO:colcon.colcon_core.shell:Creating package script '/home/wellyowo/locobot_sim/locobot_ws/src/install/ecl_command_line/share/ecl_command_line/package.ps1'
[1.191s] DEBUG:colcon.colcon_core.event_handler.log_command:Invoking command in '/home/wellyowo/locobot_sim/locobot_ws/src/build/ecl_errors': AMENT_PREFIX_PATH=/home/wellyowo/locobot_sim/locobot_ws/src/install/ecl_config:${AMENT_PREFIX_PATH} CMAKE_PREFIX_PATH=/home/wellyowo/locobot_sim/locobot_ws/src/install/ecl_config:/opt/ros/humble PATH=/home/wellyowo/locobot_sim/locobot_ws/src/install/ecl_config/bin:${PATH} /usr/bin/cmake --build /home/wellyowo/locobot_sim/locobot_ws/src/build/ecl_errors -- -j16 -l16
[1.194s] DEBUG:colcon.colcon_core.event_handler.log_command:Invoking command in '/home/wellyowo/locobot_sim/locobot_ws/src/build/ecl_type_traits': AMENT_PREFIX_PATH=/home/wellyowo/locobot_sim/locobot_ws/src/install/ecl_mpl:/home/wellyowo/locobot_sim/locobot_ws/src/install/ecl_config:${AMENT_PREFIX_PATH} CMAKE_PREFIX_PATH=/home/wellyowo/locobot_sim/locobot_ws/src/install/ecl_mpl:/home/wellyowo/locobot_sim/locobot_ws/src/install/ecl_config:/opt/ros/humble PATH=/home/wellyowo/locobot_sim/locobot_ws/src/install/ecl_config/bin:${PATH} /usr/bin/cmake --build /home/wellyowo/locobot_sim/locobot_ws/src/build/ecl_type_traits -- -j16 -l16
[1.199s] INFO:colcon.colcon_core.shell:Creating package descriptor '/home/wellyowo/locobot_sim/locobot_ws/src/install/ecl_command_line/share/ecl_command_line/package.dsv'
[1.199s] INFO:colcon.colcon_core.shell:Creating package script '/home/wellyowo/locobot_sim/locobot_ws/src/install/ecl_command_line/share/ecl_command_line/package.sh'
[1.200s] INFO:colcon.colcon_core.shell:Creating package script '/home/wellyowo/locobot_sim/locobot_ws/src/install/ecl_command_line/share/ecl_command_line/package.bash'
[1.200s] INFO:colcon.colcon_core.shell:Creating package script '/home/wellyowo/locobot_sim/locobot_ws/src/install/ecl_command_line/share/ecl_command_line/package.zsh'
[1.203s] Level 1:colcon.colcon_core.environment:create_file_with_runtime_dependencies(/home/wellyowo/locobot_sim/locobot_ws/src/install/ecl_command_line/share/colcon-core/packages/ecl_command_line)
[1.204s] Level 1:colcon.colcon_core.environment:create_environment_scripts_only(ecl_command_line)
[1.205s] Level 1:colcon.colcon_core.environment:checking '/home/wellyowo/locobot_sim/locobot_ws/src/install/ecl_command_line' for CMake module files
[1.206s] DEBUG:colcon.colcon_core.event_handler.log_command:Invoked command in '/home/wellyowo/locobot_sim/locobot_ws/src/build/ecl_command_line' returned '0': CMAKE_PREFIX_PATH=/opt/ros/humble /usr/bin/cmake --install /home/wellyowo/locobot_sim/locobot_ws/src/build/ecl_command_line
[1.211s] Level 1:colcon.colcon_core.environment:checking '/home/wellyowo/locobot_sim/locobot_ws/src/install/ecl_command_line' for CMake config files
[1.212s] Level 1:colcon.colcon_core.shell:create_environment_hook('ecl_command_line', 'cmake_prefix_path')
[1.212s] INFO:colcon.colcon_core.shell:Creating environment hook '/home/wellyowo/locobot_sim/locobot_ws/src/install/ecl_command_line/share/ecl_command_line/hook/cmake_prefix_path.ps1'
[1.213s] INFO:colcon.colcon_core.shell:Creating environment descriptor '/home/wellyowo/locobot_sim/locobot_ws/src/install/ecl_command_line/share/ecl_command_line/hook/cmake_prefix_path.dsv'
[1.214s] INFO:colcon.colcon_core.shell:Creating environment hook '/home/wellyowo/locobot_sim/locobot_ws/src/install/ecl_command_line/share/ecl_command_line/hook/cmake_prefix_path.sh'
[1.216s] Level 1:colcon.colcon_core.environment:checking '/home/wellyowo/locobot_sim/locobot_ws/src/install/ecl_command_line/lib'
[1.216s] Level 1:colcon.colcon_core.environment:checking '/home/wellyowo/locobot_sim/locobot_ws/src/install/ecl_command_line/bin'
[1.216s] Level 1:colcon.colcon_core.environment:checking '/home/wellyowo/locobot_sim/locobot_ws/src/install/ecl_command_line/lib/pkgconfig/ecl_command_line.pc'
[1.216s] Level 1:colcon.colcon_core.environment:checking '/home/wellyowo/locobot_sim/locobot_ws/src/install/ecl_command_line/lib/python3.10/site-packages'
[1.217s] Level 1:colcon.colcon_core.environment:checking '/home/wellyowo/locobot_sim/locobot_ws/src/install/ecl_command_line/bin'
[1.217s] INFO:colcon.colcon_core.shell:Creating package script '/home/wellyowo/locobot_sim/locobot_ws/src/install/ecl_command_line/share/ecl_command_line/package.ps1'
[1.218s] INFO:colcon.colcon_core.shell:Creating package descriptor '/home/wellyowo/locobot_sim/locobot_ws/src/install/ecl_command_line/share/ecl_command_line/package.dsv'
[1.219s] INFO:colcon.colcon_core.shell:Creating package script '/home/wellyowo/locobot_sim/locobot_ws/src/install/ecl_command_line/share/ecl_command_line/package.sh'
[1.219s] INFO:colcon.colcon_core.shell:Creating package script '/home/wellyowo/locobot_sim/locobot_ws/src/install/ecl_command_line/share/ecl_command_line/package.bash'
[1.220s] INFO:colcon.colcon_core.shell:Creating package script '/home/wellyowo/locobot_sim/locobot_ws/src/install/ecl_command_line/share/ecl_command_line/package.zsh'
[1.220s] Level 1:colcon.colcon_core.environment:create_file_with_runtime_dependencies(/home/wellyowo/locobot_sim/locobot_ws/src/install/ecl_command_line/share/colcon-core/packages/ecl_command_line)
[1.221s] Level 1:colcon.colcon_core.environment:create_environment_scripts_only(kobuki_safety_controller)
[1.221s] Level 1:colcon.colcon_core.environment:checking '/home/wellyowo/locobot_sim/locobot_ws/src/install/kobuki_safety_controller' for CMake module files
[1.223s] DEBUG:colcon.colcon_core.event_handler.log_command:Invoked command in '/home/wellyowo/locobot_sim/locobot_ws/src/build/kobuki_safety_controller' returned '0': CMAKE_PREFIX_PATH=/opt/ros/humble /usr/bin/cmake --install /home/wellyowo/locobot_sim/locobot_ws/src/build/kobuki_safety_controller
[1.223s] Level 1:colcon.colcon_core.environment:checking '/home/wellyowo/locobot_sim/locobot_ws/src/install/kobuki_safety_controller' for CMake config files
[1.223s] Level 1:colcon.colcon_core.shell:create_environment_hook('kobuki_safety_controller', 'cmake_prefix_path')
[1.224s] INFO:colcon.colcon_core.shell:Creating environment hook '/home/wellyowo/locobot_sim/locobot_ws/src/install/kobuki_safety_controller/share/kobuki_safety_controller/hook/cmake_prefix_path.ps1'
[1.224s] INFO:colcon.colcon_core.shell:Creating environment descriptor '/home/wellyowo/locobot_sim/locobot_ws/src/install/kobuki_safety_controller/share/kobuki_safety_controller/hook/cmake_prefix_path.dsv'
[1.225s] INFO:colcon.colcon_core.shell:Creating environment hook '/home/wellyowo/locobot_sim/locobot_ws/src/install/kobuki_safety_controller/share/kobuki_safety_controller/hook/cmake_prefix_path.sh'
[1.226s] Level 1:colcon.colcon_core.environment:checking '/home/wellyowo/locobot_sim/locobot_ws/src/install/kobuki_safety_controller/lib'
[1.226s] Level 1:colcon.colcon_core.shell:create_environment_hook('kobuki_safety_controller', 'ld_library_path_lib')
[1.227s] INFO:colcon.colcon_core.shell:Creating environment hook '/home/wellyowo/locobot_sim/locobot_ws/src/install/kobuki_safety_controller/share/kobuki_safety_controller/hook/ld_library_path_lib.ps1'
[1.227s] INFO:colcon.colcon_core.shell:Creating environment descriptor '/home/wellyowo/locobot_sim/locobot_ws/src/install/kobuki_safety_controller/share/kobuki_safety_controller/hook/ld_library_path_lib.dsv'
[1.229s] INFO:colcon.colcon_core.shell:Creating environment hook '/home/wellyowo/locobot_sim/locobot_ws/src/install/kobuki_safety_controller/share/kobuki_safety_controller/hook/ld_library_path_lib.sh'
[1.230s] Level 1:colcon.colcon_core.environment:checking '/home/wellyowo/locobot_sim/locobot_ws/src/install/kobuki_safety_controller/bin'
[1.230s] Level 1:colcon.colcon_core.environment:checking '/home/wellyowo/locobot_sim/locobot_ws/src/install/kobuki_safety_controller/lib/pkgconfig/kobuki_safety_controller.pc'
[1.230s] Level 1:colcon.colcon_core.environment:checking '/home/wellyowo/locobot_sim/locobot_ws/src/install/kobuki_safety_controller/lib/python3.10/site-packages'
[1.231s] Level 1:colcon.colcon_core.environment:checking '/home/wellyowo/locobot_sim/locobot_ws/src/install/kobuki_safety_controller/bin'
[1.231s] INFO:colcon.colcon_core.shell:Creating package script '/home/wellyowo/locobot_sim/locobot_ws/src/install/kobuki_safety_controller/share/kobuki_safety_controller/package.ps1'
[1.232s] INFO:colcon.colcon_core.shell:Creating package descriptor '/home/wellyowo/locobot_sim/locobot_ws/src/install/kobuki_safety_controller/share/kobuki_safety_controller/package.dsv'
[1.234s] INFO:colcon.colcon_core.shell:Creating package script '/home/wellyowo/locobot_sim/locobot_ws/src/install/kobuki_safety_controller/share/kobuki_safety_controller/package.sh'
[1.235s] INFO:colcon.colcon_core.shell:Creating package script '/home/wellyowo/locobot_sim/locobot_ws/src/install/kobuki_safety_controller/share/kobuki_safety_controller/package.bash'
[1.236s] INFO:colcon.colcon_core.shell:Creating package script '/home/wellyowo/locobot_sim/locobot_ws/src/install/kobuki_safety_controller/share/kobuki_safety_controller/package.zsh'
[1.236s] Level 1:colcon.colcon_core.environment:create_file_with_runtime_dependencies(/home/wellyowo/locobot_sim/locobot_ws/src/install/kobuki_safety_controller/share/colcon-core/packages/kobuki_safety_controller)
[1.237s] Level 1:colcon.colcon_core.environment:create_environment_scripts_only(kobuki_safety_controller)
[1.238s] Level 1:colcon.colcon_core.environment:checking '/home/wellyowo/locobot_sim/locobot_ws/src/install/kobuki_safety_controller' for CMake module files
[1.240s] Level 1:colcon.colcon_core.environment:checking '/home/wellyowo/locobot_sim/locobot_ws/src/install/kobuki_safety_controller' for CMake config files
[1.240s] Level 1:colcon.colcon_core.shell:create_environment_hook('kobuki_safety_controller', 'cmake_prefix_path')
[1.241s] INFO:colcon.colcon_core.shell:Creating environment hook '/home/wellyowo/locobot_sim/locobot_ws/src/install/kobuki_safety_controller/share/kobuki_safety_controller/hook/cmake_prefix_path.ps1'
[1.242s] INFO:colcon.colcon_core.shell:Creating environment descriptor '/home/wellyowo/locobot_sim/locobot_ws/src/install/kobuki_safety_controller/share/kobuki_safety_controller/hook/cmake_prefix_path.dsv'
[1.243s] INFO:colcon.colcon_core.shell:Creating environment hook '/home/wellyowo/locobot_sim/locobot_ws/src/install/kobuki_safety_controller/share/kobuki_safety_controller/hook/cmake_prefix_path.sh'
[1.244s] Level 1:colcon.colcon_core.environment:checking '/home/wellyowo/locobot_sim/locobot_ws/src/install/kobuki_safety_controller/lib'
[1.244s] Level 1:colcon.colcon_core.shell:create_environment_hook('kobuki_safety_controller', 'ld_library_path_lib')
[1.246s] INFO:colcon.colcon_core.shell:Creating environment hook '/home/wellyowo/locobot_sim/locobot_ws/src/install/kobuki_safety_controller/share/kobuki_safety_controller/hook/ld_library_path_lib.ps1'
[1.247s] INFO:colcon.colcon_core.shell:Creating environment descriptor '/home/wellyowo/locobot_sim/locobot_ws/src/install/kobuki_safety_controller/share/kobuki_safety_controller/hook/ld_library_path_lib.dsv'
[1.247s] INFO:colcon.colcon_core.shell:Creating environment hook '/home/wellyowo/locobot_sim/locobot_ws/src/install/kobuki_safety_controller/share/kobuki_safety_controller/hook/ld_library_path_lib.sh'
[1.248s] Level 1:colcon.colcon_core.environment:checking '/home/wellyowo/locobot_sim/locobot_ws/src/install/kobuki_safety_controller/bin'
[1.248s] Level 1:colcon.colcon_core.environment:checking '/home/wellyowo/locobot_sim/locobot_ws/src/install/kobuki_safety_controller/lib/pkgconfig/kobuki_safety_controller.pc'
[1.248s] Level 1:colcon.colcon_core.environment:checking '/home/wellyowo/locobot_sim/locobot_ws/src/install/kobuki_safety_controller/lib/python3.10/site-packages'
[1.249s] Level 1:colcon.colcon_core.environment:checking '/home/wellyowo/locobot_sim/locobot_ws/src/install/kobuki_safety_controller/bin'
[1.249s] INFO:colcon.colcon_core.shell:Creating package script '/home/wellyowo/locobot_sim/locobot_ws/src/install/kobuki_safety_controller/share/kobuki_safety_controller/package.ps1'
[1.250s] INFO:colcon.colcon_core.shell:Creating package descriptor '/home/wellyowo/locobot_sim/locobot_ws/src/install/kobuki_safety_controller/share/kobuki_safety_controller/package.dsv'
[1.251s] INFO:colcon.colcon_core.shell:Creating package script '/home/wellyowo/locobot_sim/locobot_ws/src/install/kobuki_safety_controller/share/kobuki_safety_controller/package.sh'
[1.251s] INFO:colcon.colcon_core.shell:Creating package script '/home/wellyowo/locobot_sim/locobot_ws/src/install/kobuki_safety_controller/share/kobuki_safety_controller/package.bash'
[1.252s] INFO:colcon.colcon_core.shell:Creating package script '/home/wellyowo/locobot_sim/locobot_ws/src/install/kobuki_safety_controller/share/kobuki_safety_controller/package.zsh'
[1.252s] Level 1:colcon.colcon_core.environment:create_file_with_runtime_dependencies(/home/wellyowo/locobot_sim/locobot_ws/src/install/kobuki_safety_controller/share/colcon-core/packages/kobuki_safety_controller)
[1.260s] INFO:colcon.colcon_ros.task.ament_cmake.build:Building ROS package in '/home/wellyowo/locobot_sim/locobot_ws/src/moveit_visual_tools' with build type 'ament_cmake'
[1.263s] INFO:colcon.colcon_cmake.task.cmake.build:Building CMake package in '/home/wellyowo/locobot_sim/locobot_ws/src/moveit_visual_tools'
[1.264s] INFO:colcon.colcon_core.shell:Skip shell extension 'powershell' for command environment: Not usable outside of PowerShell
[1.264s] DEBUG:colcon.colcon_core.shell:Skip shell extension 'dsv' for command environment
[1.272s] INFO:colcon.colcon_ros.task.ament_cmake.build:Building ROS package in '/home/wellyowo/locobot_sim/locobot_ws/src/ThirdParty/openni2_camera/openni2_camera' with build type 'ament_cmake'
[1.272s] INFO:colcon.colcon_cmake.task.cmake.build:Building CMake package in '/home/wellyowo/locobot_sim/locobot_ws/src/ThirdParty/openni2_camera/openni2_camera'
[1.273s] INFO:colcon.colcon_core.shell:Skip shell extension 'powershell' for command environment: Not usable outside of PowerShell
[1.273s] DEBUG:colcon.colcon_core.shell:Skip shell extension 'dsv' for command environment
[1.283s] Level 1:colcon.colcon_core.environment:create_environment_scripts_only(kobuki_bumper2pc)
[1.284s] Level 1:colcon.colcon_core.environment:checking '/home/wellyowo/locobot_sim/locobot_ws/src/install/kobuki_bumper2pc' for CMake module files
[1.284s] DEBUG:colcon.colcon_core.event_handler.log_command:Invoked command in '/home/wellyowo/locobot_sim/locobot_ws/src/build/kobuki_bumper2pc' returned '0': CMAKE_PREFIX_PATH=/opt/ros/humble /usr/bin/cmake --install /home/wellyowo/locobot_sim/locobot_ws/src/build/kobuki_bumper2pc
[1.287s] Level 1:colcon.colcon_core.environment:checking '/home/wellyowo/locobot_sim/locobot_ws/src/install/kobuki_bumper2pc' for CMake config files
[1.287s] Level 1:colcon.colcon_core.shell:create_environment_hook('kobuki_bumper2pc', 'cmake_prefix_path')
[1.287s] INFO:colcon.colcon_core.shell:Creating environment hook '/home/wellyowo/locobot_sim/locobot_ws/src/install/kobuki_bumper2pc/share/kobuki_bumper2pc/hook/cmake_prefix_path.ps1'
[1.288s] INFO:colcon.colcon_core.shell:Creating environment descriptor '/home/wellyowo/locobot_sim/locobot_ws/src/install/kobuki_bumper2pc/share/kobuki_bumper2pc/hook/cmake_prefix_path.dsv'
[1.289s] INFO:colcon.colcon_core.shell:Creating environment hook '/home/wellyowo/locobot_sim/locobot_ws/src/install/kobuki_bumper2pc/share/kobuki_bumper2pc/hook/cmake_prefix_path.sh'
[1.290s] Level 1:colcon.colcon_core.environment:checking '/home/wellyowo/locobot_sim/locobot_ws/src/install/kobuki_bumper2pc/lib'
[1.290s] Level 1:colcon.colcon_core.shell:create_environment_hook('kobuki_bumper2pc', 'ld_library_path_lib')
[1.291s] INFO:colcon.colcon_core.shell:Creating environment hook '/home/wellyowo/locobot_sim/locobot_ws/src/install/kobuki_bumper2pc/share/kobuki_bumper2pc/hook/ld_library_path_lib.ps1'
[1.291s] INFO:colcon.colcon_core.shell:Creating environment descriptor '/home/wellyowo/locobot_sim/locobot_ws/src/install/kobuki_bumper2pc/share/kobuki_bumper2pc/hook/ld_library_path_lib.dsv'
[1.291s] INFO:colcon.colcon_core.shell:Creating environment hook '/home/wellyowo/locobot_sim/locobot_ws/src/install/kobuki_bumper2pc/share/kobuki_bumper2pc/hook/ld_library_path_lib.sh'
[1.292s] Level 1:colcon.colcon_core.environment:checking '/home/wellyowo/locobot_sim/locobot_ws/src/install/kobuki_bumper2pc/bin'
[1.292s] Level 1:colcon.colcon_core.environment:checking '/home/wellyowo/locobot_sim/locobot_ws/src/install/kobuki_bumper2pc/lib/pkgconfig/kobuki_bumper2pc.pc'
[1.292s] Level 1:colcon.colcon_core.environment:checking '/home/wellyowo/locobot_sim/locobot_ws/src/install/kobuki_bumper2pc/lib/python3.10/site-packages'
[1.292s] Level 1:colcon.colcon_core.environment:checking '/home/wellyowo/locobot_sim/locobot_ws/src/install/kobuki_bumper2pc/bin'
[1.293s] INFO:colcon.colcon_core.shell:Creating package script '/home/wellyowo/locobot_sim/locobot_ws/src/install/kobuki_bumper2pc/share/kobuki_bumper2pc/package.ps1'
[1.294s] INFO:colcon.colcon_core.shell:Creating package descriptor '/home/wellyowo/locobot_sim/locobot_ws/src/install/kobuki_bumper2pc/share/kobuki_bumper2pc/package.dsv'
[1.294s] INFO:colcon.colcon_core.shell:Creating package script '/home/wellyowo/locobot_sim/locobot_ws/src/install/kobuki_bumper2pc/share/kobuki_bumper2pc/package.sh'
[1.295s] INFO:colcon.colcon_core.shell:Creating package script '/home/wellyowo/locobot_sim/locobot_ws/src/install/kobuki_bumper2pc/share/kobuki_bumper2pc/package.bash'
[1.295s] INFO:colcon.colcon_core.shell:Creating package script '/home/wellyowo/locobot_sim/locobot_ws/src/install/kobuki_bumper2pc/share/kobuki_bumper2pc/package.zsh'
[1.296s] Level 1:colcon.colcon_core.environment:create_file_with_runtime_dependencies(/home/wellyowo/locobot_sim/locobot_ws/src/install/kobuki_bumper2pc/share/colcon-core/packages/kobuki_bumper2pc)
[1.297s] Level 1:colcon.colcon_core.environment:create_environment_scripts_only(kobuki_bumper2pc)
[1.298s] Level 1:colcon.colcon_core.environment:checking '/home/wellyowo/locobot_sim/locobot_ws/src/install/kobuki_bumper2pc' for CMake module files
[1.298s] Level 1:colcon.colcon_core.environment:checking '/home/wellyowo/locobot_sim/locobot_ws/src/install/kobuki_bumper2pc' for CMake config files
[1.299s] Level 1:colcon.colcon_core.shell:create_environment_hook('kobuki_bumper2pc', 'cmake_prefix_path')
[1.299s] INFO:colcon.colcon_core.shell:Creating environment hook '/home/wellyowo/locobot_sim/locobot_ws/src/install/kobuki_bumper2pc/share/kobuki_bumper2pc/hook/cmake_prefix_path.ps1'
[1.299s] INFO:colcon.colcon_core.shell:Creating environment descriptor '/home/wellyowo/locobot_sim/locobot_ws/src/install/kobuki_bumper2pc/share/kobuki_bumper2pc/hook/cmake_prefix_path.dsv'
[1.300s] INFO:colcon.colcon_core.shell:Creating environment hook '/home/wellyowo/locobot_sim/locobot_ws/src/install/kobuki_bumper2pc/share/kobuki_bumper2pc/hook/cmake_prefix_path.sh'
[1.301s] Level 1:colcon.colcon_core.environment:checking '/home/wellyowo/locobot_sim/locobot_ws/src/install/kobuki_bumper2pc/lib'
[1.301s] Level 1:colcon.colcon_core.shell:create_environment_hook('kobuki_bumper2pc', 'ld_library_path_lib')
[1.301s] INFO:colcon.colcon_core.shell:Creating environment hook '/home/wellyowo/locobot_sim/locobot_ws/src/install/kobuki_bumper2pc/share/kobuki_bumper2pc/hook/ld_library_path_lib.ps1'
[1.302s] INFO:colcon.colcon_core.shell:Creating environment descriptor '/home/wellyowo/locobot_sim/locobot_ws/src/install/kobuki_bumper2pc/share/kobuki_bumper2pc/hook/ld_library_path_lib.dsv'
[1.303s] INFO:colcon.colcon_core.shell:Creating environment hook '/home/wellyowo/locobot_sim/locobot_ws/src/install/kobuki_bumper2pc/share/kobuki_bumper2pc/hook/ld_library_path_lib.sh'
[1.304s] Level 1:colcon.colcon_core.environment:checking '/home/wellyowo/locobot_sim/locobot_ws/src/install/kobuki_bumper2pc/bin'
[1.304s] Level 1:colcon.colcon_core.environment:checking '/home/wellyowo/locobot_sim/locobot_ws/src/install/kobuki_bumper2pc/lib/pkgconfig/kobuki_bumper2pc.pc'
[1.304s] Level 1:colcon.colcon_core.environment:checking '/home/wellyowo/locobot_sim/locobot_ws/src/install/kobuki_bumper2pc/lib/python3.10/site-packages'
[1.304s] Level 1:colcon.colcon_core.environment:checking '/home/wellyowo/locobot_sim/locobot_ws/src/install/kobuki_bumper2pc/bin'
[1.305s] INFO:colcon.colcon_core.shell:Creating package script '/home/wellyowo/locobot_sim/locobot_ws/src/install/kobuki_bumper2pc/share/kobuki_bumper2pc/package.ps1'
[1.305s] INFO:colcon.colcon_core.shell:Creating package descriptor '/home/wellyowo/locobot_sim/locobot_ws/src/install/kobuki_bumper2pc/share/kobuki_bumper2pc/package.dsv'
[1.306s] INFO:colcon.colcon_core.shell:Creating package script '/home/wellyowo/locobot_sim/locobot_ws/src/install/kobuki_bumper2pc/share/kobuki_bumper2pc/package.sh'
[1.307s] INFO:colcon.colcon_core.shell:Creating package script '/home/wellyowo/locobot_sim/locobot_ws/src/install/kobuki_bumper2pc/share/kobuki_bumper2pc/package.bash'
[1.307s] INFO:colcon.colcon_core.shell:Creating package script '/home/wellyowo/locobot_sim/locobot_ws/src/install/kobuki_bumper2pc/share/kobuki_bumper2pc/package.zsh'
[1.308s] Level 1:colcon.colcon_core.environment:create_file_with_runtime_dependencies(/home/wellyowo/locobot_sim/locobot_ws/src/install/kobuki_bumper2pc/share/colcon-core/packages/kobuki_bumper2pc)
[1.308s] Level 1:colcon.colcon_core.environment:create_environment_scripts_only(rplidar_ros)
[1.309s] DEBUG:colcon.colcon_core.event_handler.log_command:Invoked command in '/home/wellyowo/locobot_sim/locobot_ws/src/build/rplidar_ros' returned '0': CMAKE_PREFIX_PATH=/opt/ros/humble /usr/bin/cmake --install /home/wellyowo/locobot_sim/locobot_ws/src/build/rplidar_ros
[1.310s] Level 1:colcon.colcon_core.environment:checking '/home/wellyowo/locobot_sim/locobot_ws/src/install/rplidar_ros' for CMake module files
[1.313s] Level 1:colcon.colcon_core.environment:checking '/home/wellyowo/locobot_sim/locobot_ws/src/install/rplidar_ros' for CMake config files
[1.314s] Level 1:colcon.colcon_core.shell:create_environment_hook('rplidar_ros', 'cmake_prefix_path')
[1.314s] INFO:colcon.colcon_core.shell:Creating environment hook '/home/wellyowo/locobot_sim/locobot_ws/src/install/rplidar_ros/share/rplidar_ros/hook/cmake_prefix_path.ps1'
[1.315s] INFO:colcon.colcon_core.shell:Creating environment descriptor '/home/wellyowo/locobot_sim/locobot_ws/src/install/rplidar_ros/share/rplidar_ros/hook/cmake_prefix_path.dsv'
[1.315s] INFO:colcon.colcon_core.shell:Creating environment hook '/home/wellyowo/locobot_sim/locobot_ws/src/install/rplidar_ros/share/rplidar_ros/hook/cmake_prefix_path.sh'
[1.316s] Level 1:colcon.colcon_core.environment:checking '/home/wellyowo/locobot_sim/locobot_ws/src/install/rplidar_ros/lib'
[1.316s] Level 1:colcon.colcon_core.environment:checking '/home/wellyowo/locobot_sim/locobot_ws/src/install/rplidar_ros/bin'
[1.316s] Level 1:colcon.colcon_core.environment:checking '/home/wellyowo/locobot_sim/locobot_ws/src/install/rplidar_ros/lib/pkgconfig/rplidar_ros.pc'
[1.317s] Level 1:colcon.colcon_core.environment:checking '/home/wellyowo/locobot_sim/locobot_ws/src/install/rplidar_ros/lib/python3.10/site-packages'
[1.317s] Level 1:colcon.colcon_core.environment:checking '/home/wellyowo/locobot_sim/locobot_ws/src/install/rplidar_ros/bin'
[1.317s] INFO:colcon.colcon_core.shell:Creating package script '/home/wellyowo/locobot_sim/locobot_ws/src/install/rplidar_ros/share/rplidar_ros/package.ps1'
[1.318s] INFO:colcon.colcon_core.shell:Creating package descriptor '/home/wellyowo/locobot_sim/locobot_ws/src/install/rplidar_ros/share/rplidar_ros/package.dsv'
[1.319s] INFO:colcon.colcon_core.shell:Creating package script '/home/wellyowo/locobot_sim/locobot_ws/src/install/rplidar_ros/share/rplidar_ros/package.sh'
[1.319s] INFO:colcon.colcon_core.shell:Creating package script '/home/wellyowo/locobot_sim/locobot_ws/src/install/rplidar_ros/share/rplidar_ros/package.bash'
[1.320s] INFO:colcon.colcon_core.shell:Creating package script '/home/wellyowo/locobot_sim/locobot_ws/src/install/rplidar_ros/share/rplidar_ros/package.zsh'
[1.320s] Level 1:colcon.colcon_core.environment:create_file_with_runtime_dependencies(/home/wellyowo/locobot_sim/locobot_ws/src/install/rplidar_ros/share/colcon-core/packages/rplidar_ros)
[1.321s] Level 1:colcon.colcon_core.environment:create_environment_scripts_only(rplidar_ros)
[1.321s] Level 1:colcon.colcon_core.environment:checking '/home/wellyowo/locobot_sim/locobot_ws/src/install/rplidar_ros' for CMake module files
[1.322s] Level 1:colcon.colcon_core.environment:checking '/home/wellyowo/locobot_sim/locobot_ws/src/install/rplidar_ros' for CMake config files
[1.322s] Level 1:colcon.colcon_core.shell:create_environment_hook('rplidar_ros', 'cmake_prefix_path')
[1.323s] INFO:colcon.colcon_core.shell:Creating environment hook '/home/wellyowo/locobot_sim/locobot_ws/src/install/rplidar_ros/share/rplidar_ros/hook/cmake_prefix_path.ps1'
[1.323s] INFO:colcon.colcon_core.shell:Creating environment descriptor '/home/wellyowo/locobot_sim/locobot_ws/src/install/rplidar_ros/share/rplidar_ros/hook/cmake_prefix_path.dsv'
[1.324s] INFO:colcon.colcon_core.shell:Creating environment hook '/home/wellyowo/locobot_sim/locobot_ws/src/install/rplidar_ros/share/rplidar_ros/hook/cmake_prefix_path.sh'
[1.324s] Level 1:colcon.colcon_core.environment:checking '/home/wellyowo/locobot_sim/locobot_ws/src/install/rplidar_ros/lib'
[1.324s] Level 1:colcon.colcon_core.environment:checking '/home/wellyowo/locobot_sim/locobot_ws/src/install/rplidar_ros/bin'
[1.324s] Level 1:colcon.colcon_core.environment:checking '/home/wellyowo/locobot_sim/locobot_ws/src/install/rplidar_ros/lib/pkgconfig/rplidar_ros.pc'
[1.325s] Level 1:colcon.colcon_core.environment:checking '/home/wellyowo/locobot_sim/locobot_ws/src/install/rplidar_ros/lib/python3.10/site-packages'
[1.325s] Level 1:colcon.colcon_core.environment:checking '/home/wellyowo/locobot_sim/locobot_ws/src/install/rplidar_ros/bin'
[1.325s] INFO:colcon.colcon_core.shell:Creating package script '/home/wellyowo/locobot_sim/locobot_ws/src/install/rplidar_ros/share/rplidar_ros/package.ps1'
[1.326s] INFO:colcon.colcon_core.shell:Creating package descriptor '/home/wellyowo/locobot_sim/locobot_ws/src/install/rplidar_ros/share/rplidar_ros/package.dsv'
[1.327s] INFO:colcon.colcon_core.shell:Creating package script '/home/wellyowo/locobot_sim/locobot_ws/src/install/rplidar_ros/share/rplidar_ros/package.sh'
[1.327s] INFO:colcon.colcon_core.shell:Creating package script '/home/wellyowo/locobot_sim/locobot_ws/src/install/rplidar_ros/share/rplidar_ros/package.bash'
[1.328s] INFO:colcon.colcon_core.shell:Creating package script '/home/wellyowo/locobot_sim/locobot_ws/src/install/rplidar_ros/share/rplidar_ros/package.zsh'
[1.328s] Level 1:colcon.colcon_core.environment:create_file_with_runtime_dependencies(/home/wellyowo/locobot_sim/locobot_ws/src/install/rplidar_ros/share/colcon-core/packages/rplidar_ros)
[1.329s] Level 1:colcon.colcon_core.environment:create_environment_scripts_only(kobuki_keyop)
[1.329s] Level 1:colcon.colcon_core.environment:checking '/home/wellyowo/locobot_sim/locobot_ws/src/install/kobuki_keyop' for CMake module files
[1.330s] Level 1:colcon.colcon_core.environment:checking '/home/wellyowo/locobot_sim/locobot_ws/src/install/kobuki_keyop' for CMake config files
[1.331s] Level 1:colcon.colcon_core.shell:create_environment_hook('kobuki_keyop', 'cmake_prefix_path')
[1.332s] INFO:colcon.colcon_core.shell:Creating environment hook '/home/wellyowo/locobot_sim/locobot_ws/src/install/kobuki_keyop/share/kobuki_keyop/hook/cmake_prefix_path.ps1'
[1.333s] INFO:colcon.colcon_core.shell:Creating environment descriptor '/home/wellyowo/locobot_sim/locobot_ws/src/install/kobuki_keyop/share/kobuki_keyop/hook/cmake_prefix_path.dsv'
[1.333s] INFO:colcon.colcon_core.shell:Creating environment hook '/home/wellyowo/locobot_sim/locobot_ws/src/install/kobuki_keyop/share/kobuki_keyop/hook/cmake_prefix_path.sh'
[1.334s] Level 1:colcon.colcon_core.environment:checking '/home/wellyowo/locobot_sim/locobot_ws/src/install/kobuki_keyop/lib'
[1.334s] Level 1:colcon.colcon_core.shell:create_environment_hook('kobuki_keyop', 'ld_library_path_lib')
[1.334s] INFO:colcon.colcon_core.shell:Creating environment hook '/home/wellyowo/locobot_sim/locobot_ws/src/install/kobuki_keyop/share/kobuki_keyop/hook/ld_library_path_lib.ps1'
[1.335s] DEBUG:colcon.colcon_core.event_handler.log_command:Invoked command in '/home/wellyowo/locobot_sim/locobot_ws/src/build/kobuki_keyop' returned '0': CMAKE_PREFIX_PATH=/opt/ros/humble /usr/bin/cmake --install /home/wellyowo/locobot_sim/locobot_ws/src/build/kobuki_keyop
[1.336s] INFO:colcon.colcon_core.shell:Creating environment descriptor '/home/wellyowo/locobot_sim/locobot_ws/src/install/kobuki_keyop/share/kobuki_keyop/hook/ld_library_path_lib.dsv'
[1.337s] INFO:colcon.colcon_core.shell:Creating environment hook '/home/wellyowo/locobot_sim/locobot_ws/src/install/kobuki_keyop/share/kobuki_keyop/hook/ld_library_path_lib.sh'
[1.337s] Level 1:colcon.colcon_core.environment:checking '/home/wellyowo/locobot_sim/locobot_ws/src/install/kobuki_keyop/bin'
[1.337s] Level 1:colcon.colcon_core.environment:checking '/home/wellyowo/locobot_sim/locobot_ws/src/install/kobuki_keyop/lib/pkgconfig/kobuki_keyop.pc'
[1.338s] Level 1:colcon.colcon_core.environment:checking '/home/wellyowo/locobot_sim/locobot_ws/src/install/kobuki_keyop/lib/python3.10/site-packages'
[1.338s] Level 1:colcon.colcon_core.environment:checking '/home/wellyowo/locobot_sim/locobot_ws/src/install/kobuki_keyop/bin'
[1.338s] INFO:colcon.colcon_core.shell:Creating package script '/home/wellyowo/locobot_sim/locobot_ws/src/install/kobuki_keyop/share/kobuki_keyop/package.ps1'
[1.339s] INFO:colcon.colcon_core.shell:Creating package descriptor '/home/wellyowo/locobot_sim/locobot_ws/src/install/kobuki_keyop/share/kobuki_keyop/package.dsv'
[1.339s] INFO:colcon.colcon_core.shell:Creating package script '/home/wellyowo/locobot_sim/locobot_ws/src/install/kobuki_keyop/share/kobuki_keyop/package.sh'
[1.340s] INFO:colcon.colcon_core.shell:Creating package script '/home/wellyowo/locobot_sim/locobot_ws/src/install/kobuki_keyop/share/kobuki_keyop/package.bash'
[1.340s] INFO:colcon.colcon_core.shell:Creating package script '/home/wellyowo/locobot_sim/locobot_ws/src/install/kobuki_keyop/share/kobuki_keyop/package.zsh'
[1.340s] Level 1:colcon.colcon_core.environment:create_file_with_runtime_dependencies(/home/wellyowo/locobot_sim/locobot_ws/src/install/kobuki_keyop/share/colcon-core/packages/kobuki_keyop)
[1.341s] Level 1:colcon.colcon_core.environment:create_environment_scripts_only(kobuki_keyop)
[1.341s] Level 1:colcon.colcon_core.environment:checking '/home/wellyowo/locobot_sim/locobot_ws/src/install/kobuki_keyop' for CMake module files
[1.342s] Level 1:colcon.colcon_core.environment:checking '/home/wellyowo/locobot_sim/locobot_ws/src/install/kobuki_keyop' for CMake config files
[1.342s] Level 1:colcon.colcon_core.shell:create_environment_hook('kobuki_keyop', 'cmake_prefix_path')
[1.345s] INFO:colcon.colcon_core.shell:Creating environment hook '/home/wellyowo/locobot_sim/locobot_ws/src/install/kobuki_keyop/share/kobuki_keyop/hook/cmake_prefix_path.ps1'
[1.345s] INFO:colcon.colcon_core.shell:Creating environment descriptor '/home/wellyowo/locobot_sim/locobot_ws/src/install/kobuki_keyop/share/kobuki_keyop/hook/cmake_prefix_path.dsv'
[1.346s] INFO:colcon.colcon_core.shell:Creating environment hook '/home/wellyowo/locobot_sim/locobot_ws/src/install/kobuki_keyop/share/kobuki_keyop/hook/cmake_prefix_path.sh'
[1.346s] Level 1:colcon.colcon_core.environment:checking '/home/wellyowo/locobot_sim/locobot_ws/src/install/kobuki_keyop/lib'
[1.346s] Level 1:colcon.colcon_core.shell:create_environment_hook('kobuki_keyop', 'ld_library_path_lib')
[1.347s] INFO:colcon.colcon_core.shell:Creating environment hook '/home/wellyowo/locobot_sim/locobot_ws/src/install/kobuki_keyop/share/kobuki_keyop/hook/ld_library_path_lib.ps1'
[1.347s] INFO:colcon.colcon_core.shell:Creating environment descriptor '/home/wellyowo/locobot_sim/locobot_ws/src/install/kobuki_keyop/share/kobuki_keyop/hook/ld_library_path_lib.dsv'
[1.348s] INFO:colcon.colcon_core.shell:Creating environment hook '/home/wellyowo/locobot_sim/locobot_ws/src/install/kobuki_keyop/share/kobuki_keyop/hook/ld_library_path_lib.sh'
[1.348s] Level 1:colcon.colcon_core.environment:checking '/home/wellyowo/locobot_sim/locobot_ws/src/install/kobuki_keyop/bin'
[1.348s] Level 1:colcon.colcon_core.environment:checking '/home/wellyowo/locobot_sim/locobot_ws/src/install/kobuki_keyop/lib/pkgconfig/kobuki_keyop.pc'
[1.349s] Level 1:colcon.colcon_core.environment:checking '/home/wellyowo/locobot_sim/locobot_ws/src/install/kobuki_keyop/lib/python3.10/site-packages'
[1.349s] Level 1:colcon.colcon_core.environment:checking '/home/wellyowo/locobot_sim/locobot_ws/src/install/kobuki_keyop/bin'
[1.349s] INFO:colcon.colcon_core.shell:Creating package script '/home/wellyowo/locobot_sim/locobot_ws/src/install/kobuki_keyop/share/kobuki_keyop/package.ps1'
[1.350s] INFO:colcon.colcon_core.shell:Creating package descriptor '/home/wellyowo/locobot_sim/locobot_ws/src/install/kobuki_keyop/share/kobuki_keyop/package.dsv'
[1.350s] INFO:colcon.colcon_core.shell:Creating package script '/home/wellyowo/locobot_sim/locobot_ws/src/install/kobuki_keyop/share/kobuki_keyop/package.sh'
[1.351s] INFO:colcon.colcon_core.shell:Creating package script '/home/wellyowo/locobot_sim/locobot_ws/src/install/kobuki_keyop/share/kobuki_keyop/package.bash'
[1.351s] INFO:colcon.colcon_core.shell:Creating package script '/home/wellyowo/locobot_sim/locobot_ws/src/install/kobuki_keyop/share/kobuki_keyop/package.zsh'
[1.352s] Level 1:colcon.colcon_core.environment:create_file_with_runtime_dependencies(/home/wellyowo/locobot_sim/locobot_ws/src/install/kobuki_keyop/share/colcon-core/packages/kobuki_keyop)
[1.352s] Level 1:colcon.colcon_core.environment:create_environment_scripts_only(kobuki_random_walker)
[1.352s] Level 1:colcon.colcon_core.environment:checking '/home/wellyowo/locobot_sim/locobot_ws/src/install/kobuki_random_walker' for CMake module files
[1.353s] DEBUG:colcon.colcon_core.event_handler.log_command:Invoked command in '/home/wellyowo/locobot_sim/locobot_ws/src/build/kobuki_random_walker' returned '0': CMAKE_PREFIX_PATH=/opt/ros/humble /usr/bin/cmake --install /home/wellyowo/locobot_sim/locobot_ws/src/build/kobuki_random_walker
[1.353s] Level 1:colcon.colcon_core.environment:checking '/home/wellyowo/locobot_sim/locobot_ws/src/install/kobuki_random_walker' for CMake config files
[1.354s] Level 1:colcon.colcon_core.shell:create_environment_hook('kobuki_random_walker', 'cmake_prefix_path')
[1.354s] INFO:colcon.colcon_core.shell:Creating environment hook '/home/wellyowo/locobot_sim/locobot_ws/src/install/kobuki_random_walker/share/kobuki_random_walker/hook/cmake_prefix_path.ps1'
[1.354s] INFO:colcon.colcon_core.shell:Creating environment descriptor '/home/wellyowo/locobot_sim/locobot_ws/src/install/kobuki_random_walker/share/kobuki_random_walker/hook/cmake_prefix_path.dsv'
[1.355s] INFO:colcon.colcon_core.shell:Creating environment hook '/home/wellyowo/locobot_sim/locobot_ws/src/install/kobuki_random_walker/share/kobuki_random_walker/hook/cmake_prefix_path.sh'
[1.355s] Level 1:colcon.colcon_core.environment:checking '/home/wellyowo/locobot_sim/locobot_ws/src/install/kobuki_random_walker/lib'
[1.355s] Level 1:colcon.colcon_core.shell:create_environment_hook('kobuki_random_walker', 'ld_library_path_lib')
[1.356s] INFO:colcon.colcon_core.shell:Creating environment hook '/home/wellyowo/locobot_sim/locobot_ws/src/install/kobuki_random_walker/share/kobuki_random_walker/hook/ld_library_path_lib.ps1'
[1.356s] INFO:colcon.colcon_core.shell:Creating environment descriptor '/home/wellyowo/locobot_sim/locobot_ws/src/install/kobuki_random_walker/share/kobuki_random_walker/hook/ld_library_path_lib.dsv'
[1.356s] INFO:colcon.colcon_core.shell:Creating environment hook '/home/wellyowo/locobot_sim/locobot_ws/src/install/kobuki_random_walker/share/kobuki_random_walker/hook/ld_library_path_lib.sh'
[1.357s] Level 1:colcon.colcon_core.environment:checking '/home/wellyowo/locobot_sim/locobot_ws/src/install/kobuki_random_walker/bin'
[1.357s] Level 1:colcon.colcon_core.environment:checking '/home/wellyowo/locobot_sim/locobot_ws/src/install/kobuki_random_walker/lib/pkgconfig/kobuki_random_walker.pc'
[1.357s] Level 1:colcon.colcon_core.environment:checking '/home/wellyowo/locobot_sim/locobot_ws/src/install/kobuki_random_walker/lib/python3.10/site-packages'
[1.357s] Level 1:colcon.colcon_core.environment:checking '/home/wellyowo/locobot_sim/locobot_ws/src/install/kobuki_random_walker/bin'
[1.358s] INFO:colcon.colcon_core.shell:Creating package script '/home/wellyowo/locobot_sim/locobot_ws/src/install/kobuki_random_walker/share/kobuki_random_walker/package.ps1'
[1.358s] INFO:colcon.colcon_core.shell:Creating package descriptor '/home/wellyowo/locobot_sim/locobot_ws/src/install/kobuki_random_walker/share/kobuki_random_walker/package.dsv'
[1.359s] INFO:colcon.colcon_core.shell:Creating package script '/home/wellyowo/locobot_sim/locobot_ws/src/install/kobuki_random_walker/share/kobuki_random_walker/package.sh'
[1.359s] INFO:colcon.colcon_core.shell:Creating package script '/home/wellyowo/locobot_sim/locobot_ws/src/install/kobuki_random_walker/share/kobuki_random_walker/package.bash'
[1.360s] INFO:colcon.colcon_core.shell:Creating package script '/home/wellyowo/locobot_sim/locobot_ws/src/install/kobuki_random_walker/share/kobuki_random_walker/package.zsh'
[1.360s] Level 1:colcon.colcon_core.environment:create_file_with_runtime_dependencies(/home/wellyowo/locobot_sim/locobot_ws/src/install/kobuki_random_walker/share/colcon-core/packages/kobuki_random_walker)
[1.361s] Level 1:colcon.colcon_core.environment:create_environment_scripts_only(kobuki_random_walker)
[1.361s] Level 1:colcon.colcon_core.environment:checking '/home/wellyowo/locobot_sim/locobot_ws/src/install/kobuki_random_walker' for CMake module files
[1.361s] Level 1:colcon.colcon_core.environment:checking '/home/wellyowo/locobot_sim/locobot_ws/src/install/kobuki_random_walker' for CMake config files
[1.362s] Level 1:colcon.colcon_core.shell:create_environment_hook('kobuki_random_walker', 'cmake_prefix_path')
[1.362s] INFO:colcon.colcon_core.shell:Creating environment hook '/home/wellyowo/locobot_sim/locobot_ws/src/install/kobuki_random_walker/share/kobuki_random_walker/hook/cmake_prefix_path.ps1'
[1.363s] INFO:colcon.colcon_core.shell:Creating environment descriptor '/home/wellyowo/locobot_sim/locobot_ws/src/install/kobuki_random_walker/share/kobuki_random_walker/hook/cmake_prefix_path.dsv'
[1.363s] INFO:colcon.colcon_core.shell:Creating environment hook '/home/wellyowo/locobot_sim/locobot_ws/src/install/kobuki_random_walker/share/kobuki_random_walker/hook/cmake_prefix_path.sh'
[1.364s] Level 1:colcon.colcon_core.environment:checking '/home/wellyowo/locobot_sim/locobot_ws/src/install/kobuki_random_walker/lib'
[1.364s] Level 1:colcon.colcon_core.shell:create_environment_hook('kobuki_random_walker', 'ld_library_path_lib')
[1.364s] INFO:colcon.colcon_core.shell:Creating environment hook '/home/wellyowo/locobot_sim/locobot_ws/src/install/kobuki_random_walker/share/kobuki_random_walker/hook/ld_library_path_lib.ps1'
[1.365s] INFO:colcon.colcon_core.shell:Creating environment descriptor '/home/wellyowo/locobot_sim/locobot_ws/src/install/kobuki_random_walker/share/kobuki_random_walker/hook/ld_library_path_lib.dsv'
[1.365s] INFO:colcon.colcon_core.shell:Creating environment hook '/home/wellyowo/locobot_sim/locobot_ws/src/install/kobuki_random_walker/share/kobuki_random_walker/hook/ld_library_path_lib.sh'
[1.366s] Level 1:colcon.colcon_core.environment:checking '/home/wellyowo/locobot_sim/locobot_ws/src/install/kobuki_random_walker/bin'
[1.366s] Level 1:colcon.colcon_core.environment:checking '/home/wellyowo/locobot_sim/locobot_ws/src/install/kobuki_random_walker/lib/pkgconfig/kobuki_random_walker.pc'
[1.366s] Level 1:colcon.colcon_core.environment:checking '/home/wellyowo/locobot_sim/locobot_ws/src/install/kobuki_random_walker/lib/python3.10/site-packages'
[1.366s] Level 1:colcon.colcon_core.environment:checking '/home/wellyowo/locobot_sim/locobot_ws/src/install/kobuki_random_walker/bin'
[1.367s] INFO:colcon.colcon_core.shell:Creating package script '/home/wellyowo/locobot_sim/locobot_ws/src/install/kobuki_random_walker/share/kobuki_random_walker/package.ps1'
[1.367s] INFO:colcon.colcon_core.shell:Creating package descriptor '/home/wellyowo/locobot_sim/locobot_ws/src/install/kobuki_random_walker/share/kobuki_random_walker/package.dsv'
[1.368s] INFO:colcon.colcon_core.shell:Creating package script '/home/wellyowo/locobot_sim/locobot_ws/src/install/kobuki_random_walker/share/kobuki_random_walker/package.sh'
[1.369s] INFO:colcon.colcon_core.shell:Creating package script '/home/wellyowo/locobot_sim/locobot_ws/src/install/kobuki_random_walker/share/kobuki_random_walker/package.bash'
[1.369s] INFO:colcon.colcon_core.shell:Creating package script '/home/wellyowo/locobot_sim/locobot_ws/src/install/kobuki_random_walker/share/kobuki_random_walker/package.zsh'
[1.369s] Level 1:colcon.colcon_core.environment:create_file_with_runtime_dependencies(/home/wellyowo/locobot_sim/locobot_ws/src/install/kobuki_random_walker/share/colcon-core/packages/kobuki_random_walker)
[1.372s] INFO:colcon.colcon_ros.task.ament_cmake.build:Building ROS package in '/home/wellyowo/locobot_sim/locobot_ws/src/kobuki' with build type 'ament_cmake'
[1.372s] INFO:colcon.colcon_cmake.task.cmake.build:Building CMake package in '/home/wellyowo/locobot_sim/locobot_ws/src/kobuki'
[1.373s] INFO:colcon.colcon_core.shell:Skip shell extension 'powershell' for command environment: Not usable outside of PowerShell
[1.373s] DEBUG:colcon.colcon_core.shell:Skip shell extension 'dsv' for command environment
[1.383s] DEBUG:colcon.colcon_core.event_handler.log_command:Invoking command in '/home/wellyowo/locobot_sim/locobot_ws/src/build/ecl_console': AMENT_PREFIX_PATH=/home/wellyowo/locobot_sim/locobot_ws/src/install/ecl_config:${AMENT_PREFIX_PATH} CMAKE_PREFIX_PATH=/home/wellyowo/locobot_sim/locobot_ws/src/install/ecl_config:/opt/ros/humble PATH=/home/wellyowo/locobot_sim/locobot_ws/src/install/ecl_config/bin:${PATH} /usr/bin/cmake --build /home/wellyowo/locobot_sim/locobot_ws/src/build/ecl_console -- -j16 -l16
[1.388s] Level 1:colcon.colcon_core.environment:create_environment_scripts_only(interbotix_xs_msgs)
[1.388s] Level 1:colcon.colcon_core.environment:checking '/home/wellyowo/locobot_sim/locobot_ws/src/install/interbotix_xs_msgs' for CMake module files
[1.389s] DEBUG:colcon.colcon_core.event_handler.log_command:Invoking command in '/home/wellyowo/locobot_sim/locobot_ws/src/build/ecl_converters_lite': AMENT_PREFIX_PATH=/home/wellyowo/locobot_sim/locobot_ws/src/install/ecl_config:${AMENT_PREFIX_PATH} CMAKE_PREFIX_PATH=/home/wellyowo/locobot_sim/locobot_ws/src/install/ecl_config:/opt/ros/humble PATH=/home/wellyowo/locobot_sim/locobot_ws/src/install/ecl_config/bin:${PATH} /usr/bin/cmake --build /home/wellyowo/locobot_sim/locobot_ws/src/build/ecl_converters_lite -- -j16 -l16
[1.389s] DEBUG:colcon.colcon_core.event_handler.log_command:Invoking command in '/home/wellyowo/locobot_sim/locobot_ws/src/build/interbotix_tf_tools': CMAKE_PREFIX_PATH=/opt/ros/humble /usr/bin/cmake --build /home/wellyowo/locobot_sim/locobot_ws/src/build/interbotix_tf_tools -- -j16 -l16
[1.390s] DEBUG:colcon.colcon_core.event_handler.log_command:Invoked command in '/home/wellyowo/locobot_sim/locobot_ws/src/build/interbotix_xs_msgs' returned '0': CMAKE_PREFIX_PATH=/opt/ros/humble /usr/bin/cmake --install /home/wellyowo/locobot_sim/locobot_ws/src/build/interbotix_xs_msgs
[1.390s] Level 1:colcon.colcon_core.environment:checking '/home/wellyowo/locobot_sim/locobot_ws/src/install/interbotix_xs_msgs' for CMake config files
[1.391s] Level 1:colcon.colcon_core.shell:create_environment_hook('interbotix_xs_msgs', 'cmake_prefix_path')
[1.392s] INFO:colcon.colcon_core.shell:Creating environment hook '/home/wellyowo/locobot_sim/locobot_ws/src/install/interbotix_xs_msgs/share/interbotix_xs_msgs/hook/cmake_prefix_path.ps1'
[1.392s] INFO:colcon.colcon_core.shell:Creating environment descriptor '/home/wellyowo/locobot_sim/locobot_ws/src/install/interbotix_xs_msgs/share/interbotix_xs_msgs/hook/cmake_prefix_path.dsv'
[1.393s] INFO:colcon.colcon_core.shell:Creating environment hook '/home/wellyowo/locobot_sim/locobot_ws/src/install/interbotix_xs_msgs/share/interbotix_xs_msgs/hook/cmake_prefix_path.sh'
[1.398s] Level 1:colcon.colcon_core.environment:checking '/home/wellyowo/locobot_sim/locobot_ws/src/install/interbotix_xs_msgs/lib'
[1.398s] Level 1:colcon.colcon_core.shell:create_environment_hook('interbotix_xs_msgs', 'ld_library_path_lib')
[1.398s] INFO:colcon.colcon_core.shell:Creating environment hook '/home/wellyowo/locobot_sim/locobot_ws/src/install/interbotix_xs_msgs/share/interbotix_xs_msgs/hook/ld_library_path_lib.ps1'
[1.399s] INFO:colcon.colcon_core.shell:Creating environment descriptor '/home/wellyowo/locobot_sim/locobot_ws/src/install/interbotix_xs_msgs/share/interbotix_xs_msgs/hook/ld_library_path_lib.dsv'
[1.399s] INFO:colcon.colcon_core.shell:Creating environment hook '/home/wellyowo/locobot_sim/locobot_ws/src/install/interbotix_xs_msgs/share/interbotix_xs_msgs/hook/ld_library_path_lib.sh'
[1.401s] Level 1:colcon.colcon_core.environment:checking '/home/wellyowo/locobot_sim/locobot_ws/src/install/interbotix_xs_msgs/bin'
[1.401s] Level 1:colcon.colcon_core.environment:checking '/home/wellyowo/locobot_sim/locobot_ws/src/install/interbotix_xs_msgs/lib/pkgconfig/interbotix_xs_msgs.pc'
[1.401s] Level 1:colcon.colcon_core.environment:checking '/home/wellyowo/locobot_sim/locobot_ws/src/install/interbotix_xs_msgs/lib/python3.10/site-packages'
[1.401s] Level 1:colcon.colcon_core.environment:checking '/home/wellyowo/locobot_sim/locobot_ws/src/install/interbotix_xs_msgs/bin'
[1.402s] INFO:colcon.colcon_core.shell:Creating package script '/home/wellyowo/locobot_sim/locobot_ws/src/install/interbotix_xs_msgs/share/interbotix_xs_msgs/package.ps1'
[1.402s] INFO:colcon.colcon_core.shell:Creating package descriptor '/home/wellyowo/locobot_sim/locobot_ws/src/install/interbotix_xs_msgs/share/interbotix_xs_msgs/package.dsv'
[1.403s] INFO:colcon.colcon_core.shell:Creating package script '/home/wellyowo/locobot_sim/locobot_ws/src/install/interbotix_xs_msgs/share/interbotix_xs_msgs/package.sh'
[1.403s] INFO:colcon.colcon_core.shell:Creating package script '/home/wellyowo/locobot_sim/locobot_ws/src/install/interbotix_xs_msgs/share/interbotix_xs_msgs/package.bash'
[1.404s] INFO:colcon.colcon_core.shell:Creating package script '/home/wellyowo/locobot_sim/locobot_ws/src/install/interbotix_xs_msgs/share/interbotix_xs_msgs/package.zsh'
[1.404s] Level 1:colcon.colcon_core.environment:create_file_with_runtime_dependencies(/home/wellyowo/locobot_sim/locobot_ws/src/install/interbotix_xs_msgs/share/colcon-core/packages/interbotix_xs_msgs)
[1.405s] Level 1:colcon.colcon_core.environment:create_environment_scripts_only(interbotix_xs_msgs)
[1.405s] Level 1:colcon.colcon_core.environment:checking '/home/wellyowo/locobot_sim/locobot_ws/src/install/interbotix_xs_msgs' for CMake module files
[1.406s] Level 1:colcon.colcon_core.environment:checking '/home/wellyowo/locobot_sim/locobot_ws/src/install/interbotix_xs_msgs' for CMake config files
[1.407s] Level 1:colcon.colcon_core.shell:create_environment_hook('interbotix_xs_msgs', 'cmake_prefix_path')
[1.407s] INFO:colcon.colcon_core.shell:Creating environment hook '/home/wellyowo/locobot_sim/locobot_ws/src/install/interbotix_xs_msgs/share/interbotix_xs_msgs/hook/cmake_prefix_path.ps1'
[1.408s] INFO:colcon.colcon_core.shell:Creating environment descriptor '/home/wellyowo/locobot_sim/locobot_ws/src/install/interbotix_xs_msgs/share/interbotix_xs_msgs/hook/cmake_prefix_path.dsv'
[1.408s] INFO:colcon.colcon_core.shell:Creating environment hook '/home/wellyowo/locobot_sim/locobot_ws/src/install/interbotix_xs_msgs/share/interbotix_xs_msgs/hook/cmake_prefix_path.sh'
[1.409s] Level 1:colcon.colcon_core.environment:checking '/home/wellyowo/locobot_sim/locobot_ws/src/install/interbotix_xs_msgs/lib'
[1.415s] Level 1:colcon.colcon_core.shell:create_environment_hook('interbotix_xs_msgs', 'ld_library_path_lib')
[1.416s] INFO:colcon.colcon_core.shell:Creating environment hook '/home/wellyowo/locobot_sim/locobot_ws/src/install/interbotix_xs_msgs/share/interbotix_xs_msgs/hook/ld_library_path_lib.ps1'
[1.417s] INFO:colcon.colcon_core.shell:Creating environment descriptor '/home/wellyowo/locobot_sim/locobot_ws/src/install/interbotix_xs_msgs/share/interbotix_xs_msgs/hook/ld_library_path_lib.dsv'
[1.417s] INFO:colcon.colcon_core.shell:Creating environment hook '/home/wellyowo/locobot_sim/locobot_ws/src/install/interbotix_xs_msgs/share/interbotix_xs_msgs/hook/ld_library_path_lib.sh'
[1.418s] Level 1:colcon.colcon_core.environment:checking '/home/wellyowo/locobot_sim/locobot_ws/src/install/interbotix_xs_msgs/bin'
[1.418s] Level 1:colcon.colcon_core.environment:checking '/home/wellyowo/locobot_sim/locobot_ws/src/install/interbotix_xs_msgs/lib/pkgconfig/interbotix_xs_msgs.pc'
[1.418s] Level 1:colcon.colcon_core.environment:checking '/home/wellyowo/locobot_sim/locobot_ws/src/install/interbotix_xs_msgs/lib/python3.10/site-packages'
[1.418s] Level 1:colcon.colcon_core.environment:checking '/home/wellyowo/locobot_sim/locobot_ws/src/install/interbotix_xs_msgs/bin'
[1.419s] INFO:colcon.colcon_core.shell:Creating package script '/home/wellyowo/locobot_sim/locobot_ws/src/install/interbotix_xs_msgs/share/interbotix_xs_msgs/package.ps1'
[1.419s] INFO:colcon.colcon_core.shell:Creating package descriptor '/home/wellyowo/locobot_sim/locobot_ws/src/install/interbotix_xs_msgs/share/interbotix_xs_msgs/package.dsv'
[1.420s] INFO:colcon.colcon_core.shell:Creating package script '/home/wellyowo/locobot_sim/locobot_ws/src/install/interbotix_xs_msgs/share/interbotix_xs_msgs/package.sh'
[1.421s] INFO:colcon.colcon_core.shell:Creating package script '/home/wellyowo/locobot_sim/locobot_ws/src/install/interbotix_xs_msgs/share/interbotix_xs_msgs/package.bash'
[1.421s] INFO:colcon.colcon_core.shell:Creating package script '/home/wellyowo/locobot_sim/locobot_ws/src/install/interbotix_xs_msgs/share/interbotix_xs_msgs/package.zsh'
[1.422s] Level 1:colcon.colcon_core.environment:create_file_with_runtime_dependencies(/home/wellyowo/locobot_sim/locobot_ws/src/install/interbotix_xs_msgs/share/colcon-core/packages/interbotix_xs_msgs)
[1.423s] DEBUG:colcon.colcon_core.event_handler.log_command:Invoked command in '/home/wellyowo/locobot_sim/locobot_ws/src/build/astra_camera_msgs' returned '0': CMAKE_PREFIX_PATH=/opt/ros/humble /usr/bin/cmake --build /home/wellyowo/locobot_sim/locobot_ws/src/build/astra_camera_msgs -- -j16 -l16
[1.434s] DEBUG:colcon.colcon_core.event_handler.log_command:Invoking command in '/home/wellyowo/locobot_sim/locobot_ws/src/build/astra_camera_msgs': CMAKE_PREFIX_PATH=/opt/ros/humble /usr/bin/cmake --install /home/wellyowo/locobot_sim/locobot_ws/src/build/astra_camera_msgs
[1.445s] DEBUG:colcon.colcon_core.event_handler.log_command:Invoked command in '/home/wellyowo/locobot_sim/locobot_ws/src/build/ecl_errors' returned '0': AMENT_PREFIX_PATH=/home/wellyowo/locobot_sim/locobot_ws/src/install/ecl_config:${AMENT_PREFIX_PATH} CMAKE_PREFIX_PATH=/home/wellyowo/locobot_sim/locobot_ws/src/install/ecl_config:/opt/ros/humble PATH=/home/wellyowo/locobot_sim/locobot_ws/src/install/ecl_config/bin:${PATH} /usr/bin/cmake --build /home/wellyowo/locobot_sim/locobot_ws/src/build/ecl_errors -- -j16 -l16
[1.452s] DEBUG:colcon.colcon_core.event_handler.log_command:Invoking command in '/home/wellyowo/locobot_sim/locobot_ws/src/build/ecl_errors': AMENT_PREFIX_PATH=/home/wellyowo/locobot_sim/locobot_ws/src/install/ecl_config:${AMENT_PREFIX_PATH} CMAKE_PREFIX_PATH=/home/wellyowo/locobot_sim/locobot_ws/src/install/ecl_config:/opt/ros/humble PATH=/home/wellyowo/locobot_sim/locobot_ws/src/install/ecl_config/bin:${PATH} /usr/bin/cmake --install /home/wellyowo/locobot_sim/locobot_ws/src/build/ecl_errors
[1.457s] DEBUG:colcon.colcon_core.event_handler.log_command:Invoked command in '/home/wellyowo/locobot_sim/locobot_ws/src/build/ecl_type_traits' returned '0': AMENT_PREFIX_PATH=/home/wellyowo/locobot_sim/locobot_ws/src/install/ecl_mpl:/home/wellyowo/locobot_sim/locobot_ws/src/install/ecl_config:${AMENT_PREFIX_PATH} CMAKE_PREFIX_PATH=/home/wellyowo/locobot_sim/locobot_ws/src/install/ecl_mpl:/home/wellyowo/locobot_sim/locobot_ws/src/install/ecl_config:/opt/ros/humble PATH=/home/wellyowo/locobot_sim/locobot_ws/src/install/ecl_config/bin:${PATH} /usr/bin/cmake --build /home/wellyowo/locobot_sim/locobot_ws/src/build/ecl_type_traits -- -j16 -l16
[1.457s] DEBUG:colcon.colcon_core.event_handler.log_command:Invoking command in '/home/wellyowo/locobot_sim/locobot_ws/src/build/ecl_type_traits': AMENT_PREFIX_PATH=/home/wellyowo/locobot_sim/locobot_ws/src/install/ecl_mpl:/home/wellyowo/locobot_sim/locobot_ws/src/install/ecl_config:${AMENT_PREFIX_PATH} CMAKE_PREFIX_PATH=/home/wellyowo/locobot_sim/locobot_ws/src/install/ecl_mpl:/home/wellyowo/locobot_sim/locobot_ws/src/install/ecl_config:/opt/ros/humble PATH=/home/wellyowo/locobot_sim/locobot_ws/src/install/ecl_config/bin:${PATH} /usr/bin/cmake --install /home/wellyowo/locobot_sim/locobot_ws/src/build/ecl_type_traits
[1.458s] INFO:colcon.colcon_ros.task.ament_cmake.build:Building ROS package in '/home/wellyowo/locobot_sim/locobot_ws/src/interbotix_ros_core/interbotix_ros_xseries/interbotix_xs_sdk' with build type 'ament_cmake'
[1.458s] INFO:colcon.colcon_cmake.task.cmake.build:Building CMake package in '/home/wellyowo/locobot_sim/locobot_ws/src/interbotix_ros_core/interbotix_ros_xseries/interbotix_xs_sdk'
[1.458s] INFO:colcon.colcon_core.shell:Skip shell extension 'powershell' for command environment: Not usable outside of PowerShell
[1.458s] DEBUG:colcon.colcon_core.shell:Skip shell extension 'dsv' for command environment
[1.465s] INFO:colcon.colcon_ros.task.ament_cmake.build:Building ROS package in '/home/wellyowo/locobot_sim/locobot_ws/src/interbotix_ros_toolboxes/interbotix_xs_toolbox/interbotix_xs_ros_control' with build type 'ament_cmake'
[1.466s] INFO:colcon.colcon_cmake.task.cmake.build:Building CMake package in '/home/wellyowo/locobot_sim/locobot_ws/src/interbotix_ros_toolboxes/interbotix_xs_toolbox/interbotix_xs_ros_control'
[1.466s] INFO:colcon.colcon_core.shell:Skip shell extension 'powershell' for command environment: Not usable outside of PowerShell
[1.466s] DEBUG:colcon.colcon_core.shell:Skip shell extension 'dsv' for command environment
[1.472s] INFO:colcon.colcon_ros.task.ament_cmake.build:Building ROS package in '/home/wellyowo/locobot_sim/locobot_ws/src/interbotix_ros_toolboxes/interbotix_common_toolbox/interbotix_gravity_compensation' with build type 'ament_cmake'
[1.473s] INFO:colcon.colcon_cmake.task.cmake.build:Building CMake package in '/home/wellyowo/locobot_sim/locobot_ws/src/interbotix_ros_toolboxes/interbotix_common_toolbox/interbotix_gravity_compensation'
[1.473s] INFO:colcon.colcon_core.shell:Skip shell extension 'powershell' for command environment: Not usable outside of PowerShell
[1.473s] DEBUG:colcon.colcon_core.shell:Skip shell extension 'dsv' for command environment
[1.485s] DEBUG:colcon.colcon_core.event_handler.log_command:Invoking command in '/home/wellyowo/locobot_sim/locobot_ws/src/interbotix_ros_toolboxes/interbotix_common_toolbox/interbotix_common_modules': PYTHONPATH=/home/wellyowo/locobot_sim/locobot_ws/src/build/interbotix_common_modules/prefix_override:/usr/lib/python3/dist-packages/colcon_core/task/python/colcon_distutils_commands:/home/wellyowo/locobot_sim/locobot_ws/src/install/interbotix_common_modules/lib/python3.10/site-packages:${PYTHONPATH} /usr/bin/python3 -W ignore:setup.py install is deprecated -W ignore:easy_install command is deprecated setup.py egg_info --egg-base ../../../build/interbotix_common_modules build --build-base /home/wellyowo/locobot_sim/locobot_ws/src/build/interbotix_common_modules/build install --record /home/wellyowo/locobot_sim/locobot_ws/src/build/interbotix_common_modules/install.log --single-version-externally-managed install_data
[1.542s] DEBUG:colcon.colcon_core.event_handler.log_command:Invoking command in '/home/wellyowo/locobot_sim/locobot_ws/src/build/moveit_visual_tools': CMAKE_PREFIX_PATH=/opt/ros/humble /usr/bin/cmake --build /home/wellyowo/locobot_sim/locobot_ws/src/build/moveit_visual_tools -- -j16 -l16
[1.567s] Level 1:colcon.colcon_core.environment:create_environment_scripts_only(ecl_errors)
[1.568s] Level 1:colcon.colcon_core.environment:checking '/home/wellyowo/locobot_sim/locobot_ws/src/install/ecl_errors' for CMake module files
[1.577s] DEBUG:colcon.colcon_core.event_handler.log_command:Invoking command in '/home/wellyowo/locobot_sim/locobot_ws/src/build/openni2_camera': CMAKE_PREFIX_PATH=/opt/ros/humble /usr/bin/cmake --build /home/wellyowo/locobot_sim/locobot_ws/src/build/openni2_camera -- -j16 -l16
[1.583s] Level 1:colcon.colcon_core.environment:checking '/home/wellyowo/locobot_sim/locobot_ws/src/install/ecl_errors' for CMake config files
[1.584s] Level 1:colcon.colcon_core.shell:create_environment_hook('ecl_errors', 'cmake_prefix_path')
[1.584s] INFO:colcon.colcon_core.shell:Creating environment hook '/home/wellyowo/locobot_sim/locobot_ws/src/install/ecl_errors/share/ecl_errors/hook/cmake_prefix_path.ps1'
[1.586s] DEBUG:colcon.colcon_core.event_handler.log_command:Invoking command in '/home/wellyowo/locobot_sim/locobot_ws/src/build/kobuki': AMENT_PREFIX_PATH=/home/wellyowo/locobot_sim/locobot_ws/src/install/kobuki_description:${AMENT_PREFIX_PATH} CMAKE_PREFIX_PATH=/home/wellyowo/locobot_sim/locobot_ws/src/install/kobuki_description:/opt/ros/humble /usr/bin/cmake --build /home/wellyowo/locobot_sim/locobot_ws/src/build/kobuki -- -j16 -l16
[1.586s] DEBUG:colcon.colcon_core.event_handler.log_command:Invoked command in '/home/wellyowo/locobot_sim/locobot_ws/src/build/ecl_console' returned '0': AMENT_PREFIX_PATH=/home/wellyowo/locobot_sim/locobot_ws/src/install/ecl_config:${AMENT_PREFIX_PATH} CMAKE_PREFIX_PATH=/home/wellyowo/locobot_sim/locobot_ws/src/install/ecl_config:/opt/ros/humble PATH=/home/wellyowo/locobot_sim/locobot_ws/src/install/ecl_config/bin:${PATH} /usr/bin/cmake --build /home/wellyowo/locobot_sim/locobot_ws/src/build/ecl_console -- -j16 -l16
[1.587s] DEBUG:colcon.colcon_core.event_handler.log_command:Invoking command in '/home/wellyowo/locobot_sim/locobot_ws/src/build/ecl_console': AMENT_PREFIX_PATH=/home/wellyowo/locobot_sim/locobot_ws/src/install/ecl_config:${AMENT_PREFIX_PATH} CMAKE_PREFIX_PATH=/home/wellyowo/locobot_sim/locobot_ws/src/install/ecl_config:/opt/ros/humble PATH=/home/wellyowo/locobot_sim/locobot_ws/src/install/ecl_config/bin:${PATH} /usr/bin/cmake --install /home/wellyowo/locobot_sim/locobot_ws/src/build/ecl_console
[1.589s] INFO:colcon.colcon_core.shell:Creating environment descriptor '/home/wellyowo/locobot_sim/locobot_ws/src/install/ecl_errors/share/ecl_errors/hook/cmake_prefix_path.dsv'
[1.589s] INFO:colcon.colcon_core.shell:Creating environment hook '/home/wellyowo/locobot_sim/locobot_ws/src/install/ecl_errors/share/ecl_errors/hook/cmake_prefix_path.sh'
[1.590s] Level 1:colcon.colcon_core.environment:checking '/home/wellyowo/locobot_sim/locobot_ws/src/install/ecl_errors/lib'
[1.590s] Level 1:colcon.colcon_core.shell:create_environment_hook('ecl_errors', 'ld_library_path_lib')
[1.591s] INFO:colcon.colcon_core.shell:Creating environment hook '/home/wellyowo/locobot_sim/locobot_ws/src/install/ecl_errors/share/ecl_errors/hook/ld_library_path_lib.ps1'
[1.591s] INFO:colcon.colcon_core.shell:Creating environment descriptor '/home/wellyowo/locobot_sim/locobot_ws/src/install/ecl_errors/share/ecl_errors/hook/ld_library_path_lib.dsv'
[1.592s] INFO:colcon.colcon_core.shell:Creating environment hook '/home/wellyowo/locobot_sim/locobot_ws/src/install/ecl_errors/share/ecl_errors/hook/ld_library_path_lib.sh'
[1.592s] DEBUG:colcon.colcon_core.event_handler.log_command:Invoked command in '/home/wellyowo/locobot_sim/locobot_ws/src/build/ecl_errors' returned '0': AMENT_PREFIX_PATH=/home/wellyowo/locobot_sim/locobot_ws/src/install/ecl_config:${AMENT_PREFIX_PATH} CMAKE_PREFIX_PATH=/home/wellyowo/locobot_sim/locobot_ws/src/install/ecl_config:/opt/ros/humble PATH=/home/wellyowo/locobot_sim/locobot_ws/src/install/ecl_config/bin:${PATH} /usr/bin/cmake --install /home/wellyowo/locobot_sim/locobot_ws/src/build/ecl_errors
[1.593s] Level 1:colcon.colcon_core.environment:checking '/home/wellyowo/locobot_sim/locobot_ws/src/install/ecl_errors/bin'
[1.593s] Level 1:colcon.colcon_core.environment:checking '/home/wellyowo/locobot_sim/locobot_ws/src/install/ecl_errors/lib/pkgconfig/ecl_errors.pc'
[1.594s] Level 1:colcon.colcon_core.environment:checking '/home/wellyowo/locobot_sim/locobot_ws/src/install/ecl_errors/lib/python3.10/site-packages'
[1.594s] Level 1:colcon.colcon_core.environment:checking '/home/wellyowo/locobot_sim/locobot_ws/src/install/ecl_errors/bin'
[1.595s] INFO:colcon.colcon_core.shell:Creating package script '/home/wellyowo/locobot_sim/locobot_ws/src/install/ecl_errors/share/ecl_errors/package.ps1'
[1.595s] INFO:colcon.colcon_core.shell:Creating package descriptor '/home/wellyowo/locobot_sim/locobot_ws/src/install/ecl_errors/share/ecl_errors/package.dsv'
[1.599s] INFO:colcon.colcon_core.shell:Creating package script '/home/wellyowo/locobot_sim/locobot_ws/src/install/ecl_errors/share/ecl_errors/package.sh'
[1.600s] INFO:colcon.colcon_core.shell:Creating package script '/home/wellyowo/locobot_sim/locobot_ws/src/install/ecl_errors/share/ecl_errors/package.bash'
[1.601s] INFO:colcon.colcon_core.shell:Creating package script '/home/wellyowo/locobot_sim/locobot_ws/src/install/ecl_errors/share/ecl_errors/package.zsh'
[1.601s] Level 1:colcon.colcon_core.environment:create_file_with_runtime_dependencies(/home/wellyowo/locobot_sim/locobot_ws/src/install/ecl_errors/share/colcon-core/packages/ecl_errors)
[1.602s] Level 1:colcon.colcon_core.environment:create_environment_scripts_only(ecl_errors)
[1.602s] Level 1:colcon.colcon_core.environment:checking '/home/wellyowo/locobot_sim/locobot_ws/src/install/ecl_errors' for CMake module files
[1.604s] Level 1:colcon.colcon_core.environment:checking '/home/wellyowo/locobot_sim/locobot_ws/src/install/ecl_errors' for CMake config files
[1.605s] Level 1:colcon.colcon_core.shell:create_environment_hook('ecl_errors', 'cmake_prefix_path')
[1.605s] INFO:colcon.colcon_core.shell:Creating environment hook '/home/wellyowo/locobot_sim/locobot_ws/src/install/ecl_errors/share/ecl_errors/hook/cmake_prefix_path.ps1'
[1.606s] INFO:colcon.colcon_core.shell:Creating environment descriptor '/home/wellyowo/locobot_sim/locobot_ws/src/install/ecl_errors/share/ecl_errors/hook/cmake_prefix_path.dsv'
[1.606s] INFO:colcon.colcon_core.shell:Creating environment hook '/home/wellyowo/locobot_sim/locobot_ws/src/install/ecl_errors/share/ecl_errors/hook/cmake_prefix_path.sh'
[1.607s] Level 1:colcon.colcon_core.environment:checking '/home/wellyowo/locobot_sim/locobot_ws/src/install/ecl_errors/lib'
[1.607s] Level 1:colcon.colcon_core.shell:create_environment_hook('ecl_errors', 'ld_library_path_lib')
[1.607s] INFO:colcon.colcon_core.shell:Creating environment hook '/home/wellyowo/locobot_sim/locobot_ws/src/install/ecl_errors/share/ecl_errors/hook/ld_library_path_lib.ps1'
[1.607s] INFO:colcon.colcon_core.shell:Creating environment descriptor '/home/wellyowo/locobot_sim/locobot_ws/src/install/ecl_errors/share/ecl_errors/hook/ld_library_path_lib.dsv'
[1.608s] INFO:colcon.colcon_core.shell:Creating environment hook '/home/wellyowo/locobot_sim/locobot_ws/src/install/ecl_errors/share/ecl_errors/hook/ld_library_path_lib.sh'
[1.608s] Level 1:colcon.colcon_core.environment:checking '/home/wellyowo/locobot_sim/locobot_ws/src/install/ecl_errors/bin'
[1.608s] Level 1:colcon.colcon_core.environment:checking '/home/wellyowo/locobot_sim/locobot_ws/src/install/ecl_errors/lib/pkgconfig/ecl_errors.pc'
[1.609s] Level 1:colcon.colcon_core.environment:checking '/home/wellyowo/locobot_sim/locobot_ws/src/install/ecl_errors/lib/python3.10/site-packages'
[1.609s] Level 1:colcon.colcon_core.environment:checking '/home/wellyowo/locobot_sim/locobot_ws/src/install/ecl_errors/bin'
[1.609s] INFO:colcon.colcon_core.shell:Creating package script '/home/wellyowo/locobot_sim/locobot_ws/src/install/ecl_errors/share/ecl_errors/package.ps1'
[1.611s] INFO:colcon.colcon_core.shell:Creating package descriptor '/home/wellyowo/locobot_sim/locobot_ws/src/install/ecl_errors/share/ecl_errors/package.dsv'
[1.612s] INFO:colcon.colcon_core.shell:Creating package script '/home/wellyowo/locobot_sim/locobot_ws/src/install/ecl_errors/share/ecl_errors/package.sh'
[1.616s] INFO:colcon.colcon_core.shell:Creating package script '/home/wellyowo/locobot_sim/locobot_ws/src/install/ecl_errors/share/ecl_errors/package.bash'
[1.617s] INFO:colcon.colcon_core.shell:Creating package script '/home/wellyowo/locobot_sim/locobot_ws/src/install/ecl_errors/share/ecl_errors/package.zsh'
[1.617s] Level 1:colcon.colcon_core.environment:create_file_with_runtime_dependencies(/home/wellyowo/locobot_sim/locobot_ws/src/install/ecl_errors/share/colcon-core/packages/ecl_errors)
[1.624s] INFO:colcon.colcon_ros.task.ament_cmake.build:Building ROS package in '/home/wellyowo/locobot_sim/locobot_ws/src/ThirdParty/ecl/ecl_core/ecl_exceptions' with build type 'ament_cmake'
[1.625s] INFO:colcon.colcon_cmake.task.cmake.build:Building CMake package in '/home/wellyowo/locobot_sim/locobot_ws/src/ThirdParty/ecl/ecl_core/ecl_exceptions'
[1.628s] INFO:colcon.colcon_core.shell:Skip shell extension 'powershell' for command environment: Not usable outside of PowerShell
[1.633s] DEBUG:colcon.colcon_core.shell:Skip shell extension 'dsv' for command environment
[1.654s] INFO:colcon.colcon_ros.task.ament_cmake.build:Building ROS package in '/home/wellyowo/locobot_sim/locobot_ws/src/ThirdParty/ecl/ecl_lite/ecl_time_lite' with build type 'ament_cmake'
[1.655s] INFO:colcon.colcon_cmake.task.cmake.build:Building CMake package in '/home/wellyowo/locobot_sim/locobot_ws/src/ThirdParty/ecl/ecl_lite/ecl_time_lite'
[1.657s] INFO:colcon.colcon_core.shell:Skip shell extension 'powershell' for command environment: Not usable outside of PowerShell
[1.657s] DEBUG:colcon.colcon_core.shell:Skip shell extension 'dsv' for command environment
[1.674s] DEBUG:colcon.colcon_core.event_handler.log_command:Invoking command in '/home/wellyowo/locobot_sim/locobot_ws/src/build/interbotix_xs_sdk': AMENT_PREFIX_PATH=/home/wellyowo/locobot_sim/locobot_ws/src/install/interbotix_xs_msgs:${AMENT_PREFIX_PATH} CMAKE_PREFIX_PATH=/home/wellyowo/locobot_sim/locobot_ws/src/install/interbotix_xs_msgs:/opt/ros/humble LD_LIBRARY_PATH=/home/wellyowo/locobot_sim/locobot_ws/src/install/interbotix_xs_msgs/lib:${LD_LIBRARY_PATH} PYTHONPATH=/home/wellyowo/locobot_sim/locobot_ws/src/install/interbotix_xs_msgs/local/lib/python3.10/dist-packages:${PYTHONPATH} /usr/bin/cmake /home/wellyowo/locobot_sim/locobot_ws/src/interbotix_ros_core/interbotix_ros_xseries/interbotix_xs_sdk -DCMAKE_INSTALL_PREFIX=/home/wellyowo/locobot_sim/locobot_ws/src/install/interbotix_xs_sdk
[1.701s] DEBUG:colcon.colcon_core.event_handler.log_command:Invoking command in '/home/wellyowo/locobot_sim/locobot_ws/src/build/interbotix_xs_ros_control': AMENT_PREFIX_PATH=/home/wellyowo/locobot_sim/locobot_ws/src/install/interbotix_xs_msgs:${AMENT_PREFIX_PATH} CMAKE_PREFIX_PATH=/home/wellyowo/locobot_sim/locobot_ws/src/install/interbotix_xs_msgs:/opt/ros/humble LD_LIBRARY_PATH=/home/wellyowo/locobot_sim/locobot_ws/src/install/interbotix_xs_msgs/lib:${LD_LIBRARY_PATH} PYTHONPATH=/home/wellyowo/locobot_sim/locobot_ws/src/install/interbotix_xs_msgs/local/lib/python3.10/dist-packages:${PYTHONPATH} /usr/bin/cmake /home/wellyowo/locobot_sim/locobot_ws/src/interbotix_ros_toolboxes/interbotix_xs_toolbox/interbotix_xs_ros_control -DCMAKE_INSTALL_PREFIX=/home/wellyowo/locobot_sim/locobot_ws/src/install/interbotix_xs_ros_control
[1.703s] Level 1:colcon.colcon_core.environment:create_environment_scripts_only(ecl_type_traits)
[1.703s] Level 1:colcon.colcon_core.environment:checking '/home/wellyowo/locobot_sim/locobot_ws/src/install/ecl_type_traits' for CMake module files
[1.704s] Level 1:colcon.colcon_core.environment:checking '/home/wellyowo/locobot_sim/locobot_ws/src/install/ecl_type_traits' for CMake config files
[1.704s] Level 1:colcon.colcon_core.shell:create_environment_hook('ecl_type_traits', 'cmake_prefix_path')
[1.705s] INFO:colcon.colcon_core.shell:Creating environment hook '/home/wellyowo/locobot_sim/locobot_ws/src/install/ecl_type_traits/share/ecl_type_traits/hook/cmake_prefix_path.ps1'
[1.712s] DEBUG:colcon.colcon_core.event_handler.log_command:Invoked command in '/home/wellyowo/locobot_sim/locobot_ws/src/build/ecl_type_traits' returned '0': AMENT_PREFIX_PATH=/home/wellyowo/locobot_sim/locobot_ws/src/install/ecl_mpl:/home/wellyowo/locobot_sim/locobot_ws/src/install/ecl_config:${AMENT_PREFIX_PATH} CMAKE_PREFIX_PATH=/home/wellyowo/locobot_sim/locobot_ws/src/install/ecl_mpl:/home/wellyowo/locobot_sim/locobot_ws/src/install/ecl_config:/opt/ros/humble PATH=/home/wellyowo/locobot_sim/locobot_ws/src/install/ecl_config/bin:${PATH} /usr/bin/cmake --install /home/wellyowo/locobot_sim/locobot_ws/src/build/ecl_type_traits
[1.714s] INFO:colcon.colcon_core.shell:Creating environment descriptor '/home/wellyowo/locobot_sim/locobot_ws/src/install/ecl_type_traits/share/ecl_type_traits/hook/cmake_prefix_path.dsv'
[1.716s] INFO:colcon.colcon_core.shell:Creating environment hook '/home/wellyowo/locobot_sim/locobot_ws/src/install/ecl_type_traits/share/ecl_type_traits/hook/cmake_prefix_path.sh'
[1.717s] Level 1:colcon.colcon_core.environment:checking '/home/wellyowo/locobot_sim/locobot_ws/src/install/ecl_type_traits/lib'
[1.719s] Level 1:colcon.colcon_core.shell:create_environment_hook('ecl_type_traits', 'ld_library_path_lib')
[1.719s] INFO:colcon.colcon_core.shell:Creating environment hook '/home/wellyowo/locobot_sim/locobot_ws/src/install/ecl_type_traits/share/ecl_type_traits/hook/ld_library_path_lib.ps1'
[1.720s] INFO:colcon.colcon_core.shell:Creating environment descriptor '/home/wellyowo/locobot_sim/locobot_ws/src/install/ecl_type_traits/share/ecl_type_traits/hook/ld_library_path_lib.dsv'
[1.721s] INFO:colcon.colcon_core.shell:Creating environment hook '/home/wellyowo/locobot_sim/locobot_ws/src/install/ecl_type_traits/share/ecl_type_traits/hook/ld_library_path_lib.sh'
[1.721s] Level 1:colcon.colcon_core.environment:checking '/home/wellyowo/locobot_sim/locobot_ws/src/install/ecl_type_traits/bin'
[1.721s] Level 1:colcon.colcon_core.shell:create_environment_hook('ecl_type_traits', 'path')
[1.721s] INFO:colcon.colcon_core.shell:Creating environment hook '/home/wellyowo/locobot_sim/locobot_ws/src/install/ecl_type_traits/share/ecl_type_traits/hook/path.ps1'
[1.727s] INFO:colcon.colcon_core.shell:Creating environment descriptor '/home/wellyowo/locobot_sim/locobot_ws/src/install/ecl_type_traits/share/ecl_type_traits/hook/path.dsv'
[1.727s] INFO:colcon.colcon_core.shell:Creating environment hook '/home/wellyowo/locobot_sim/locobot_ws/src/install/ecl_type_traits/share/ecl_type_traits/hook/path.sh'
[1.728s] Level 1:colcon.colcon_core.environment:checking '/home/wellyowo/locobot_sim/locobot_ws/src/install/ecl_type_traits/lib/pkgconfig/ecl_type_traits.pc'
[1.728s] Level 1:colcon.colcon_core.environment:checking '/home/wellyowo/locobot_sim/locobot_ws/src/install/ecl_type_traits/lib/python3.10/site-packages'
[1.729s] Level 1:colcon.colcon_core.environment:checking '/home/wellyowo/locobot_sim/locobot_ws/src/install/ecl_type_traits/bin'
[1.729s] Level 1:colcon.colcon_core.shell:create_environment_hook('ecl_type_traits', 'pythonscriptspath')
[1.729s] INFO:colcon.colcon_core.shell:Creating environment hook '/home/wellyowo/locobot_sim/locobot_ws/src/install/ecl_type_traits/share/ecl_type_traits/hook/pythonscriptspath.ps1'
[1.735s] INFO:colcon.colcon_core.shell:Creating environment descriptor '/home/wellyowo/locobot_sim/locobot_ws/src/install/ecl_type_traits/share/ecl_type_traits/hook/pythonscriptspath.dsv'
[1.737s] INFO:colcon.colcon_core.shell:Creating environment hook '/home/wellyowo/locobot_sim/locobot_ws/src/install/ecl_type_traits/share/ecl_type_traits/hook/pythonscriptspath.sh'
[1.738s] INFO:colcon.colcon_core.shell:Creating package script '/home/wellyowo/locobot_sim/locobot_ws/src/install/ecl_type_traits/share/ecl_type_traits/package.ps1'
[1.743s] INFO:colcon.colcon_core.shell:Creating package descriptor '/home/wellyowo/locobot_sim/locobot_ws/src/install/ecl_type_traits/share/ecl_type_traits/package.dsv'
[1.744s] INFO:colcon.colcon_core.shell:Creating package script '/home/wellyowo/locobot_sim/locobot_ws/src/install/ecl_type_traits/share/ecl_type_traits/package.sh'
[1.745s] INFO:colcon.colcon_core.shell:Creating package script '/home/wellyowo/locobot_sim/locobot_ws/src/install/ecl_type_traits/share/ecl_type_traits/package.bash'
[1.746s] INFO:colcon.colcon_core.shell:Creating package script '/home/wellyowo/locobot_sim/locobot_ws/src/install/ecl_type_traits/share/ecl_type_traits/package.zsh'
[1.746s] Level 1:colcon.colcon_core.environment:create_file_with_runtime_dependencies(/home/wellyowo/locobot_sim/locobot_ws/src/install/ecl_type_traits/share/colcon-core/packages/ecl_type_traits)
[1.752s] Level 1:colcon.colcon_core.environment:create_environment_scripts_only(ecl_type_traits)
[1.752s] Level 1:colcon.colcon_core.environment:checking '/home/wellyowo/locobot_sim/locobot_ws/src/install/ecl_type_traits' for CMake module files
[1.753s] Level 1:colcon.colcon_core.environment:checking '/home/wellyowo/locobot_sim/locobot_ws/src/install/ecl_type_traits' for CMake config files
[1.753s] Level 1:colcon.colcon_core.shell:create_environment_hook('ecl_type_traits', 'cmake_prefix_path')
[1.753s] INFO:colcon.colcon_core.shell:Creating environment hook '/home/wellyowo/locobot_sim/locobot_ws/src/install/ecl_type_traits/share/ecl_type_traits/hook/cmake_prefix_path.ps1'
[1.758s] INFO:colcon.colcon_core.shell:Creating environment descriptor '/home/wellyowo/locobot_sim/locobot_ws/src/install/ecl_type_traits/share/ecl_type_traits/hook/cmake_prefix_path.dsv'
[1.759s] INFO:colcon.colcon_core.shell:Creating environment hook '/home/wellyowo/locobot_sim/locobot_ws/src/install/ecl_type_traits/share/ecl_type_traits/hook/cmake_prefix_path.sh'
[1.760s] Level 1:colcon.colcon_core.environment:checking '/home/wellyowo/locobot_sim/locobot_ws/src/install/ecl_type_traits/lib'
[1.760s] Level 1:colcon.colcon_core.shell:create_environment_hook('ecl_type_traits', 'ld_library_path_lib')
[1.760s] INFO:colcon.colcon_core.shell:Creating environment hook '/home/wellyowo/locobot_sim/locobot_ws/src/install/ecl_type_traits/share/ecl_type_traits/hook/ld_library_path_lib.ps1'
[1.762s] INFO:colcon.colcon_core.shell:Creating environment descriptor '/home/wellyowo/locobot_sim/locobot_ws/src/install/ecl_type_traits/share/ecl_type_traits/hook/ld_library_path_lib.dsv'
[1.762s] INFO:colcon.colcon_core.shell:Creating environment hook '/home/wellyowo/locobot_sim/locobot_ws/src/install/ecl_type_traits/share/ecl_type_traits/hook/ld_library_path_lib.sh'
[1.763s] Level 1:colcon.colcon_core.environment:checking '/home/wellyowo/locobot_sim/locobot_ws/src/install/ecl_type_traits/bin'
[1.767s] Level 1:colcon.colcon_core.shell:create_environment_hook('ecl_type_traits', 'path')
[1.767s] INFO:colcon.colcon_core.shell:Creating environment hook '/home/wellyowo/locobot_sim/locobot_ws/src/install/ecl_type_traits/share/ecl_type_traits/hook/path.ps1'
[1.768s] INFO:colcon.colcon_core.shell:Creating environment descriptor '/home/wellyowo/locobot_sim/locobot_ws/src/install/ecl_type_traits/share/ecl_type_traits/hook/path.dsv'
[1.769s] INFO:colcon.colcon_core.shell:Creating environment hook '/home/wellyowo/locobot_sim/locobot_ws/src/install/ecl_type_traits/share/ecl_type_traits/hook/path.sh'
[1.769s] Level 1:colcon.colcon_core.environment:checking '/home/wellyowo/locobot_sim/locobot_ws/src/install/ecl_type_traits/lib/pkgconfig/ecl_type_traits.pc'
[1.770s] Level 1:colcon.colcon_core.environment:checking '/home/wellyowo/locobot_sim/locobot_ws/src/install/ecl_type_traits/lib/python3.10/site-packages'
[1.770s] Level 1:colcon.colcon_core.environment:checking '/home/wellyowo/locobot_sim/locobot_ws/src/install/ecl_type_traits/bin'
[1.771s] Level 1:colcon.colcon_core.shell:create_environment_hook('ecl_type_traits', 'pythonscriptspath')
[1.771s] INFO:colcon.colcon_core.shell:Creating environment hook '/home/wellyowo/locobot_sim/locobot_ws/src/install/ecl_type_traits/share/ecl_type_traits/hook/pythonscriptspath.ps1'
[1.771s] INFO:colcon.colcon_core.shell:Creating environment descriptor '/home/wellyowo/locobot_sim/locobot_ws/src/install/ecl_type_traits/share/ecl_type_traits/hook/pythonscriptspath.dsv'
[1.772s] INFO:colcon.colcon_core.shell:Creating environment hook '/home/wellyowo/locobot_sim/locobot_ws/src/install/ecl_type_traits/share/ecl_type_traits/hook/pythonscriptspath.sh'
[1.773s] INFO:colcon.colcon_core.shell:Creating package script '/home/wellyowo/locobot_sim/locobot_ws/src/install/ecl_type_traits/share/ecl_type_traits/package.ps1'
[1.774s] INFO:colcon.colcon_core.shell:Creating package descriptor '/home/wellyowo/locobot_sim/locobot_ws/src/install/ecl_type_traits/share/ecl_type_traits/package.dsv'
[1.775s] INFO:colcon.colcon_core.shell:Creating package script '/home/wellyowo/locobot_sim/locobot_ws/src/install/ecl_type_traits/share/ecl_type_traits/package.sh'
[1.775s] INFO:colcon.colcon_core.shell:Creating package script '/home/wellyowo/locobot_sim/locobot_ws/src/install/ecl_type_traits/share/ecl_type_traits/package.bash'
[1.776s] INFO:colcon.colcon_core.shell:Creating package script '/home/wellyowo/locobot_sim/locobot_ws/src/install/ecl_type_traits/share/ecl_type_traits/package.zsh'
[1.776s] Level 1:colcon.colcon_core.environment:create_file_with_runtime_dependencies(/home/wellyowo/locobot_sim/locobot_ws/src/install/ecl_type_traits/share/colcon-core/packages/ecl_type_traits)
[1.779s] DEBUG:colcon.colcon_core.event_handler.log_command:Invoked command in '/home/wellyowo/locobot_sim/locobot_ws/src/build/interbotix_tf_tools' returned '0': CMAKE_PREFIX_PATH=/opt/ros/humble /usr/bin/cmake --build /home/wellyowo/locobot_sim/locobot_ws/src/build/interbotix_tf_tools -- -j16 -l16
[1.780s] DEBUG:colcon.colcon_core.event_handler.log_command:Invoking command in '/home/wellyowo/locobot_sim/locobot_ws/src/build/interbotix_tf_tools': CMAKE_PREFIX_PATH=/opt/ros/humble /usr/bin/cmake --install /home/wellyowo/locobot_sim/locobot_ws/src/build/interbotix_tf_tools
[1.791s] DEBUG:colcon.colcon_core.event_handler.log_command:Invoked command in '/home/wellyowo/locobot_sim/locobot_ws/src/build/ecl_converters_lite' returned '0': AMENT_PREFIX_PATH=/home/wellyowo/locobot_sim/locobot_ws/src/install/ecl_config:${AMENT_PREFIX_PATH} CMAKE_PREFIX_PATH=/home/wellyowo/locobot_sim/locobot_ws/src/install/ecl_config:/opt/ros/humble PATH=/home/wellyowo/locobot_sim/locobot_ws/src/install/ecl_config/bin:${PATH} /usr/bin/cmake --build /home/wellyowo/locobot_sim/locobot_ws/src/build/ecl_converters_lite -- -j16 -l16
[1.799s] DEBUG:colcon.colcon_core.event_handler.log_command:Invoking command in '/home/wellyowo/locobot_sim/locobot_ws/src/build/ecl_converters_lite': AMENT_PREFIX_PATH=/home/wellyowo/locobot_sim/locobot_ws/src/install/ecl_config:${AMENT_PREFIX_PATH} CMAKE_PREFIX_PATH=/home/wellyowo/locobot_sim/locobot_ws/src/install/ecl_config:/opt/ros/humble PATH=/home/wellyowo/locobot_sim/locobot_ws/src/install/ecl_config/bin:${PATH} /usr/bin/cmake --install /home/wellyowo/locobot_sim/locobot_ws/src/build/ecl_converters_lite
[1.810s] DEBUG:colcon.colcon_core.event_handler.log_command:Invoking command in '/home/wellyowo/locobot_sim/locobot_ws/src/build/interbotix_gravity_compensation': AMENT_PREFIX_PATH=/home/wellyowo/locobot_sim/locobot_ws/src/install/interbotix_xs_msgs:${AMENT_PREFIX_PATH} CMAKE_PREFIX_PATH=/home/wellyowo/locobot_sim/locobot_ws/src/install/interbotix_xs_msgs:/opt/ros/humble LD_LIBRARY_PATH=/home/wellyowo/locobot_sim/locobot_ws/src/install/interbotix_xs_msgs/lib:${LD_LIBRARY_PATH} PYTHONPATH=/home/wellyowo/locobot_sim/locobot_ws/src/install/interbotix_xs_msgs/local/lib/python3.10/dist-packages:${PYTHONPATH} /usr/bin/cmake /home/wellyowo/locobot_sim/locobot_ws/src/interbotix_ros_toolboxes/interbotix_common_toolbox/interbotix_gravity_compensation -DCMAKE_INSTALL_PREFIX=/home/wellyowo/locobot_sim/locobot_ws/src/install/interbotix_gravity_compensation
[1.816s] INFO:colcon.colcon_ros.task.ament_cmake.build:Building ROS package in '/home/wellyowo/locobot_sim/locobot_ws/src/ThirdParty/ecl/ecl_core/ecl_concepts' with build type 'ament_cmake'
[1.820s] INFO:colcon.colcon_cmake.task.cmake.build:Building CMake package in '/home/wellyowo/locobot_sim/locobot_ws/src/ThirdParty/ecl/ecl_core/ecl_concepts'
[1.820s] INFO:colcon.colcon_core.shell:Skip shell extension 'powershell' for command environment: Not usable outside of PowerShell
[1.820s] DEBUG:colcon.colcon_core.shell:Skip shell extension 'dsv' for command environment
[1.844s] Level 1:colcon.colcon_core.environment:create_environment_scripts_only(astra_camera_msgs)
[1.845s] DEBUG:colcon.colcon_core.event_handler.log_command:Invoked command in '/home/wellyowo/locobot_sim/locobot_ws/src/build/astra_camera_msgs' returned '0': CMAKE_PREFIX_PATH=/opt/ros/humble /usr/bin/cmake --install /home/wellyowo/locobot_sim/locobot_ws/src/build/astra_camera_msgs
[1.846s] Level 1:colcon.colcon_core.environment:checking '/home/wellyowo/locobot_sim/locobot_ws/src/install/astra_camera_msgs' for CMake module files
[1.851s] Level 1:colcon.colcon_core.environment:checking '/home/wellyowo/locobot_sim/locobot_ws/src/install/astra_camera_msgs' for CMake config files
[1.852s] Level 1:colcon.colcon_core.shell:create_environment_hook('astra_camera_msgs', 'cmake_prefix_path')
[1.852s] INFO:colcon.colcon_core.shell:Creating environment hook '/home/wellyowo/locobot_sim/locobot_ws/src/install/astra_camera_msgs/share/astra_camera_msgs/hook/cmake_prefix_path.ps1'
[1.853s] INFO:colcon.colcon_core.shell:Creating environment descriptor '/home/wellyowo/locobot_sim/locobot_ws/src/install/astra_camera_msgs/share/astra_camera_msgs/hook/cmake_prefix_path.dsv'
[1.856s] INFO:colcon.colcon_core.shell:Creating environment hook '/home/wellyowo/locobot_sim/locobot_ws/src/install/astra_camera_msgs/share/astra_camera_msgs/hook/cmake_prefix_path.sh'
[1.857s] Level 1:colcon.colcon_core.environment:checking '/home/wellyowo/locobot_sim/locobot_ws/src/install/astra_camera_msgs/lib'
[1.857s] Level 1:colcon.colcon_core.shell:create_environment_hook('astra_camera_msgs', 'ld_library_path_lib')
[1.858s] INFO:colcon.colcon_core.shell:Creating environment hook '/home/wellyowo/locobot_sim/locobot_ws/src/install/astra_camera_msgs/share/astra_camera_msgs/hook/ld_library_path_lib.ps1'
[1.858s] INFO:colcon.colcon_core.shell:Creating environment descriptor '/home/wellyowo/locobot_sim/locobot_ws/src/install/astra_camera_msgs/share/astra_camera_msgs/hook/ld_library_path_lib.dsv'
[1.859s] INFO:colcon.colcon_core.shell:Creating environment hook '/home/wellyowo/locobot_sim/locobot_ws/src/install/astra_camera_msgs/share/astra_camera_msgs/hook/ld_library_path_lib.sh'
[1.859s] Level 1:colcon.colcon_core.environment:checking '/home/wellyowo/locobot_sim/locobot_ws/src/install/astra_camera_msgs/bin'
[1.859s] Level 1:colcon.colcon_core.environment:checking '/home/wellyowo/locobot_sim/locobot_ws/src/install/astra_camera_msgs/lib/pkgconfig/astra_camera_msgs.pc'
[1.859s] Level 1:colcon.colcon_core.environment:checking '/home/wellyowo/locobot_sim/locobot_ws/src/install/astra_camera_msgs/lib/python3.10/site-packages'
[1.864s] Level 1:colcon.colcon_core.environment:checking '/home/wellyowo/locobot_sim/locobot_ws/src/install/astra_camera_msgs/bin'
[1.864s] INFO:colcon.colcon_core.shell:Creating package script '/home/wellyowo/locobot_sim/locobot_ws/src/install/astra_camera_msgs/share/astra_camera_msgs/package.ps1'
[1.866s] INFO:colcon.colcon_core.shell:Creating package descriptor '/home/wellyowo/locobot_sim/locobot_ws/src/install/astra_camera_msgs/share/astra_camera_msgs/package.dsv'
[1.867s] INFO:colcon.colcon_core.shell:Creating package script '/home/wellyowo/locobot_sim/locobot_ws/src/install/astra_camera_msgs/share/astra_camera_msgs/package.sh'
[1.868s] INFO:colcon.colcon_core.shell:Creating package script '/home/wellyowo/locobot_sim/locobot_ws/src/install/astra_camera_msgs/share/astra_camera_msgs/package.bash'
[1.869s] INFO:colcon.colcon_core.shell:Creating package script '/home/wellyowo/locobot_sim/locobot_ws/src/install/astra_camera_msgs/share/astra_camera_msgs/package.zsh'
[1.869s] Level 1:colcon.colcon_core.environment:create_file_with_runtime_dependencies(/home/wellyowo/locobot_sim/locobot_ws/src/install/astra_camera_msgs/share/colcon-core/packages/astra_camera_msgs)
[1.871s] Level 1:colcon.colcon_core.environment:create_environment_scripts_only(astra_camera_msgs)
[1.871s] Level 1:colcon.colcon_core.environment:checking '/home/wellyowo/locobot_sim/locobot_ws/src/install/astra_camera_msgs' for CMake module files
[1.872s] Level 1:colcon.colcon_core.environment:checking '/home/wellyowo/locobot_sim/locobot_ws/src/install/astra_camera_msgs' for CMake config files
[1.873s] Level 1:colcon.colcon_core.shell:create_environment_hook('astra_camera_msgs', 'cmake_prefix_path')
[1.873s] INFO:colcon.colcon_core.shell:Creating environment hook '/home/wellyowo/locobot_sim/locobot_ws/src/install/astra_camera_msgs/share/astra_camera_msgs/hook/cmake_prefix_path.ps1'
[1.874s] INFO:colcon.colcon_core.shell:Creating environment descriptor '/home/wellyowo/locobot_sim/locobot_ws/src/install/astra_camera_msgs/share/astra_camera_msgs/hook/cmake_prefix_path.dsv'
[1.874s] INFO:colcon.colcon_core.shell:Creating environment hook '/home/wellyowo/locobot_sim/locobot_ws/src/install/astra_camera_msgs/share/astra_camera_msgs/hook/cmake_prefix_path.sh'
[1.875s] Level 1:colcon.colcon_core.environment:checking '/home/wellyowo/locobot_sim/locobot_ws/src/install/astra_camera_msgs/lib'
[1.875s] Level 1:colcon.colcon_core.shell:create_environment_hook('astra_camera_msgs', 'ld_library_path_lib')
[1.875s] INFO:colcon.colcon_core.shell:Creating environment hook '/home/wellyowo/locobot_sim/locobot_ws/src/install/astra_camera_msgs/share/astra_camera_msgs/hook/ld_library_path_lib.ps1'
[1.876s] INFO:colcon.colcon_core.shell:Creating environment descriptor '/home/wellyowo/locobot_sim/locobot_ws/src/install/astra_camera_msgs/share/astra_camera_msgs/hook/ld_library_path_lib.dsv'
[1.876s] INFO:colcon.colcon_core.shell:Creating environment hook '/home/wellyowo/locobot_sim/locobot_ws/src/install/astra_camera_msgs/share/astra_camera_msgs/hook/ld_library_path_lib.sh'
[1.877s] Level 1:colcon.colcon_core.environment:checking '/home/wellyowo/locobot_sim/locobot_ws/src/install/astra_camera_msgs/bin'
[1.877s] Level 1:colcon.colcon_core.environment:checking '/home/wellyowo/locobot_sim/locobot_ws/src/install/astra_camera_msgs/lib/pkgconfig/astra_camera_msgs.pc'
[1.877s] Level 1:colcon.colcon_core.environment:checking '/home/wellyowo/locobot_sim/locobot_ws/src/install/astra_camera_msgs/lib/python3.10/site-packages'
[1.877s] Level 1:colcon.colcon_core.environment:checking '/home/wellyowo/locobot_sim/locobot_ws/src/install/astra_camera_msgs/bin'
[1.878s] INFO:colcon.colcon_core.shell:Creating package script '/home/wellyowo/locobot_sim/locobot_ws/src/install/astra_camera_msgs/share/astra_camera_msgs/package.ps1'
[1.879s] INFO:colcon.colcon_core.shell:Creating package descriptor '/home/wellyowo/locobot_sim/locobot_ws/src/install/astra_camera_msgs/share/astra_camera_msgs/package.dsv'
[1.879s] INFO:colcon.colcon_core.shell:Creating package script '/home/wellyowo/locobot_sim/locobot_ws/src/install/astra_camera_msgs/share/astra_camera_msgs/package.sh'
[1.880s] INFO:colcon.colcon_core.shell:Creating package script '/home/wellyowo/locobot_sim/locobot_ws/src/install/astra_camera_msgs/share/astra_camera_msgs/package.bash'
[1.880s] INFO:colcon.colcon_core.shell:Creating package script '/home/wellyowo/locobot_sim/locobot_ws/src/install/astra_camera_msgs/share/astra_camera_msgs/package.zsh'
[1.881s] Level 1:colcon.colcon_core.environment:create_file_with_runtime_dependencies(/home/wellyowo/locobot_sim/locobot_ws/src/install/astra_camera_msgs/share/colcon-core/packages/astra_camera_msgs)
[1.884s] Level 1:colcon.colcon_core.environment:create_environment_scripts_only(ecl_console)
[1.884s] Level 1:colcon.colcon_core.environment:checking '/home/wellyowo/locobot_sim/locobot_ws/src/install/ecl_console' for CMake module files
[1.885s] Level 1:colcon.colcon_core.environment:checking '/home/wellyowo/locobot_sim/locobot_ws/src/install/ecl_console' for CMake config files
[1.885s] Level 1:colcon.colcon_core.shell:create_environment_hook('ecl_console', 'cmake_prefix_path')
[1.886s] INFO:colcon.colcon_core.shell:Creating environment hook '/home/wellyowo/locobot_sim/locobot_ws/src/install/ecl_console/share/ecl_console/hook/cmake_prefix_path.ps1'
[1.891s] INFO:colcon.colcon_core.shell:Creating environment descriptor '/home/wellyowo/locobot_sim/locobot_ws/src/install/ecl_console/share/ecl_console/hook/cmake_prefix_path.dsv'
[1.891s] DEBUG:colcon.colcon_core.event_handler.log_command:Invoked command in '/home/wellyowo/locobot_sim/locobot_ws/src/build/ecl_console' returned '0': AMENT_PREFIX_PATH=/home/wellyowo/locobot_sim/locobot_ws/src/install/ecl_config:${AMENT_PREFIX_PATH} CMAKE_PREFIX_PATH=/home/wellyowo/locobot_sim/locobot_ws/src/install/ecl_config:/opt/ros/humble PATH=/home/wellyowo/locobot_sim/locobot_ws/src/install/ecl_config/bin:${PATH} /usr/bin/cmake --install /home/wellyowo/locobot_sim/locobot_ws/src/build/ecl_console
[1.892s] INFO:colcon.colcon_core.shell:Creating environment hook '/home/wellyowo/locobot_sim/locobot_ws/src/install/ecl_console/share/ecl_console/hook/cmake_prefix_path.sh'
[1.893s] Level 1:colcon.colcon_core.environment:checking '/home/wellyowo/locobot_sim/locobot_ws/src/install/ecl_console/bin'
[1.894s] Level 1:colcon.colcon_core.environment:checking '/home/wellyowo/locobot_sim/locobot_ws/src/install/ecl_console/lib/pkgconfig/ecl_console.pc'
[1.894s] Level 1:colcon.colcon_core.environment:checking '/home/wellyowo/locobot_sim/locobot_ws/src/install/ecl_console/lib/python3.10/site-packages'
[1.894s] Level 1:colcon.colcon_core.environment:checking '/home/wellyowo/locobot_sim/locobot_ws/src/install/ecl_console/bin'
[1.895s] INFO:colcon.colcon_core.shell:Creating package script '/home/wellyowo/locobot_sim/locobot_ws/src/install/ecl_console/share/ecl_console/package.ps1'
[1.906s] INFO:colcon.colcon_core.shell:Creating package descriptor '/home/wellyowo/locobot_sim/locobot_ws/src/install/ecl_console/share/ecl_console/package.dsv'
[1.907s] INFO:colcon.colcon_core.shell:Creating package script '/home/wellyowo/locobot_sim/locobot_ws/src/install/ecl_console/share/ecl_console/package.sh'
[1.908s] INFO:colcon.colcon_core.shell:Creating package script '/home/wellyowo/locobot_sim/locobot_ws/src/install/ecl_console/share/ecl_console/package.bash'
[1.908s] INFO:colcon.colcon_core.shell:Creating package script '/home/wellyowo/locobot_sim/locobot_ws/src/install/ecl_console/share/ecl_console/package.zsh'
[1.909s] Level 1:colcon.colcon_core.environment:create_file_with_runtime_dependencies(/home/wellyowo/locobot_sim/locobot_ws/src/install/ecl_console/share/colcon-core/packages/ecl_console)
[1.917s] Level 1:colcon.colcon_core.environment:create_environment_scripts_only(ecl_console)
[1.918s] Level 1:colcon.colcon_core.environment:checking '/home/wellyowo/locobot_sim/locobot_ws/src/install/ecl_console' for CMake module files
[1.919s] Level 1:colcon.colcon_core.environment:checking '/home/wellyowo/locobot_sim/locobot_ws/src/install/ecl_console' for CMake config files
[1.919s] Level 1:colcon.colcon_core.shell:create_environment_hook('ecl_console', 'cmake_prefix_path')
[1.919s] INFO:colcon.colcon_core.shell:Creating environment hook '/home/wellyowo/locobot_sim/locobot_ws/src/install/ecl_console/share/ecl_console/hook/cmake_prefix_path.ps1'
[1.920s] INFO:colcon.colcon_core.shell:Creating environment descriptor '/home/wellyowo/locobot_sim/locobot_ws/src/install/ecl_console/share/ecl_console/hook/cmake_prefix_path.dsv'
[1.927s] INFO:colcon.colcon_core.shell:Creating environment hook '/home/wellyowo/locobot_sim/locobot_ws/src/install/ecl_console/share/ecl_console/hook/cmake_prefix_path.sh'
[1.928s] Level 1:colcon.colcon_core.environment:checking '/home/wellyowo/locobot_sim/locobot_ws/src/install/ecl_console/bin'
[1.929s] Level 1:colcon.colcon_core.environment:checking '/home/wellyowo/locobot_sim/locobot_ws/src/install/ecl_console/lib/pkgconfig/ecl_console.pc'
[1.929s] Level 1:colcon.colcon_core.environment:checking '/home/wellyowo/locobot_sim/locobot_ws/src/install/ecl_console/lib/python3.10/site-packages'
[1.929s] Level 1:colcon.colcon_core.environment:checking '/home/wellyowo/locobot_sim/locobot_ws/src/install/ecl_console/bin'
[1.938s] INFO:colcon.colcon_core.shell:Creating package script '/home/wellyowo/locobot_sim/locobot_ws/src/install/ecl_console/share/ecl_console/package.ps1'
[1.939s] INFO:colcon.colcon_core.shell:Creating package descriptor '/home/wellyowo/locobot_sim/locobot_ws/src/install/ecl_console/share/ecl_console/package.dsv'
[1.940s] INFO:colcon.colcon_core.shell:Creating package script '/home/wellyowo/locobot_sim/locobot_ws/src/install/ecl_console/share/ecl_console/package.sh'
[1.940s] INFO:colcon.colcon_core.shell:Creating package script '/home/wellyowo/locobot_sim/locobot_ws/src/install/ecl_console/share/ecl_console/package.bash'
[1.944s] INFO:colcon.colcon_core.shell:Creating package script '/home/wellyowo/locobot_sim/locobot_ws/src/install/ecl_console/share/ecl_console/package.zsh'
[1.945s] Level 1:colcon.colcon_core.environment:create_file_with_runtime_dependencies(/home/wellyowo/locobot_sim/locobot_ws/src/install/ecl_console/share/colcon-core/packages/ecl_console)
[1.963s] INFO:colcon.colcon_ros.task.ament_cmake.build:Building ROS package in '/home/wellyowo/locobot_sim/locobot_ws/src/ThirdParty/ecl/ecl_core/ecl_math' with build type 'ament_cmake'
[1.963s] INFO:colcon.colcon_cmake.task.cmake.build:Building CMake package in '/home/wellyowo/locobot_sim/locobot_ws/src/ThirdParty/ecl/ecl_core/ecl_math'
[1.964s] INFO:colcon.colcon_core.shell:Skip shell extension 'powershell' for command environment: Not usable outside of PowerShell
[1.964s] DEBUG:colcon.colcon_core.shell:Skip shell extension 'dsv' for command environment
[1.988s] INFO:colcon.colcon_ros.task.ament_cmake.build:Building ROS package in '/home/wellyowo/locobot_sim/locobot_ws/src/ThirdParty/ecl/ecl_lite/ecl_io' with build type 'ament_cmake'
[1.988s] INFO:colcon.colcon_cmake.task.cmake.build:Building CMake package in '/home/wellyowo/locobot_sim/locobot_ws/src/ThirdParty/ecl/ecl_lite/ecl_io'
[1.993s] INFO:colcon.colcon_core.shell:Skip shell extension 'powershell' for command environment: Not usable outside of PowerShell
[1.993s] DEBUG:colcon.colcon_core.shell:Skip shell extension 'dsv' for command environment
[2.003s] DEBUG:colcon.colcon_core.event_handler.log_command:Invoked command in '/home/wellyowo/locobot_sim/locobot_ws/src/build/kobuki' returned '0': AMENT_PREFIX_PATH=/home/wellyowo/locobot_sim/locobot_ws/src/install/kobuki_description:${AMENT_PREFIX_PATH} CMAKE_PREFIX_PATH=/home/wellyowo/locobot_sim/locobot_ws/src/install/kobuki_description:/opt/ros/humble /usr/bin/cmake --build /home/wellyowo/locobot_sim/locobot_ws/src/build/kobuki -- -j16 -l16
[2.009s] DEBUG:colcon.colcon_core.event_handler.log_command:Invoking command in '/home/wellyowo/locobot_sim/locobot_ws/src/build/kobuki': AMENT_PREFIX_PATH=/home/wellyowo/locobot_sim/locobot_ws/src/install/kobuki_description:${AMENT_PREFIX_PATH} CMAKE_PREFIX_PATH=/home/wellyowo/locobot_sim/locobot_ws/src/install/kobuki_description:/opt/ros/humble /usr/bin/cmake --install /home/wellyowo/locobot_sim/locobot_ws/src/build/kobuki
[2.010s] Level 1:colcon.colcon_core.environment:create_environment_scripts_only(interbotix_tf_tools)
[2.011s] Level 1:colcon.colcon_core.environment:checking '/home/wellyowo/locobot_sim/locobot_ws/src/install/interbotix_tf_tools' for CMake module files
[2.012s] Level 1:colcon.colcon_core.environment:checking '/home/wellyowo/locobot_sim/locobot_ws/src/install/interbotix_tf_tools' for CMake config files
[2.012s] Level 1:colcon.colcon_core.shell:create_environment_hook('interbotix_tf_tools', 'cmake_prefix_path')
[2.012s] INFO:colcon.colcon_core.shell:Creating environment hook '/home/wellyowo/locobot_sim/locobot_ws/src/install/interbotix_tf_tools/share/interbotix_tf_tools/hook/cmake_prefix_path.ps1'
[2.017s] DEBUG:colcon.colcon_core.event_handler.log_command:Invoked command in '/home/wellyowo/locobot_sim/locobot_ws/src/build/interbotix_tf_tools' returned '0': CMAKE_PREFIX_PATH=/opt/ros/humble /usr/bin/cmake --install /home/wellyowo/locobot_sim/locobot_ws/src/build/interbotix_tf_tools
[2.018s] INFO:colcon.colcon_core.shell:Creating environment descriptor '/home/wellyowo/locobot_sim/locobot_ws/src/install/interbotix_tf_tools/share/interbotix_tf_tools/hook/cmake_prefix_path.dsv'
[2.022s] INFO:colcon.colcon_core.shell:Creating environment hook '/home/wellyowo/locobot_sim/locobot_ws/src/install/interbotix_tf_tools/share/interbotix_tf_tools/hook/cmake_prefix_path.sh'
[2.024s] Level 1:colcon.colcon_core.environment:checking '/home/wellyowo/locobot_sim/locobot_ws/src/install/interbotix_tf_tools/lib'
[2.024s] Level 1:colcon.colcon_core.shell:create_environment_hook('interbotix_tf_tools', 'ld_library_path_lib')
[2.024s] INFO:colcon.colcon_core.shell:Creating environment hook '/home/wellyowo/locobot_sim/locobot_ws/src/install/interbotix_tf_tools/share/interbotix_tf_tools/hook/ld_library_path_lib.ps1'
[2.025s] INFO:colcon.colcon_core.shell:Creating environment descriptor '/home/wellyowo/locobot_sim/locobot_ws/src/install/interbotix_tf_tools/share/interbotix_tf_tools/hook/ld_library_path_lib.dsv'
[2.025s] INFO:colcon.colcon_core.shell:Creating environment hook '/home/wellyowo/locobot_sim/locobot_ws/src/install/interbotix_tf_tools/share/interbotix_tf_tools/hook/ld_library_path_lib.sh'
[2.025s] Level 1:colcon.colcon_core.environment:checking '/home/wellyowo/locobot_sim/locobot_ws/src/install/interbotix_tf_tools/bin'
[2.026s] Level 1:colcon.colcon_core.environment:checking '/home/wellyowo/locobot_sim/locobot_ws/src/install/interbotix_tf_tools/lib/pkgconfig/interbotix_tf_tools.pc'
[2.026s] Level 1:colcon.colcon_core.environment:checking '/home/wellyowo/locobot_sim/locobot_ws/src/install/interbotix_tf_tools/lib/python3.10/site-packages'
[2.026s] Level 1:colcon.colcon_core.environment:checking '/home/wellyowo/locobot_sim/locobot_ws/src/install/interbotix_tf_tools/bin'
[2.031s] INFO:colcon.colcon_core.shell:Creating package script '/home/wellyowo/locobot_sim/locobot_ws/src/install/interbotix_tf_tools/share/interbotix_tf_tools/package.ps1'
[2.032s] INFO:colcon.colcon_core.shell:Creating package descriptor '/home/wellyowo/locobot_sim/locobot_ws/src/install/interbotix_tf_tools/share/interbotix_tf_tools/package.dsv'
[2.033s] INFO:colcon.colcon_core.shell:Creating package script '/home/wellyowo/locobot_sim/locobot_ws/src/install/interbotix_tf_tools/share/interbotix_tf_tools/package.sh'
[2.034s] INFO:colcon.colcon_core.shell:Creating package script '/home/wellyowo/locobot_sim/locobot_ws/src/install/interbotix_tf_tools/share/interbotix_tf_tools/package.bash'
[2.034s] INFO:colcon.colcon_core.shell:Creating package script '/home/wellyowo/locobot_sim/locobot_ws/src/install/interbotix_tf_tools/share/interbotix_tf_tools/package.zsh'
[2.034s] Level 1:colcon.colcon_core.environment:create_file_with_runtime_dependencies(/home/wellyowo/locobot_sim/locobot_ws/src/install/interbotix_tf_tools/share/colcon-core/packages/interbotix_tf_tools)
[2.038s] Level 1:colcon.colcon_core.environment:create_environment_scripts_only(interbotix_tf_tools)
[2.039s] Level 1:colcon.colcon_core.environment:checking '/home/wellyowo/locobot_sim/locobot_ws/src/install/interbotix_tf_tools' for CMake module files
[2.039s] Level 1:colcon.colcon_core.environment:checking '/home/wellyowo/locobot_sim/locobot_ws/src/install/interbotix_tf_tools' for CMake config files
[2.040s] Level 1:colcon.colcon_core.shell:create_environment_hook('interbotix_tf_tools', 'cmake_prefix_path')
[2.040s] INFO:colcon.colcon_core.shell:Creating environment hook '/home/wellyowo/locobot_sim/locobot_ws/src/install/interbotix_tf_tools/share/interbotix_tf_tools/hook/cmake_prefix_path.ps1'
[2.041s] INFO:colcon.colcon_core.shell:Creating environment descriptor '/home/wellyowo/locobot_sim/locobot_ws/src/install/interbotix_tf_tools/share/interbotix_tf_tools/hook/cmake_prefix_path.dsv'
[2.041s] INFO:colcon.colcon_core.shell:Creating environment hook '/home/wellyowo/locobot_sim/locobot_ws/src/install/interbotix_tf_tools/share/interbotix_tf_tools/hook/cmake_prefix_path.sh'
[2.050s] Level 1:colcon.colcon_core.environment:checking '/home/wellyowo/locobot_sim/locobot_ws/src/install/interbotix_tf_tools/lib'
[2.051s] Level 1:colcon.colcon_core.shell:create_environment_hook('interbotix_tf_tools', 'ld_library_path_lib')
[2.051s] INFO:colcon.colcon_core.shell:Creating environment hook '/home/wellyowo/locobot_sim/locobot_ws/src/install/interbotix_tf_tools/share/interbotix_tf_tools/hook/ld_library_path_lib.ps1'
[2.054s] INFO:colcon.colcon_core.shell:Creating environment descriptor '/home/wellyowo/locobot_sim/locobot_ws/src/install/interbotix_tf_tools/share/interbotix_tf_tools/hook/ld_library_path_lib.dsv'
[2.055s] INFO:colcon.colcon_core.shell:Creating environment hook '/home/wellyowo/locobot_sim/locobot_ws/src/install/interbotix_tf_tools/share/interbotix_tf_tools/hook/ld_library_path_lib.sh'
[2.055s] Level 1:colcon.colcon_core.environment:checking '/home/wellyowo/locobot_sim/locobot_ws/src/install/interbotix_tf_tools/bin'
[2.056s] Level 1:colcon.colcon_core.environment:checking '/home/wellyowo/locobot_sim/locobot_ws/src/install/interbotix_tf_tools/lib/pkgconfig/interbotix_tf_tools.pc'
[2.056s] Level 1:colcon.colcon_core.environment:checking '/home/wellyowo/locobot_sim/locobot_ws/src/install/interbotix_tf_tools/lib/python3.10/site-packages'
[2.056s] Level 1:colcon.colcon_core.environment:checking '/home/wellyowo/locobot_sim/locobot_ws/src/install/interbotix_tf_tools/bin'
[2.057s] INFO:colcon.colcon_core.shell:Creating package script '/home/wellyowo/locobot_sim/locobot_ws/src/install/interbotix_tf_tools/share/interbotix_tf_tools/package.ps1'
[2.057s] INFO:colcon.colcon_core.shell:Creating package descriptor '/home/wellyowo/locobot_sim/locobot_ws/src/install/interbotix_tf_tools/share/interbotix_tf_tools/package.dsv'
[2.058s] INFO:colcon.colcon_core.shell:Creating package script '/home/wellyowo/locobot_sim/locobot_ws/src/install/interbotix_tf_tools/share/interbotix_tf_tools/package.sh'
[2.059s] INFO:colcon.colcon_core.shell:Creating package script '/home/wellyowo/locobot_sim/locobot_ws/src/install/interbotix_tf_tools/share/interbotix_tf_tools/package.bash'
[2.059s] INFO:colcon.colcon_core.shell:Creating package script '/home/wellyowo/locobot_sim/locobot_ws/src/install/interbotix_tf_tools/share/interbotix_tf_tools/package.zsh'
[2.060s] Level 1:colcon.colcon_core.environment:create_file_with_runtime_dependencies(/home/wellyowo/locobot_sim/locobot_ws/src/install/interbotix_tf_tools/share/colcon-core/packages/interbotix_tf_tools)
[2.062s] Level 1:colcon.colcon_core.environment:create_environment_scripts_only(ecl_converters_lite)
[2.063s] DEBUG:colcon.colcon_core.event_handler.log_command:Invoked command in '/home/wellyowo/locobot_sim/locobot_ws/src/build/ecl_converters_lite' returned '0': AMENT_PREFIX_PATH=/home/wellyowo/locobot_sim/locobot_ws/src/install/ecl_config:${AMENT_PREFIX_PATH} CMAKE_PREFIX_PATH=/home/wellyowo/locobot_sim/locobot_ws/src/install/ecl_config:/opt/ros/humble PATH=/home/wellyowo/locobot_sim/locobot_ws/src/install/ecl_config/bin:${PATH} /usr/bin/cmake --install /home/wellyowo/locobot_sim/locobot_ws/src/build/ecl_converters_lite
[2.063s] Level 1:colcon.colcon_core.environment:checking '/home/wellyowo/locobot_sim/locobot_ws/src/install/ecl_converters_lite' for CMake module files
[2.064s] Level 1:colcon.colcon_core.environment:checking '/home/wellyowo/locobot_sim/locobot_ws/src/install/ecl_converters_lite' for CMake config files
[2.064s] Level 1:colcon.colcon_core.shell:create_environment_hook('ecl_converters_lite', 'cmake_prefix_path')
[2.064s] INFO:colcon.colcon_core.shell:Creating environment hook '/home/wellyowo/locobot_sim/locobot_ws/src/install/ecl_converters_lite/share/ecl_converters_lite/hook/cmake_prefix_path.ps1'
[2.065s] INFO:colcon.colcon_core.shell:Creating environment descriptor '/home/wellyowo/locobot_sim/locobot_ws/src/install/ecl_converters_lite/share/ecl_converters_lite/hook/cmake_prefix_path.dsv'
[2.065s] INFO:colcon.colcon_core.shell:Creating environment hook '/home/wellyowo/locobot_sim/locobot_ws/src/install/ecl_converters_lite/share/ecl_converters_lite/hook/cmake_prefix_path.sh'
[2.066s] Level 1:colcon.colcon_core.environment:checking '/home/wellyowo/locobot_sim/locobot_ws/src/install/ecl_converters_lite/bin'
[2.066s] Level 1:colcon.colcon_core.environment:checking '/home/wellyowo/locobot_sim/locobot_ws/src/install/ecl_converters_lite/lib/pkgconfig/ecl_converters_lite.pc'
[2.066s] Level 1:colcon.colcon_core.environment:checking '/home/wellyowo/locobot_sim/locobot_ws/src/install/ecl_converters_lite/lib/python3.10/site-packages'
[2.067s] Level 1:colcon.colcon_core.environment:checking '/home/wellyowo/locobot_sim/locobot_ws/src/install/ecl_converters_lite/bin'
[2.067s] INFO:colcon.colcon_core.shell:Creating package script '/home/wellyowo/locobot_sim/locobot_ws/src/install/ecl_converters_lite/share/ecl_converters_lite/package.ps1'
[2.068s] INFO:colcon.colcon_core.shell:Creating package descriptor '/home/wellyowo/locobot_sim/locobot_ws/src/install/ecl_converters_lite/share/ecl_converters_lite/package.dsv'
[2.068s] INFO:colcon.colcon_core.shell:Creating package script '/home/wellyowo/locobot_sim/locobot_ws/src/install/ecl_converters_lite/share/ecl_converters_lite/package.sh'
[2.069s] INFO:colcon.colcon_core.shell:Creating package script '/home/wellyowo/locobot_sim/locobot_ws/src/install/ecl_converters_lite/share/ecl_converters_lite/package.bash'
[2.069s] INFO:colcon.colcon_core.shell:Creating package script '/home/wellyowo/locobot_sim/locobot_ws/src/install/ecl_converters_lite/share/ecl_converters_lite/package.zsh'
[2.069s] Level 1:colcon.colcon_core.environment:create_file_with_runtime_dependencies(/home/wellyowo/locobot_sim/locobot_ws/src/install/ecl_converters_lite/share/colcon-core/packages/ecl_converters_lite)
[2.070s] Level 1:colcon.colcon_core.environment:create_environment_scripts_only(ecl_converters_lite)
[2.071s] Level 1:colcon.colcon_core.environment:checking '/home/wellyowo/locobot_sim/locobot_ws/src/install/ecl_converters_lite' for CMake module files
[2.072s] Level 1:colcon.colcon_core.environment:checking '/home/wellyowo/locobot_sim/locobot_ws/src/install/ecl_converters_lite' for CMake config files
[2.072s] Level 1:colcon.colcon_core.shell:create_environment_hook('ecl_converters_lite', 'cmake_prefix_path')
[2.072s] INFO:colcon.colcon_core.shell:Creating environment hook '/home/wellyowo/locobot_sim/locobot_ws/src/install/ecl_converters_lite/share/ecl_converters_lite/hook/cmake_prefix_path.ps1'
[2.073s] INFO:colcon.colcon_core.shell:Creating environment descriptor '/home/wellyowo/locobot_sim/locobot_ws/src/install/ecl_converters_lite/share/ecl_converters_lite/hook/cmake_prefix_path.dsv'
[2.075s] INFO:colcon.colcon_core.shell:Creating environment hook '/home/wellyowo/locobot_sim/locobot_ws/src/install/ecl_converters_lite/share/ecl_converters_lite/hook/cmake_prefix_path.sh'
[2.075s] Level 1:colcon.colcon_core.environment:checking '/home/wellyowo/locobot_sim/locobot_ws/src/install/ecl_converters_lite/bin'
[2.075s] Level 1:colcon.colcon_core.environment:checking '/home/wellyowo/locobot_sim/locobot_ws/src/install/ecl_converters_lite/lib/pkgconfig/ecl_converters_lite.pc'
[2.079s] Level 1:colcon.colcon_core.environment:checking '/home/wellyowo/locobot_sim/locobot_ws/src/install/ecl_converters_lite/lib/python3.10/site-packages'
[2.079s] Level 1:colcon.colcon_core.environment:checking '/home/wellyowo/locobot_sim/locobot_ws/src/install/ecl_converters_lite/bin'
[2.079s] INFO:colcon.colcon_core.shell:Creating package script '/home/wellyowo/locobot_sim/locobot_ws/src/install/ecl_converters_lite/share/ecl_converters_lite/package.ps1'
[2.080s] INFO:colcon.colcon_core.shell:Creating package descriptor '/home/wellyowo/locobot_sim/locobot_ws/src/install/ecl_converters_lite/share/ecl_converters_lite/package.dsv'
[2.084s] INFO:colcon.colcon_core.shell:Creating package script '/home/wellyowo/locobot_sim/locobot_ws/src/install/ecl_converters_lite/share/ecl_converters_lite/package.sh'
[2.084s] INFO:colcon.colcon_core.shell:Creating package script '/home/wellyowo/locobot_sim/locobot_ws/src/install/ecl_converters_lite/share/ecl_converters_lite/package.bash'
[2.089s] INFO:colcon.colcon_core.shell:Creating package script '/home/wellyowo/locobot_sim/locobot_ws/src/install/ecl_converters_lite/share/ecl_converters_lite/package.zsh'
[2.090s] Level 1:colcon.colcon_core.environment:create_file_with_runtime_dependencies(/home/wellyowo/locobot_sim/locobot_ws/src/install/ecl_converters_lite/share/colcon-core/packages/ecl_converters_lite)
[2.098s] DEBUG:colcon.colcon_core.event_handler.log_command:Invoking command in '/home/wellyowo/locobot_sim/locobot_ws/src/build/ecl_exceptions': AMENT_PREFIX_PATH=/home/wellyowo/locobot_sim/locobot_ws/src/install/ecl_errors:/home/wellyowo/locobot_sim/locobot_ws/src/install/ecl_config:${AMENT_PREFIX_PATH} CMAKE_PREFIX_PATH=/home/wellyowo/locobot_sim/locobot_ws/src/install/ecl_errors:/home/wellyowo/locobot_sim/locobot_ws/src/install/ecl_config:/opt/ros/humble LD_LIBRARY_PATH=/home/wellyowo/locobot_sim/locobot_ws/src/install/ecl_errors/lib:${LD_LIBRARY_PATH} PATH=/home/wellyowo/locobot_sim/locobot_ws/src/install/ecl_config/bin:${PATH} /usr/bin/cmake /home/wellyowo/locobot_sim/locobot_ws/src/ThirdParty/ecl/ecl_core/ecl_exceptions -DCMAKE_INSTALL_PREFIX=/home/wellyowo/locobot_sim/locobot_ws/src/install/ecl_exceptions
[2.105s] DEBUG:colcon.colcon_core.event_handler.log_command:Invoking command in '/home/wellyowo/locobot_sim/locobot_ws/src/build/ecl_time_lite': AMENT_PREFIX_PATH=/home/wellyowo/locobot_sim/locobot_ws/src/install/ecl_errors:/home/wellyowo/locobot_sim/locobot_ws/src/install/ecl_config:${AMENT_PREFIX_PATH} CMAKE_PREFIX_PATH=/home/wellyowo/locobot_sim/locobot_ws/src/install/ecl_errors:/home/wellyowo/locobot_sim/locobot_ws/src/install/ecl_config:/opt/ros/humble LD_LIBRARY_PATH=/home/wellyowo/locobot_sim/locobot_ws/src/install/ecl_errors/lib:${LD_LIBRARY_PATH} PATH=/home/wellyowo/locobot_sim/locobot_ws/src/install/ecl_config/bin:${PATH} /usr/bin/cmake /home/wellyowo/locobot_sim/locobot_ws/src/ThirdParty/ecl/ecl_lite/ecl_time_lite -DCMAKE_INSTALL_PREFIX=/home/wellyowo/locobot_sim/locobot_ws/src/install/ecl_time_lite
[2.119s] INFO:colcon.colcon_ros.task.ament_cmake.build:Building ROS package in '/home/wellyowo/locobot_sim/locobot_ws/src/ThirdParty/ecl/ecl_lite/ecl_sigslots_lite' with build type 'ament_cmake'
[2.119s] INFO:colcon.colcon_cmake.task.cmake.build:Building CMake package in '/home/wellyowo/locobot_sim/locobot_ws/src/ThirdParty/ecl/ecl_lite/ecl_sigslots_lite'
[2.120s] INFO:colcon.colcon_core.shell:Skip shell extension 'powershell' for command environment: Not usable outside of PowerShell
[2.120s] DEBUG:colcon.colcon_core.shell:Skip shell extension 'dsv' for command environment
[2.130s] INFO:colcon.colcon_ros.task.ament_cmake.build:Building ROS package in '/home/wellyowo/locobot_sim/locobot_ws/src/ThirdParty/ros_astra_camera/astra_camera' with build type 'ament_cmake'
[2.131s] INFO:colcon.colcon_cmake.task.cmake.build:Building CMake package in '/home/wellyowo/locobot_sim/locobot_ws/src/ThirdParty/ros_astra_camera/astra_camera'
[2.132s] INFO:colcon.colcon_core.shell:Skip shell extension 'powershell' for command environment: Not usable outside of PowerShell
[2.132s] DEBUG:colcon.colcon_core.shell:Skip shell extension 'dsv' for command environment
[2.146s] DEBUG:colcon.colcon_core.event_handler.log_command:Invoking command in '/home/wellyowo/locobot_sim/locobot_ws/src/build/ecl_concepts': AMENT_PREFIX_PATH=/home/wellyowo/locobot_sim/locobot_ws/src/install/ecl_type_traits:/home/wellyowo/locobot_sim/locobot_ws/src/install/ecl_mpl:/home/wellyowo/locobot_sim/locobot_ws/src/install/ecl_config:${AMENT_PREFIX_PATH} CMAKE_PREFIX_PATH=/home/wellyowo/locobot_sim/locobot_ws/src/install/ecl_type_traits:/home/wellyowo/locobot_sim/locobot_ws/src/install/ecl_mpl:/home/wellyowo/locobot_sim/locobot_ws/src/install/ecl_config:/opt/ros/humble LD_LIBRARY_PATH=/home/wellyowo/locobot_sim/locobot_ws/src/install/ecl_type_traits/lib:${LD_LIBRARY_PATH} PATH=/home/wellyowo/locobot_sim/locobot_ws/src/install/ecl_type_traits/bin:/home/wellyowo/locobot_sim/locobot_ws/src/install/ecl_config/bin:${PATH} /usr/bin/cmake /home/wellyowo/locobot_sim/locobot_ws/src/ThirdParty/ecl/ecl_core/ecl_concepts -DCMAKE_INSTALL_PREFIX=/home/wellyowo/locobot_sim/locobot_ws/src/install/ecl_concepts
[2.155s] Level 1:colcon.colcon_core.environment:create_environment_scripts_only(kobuki)
[2.156s] Level 1:colcon.colcon_core.environment:checking '/home/wellyowo/locobot_sim/locobot_ws/src/install/kobuki' for CMake module files
[2.157s] DEBUG:colcon.colcon_core.event_handler.log_command:Invoked command in '/home/wellyowo/locobot_sim/locobot_ws/src/build/kobuki' returned '0': AMENT_PREFIX_PATH=/home/wellyowo/locobot_sim/locobot_ws/src/install/kobuki_description:${AMENT_PREFIX_PATH} CMAKE_PREFIX_PATH=/home/wellyowo/locobot_sim/locobot_ws/src/install/kobuki_description:/opt/ros/humble /usr/bin/cmake --install /home/wellyowo/locobot_sim/locobot_ws/src/build/kobuki
[2.159s] Level 1:colcon.colcon_core.environment:checking '/home/wellyowo/locobot_sim/locobot_ws/src/install/kobuki' for CMake config files
[2.160s] Level 1:colcon.colcon_core.shell:create_environment_hook('kobuki', 'cmake_prefix_path')
[2.160s] INFO:colcon.colcon_core.shell:Creating environment hook '/home/wellyowo/locobot_sim/locobot_ws/src/install/kobuki/share/kobuki/hook/cmake_prefix_path.ps1'
[2.161s] INFO:colcon.colcon_core.shell:Creating environment descriptor '/home/wellyowo/locobot_sim/locobot_ws/src/install/kobuki/share/kobuki/hook/cmake_prefix_path.dsv'
[2.162s] INFO:colcon.colcon_core.shell:Creating environment hook '/home/wellyowo/locobot_sim/locobot_ws/src/install/kobuki/share/kobuki/hook/cmake_prefix_path.sh'
[2.168s] Level 1:colcon.colcon_core.environment:checking '/home/wellyowo/locobot_sim/locobot_ws/src/install/kobuki/bin'
[2.168s] Level 1:colcon.colcon_core.shell:create_environment_hook('kobuki', 'path')
[2.169s] INFO:colcon.colcon_core.shell:Creating environment hook '/home/wellyowo/locobot_sim/locobot_ws/src/install/kobuki/share/kobuki/hook/path.ps1'
[2.171s] INFO:colcon.colcon_core.shell:Creating environment descriptor '/home/wellyowo/locobot_sim/locobot_ws/src/install/kobuki/share/kobuki/hook/path.dsv'
[2.172s] INFO:colcon.colcon_core.shell:Creating environment hook '/home/wellyowo/locobot_sim/locobot_ws/src/install/kobuki/share/kobuki/hook/path.sh'
[2.176s] Level 1:colcon.colcon_core.environment:checking '/home/wellyowo/locobot_sim/locobot_ws/src/install/kobuki/lib/pkgconfig/kobuki.pc'
[2.176s] Level 1:colcon.colcon_core.environment:checking '/home/wellyowo/locobot_sim/locobot_ws/src/install/kobuki/lib/python3.10/site-packages'
[2.177s] Level 1:colcon.colcon_core.environment:checking '/home/wellyowo/locobot_sim/locobot_ws/src/install/kobuki/bin'
[2.177s] Level 1:colcon.colcon_core.shell:create_environment_hook('kobuki', 'pythonscriptspath')
[2.178s] INFO:colcon.colcon_core.shell:Creating environment hook '/home/wellyowo/locobot_sim/locobot_ws/src/install/kobuki/share/kobuki/hook/pythonscriptspath.ps1'
[2.180s] INFO:colcon.colcon_core.shell:Creating environment descriptor '/home/wellyowo/locobot_sim/locobot_ws/src/install/kobuki/share/kobuki/hook/pythonscriptspath.dsv'
[2.182s] INFO:colcon.colcon_core.shell:Creating environment hook '/home/wellyowo/locobot_sim/locobot_ws/src/install/kobuki/share/kobuki/hook/pythonscriptspath.sh'
[2.183s] INFO:colcon.colcon_core.shell:Creating package script '/home/wellyowo/locobot_sim/locobot_ws/src/install/kobuki/share/kobuki/package.ps1'
[2.186s] INFO:colcon.colcon_core.shell:Creating package descriptor '/home/wellyowo/locobot_sim/locobot_ws/src/install/kobuki/share/kobuki/package.dsv'
[2.191s] INFO:colcon.colcon_core.shell:Creating package script '/home/wellyowo/locobot_sim/locobot_ws/src/install/kobuki/share/kobuki/package.sh'
[2.192s] INFO:colcon.colcon_core.shell:Creating package script '/home/wellyowo/locobot_sim/locobot_ws/src/install/kobuki/share/kobuki/package.bash'
[2.193s] INFO:colcon.colcon_core.shell:Creating package script '/home/wellyowo/locobot_sim/locobot_ws/src/install/kobuki/share/kobuki/package.zsh'
[2.193s] Level 1:colcon.colcon_core.environment:create_file_with_runtime_dependencies(/home/wellyowo/locobot_sim/locobot_ws/src/install/kobuki/share/colcon-core/packages/kobuki)
[2.194s] Level 1:colcon.colcon_core.environment:create_environment_scripts_only(kobuki)
[2.198s] Level 1:colcon.colcon_core.environment:checking '/home/wellyowo/locobot_sim/locobot_ws/src/install/kobuki' for CMake module files
[2.199s] Level 1:colcon.colcon_core.environment:checking '/home/wellyowo/locobot_sim/locobot_ws/src/install/kobuki' for CMake config files
[2.200s] Level 1:colcon.colcon_core.shell:create_environment_hook('kobuki', 'cmake_prefix_path')
[2.200s] INFO:colcon.colcon_core.shell:Creating environment hook '/home/wellyowo/locobot_sim/locobot_ws/src/install/kobuki/share/kobuki/hook/cmake_prefix_path.ps1'
[2.206s] INFO:colcon.colcon_core.shell:Creating environment descriptor '/home/wellyowo/locobot_sim/locobot_ws/src/install/kobuki/share/kobuki/hook/cmake_prefix_path.dsv'
[2.207s] INFO:colcon.colcon_core.shell:Creating environment hook '/home/wellyowo/locobot_sim/locobot_ws/src/install/kobuki/share/kobuki/hook/cmake_prefix_path.sh'
[2.207s] Level 1:colcon.colcon_core.environment:checking '/home/wellyowo/locobot_sim/locobot_ws/src/install/kobuki/bin'
[2.208s] Level 1:colcon.colcon_core.shell:create_environment_hook('kobuki', 'path')
[2.208s] INFO:colcon.colcon_core.shell:Creating environment hook '/home/wellyowo/locobot_sim/locobot_ws/src/install/kobuki/share/kobuki/hook/path.ps1'
[2.208s] INFO:colcon.colcon_core.shell:Creating environment descriptor '/home/wellyowo/locobot_sim/locobot_ws/src/install/kobuki/share/kobuki/hook/path.dsv'
[2.214s] INFO:colcon.colcon_core.shell:Creating environment hook '/home/wellyowo/locobot_sim/locobot_ws/src/install/kobuki/share/kobuki/hook/path.sh'
[2.215s] Level 1:colcon.colcon_core.environment:checking '/home/wellyowo/locobot_sim/locobot_ws/src/install/kobuki/lib/pkgconfig/kobuki.pc'
[2.215s] Level 1:colcon.colcon_core.environment:checking '/home/wellyowo/locobot_sim/locobot_ws/src/install/kobuki/lib/python3.10/site-packages'
[2.215s] Level 1:colcon.colcon_core.environment:checking '/home/wellyowo/locobot_sim/locobot_ws/src/install/kobuki/bin'
[2.216s] Level 1:colcon.colcon_core.shell:create_environment_hook('kobuki', 'pythonscriptspath')
[2.216s] INFO:colcon.colcon_core.shell:Creating environment hook '/home/wellyowo/locobot_sim/locobot_ws/src/install/kobuki/share/kobuki/hook/pythonscriptspath.ps1'
[2.220s] INFO:colcon.colcon_core.shell:Creating environment descriptor '/home/wellyowo/locobot_sim/locobot_ws/src/install/kobuki/share/kobuki/hook/pythonscriptspath.dsv'
[2.220s] INFO:colcon.colcon_core.shell:Creating environment hook '/home/wellyowo/locobot_sim/locobot_ws/src/install/kobuki/share/kobuki/hook/pythonscriptspath.sh'
[2.222s] INFO:colcon.colcon_core.shell:Creating package script '/home/wellyowo/locobot_sim/locobot_ws/src/install/kobuki/share/kobuki/package.ps1'
[2.226s] INFO:colcon.colcon_core.shell:Creating package descriptor '/home/wellyowo/locobot_sim/locobot_ws/src/install/kobuki/share/kobuki/package.dsv'
[2.227s] INFO:colcon.colcon_core.shell:Creating package script '/home/wellyowo/locobot_sim/locobot_ws/src/install/kobuki/share/kobuki/package.sh'
[2.228s] INFO:colcon.colcon_core.shell:Creating package script '/home/wellyowo/locobot_sim/locobot_ws/src/install/kobuki/share/kobuki/package.bash'
[2.229s] INFO:colcon.colcon_core.shell:Creating package script '/home/wellyowo/locobot_sim/locobot_ws/src/install/kobuki/share/kobuki/package.zsh'
[2.233s] Level 1:colcon.colcon_core.environment:create_file_with_runtime_dependencies(/home/wellyowo/locobot_sim/locobot_ws/src/install/kobuki/share/colcon-core/packages/kobuki)
[2.236s] DEBUG:colcon.colcon_core.event_handler.log_command:Invoking command in '/home/wellyowo/locobot_sim/locobot_ws/src/build/ecl_math': AMENT_PREFIX_PATH=/home/wellyowo/locobot_sim/locobot_ws/src/install/ecl_type_traits:/home/wellyowo/locobot_sim/locobot_ws/src/install/ecl_mpl:/home/wellyowo/locobot_sim/locobot_ws/src/install/ecl_config:${AMENT_PREFIX_PATH} CMAKE_PREFIX_PATH=/home/wellyowo/locobot_sim/locobot_ws/src/install/ecl_type_traits:/home/wellyowo/locobot_sim/locobot_ws/src/install/ecl_mpl:/home/wellyowo/locobot_sim/locobot_ws/src/install/ecl_config:/opt/ros/humble LD_LIBRARY_PATH=/home/wellyowo/locobot_sim/locobot_ws/src/install/ecl_type_traits/lib:${LD_LIBRARY_PATH} PATH=/home/wellyowo/locobot_sim/locobot_ws/src/install/ecl_type_traits/bin:/home/wellyowo/locobot_sim/locobot_ws/src/install/ecl_config/bin:${PATH} /usr/bin/cmake /home/wellyowo/locobot_sim/locobot_ws/src/ThirdParty/ecl/ecl_core/ecl_math -DCMAKE_INSTALL_PREFIX=/home/wellyowo/locobot_sim/locobot_ws/src/install/ecl_math
[2.255s] DEBUG:colcon.colcon_core.event_handler.log_command:Invoking command in '/home/wellyowo/locobot_sim/locobot_ws/src/build/ecl_io': AMENT_PREFIX_PATH=/home/wellyowo/locobot_sim/locobot_ws/src/install/ecl_errors:/home/wellyowo/locobot_sim/locobot_ws/src/install/ecl_config:${AMENT_PREFIX_PATH} CMAKE_PREFIX_PATH=/home/wellyowo/locobot_sim/locobot_ws/src/install/ecl_errors:/home/wellyowo/locobot_sim/locobot_ws/src/install/ecl_config:/opt/ros/humble LD_LIBRARY_PATH=/home/wellyowo/locobot_sim/locobot_ws/src/install/ecl_errors/lib:${LD_LIBRARY_PATH} PATH=/home/wellyowo/locobot_sim/locobot_ws/src/install/ecl_config/bin:${PATH} /usr/bin/cmake /home/wellyowo/locobot_sim/locobot_ws/src/ThirdParty/ecl/ecl_lite/ecl_io -DCMAKE_INSTALL_PREFIX=/home/wellyowo/locobot_sim/locobot_ws/src/install/ecl_io
[2.264s] INFO:colcon.colcon_ros.task.ament_cmake.build:Building ROS package in '/home/wellyowo/locobot_sim/locobot_ws/src/ThirdParty/ecl/ecl_core/ecl_filesystem' with build type 'ament_cmake'
[2.264s] INFO:colcon.colcon_cmake.task.cmake.build:Building CMake package in '/home/wellyowo/locobot_sim/locobot_ws/src/ThirdParty/ecl/ecl_core/ecl_filesystem'
[2.265s] INFO:colcon.colcon_core.shell:Skip shell extension 'powershell' for command environment: Not usable outside of PowerShell
[2.265s] DEBUG:colcon.colcon_core.shell:Skip shell extension 'dsv' for command environment
[2.296s] DEBUG:colcon.colcon_core.event_handler.log_command:Invoking command in '/home/wellyowo/locobot_sim/locobot_ws/src/build/ecl_sigslots_lite': AMENT_PREFIX_PATH=/home/wellyowo/locobot_sim/locobot_ws/src/install/ecl_errors:/home/wellyowo/locobot_sim/locobot_ws/src/install/ecl_config:${AMENT_PREFIX_PATH} CMAKE_PREFIX_PATH=/home/wellyowo/locobot_sim/locobot_ws/src/install/ecl_errors:/home/wellyowo/locobot_sim/locobot_ws/src/install/ecl_config:/opt/ros/humble LD_LIBRARY_PATH=/home/wellyowo/locobot_sim/locobot_ws/src/install/ecl_errors/lib:${LD_LIBRARY_PATH} PATH=/home/wellyowo/locobot_sim/locobot_ws/src/install/ecl_config/bin:${PATH} /usr/bin/cmake /home/wellyowo/locobot_sim/locobot_ws/src/ThirdParty/ecl/ecl_lite/ecl_sigslots_lite -DCMAKE_INSTALL_PREFIX=/home/wellyowo/locobot_sim/locobot_ws/src/install/ecl_sigslots_lite
[2.314s] DEBUG:colcon.colcon_core.event_handler.log_command:Invoking command in '/home/wellyowo/locobot_sim/locobot_ws/src/build/astra_camera': AMENT_PREFIX_PATH=/home/wellyowo/locobot_sim/locobot_ws/src/install/astra_camera_msgs:${AMENT_PREFIX_PATH} CMAKE_PREFIX_PATH=/home/wellyowo/locobot_sim/locobot_ws/src/install/astra_camera_msgs:/opt/ros/humble LD_LIBRARY_PATH=/home/wellyowo/locobot_sim/locobot_ws/src/install/astra_camera_msgs/lib:${LD_LIBRARY_PATH} PYTHONPATH=/home/wellyowo/locobot_sim/locobot_ws/src/install/astra_camera_msgs/local/lib/python3.10/dist-packages:${PYTHONPATH} /usr/bin/cmake --build /home/wellyowo/locobot_sim/locobot_ws/src/build/astra_camera -- -j16 -l16
[2.326s] Level 1:colcon.colcon_core.environment:checking '/home/wellyowo/locobot_sim/locobot_ws/src/install/interbotix_common_modules' for CMake module files
[2.327s] Level 1:colcon.colcon_core.environment:checking '/home/wellyowo/locobot_sim/locobot_ws/src/install/interbotix_common_modules' for CMake config files
[2.328s] Level 1:colcon.colcon_core.environment:checking '/home/wellyowo/locobot_sim/locobot_ws/src/install/interbotix_common_modules/lib'
[2.329s] Level 1:colcon.colcon_core.environment:checking '/home/wellyowo/locobot_sim/locobot_ws/src/install/interbotix_common_modules/bin'
[2.333s] Level 1:colcon.colcon_core.environment:checking '/home/wellyowo/locobot_sim/locobot_ws/src/install/interbotix_common_modules/lib/pkgconfig/interbotix_common_modules.pc'
[2.333s] Level 1:colcon.colcon_core.environment:checking '/home/wellyowo/locobot_sim/locobot_ws/src/install/interbotix_common_modules/lib/python3.10/site-packages'
[2.333s] Level 1:colcon.colcon_core.shell:create_environment_hook('interbotix_common_modules', 'pythonpath')
[2.334s] INFO:colcon.colcon_core.shell:Creating environment hook '/home/wellyowo/locobot_sim/locobot_ws/src/install/interbotix_common_modules/share/interbotix_common_modules/hook/pythonpath.ps1'
[2.329s] DEBUG:colcon.colcon_core.event_handler.log_command:Invoked command in '/home/wellyowo/locobot_sim/locobot_ws/src/interbotix_ros_toolboxes/interbotix_common_toolbox/interbotix_common_modules' returned '0': PYTHONPATH=/home/wellyowo/locobot_sim/locobot_ws/src/build/interbotix_common_modules/prefix_override:/usr/lib/python3/dist-packages/colcon_core/task/python/colcon_distutils_commands:/home/wellyowo/locobot_sim/locobot_ws/src/install/interbotix_common_modules/lib/python3.10/site-packages:${PYTHONPATH} /usr/bin/python3 -W ignore:setup.py install is deprecated -W ignore:easy_install command is deprecated setup.py egg_info --egg-base ../../../build/interbotix_common_modules build --build-base /home/wellyowo/locobot_sim/locobot_ws/src/build/interbotix_common_modules/build install --record /home/wellyowo/locobot_sim/locobot_ws/src/build/interbotix_common_modules/install.log --single-version-externally-managed install_data
[2.335s] INFO:colcon.colcon_core.shell:Creating environment descriptor '/home/wellyowo/locobot_sim/locobot_ws/src/install/interbotix_common_modules/share/interbotix_common_modules/hook/pythonpath.dsv'
[2.339s] INFO:colcon.colcon_core.shell:Creating environment hook '/home/wellyowo/locobot_sim/locobot_ws/src/install/interbotix_common_modules/share/interbotix_common_modules/hook/pythonpath.sh'
[2.345s] Level 1:colcon.colcon_core.environment:checking '/home/wellyowo/locobot_sim/locobot_ws/src/install/interbotix_common_modules/bin'
[2.346s] Level 1:colcon.colcon_core.environment:create_environment_scripts_only(interbotix_common_modules)
[2.346s] INFO:colcon.colcon_core.shell:Creating package script '/home/wellyowo/locobot_sim/locobot_ws/src/install/interbotix_common_modules/share/interbotix_common_modules/package.ps1'
[2.347s] INFO:colcon.colcon_core.shell:Creating package descriptor '/home/wellyowo/locobot_sim/locobot_ws/src/install/interbotix_common_modules/share/interbotix_common_modules/package.dsv'
[2.356s] INFO:colcon.colcon_core.shell:Creating package script '/home/wellyowo/locobot_sim/locobot_ws/src/install/interbotix_common_modules/share/interbotix_common_modules/package.sh'
[2.356s] INFO:colcon.colcon_core.shell:Creating package script '/home/wellyowo/locobot_sim/locobot_ws/src/install/interbotix_common_modules/share/interbotix_common_modules/package.bash'
[2.357s] INFO:colcon.colcon_core.shell:Creating package script '/home/wellyowo/locobot_sim/locobot_ws/src/install/interbotix_common_modules/share/interbotix_common_modules/package.zsh'
[2.357s] Level 1:colcon.colcon_core.environment:create_file_with_runtime_dependencies(/home/wellyowo/locobot_sim/locobot_ws/src/install/interbotix_common_modules/share/colcon-core/packages/interbotix_common_modules)
[2.366s] DEBUG:colcon.colcon_core.event_handler.log_command:Invoking command in '/home/wellyowo/locobot_sim/locobot_ws/src/build/ecl_filesystem': AMENT_PREFIX_PATH=/home/wellyowo/locobot_sim/locobot_ws/src/install/ecl_errors:/home/wellyowo/locobot_sim/locobot_ws/src/install/ecl_config:${AMENT_PREFIX_PATH} CMAKE_PREFIX_PATH=/home/wellyowo/locobot_sim/locobot_ws/src/install/ecl_errors:/home/wellyowo/locobot_sim/locobot_ws/src/install/ecl_config:/opt/ros/humble LD_LIBRARY_PATH=/home/wellyowo/locobot_sim/locobot_ws/src/install/ecl_errors/lib:${LD_LIBRARY_PATH} PATH=/home/wellyowo/locobot_sim/locobot_ws/src/install/ecl_config/bin:${PATH} /usr/bin/cmake /home/wellyowo/locobot_sim/locobot_ws/src/ThirdParty/ecl/ecl_core/ecl_filesystem -DCMAKE_INSTALL_PREFIX=/home/wellyowo/locobot_sim/locobot_ws/src/install/ecl_filesystem
[5.369s] DEBUG:colcon.colcon_core.event_handler.log_command:Invoked command in '/home/wellyowo/locobot_sim/locobot_ws/src/build/ecl_exceptions' returned '0': AMENT_PREFIX_PATH=/home/wellyowo/locobot_sim/locobot_ws/src/install/ecl_errors:/home/wellyowo/locobot_sim/locobot_ws/src/install/ecl_config:${AMENT_PREFIX_PATH} CMAKE_PREFIX_PATH=/home/wellyowo/locobot_sim/locobot_ws/src/install/ecl_errors:/home/wellyowo/locobot_sim/locobot_ws/src/install/ecl_config:/opt/ros/humble LD_LIBRARY_PATH=/home/wellyowo/locobot_sim/locobot_ws/src/install/ecl_errors/lib:${LD_LIBRARY_PATH} PATH=/home/wellyowo/locobot_sim/locobot_ws/src/install/ecl_config/bin:${PATH} /usr/bin/cmake /home/wellyowo/locobot_sim/locobot_ws/src/ThirdParty/ecl/ecl_core/ecl_exceptions -DCMAKE_INSTALL_PREFIX=/home/wellyowo/locobot_sim/locobot_ws/src/install/ecl_exceptions
[5.370s] DEBUG:colcon.colcon_core.event_handler.log_command:Invoking command in '/home/wellyowo/locobot_sim/locobot_ws/src/build/ecl_exceptions': AMENT_PREFIX_PATH=/home/wellyowo/locobot_sim/locobot_ws/src/install/ecl_errors:/home/wellyowo/locobot_sim/locobot_ws/src/install/ecl_config:${AMENT_PREFIX_PATH} CMAKE_PREFIX_PATH=/home/wellyowo/locobot_sim/locobot_ws/src/install/ecl_errors:/home/wellyowo/locobot_sim/locobot_ws/src/install/ecl_config:/opt/ros/humble LD_LIBRARY_PATH=/home/wellyowo/locobot_sim/locobot_ws/src/install/ecl_errors/lib:${LD_LIBRARY_PATH} PATH=/home/wellyowo/locobot_sim/locobot_ws/src/install/ecl_config/bin:${PATH} /usr/bin/cmake --build /home/wellyowo/locobot_sim/locobot_ws/src/build/ecl_exceptions -- -j16 -l16
[5.969s] DEBUG:colcon.colcon_core.event_handler.log_command:Invoked command in '/home/wellyowo/locobot_sim/locobot_ws/src/build/ecl_io' returned '0': AMENT_PREFIX_PATH=/home/wellyowo/locobot_sim/locobot_ws/src/install/ecl_errors:/home/wellyowo/locobot_sim/locobot_ws/src/install/ecl_config:${AMENT_PREFIX_PATH} CMAKE_PREFIX_PATH=/home/wellyowo/locobot_sim/locobot_ws/src/install/ecl_errors:/home/wellyowo/locobot_sim/locobot_ws/src/install/ecl_config:/opt/ros/humble LD_LIBRARY_PATH=/home/wellyowo/locobot_sim/locobot_ws/src/install/ecl_errors/lib:${LD_LIBRARY_PATH} PATH=/home/wellyowo/locobot_sim/locobot_ws/src/install/ecl_config/bin:${PATH} /usr/bin/cmake /home/wellyowo/locobot_sim/locobot_ws/src/ThirdParty/ecl/ecl_lite/ecl_io -DCMAKE_INSTALL_PREFIX=/home/wellyowo/locobot_sim/locobot_ws/src/install/ecl_io
[5.970s] DEBUG:colcon.colcon_core.event_handler.log_command:Invoking command in '/home/wellyowo/locobot_sim/locobot_ws/src/build/ecl_io': AMENT_PREFIX_PATH=/home/wellyowo/locobot_sim/locobot_ws/src/install/ecl_errors:/home/wellyowo/locobot_sim/locobot_ws/src/install/ecl_config:${AMENT_PREFIX_PATH} CMAKE_PREFIX_PATH=/home/wellyowo/locobot_sim/locobot_ws/src/install/ecl_errors:/home/wellyowo/locobot_sim/locobot_ws/src/install/ecl_config:/opt/ros/humble LD_LIBRARY_PATH=/home/wellyowo/locobot_sim/locobot_ws/src/install/ecl_errors/lib:${LD_LIBRARY_PATH} PATH=/home/wellyowo/locobot_sim/locobot_ws/src/install/ecl_config/bin:${PATH} /usr/bin/cmake --build /home/wellyowo/locobot_sim/locobot_ws/src/build/ecl_io -- -j16 -l16
[5.971s] DEBUG:colcon.colcon_core.event_handler.log_command:Invoked command in '/home/wellyowo/locobot_sim/locobot_ws/src/build/ecl_sigslots_lite' returned '0': AMENT_PREFIX_PATH=/home/wellyowo/locobot_sim/locobot_ws/src/install/ecl_errors:/home/wellyowo/locobot_sim/locobot_ws/src/install/ecl_config:${AMENT_PREFIX_PATH} CMAKE_PREFIX_PATH=/home/wellyowo/locobot_sim/locobot_ws/src/install/ecl_errors:/home/wellyowo/locobot_sim/locobot_ws/src/install/ecl_config:/opt/ros/humble LD_LIBRARY_PATH=/home/wellyowo/locobot_sim/locobot_ws/src/install/ecl_errors/lib:${LD_LIBRARY_PATH} PATH=/home/wellyowo/locobot_sim/locobot_ws/src/install/ecl_config/bin:${PATH} /usr/bin/cmake /home/wellyowo/locobot_sim/locobot_ws/src/ThirdParty/ecl/ecl_lite/ecl_sigslots_lite -DCMAKE_INSTALL_PREFIX=/home/wellyowo/locobot_sim/locobot_ws/src/install/ecl_sigslots_lite
[5.971s] DEBUG:colcon.colcon_core.event_handler.log_command:Invoking command in '/home/wellyowo/locobot_sim/locobot_ws/src/build/ecl_sigslots_lite': AMENT_PREFIX_PATH=/home/wellyowo/locobot_sim/locobot_ws/src/install/ecl_errors:/home/wellyowo/locobot_sim/locobot_ws/src/install/ecl_config:${AMENT_PREFIX_PATH} CMAKE_PREFIX_PATH=/home/wellyowo/locobot_sim/locobot_ws/src/install/ecl_errors:/home/wellyowo/locobot_sim/locobot_ws/src/install/ecl_config:/opt/ros/humble LD_LIBRARY_PATH=/home/wellyowo/locobot_sim/locobot_ws/src/install/ecl_errors/lib:${LD_LIBRARY_PATH} PATH=/home/wellyowo/locobot_sim/locobot_ws/src/install/ecl_config/bin:${PATH} /usr/bin/cmake --build /home/wellyowo/locobot_sim/locobot_ws/src/build/ecl_sigslots_lite -- -j16 -l16
[5.971s] DEBUG:colcon.colcon_core.event_handler.log_command:Invoked command in '/home/wellyowo/locobot_sim/locobot_ws/src/build/ecl_concepts' returned '0': AMENT_PREFIX_PATH=/home/wellyowo/locobot_sim/locobot_ws/src/install/ecl_type_traits:/home/wellyowo/locobot_sim/locobot_ws/src/install/ecl_mpl:/home/wellyowo/locobot_sim/locobot_ws/src/install/ecl_config:${AMENT_PREFIX_PATH} CMAKE_PREFIX_PATH=/home/wellyowo/locobot_sim/locobot_ws/src/install/ecl_type_traits:/home/wellyowo/locobot_sim/locobot_ws/src/install/ecl_mpl:/home/wellyowo/locobot_sim/locobot_ws/src/install/ecl_config:/opt/ros/humble LD_LIBRARY_PATH=/home/wellyowo/locobot_sim/locobot_ws/src/install/ecl_type_traits/lib:${LD_LIBRARY_PATH} PATH=/home/wellyowo/locobot_sim/locobot_ws/src/install/ecl_type_traits/bin:/home/wellyowo/locobot_sim/locobot_ws/src/install/ecl_config/bin:${PATH} /usr/bin/cmake /home/wellyowo/locobot_sim/locobot_ws/src/ThirdParty/ecl/ecl_core/ecl_concepts -DCMAKE_INSTALL_PREFIX=/home/wellyowo/locobot_sim/locobot_ws/src/install/ecl_concepts
[5.972s] DEBUG:colcon.colcon_core.event_handler.log_command:Invoking command in '/home/wellyowo/locobot_sim/locobot_ws/src/build/ecl_concepts': AMENT_PREFIX_PATH=/home/wellyowo/locobot_sim/locobot_ws/src/install/ecl_type_traits:/home/wellyowo/locobot_sim/locobot_ws/src/install/ecl_mpl:/home/wellyowo/locobot_sim/locobot_ws/src/install/ecl_config:${AMENT_PREFIX_PATH} CMAKE_PREFIX_PATH=/home/wellyowo/locobot_sim/locobot_ws/src/install/ecl_type_traits:/home/wellyowo/locobot_sim/locobot_ws/src/install/ecl_mpl:/home/wellyowo/locobot_sim/locobot_ws/src/install/ecl_config:/opt/ros/humble LD_LIBRARY_PATH=/home/wellyowo/locobot_sim/locobot_ws/src/install/ecl_type_traits/lib:${LD_LIBRARY_PATH} PATH=/home/wellyowo/locobot_sim/locobot_ws/src/install/ecl_type_traits/bin:/home/wellyowo/locobot_sim/locobot_ws/src/install/ecl_config/bin:${PATH} /usr/bin/cmake --build /home/wellyowo/locobot_sim/locobot_ws/src/build/ecl_concepts -- -j16 -l16
[7.044s] DEBUG:colcon.colcon_core.event_handler.log_command:Invoked command in '/home/wellyowo/locobot_sim/locobot_ws/src/build/ecl_math' returned '0': AMENT_PREFIX_PATH=/home/wellyowo/locobot_sim/locobot_ws/src/install/ecl_type_traits:/home/wellyowo/locobot_sim/locobot_ws/src/install/ecl_mpl:/home/wellyowo/locobot_sim/locobot_ws/src/install/ecl_config:${AMENT_PREFIX_PATH} CMAKE_PREFIX_PATH=/home/wellyowo/locobot_sim/locobot_ws/src/install/ecl_type_traits:/home/wellyowo/locobot_sim/locobot_ws/src/install/ecl_mpl:/home/wellyowo/locobot_sim/locobot_ws/src/install/ecl_config:/opt/ros/humble LD_LIBRARY_PATH=/home/wellyowo/locobot_sim/locobot_ws/src/install/ecl_type_traits/lib:${LD_LIBRARY_PATH} PATH=/home/wellyowo/locobot_sim/locobot_ws/src/install/ecl_type_traits/bin:/home/wellyowo/locobot_sim/locobot_ws/src/install/ecl_config/bin:${PATH} /usr/bin/cmake /home/wellyowo/locobot_sim/locobot_ws/src/ThirdParty/ecl/ecl_core/ecl_math -DCMAKE_INSTALL_PREFIX=/home/wellyowo/locobot_sim/locobot_ws/src/install/ecl_math
[7.045s] DEBUG:colcon.colcon_core.event_handler.log_command:Invoking command in '/home/wellyowo/locobot_sim/locobot_ws/src/build/ecl_math': AMENT_PREFIX_PATH=/home/wellyowo/locobot_sim/locobot_ws/src/install/ecl_type_traits:/home/wellyowo/locobot_sim/locobot_ws/src/install/ecl_mpl:/home/wellyowo/locobot_sim/locobot_ws/src/install/ecl_config:${AMENT_PREFIX_PATH} CMAKE_PREFIX_PATH=/home/wellyowo/locobot_sim/locobot_ws/src/install/ecl_type_traits:/home/wellyowo/locobot_sim/locobot_ws/src/install/ecl_mpl:/home/wellyowo/locobot_sim/locobot_ws/src/install/ecl_config:/opt/ros/humble LD_LIBRARY_PATH=/home/wellyowo/locobot_sim/locobot_ws/src/install/ecl_type_traits/lib:${LD_LIBRARY_PATH} PATH=/home/wellyowo/locobot_sim/locobot_ws/src/install/ecl_type_traits/bin:/home/wellyowo/locobot_sim/locobot_ws/src/install/ecl_config/bin:${PATH} /usr/bin/cmake --build /home/wellyowo/locobot_sim/locobot_ws/src/build/ecl_math -- -j16 -l16
[7.174s] DEBUG:colcon.colcon_core.event_handler.log_command:Invoked command in '/home/wellyowo/locobot_sim/locobot_ws/src/build/interbotix_xs_sdk' returned '1': AMENT_PREFIX_PATH=/home/wellyowo/locobot_sim/locobot_ws/src/install/interbotix_xs_msgs:${AMENT_PREFIX_PATH} CMAKE_PREFIX_PATH=/home/wellyowo/locobot_sim/locobot_ws/src/install/interbotix_xs_msgs:/opt/ros/humble LD_LIBRARY_PATH=/home/wellyowo/locobot_sim/locobot_ws/src/install/interbotix_xs_msgs/lib:${LD_LIBRARY_PATH} PYTHONPATH=/home/wellyowo/locobot_sim/locobot_ws/src/install/interbotix_xs_msgs/local/lib/python3.10/dist-packages:${PYTHONPATH} /usr/bin/cmake /home/wellyowo/locobot_sim/locobot_ws/src/interbotix_ros_core/interbotix_ros_xseries/interbotix_xs_sdk -DCMAKE_INSTALL_PREFIX=/home/wellyowo/locobot_sim/locobot_ws/src/install/interbotix_xs_sdk
[7.208s] Level 1:colcon.colcon_core.environment:create_environment_scripts_only(interbotix_xs_sdk)
[7.212s] Level 1:colcon.colcon_core.environment:checking '/home/wellyowo/locobot_sim/locobot_ws/src/install/interbotix_xs_sdk' for CMake module files
[7.213s] Level 1:colcon.colcon_core.environment:checking '/home/wellyowo/locobot_sim/locobot_ws/src/install/interbotix_xs_sdk' for CMake config files
[7.214s] Level 1:colcon.colcon_core.environment:checking '/home/wellyowo/locobot_sim/locobot_ws/src/install/interbotix_xs_sdk/bin'
[7.214s] Level 1:colcon.colcon_core.environment:checking '/home/wellyowo/locobot_sim/locobot_ws/src/install/interbotix_xs_sdk/lib/pkgconfig/interbotix_xs_sdk.pc'
[7.215s] Level 1:colcon.colcon_core.environment:checking '/home/wellyowo/locobot_sim/locobot_ws/src/install/interbotix_xs_sdk/lib/python3.10/site-packages'
[7.220s] Level 1:colcon.colcon_core.environment:checking '/home/wellyowo/locobot_sim/locobot_ws/src/install/interbotix_xs_sdk/bin'
[7.222s] INFO:colcon.colcon_core.shell:Creating package script '/home/wellyowo/locobot_sim/locobot_ws/src/install/interbotix_xs_sdk/share/interbotix_xs_sdk/package.ps1'
[7.233s] INFO:colcon.colcon_core.shell:Creating package descriptor '/home/wellyowo/locobot_sim/locobot_ws/src/install/interbotix_xs_sdk/share/interbotix_xs_sdk/package.dsv'
[7.238s] INFO:colcon.colcon_core.shell:Creating package script '/home/wellyowo/locobot_sim/locobot_ws/src/install/interbotix_xs_sdk/share/interbotix_xs_sdk/package.sh'
[7.244s] INFO:colcon.colcon_core.shell:Creating package script '/home/wellyowo/locobot_sim/locobot_ws/src/install/interbotix_xs_sdk/share/interbotix_xs_sdk/package.bash'
[7.249s] INFO:colcon.colcon_core.shell:Creating package script '/home/wellyowo/locobot_sim/locobot_ws/src/install/interbotix_xs_sdk/share/interbotix_xs_sdk/package.zsh'
[7.255s] Level 1:colcon.colcon_core.environment:create_file_with_runtime_dependencies(/home/wellyowo/locobot_sim/locobot_ws/src/install/interbotix_xs_sdk/share/colcon-core/packages/interbotix_xs_sdk)
[17.887s] DEBUG:colcon.colcon_parallel_executor.executor.parallel:run_until_complete was interrupted
[17.889s] DEBUG:colcon.colcon_parallel_executor.executor.parallel:run_until_complete again
[18.001s] DEBUG:colcon.colcon_parallel_executor.executor.parallel:run_until_complete finished
[18.001s] DEBUG:colcon.colcon_parallel_executor.executor.parallel:closing loop
[18.001s] DEBUG:colcon.colcon_parallel_executor.executor.parallel:loop closed
[18.001s] DEBUG:colcon.colcon_core.event_reactor:joining thread
[18.006s] INFO:colcon.colcon_core.plugin_system:Skipping extension 'colcon_notification.desktop_notification.notify_send': Could not find 'notify-send'
[18.006s] INFO:colcon.colcon_core.plugin_system:Skipping extension 'colcon_notification.desktop_notification.terminal_notifier': Not used on non-Darwin systems
[18.006s] INFO:colcon.colcon_core.plugin_system:Skipping extension 'colcon_notification.desktop_notification.win32': Not used on non-Windows systems
[18.006s] INFO:colcon.colcon_notification.desktop_notification:Sending desktop notification using 'notify2'
[18.008s] DEBUG:colcon.colcon_notification.desktop_notification.notify2:Failed to initialize notify2: org.freedesktop.DBus.Error.Spawn.ExecFailed: /usr/bin/dbus-launch terminated abnormally without any error message
[18.009s] DEBUG:colcon.colcon_core.event_reactor:joined thread
[18.009s] INFO:colcon.colcon_core.shell:Creating prefix script '/home/wellyowo/locobot_sim/locobot_ws/src/install/local_setup.ps1'
[18.010s] INFO:colcon.colcon_core.shell:Creating prefix util module '/home/wellyowo/locobot_sim/locobot_ws/src/install/_local_setup_util_ps1.py'
[18.011s] INFO:colcon.colcon_core.shell:Creating prefix chain script '/home/wellyowo/locobot_sim/locobot_ws/src/install/setup.ps1'
[18.012s] INFO:colcon.colcon_core.shell:Creating prefix script '/home/wellyowo/locobot_sim/locobot_ws/src/install/local_setup.sh'
[18.012s] INFO:colcon.colcon_core.shell:Creating prefix util module '/home/wellyowo/locobot_sim/locobot_ws/src/install/_local_setup_util_sh.py'
[18.013s] INFO:colcon.colcon_core.shell:Creating prefix chain script '/home/wellyowo/locobot_sim/locobot_ws/src/install/setup.sh'
[18.013s] INFO:colcon.colcon_core.shell:Creating prefix script '/home/wellyowo/locobot_sim/locobot_ws/src/install/local_setup.bash'
[18.014s] INFO:colcon.colcon_core.shell:Creating prefix chain script '/home/wellyowo/locobot_sim/locobot_ws/src/install/setup.bash'
[18.014s] INFO:colcon.colcon_core.shell:Creating prefix script '/home/wellyowo/locobot_sim/locobot_ws/src/install/local_setup.zsh'
[18.014s] INFO:colcon.colcon_core.shell:Creating prefix chain script '/home/wellyowo/locobot_sim/locobot_ws/src/install/setup.zsh'
