[0.062s] DEBUG:colcon:Command line arguments: ['/usr/bin/colcon', 'build']
[0.062s] DEBUG:colcon:Parsed command line arguments: Namespace(log_base=None, log_level=None, verb_name='build', build_base='build', install_base='install', merge_install=False, symlink_install=False, test_result_base=None, continue_on_error=False, executor='parallel', parallel_workers=16, event_handlers=None, ignore_user_meta=False, metas=['./colcon.meta'], base_paths=['.'], packages_ignore=None, packages_ignore_regex=None, paths=None, packages_up_to=None, packages_up_to_regex=None, packages_above=None, packages_above_and_dependencies=None, packages_above_depth=None, packages_select_by_dep=None, packages_skip_by_dep=None, packages_skip_up_to=None, packages_select_build_failed=False, packages_skip_build_finished=False, packages_select_test_failures=False, packages_skip_test_passed=False, packages_select=None, packages_skip=None, packages_select_regex=None, packages_skip_regex=None, packages_start=None, packages_end=None, cmake_args=None, cmake_target=None, cmake_target_skip_unavailable=False, cmake_clean_cache=False, cmake_clean_first=False, cmake_force_configure=False, ament_cmake_args=None, catkin_cmake_args=None, catkin_skip_building_tests=False, mixin_files=None, mixin=None, verb_parser=<colcon_mixin.mixin.mixin_argument.MixinArgumentDecorator object at 0x7d1316fd8a60>, verb_extension=<colcon_core.verb.build.BuildVerb object at 0x7d1316fd84f0>, main=<bound method BuildVerb.main of <colcon_core.verb.build.BuildVerb object at 0x7d1316fd84f0>>, mixin_verb=('build',))
[0.148s] Level 1:colcon.colcon_core.package_discovery:discover_packages(colcon_meta) check parameters
[0.149s] Level 1:colcon.colcon_core.package_discovery:discover_packages(recursive) check parameters
[0.149s] Level 1:colcon.colcon_core.package_discovery:discover_packages(ignore) check parameters
[0.149s] Level 1:colcon.colcon_core.package_discovery:discover_packages(path) check parameters
[0.149s] Level 1:colcon.colcon_core.package_discovery:discover_packages(colcon_meta) discover
[0.149s] Level 1:colcon.colcon_core.package_discovery:discover_packages(recursive) discover
[0.149s] INFO:colcon.colcon_core.package_discovery:Crawling recursively for packages in '/home/wellyowo/locobot_sim/locobot_ws/src'
[0.149s] Level 1:colcon.colcon_core.package_identification:_identify(.) by extensions ['ignore', 'ignore_ament_install']
[0.149s] Level 1:colcon.colcon_core.package_identification:_identify(.) by extension 'ignore'
[0.149s] Level 1:colcon.colcon_core.package_identification:_identify(.) by extension 'ignore_ament_install'
[0.149s] Level 1:colcon.colcon_core.package_identification:_identify(.) by extensions ['colcon_pkg']
[0.149s] Level 1:colcon.colcon_core.package_identification:_identify(.) by extension 'colcon_pkg'
[0.149s] Level 1:colcon.colcon_core.package_identification:_identify(.) by extensions ['colcon_meta']
[0.149s] Level 1:colcon.colcon_core.package_identification:_identify(.) by extension 'colcon_meta'
[0.149s] Level 1:colcon.colcon_core.package_identification:_identify(.) by extensions ['ros']
[0.149s] Level 1:colcon.colcon_core.package_identification:_identify(.) by extension 'ros'
[0.156s] Level 1:colcon.colcon_core.package_identification:_identify(.) by extensions ['cmake', 'python']
[0.156s] Level 1:colcon.colcon_core.package_identification:_identify(.) by extension 'cmake'
[0.156s] Level 1:colcon.colcon_core.package_identification:_identify(.) by extension 'python'
[0.156s] Level 1:colcon.colcon_core.package_identification:_identify(.) by extensions ['python_setup_py']
[0.156s] Level 1:colcon.colcon_core.package_identification:_identify(.) by extension 'python_setup_py'
[0.156s] Level 1:colcon.colcon_core.package_identification:_identify(ThirdParty) by extensions ['ignore', 'ignore_ament_install']
[0.156s] Level 1:colcon.colcon_core.package_identification:_identify(ThirdParty) by extension 'ignore'
[0.156s] Level 1:colcon.colcon_core.package_identification:_identify(ThirdParty) by extension 'ignore_ament_install'
[0.156s] Level 1:colcon.colcon_core.package_identification:_identify(ThirdParty) by extensions ['colcon_pkg']
[0.156s] Level 1:colcon.colcon_core.package_identification:_identify(ThirdParty) by extension 'colcon_pkg'
[0.156s] Level 1:colcon.colcon_core.package_identification:_identify(ThirdParty) by extensions ['colcon_meta']
[0.156s] Level 1:colcon.colcon_core.package_identification:_identify(ThirdParty) by extension 'colcon_meta'
[0.156s] Level 1:colcon.colcon_core.package_identification:_identify(ThirdParty) by extensions ['ros']
[0.156s] Level 1:colcon.colcon_core.package_identification:_identify(ThirdParty) by extension 'ros'
[0.156s] Level 1:colcon.colcon_core.package_identification:_identify(ThirdParty) by extensions ['cmake', 'python']
[0.156s] Level 1:colcon.colcon_core.package_identification:_identify(ThirdParty) by extension 'cmake'
[0.156s] Level 1:colcon.colcon_core.package_identification:_identify(ThirdParty) by extension 'python'
[0.156s] Level 1:colcon.colcon_core.package_identification:_identify(ThirdParty) by extensions ['python_setup_py']
[0.156s] Level 1:colcon.colcon_core.package_identification:_identify(ThirdParty) by extension 'python_setup_py'
[0.156s] Level 1:colcon.colcon_core.package_identification:_identify(ThirdParty/aws-robomaker-bookstore-world) by extensions ['ignore', 'ignore_ament_install']
[0.156s] Level 1:colcon.colcon_core.package_identification:_identify(ThirdParty/aws-robomaker-bookstore-world) by extension 'ignore'
[0.157s] Level 1:colcon.colcon_core.package_identification:_identify(ThirdParty/aws-robomaker-bookstore-world) by extension 'ignore_ament_install'
[0.157s] Level 1:colcon.colcon_core.package_identification:_identify(ThirdParty/aws-robomaker-bookstore-world) by extensions ['colcon_pkg']
[0.157s] Level 1:colcon.colcon_core.package_identification:_identify(ThirdParty/aws-robomaker-bookstore-world) by extension 'colcon_pkg'
[0.157s] Level 1:colcon.colcon_core.package_identification:_identify(ThirdParty/aws-robomaker-bookstore-world) by extensions ['colcon_meta']
[0.157s] Level 1:colcon.colcon_core.package_identification:_identify(ThirdParty/aws-robomaker-bookstore-world) by extension 'colcon_meta'
[0.157s] Level 1:colcon.colcon_core.package_identification:_identify(ThirdParty/aws-robomaker-bookstore-world) by extensions ['ros']
[0.157s] Level 1:colcon.colcon_core.package_identification:_identify(ThirdParty/aws-robomaker-bookstore-world) by extension 'ros'
[0.158s] DEBUG:colcon.colcon_core.package_identification:Package 'ThirdParty/aws-robomaker-bookstore-world' with type 'ros.ament_cmake' and name 'aws_robomaker_bookstore_world'
[0.158s] Level 1:colcon.colcon_core.package_identification:_identify(ThirdParty/aws-robomaker-racetrack-world) by extensions ['ignore', 'ignore_ament_install']
[0.158s] Level 1:colcon.colcon_core.package_identification:_identify(ThirdParty/aws-robomaker-racetrack-world) by extension 'ignore'
[0.158s] Level 1:colcon.colcon_core.package_identification:_identify(ThirdParty/aws-robomaker-racetrack-world) by extension 'ignore_ament_install'
[0.158s] Level 1:colcon.colcon_core.package_identification:_identify(ThirdParty/aws-robomaker-racetrack-world) by extensions ['colcon_pkg']
[0.158s] Level 1:colcon.colcon_core.package_identification:_identify(ThirdParty/aws-robomaker-racetrack-world) by extension 'colcon_pkg'
[0.158s] Level 1:colcon.colcon_core.package_identification:_identify(ThirdParty/aws-robomaker-racetrack-world) by extensions ['colcon_meta']
[0.158s] Level 1:colcon.colcon_core.package_identification:_identify(ThirdParty/aws-robomaker-racetrack-world) by extension 'colcon_meta'
[0.158s] Level 1:colcon.colcon_core.package_identification:_identify(ThirdParty/aws-robomaker-racetrack-world) by extensions ['ros']
[0.158s] Level 1:colcon.colcon_core.package_identification:_identify(ThirdParty/aws-robomaker-racetrack-world) by extension 'ros'
[0.159s] DEBUG:colcon.colcon_core.package_identification:Package 'ThirdParty/aws-robomaker-racetrack-world' with type 'ros.ament_cmake' and name 'aws_robomaker_racetrack_world'
[0.159s] Level 1:colcon.colcon_core.package_identification:_identify(ThirdParty/aws-robomaker-small-house-world) by extensions ['ignore', 'ignore_ament_install']
[0.159s] Level 1:colcon.colcon_core.package_identification:_identify(ThirdParty/aws-robomaker-small-house-world) by extension 'ignore'
[0.159s] Level 1:colcon.colcon_core.package_identification:_identify(ThirdParty/aws-robomaker-small-house-world) by extension 'ignore_ament_install'
[0.159s] Level 1:colcon.colcon_core.package_identification:_identify(ThirdParty/aws-robomaker-small-house-world) by extensions ['colcon_pkg']
[0.159s] Level 1:colcon.colcon_core.package_identification:_identify(ThirdParty/aws-robomaker-small-house-world) by extension 'colcon_pkg'
[0.159s] Level 1:colcon.colcon_core.package_identification:_identify(ThirdParty/aws-robomaker-small-house-world) by extensions ['colcon_meta']
[0.159s] Level 1:colcon.colcon_core.package_identification:_identify(ThirdParty/aws-robomaker-small-house-world) by extension 'colcon_meta'
[0.159s] Level 1:colcon.colcon_core.package_identification:_identify(ThirdParty/aws-robomaker-small-house-world) by extensions ['ros']
[0.159s] Level 1:colcon.colcon_core.package_identification:_identify(ThirdParty/aws-robomaker-small-house-world) by extension 'ros'
[0.159s] DEBUG:colcon.colcon_core.package_identification:Package 'ThirdParty/aws-robomaker-small-house-world' with type 'ros.ament_cmake' and name 'aws_robomaker_small_house_world'
[0.159s] Level 1:colcon.colcon_core.package_identification:_identify(ThirdParty/aws-robomaker-small-warehouse-world) by extensions ['ignore', 'ignore_ament_install']
[0.159s] Level 1:colcon.colcon_core.package_identification:_identify(ThirdParty/aws-robomaker-small-warehouse-world) by extension 'ignore'
[0.159s] Level 1:colcon.colcon_core.package_identification:_identify(ThirdParty/aws-robomaker-small-warehouse-world) by extension 'ignore_ament_install'
[0.160s] Level 1:colcon.colcon_core.package_identification:_identify(ThirdParty/aws-robomaker-small-warehouse-world) by extensions ['colcon_pkg']
[0.160s] Level 1:colcon.colcon_core.package_identification:_identify(ThirdParty/aws-robomaker-small-warehouse-world) by extension 'colcon_pkg'
[0.160s] Level 1:colcon.colcon_core.package_identification:_identify(ThirdParty/aws-robomaker-small-warehouse-world) by extensions ['colcon_meta']
[0.160s] Level 1:colcon.colcon_core.package_identification:_identify(ThirdParty/aws-robomaker-small-warehouse-world) by extension 'colcon_meta'
[0.160s] Level 1:colcon.colcon_core.package_identification:_identify(ThirdParty/aws-robomaker-small-warehouse-world) by extensions ['ros']
[0.160s] Level 1:colcon.colcon_core.package_identification:_identify(ThirdParty/aws-robomaker-small-warehouse-world) by extension 'ros'
[0.160s] DEBUG:colcon.colcon_core.package_identification:Package 'ThirdParty/aws-robomaker-small-warehouse-world' with type 'ros.ament_cmake' and name 'aws_robomaker_small_warehouse_world'
[0.160s] Level 1:colcon.colcon_core.package_identification:_identify(ThirdParty/ecl) by extensions ['ignore', 'ignore_ament_install']
[0.160s] Level 1:colcon.colcon_core.package_identification:_identify(ThirdParty/ecl) by extension 'ignore'
[0.160s] Level 1:colcon.colcon_core.package_identification:_identify(ThirdParty/ecl) by extension 'ignore_ament_install'
[0.160s] Level 1:colcon.colcon_core.package_identification:_identify(ThirdParty/ecl) by extensions ['colcon_pkg']
[0.160s] Level 1:colcon.colcon_core.package_identification:_identify(ThirdParty/ecl) by extension 'colcon_pkg'
[0.160s] Level 1:colcon.colcon_core.package_identification:_identify(ThirdParty/ecl) by extensions ['colcon_meta']
[0.160s] Level 1:colcon.colcon_core.package_identification:_identify(ThirdParty/ecl) by extension 'colcon_meta'
[0.160s] Level 1:colcon.colcon_core.package_identification:_identify(ThirdParty/ecl) by extensions ['ros']
[0.160s] Level 1:colcon.colcon_core.package_identification:_identify(ThirdParty/ecl) by extension 'ros'
[0.160s] Level 1:colcon.colcon_core.package_identification:_identify(ThirdParty/ecl) by extensions ['cmake', 'python']
[0.160s] Level 1:colcon.colcon_core.package_identification:_identify(ThirdParty/ecl) by extension 'cmake'
[0.160s] Level 1:colcon.colcon_core.package_identification:_identify(ThirdParty/ecl) by extension 'python'
[0.160s] Level 1:colcon.colcon_core.package_identification:_identify(ThirdParty/ecl) by extensions ['python_setup_py']
[0.160s] Level 1:colcon.colcon_core.package_identification:_identify(ThirdParty/ecl) by extension 'python_setup_py'
[0.160s] Level 1:colcon.colcon_core.package_identification:_identify(ThirdParty/ecl/ecl_core) by extensions ['ignore', 'ignore_ament_install']
[0.160s] Level 1:colcon.colcon_core.package_identification:_identify(ThirdParty/ecl/ecl_core) by extension 'ignore'
[0.160s] Level 1:colcon.colcon_core.package_identification:_identify(ThirdParty/ecl/ecl_core) by extension 'ignore_ament_install'
[0.160s] Level 1:colcon.colcon_core.package_identification:_identify(ThirdParty/ecl/ecl_core) by extensions ['colcon_pkg']
[0.161s] Level 1:colcon.colcon_core.package_identification:_identify(ThirdParty/ecl/ecl_core) by extension 'colcon_pkg'
[0.161s] Level 1:colcon.colcon_core.package_identification:_identify(ThirdParty/ecl/ecl_core) by extensions ['colcon_meta']
[0.161s] Level 1:colcon.colcon_core.package_identification:_identify(ThirdParty/ecl/ecl_core) by extension 'colcon_meta'
[0.161s] Level 1:colcon.colcon_core.package_identification:_identify(ThirdParty/ecl/ecl_core) by extensions ['ros']
[0.161s] Level 1:colcon.colcon_core.package_identification:_identify(ThirdParty/ecl/ecl_core) by extension 'ros'
[0.161s] Level 1:colcon.colcon_core.package_identification:_identify(ThirdParty/ecl/ecl_core) by extensions ['cmake', 'python']
[0.161s] Level 1:colcon.colcon_core.package_identification:_identify(ThirdParty/ecl/ecl_core) by extension 'cmake'
[0.161s] Level 1:colcon.colcon_core.package_identification:_identify(ThirdParty/ecl/ecl_core) by extension 'python'
[0.161s] Level 1:colcon.colcon_core.package_identification:_identify(ThirdParty/ecl/ecl_core) by extensions ['python_setup_py']
[0.161s] Level 1:colcon.colcon_core.package_identification:_identify(ThirdParty/ecl/ecl_core) by extension 'python_setup_py'
[0.161s] Level 1:colcon.colcon_core.package_identification:_identify(ThirdParty/ecl/ecl_core/ecl_command_line) by extensions ['ignore', 'ignore_ament_install']
[0.161s] Level 1:colcon.colcon_core.package_identification:_identify(ThirdParty/ecl/ecl_core/ecl_command_line) by extension 'ignore'
[0.161s] Level 1:colcon.colcon_core.package_identification:_identify(ThirdParty/ecl/ecl_core/ecl_command_line) by extension 'ignore_ament_install'
[0.161s] Level 1:colcon.colcon_core.package_identification:_identify(ThirdParty/ecl/ecl_core/ecl_command_line) by extensions ['colcon_pkg']
[0.161s] Level 1:colcon.colcon_core.package_identification:_identify(ThirdParty/ecl/ecl_core/ecl_command_line) by extension 'colcon_pkg'
[0.161s] Level 1:colcon.colcon_core.package_identification:_identify(ThirdParty/ecl/ecl_core/ecl_command_line) by extensions ['colcon_meta']
[0.161s] Level 1:colcon.colcon_core.package_identification:_identify(ThirdParty/ecl/ecl_core/ecl_command_line) by extension 'colcon_meta'
[0.161s] Level 1:colcon.colcon_core.package_identification:_identify(ThirdParty/ecl/ecl_core/ecl_command_line) by extensions ['ros']
[0.161s] Level 1:colcon.colcon_core.package_identification:_identify(ThirdParty/ecl/ecl_core/ecl_command_line) by extension 'ros'
[0.161s] DEBUG:colcon.colcon_core.package_identification:Package 'ThirdParty/ecl/ecl_core/ecl_command_line' with type 'ros.ament_cmake' and name 'ecl_command_line'
[0.161s] Level 1:colcon.colcon_core.package_identification:_identify(ThirdParty/ecl/ecl_core/ecl_concepts) by extensions ['ignore', 'ignore_ament_install']
[0.161s] Level 1:colcon.colcon_core.package_identification:_identify(ThirdParty/ecl/ecl_core/ecl_concepts) by extension 'ignore'
[0.161s] Level 1:colcon.colcon_core.package_identification:_identify(ThirdParty/ecl/ecl_core/ecl_concepts) by extension 'ignore_ament_install'
[0.161s] Level 1:colcon.colcon_core.package_identification:_identify(ThirdParty/ecl/ecl_core/ecl_concepts) by extensions ['colcon_pkg']
[0.161s] Level 1:colcon.colcon_core.package_identification:_identify(ThirdParty/ecl/ecl_core/ecl_concepts) by extension 'colcon_pkg'
[0.161s] Level 1:colcon.colcon_core.package_identification:_identify(ThirdParty/ecl/ecl_core/ecl_concepts) by extensions ['colcon_meta']
[0.162s] Level 1:colcon.colcon_core.package_identification:_identify(ThirdParty/ecl/ecl_core/ecl_concepts) by extension 'colcon_meta'
[0.162s] Level 1:colcon.colcon_core.package_identification:_identify(ThirdParty/ecl/ecl_core/ecl_concepts) by extensions ['ros']
[0.162s] Level 1:colcon.colcon_core.package_identification:_identify(ThirdParty/ecl/ecl_core/ecl_concepts) by extension 'ros'
[0.162s] DEBUG:colcon.colcon_core.package_identification:Package 'ThirdParty/ecl/ecl_core/ecl_concepts' with type 'ros.ament_cmake' and name 'ecl_concepts'
[0.162s] Level 1:colcon.colcon_core.package_identification:_identify(ThirdParty/ecl/ecl_core/ecl_containers) by extensions ['ignore', 'ignore_ament_install']
[0.162s] Level 1:colcon.colcon_core.package_identification:_identify(ThirdParty/ecl/ecl_core/ecl_containers) by extension 'ignore'
[0.162s] Level 1:colcon.colcon_core.package_identification:_identify(ThirdParty/ecl/ecl_core/ecl_containers) by extension 'ignore_ament_install'
[0.162s] Level 1:colcon.colcon_core.package_identification:_identify(ThirdParty/ecl/ecl_core/ecl_containers) by extensions ['colcon_pkg']
[0.162s] Level 1:colcon.colcon_core.package_identification:_identify(ThirdParty/ecl/ecl_core/ecl_containers) by extension 'colcon_pkg'
[0.162s] Level 1:colcon.colcon_core.package_identification:_identify(ThirdParty/ecl/ecl_core/ecl_containers) by extensions ['colcon_meta']
[0.162s] Level 1:colcon.colcon_core.package_identification:_identify(ThirdParty/ecl/ecl_core/ecl_containers) by extension 'colcon_meta'
[0.162s] Level 1:colcon.colcon_core.package_identification:_identify(ThirdParty/ecl/ecl_core/ecl_containers) by extensions ['ros']
[0.162s] Level 1:colcon.colcon_core.package_identification:_identify(ThirdParty/ecl/ecl_core/ecl_containers) by extension 'ros'
[0.163s] DEBUG:colcon.colcon_core.package_identification:Package 'ThirdParty/ecl/ecl_core/ecl_containers' with type 'ros.ament_cmake' and name 'ecl_containers'
[0.163s] Level 1:colcon.colcon_core.package_identification:_identify(ThirdParty/ecl/ecl_core/ecl_converters) by extensions ['ignore', 'ignore_ament_install']
[0.163s] Level 1:colcon.colcon_core.package_identification:_identify(ThirdParty/ecl/ecl_core/ecl_converters) by extension 'ignore'
[0.163s] Level 1:colcon.colcon_core.package_identification:_identify(ThirdParty/ecl/ecl_core/ecl_converters) by extension 'ignore_ament_install'
[0.163s] Level 1:colcon.colcon_core.package_identification:_identify(ThirdParty/ecl/ecl_core/ecl_converters) by extensions ['colcon_pkg']
[0.163s] Level 1:colcon.colcon_core.package_identification:_identify(ThirdParty/ecl/ecl_core/ecl_converters) by extension 'colcon_pkg'
[0.163s] Level 1:colcon.colcon_core.package_identification:_identify(ThirdParty/ecl/ecl_core/ecl_converters) by extensions ['colcon_meta']
[0.163s] Level 1:colcon.colcon_core.package_identification:_identify(ThirdParty/ecl/ecl_core/ecl_converters) by extension 'colcon_meta'
[0.163s] Level 1:colcon.colcon_core.package_identification:_identify(ThirdParty/ecl/ecl_core/ecl_converters) by extensions ['ros']
[0.163s] Level 1:colcon.colcon_core.package_identification:_identify(ThirdParty/ecl/ecl_core/ecl_converters) by extension 'ros'
[0.163s] DEBUG:colcon.colcon_core.package_identification:Package 'ThirdParty/ecl/ecl_core/ecl_converters' with type 'ros.ament_cmake' and name 'ecl_converters'
[0.163s] Level 1:colcon.colcon_core.package_identification:_identify(ThirdParty/ecl/ecl_core/ecl_core) by extensions ['ignore', 'ignore_ament_install']
[0.164s] Level 1:colcon.colcon_core.package_identification:_identify(ThirdParty/ecl/ecl_core/ecl_core) by extension 'ignore'
[0.164s] Level 1:colcon.colcon_core.package_identification:_identify(ThirdParty/ecl/ecl_core/ecl_core) by extension 'ignore_ament_install'
[0.164s] Level 1:colcon.colcon_core.package_identification:_identify(ThirdParty/ecl/ecl_core/ecl_core) by extensions ['colcon_pkg']
[0.164s] Level 1:colcon.colcon_core.package_identification:_identify(ThirdParty/ecl/ecl_core/ecl_core) by extension 'colcon_pkg'
[0.164s] Level 1:colcon.colcon_core.package_identification:_identify(ThirdParty/ecl/ecl_core/ecl_core) by extensions ['colcon_meta']
[0.164s] Level 1:colcon.colcon_core.package_identification:_identify(ThirdParty/ecl/ecl_core/ecl_core) by extension 'colcon_meta'
[0.164s] Level 1:colcon.colcon_core.package_identification:_identify(ThirdParty/ecl/ecl_core/ecl_core) by extensions ['ros']
[0.164s] Level 1:colcon.colcon_core.package_identification:_identify(ThirdParty/ecl/ecl_core/ecl_core) by extension 'ros'
[0.164s] DEBUG:colcon.colcon_core.package_identification:Package 'ThirdParty/ecl/ecl_core/ecl_core' with type 'ros.ament_cmake' and name 'ecl_core'
[0.164s] Level 1:colcon.colcon_core.package_identification:_identify(ThirdParty/ecl/ecl_core/ecl_core_apps) by extensions ['ignore', 'ignore_ament_install']
[0.164s] Level 1:colcon.colcon_core.package_identification:_identify(ThirdParty/ecl/ecl_core/ecl_core_apps) by extension 'ignore'
[0.164s] Level 1:colcon.colcon_core.package_identification:_identify(ThirdParty/ecl/ecl_core/ecl_core_apps) by extension 'ignore_ament_install'
[0.164s] Level 1:colcon.colcon_core.package_identification:_identify(ThirdParty/ecl/ecl_core/ecl_core_apps) by extensions ['colcon_pkg']
[0.164s] Level 1:colcon.colcon_core.package_identification:_identify(ThirdParty/ecl/ecl_core/ecl_core_apps) by extension 'colcon_pkg'
[0.164s] Level 1:colcon.colcon_core.package_identification:_identify(ThirdParty/ecl/ecl_core/ecl_core_apps) by extensions ['colcon_meta']
[0.164s] Level 1:colcon.colcon_core.package_identification:_identify(ThirdParty/ecl/ecl_core/ecl_core_apps) by extension 'colcon_meta'
[0.164s] Level 1:colcon.colcon_core.package_identification:_identify(ThirdParty/ecl/ecl_core/ecl_core_apps) by extensions ['ros']
[0.165s] Level 1:colcon.colcon_core.package_identification:_identify(ThirdParty/ecl/ecl_core/ecl_core_apps) by extension 'ros'
[0.165s] DEBUG:colcon.colcon_core.package_identification:Package 'ThirdParty/ecl/ecl_core/ecl_core_apps' with type 'ros.ament_cmake' and name 'ecl_core_apps'
[0.165s] Level 1:colcon.colcon_core.package_identification:_identify(ThirdParty/ecl/ecl_core/ecl_devices) by extensions ['ignore', 'ignore_ament_install']
[0.165s] Level 1:colcon.colcon_core.package_identification:_identify(ThirdParty/ecl/ecl_core/ecl_devices) by extension 'ignore'
[0.165s] Level 1:colcon.colcon_core.package_identification:_identify(ThirdParty/ecl/ecl_core/ecl_devices) by extension 'ignore_ament_install'
[0.165s] Level 1:colcon.colcon_core.package_identification:_identify(ThirdParty/ecl/ecl_core/ecl_devices) by extensions ['colcon_pkg']
[0.165s] Level 1:colcon.colcon_core.package_identification:_identify(ThirdParty/ecl/ecl_core/ecl_devices) by extension 'colcon_pkg'
[0.165s] Level 1:colcon.colcon_core.package_identification:_identify(ThirdParty/ecl/ecl_core/ecl_devices) by extensions ['colcon_meta']
[0.165s] Level 1:colcon.colcon_core.package_identification:_identify(ThirdParty/ecl/ecl_core/ecl_devices) by extension 'colcon_meta'
[0.165s] Level 1:colcon.colcon_core.package_identification:_identify(ThirdParty/ecl/ecl_core/ecl_devices) by extensions ['ros']
[0.165s] Level 1:colcon.colcon_core.package_identification:_identify(ThirdParty/ecl/ecl_core/ecl_devices) by extension 'ros'
[0.166s] DEBUG:colcon.colcon_core.package_identification:Package 'ThirdParty/ecl/ecl_core/ecl_devices' with type 'ros.ament_cmake' and name 'ecl_devices'
[0.166s] Level 1:colcon.colcon_core.package_identification:_identify(ThirdParty/ecl/ecl_core/ecl_eigen) by extensions ['ignore', 'ignore_ament_install']
[0.166s] Level 1:colcon.colcon_core.package_identification:_identify(ThirdParty/ecl/ecl_core/ecl_eigen) by extension 'ignore'
[0.166s] Level 1:colcon.colcon_core.package_identification:_identify(ThirdParty/ecl/ecl_core/ecl_eigen) by extension 'ignore_ament_install'
[0.166s] Level 1:colcon.colcon_core.package_identification:_identify(ThirdParty/ecl/ecl_core/ecl_eigen) by extensions ['colcon_pkg']
[0.166s] Level 1:colcon.colcon_core.package_identification:_identify(ThirdParty/ecl/ecl_core/ecl_eigen) by extension 'colcon_pkg'
[0.166s] Level 1:colcon.colcon_core.package_identification:_identify(ThirdParty/ecl/ecl_core/ecl_eigen) by extensions ['colcon_meta']
[0.166s] Level 1:colcon.colcon_core.package_identification:_identify(ThirdParty/ecl/ecl_core/ecl_eigen) by extension 'colcon_meta'
[0.166s] Level 1:colcon.colcon_core.package_identification:_identify(ThirdParty/ecl/ecl_core/ecl_eigen) by extensions ['ros']
[0.166s] Level 1:colcon.colcon_core.package_identification:_identify(ThirdParty/ecl/ecl_core/ecl_eigen) by extension 'ros'
[0.166s] DEBUG:colcon.colcon_core.package_identification:Package 'ThirdParty/ecl/ecl_core/ecl_eigen' with type 'ros.ament_cmake' and name 'ecl_eigen'
[0.166s] Level 1:colcon.colcon_core.package_identification:_identify(ThirdParty/ecl/ecl_core/ecl_exceptions) by extensions ['ignore', 'ignore_ament_install']
[0.166s] Level 1:colcon.colcon_core.package_identification:_identify(ThirdParty/ecl/ecl_core/ecl_exceptions) by extension 'ignore'
[0.167s] Level 1:colcon.colcon_core.package_identification:_identify(ThirdParty/ecl/ecl_core/ecl_exceptions) by extension 'ignore_ament_install'
[0.167s] Level 1:colcon.colcon_core.package_identification:_identify(ThirdParty/ecl/ecl_core/ecl_exceptions) by extensions ['colcon_pkg']
[0.167s] Level 1:colcon.colcon_core.package_identification:_identify(ThirdParty/ecl/ecl_core/ecl_exceptions) by extension 'colcon_pkg'
[0.167s] Level 1:colcon.colcon_core.package_identification:_identify(ThirdParty/ecl/ecl_core/ecl_exceptions) by extensions ['colcon_meta']
[0.167s] Level 1:colcon.colcon_core.package_identification:_identify(ThirdParty/ecl/ecl_core/ecl_exceptions) by extension 'colcon_meta'
[0.167s] Level 1:colcon.colcon_core.package_identification:_identify(ThirdParty/ecl/ecl_core/ecl_exceptions) by extensions ['ros']
[0.167s] Level 1:colcon.colcon_core.package_identification:_identify(ThirdParty/ecl/ecl_core/ecl_exceptions) by extension 'ros'
[0.167s] DEBUG:colcon.colcon_core.package_identification:Package 'ThirdParty/ecl/ecl_core/ecl_exceptions' with type 'ros.ament_cmake' and name 'ecl_exceptions'
[0.167s] Level 1:colcon.colcon_core.package_identification:_identify(ThirdParty/ecl/ecl_core/ecl_filesystem) by extensions ['ignore', 'ignore_ament_install']
[0.167s] Level 1:colcon.colcon_core.package_identification:_identify(ThirdParty/ecl/ecl_core/ecl_filesystem) by extension 'ignore'
[0.167s] Level 1:colcon.colcon_core.package_identification:_identify(ThirdParty/ecl/ecl_core/ecl_filesystem) by extension 'ignore_ament_install'
[0.167s] Level 1:colcon.colcon_core.package_identification:_identify(ThirdParty/ecl/ecl_core/ecl_filesystem) by extensions ['colcon_pkg']
[0.167s] Level 1:colcon.colcon_core.package_identification:_identify(ThirdParty/ecl/ecl_core/ecl_filesystem) by extension 'colcon_pkg'
[0.167s] Level 1:colcon.colcon_core.package_identification:_identify(ThirdParty/ecl/ecl_core/ecl_filesystem) by extensions ['colcon_meta']
[0.167s] Level 1:colcon.colcon_core.package_identification:_identify(ThirdParty/ecl/ecl_core/ecl_filesystem) by extension 'colcon_meta'
[0.167s] Level 1:colcon.colcon_core.package_identification:_identify(ThirdParty/ecl/ecl_core/ecl_filesystem) by extensions ['ros']
[0.167s] Level 1:colcon.colcon_core.package_identification:_identify(ThirdParty/ecl/ecl_core/ecl_filesystem) by extension 'ros'
[0.168s] DEBUG:colcon.colcon_core.package_identification:Package 'ThirdParty/ecl/ecl_core/ecl_filesystem' with type 'ros.ament_cmake' and name 'ecl_filesystem'
[0.168s] Level 1:colcon.colcon_core.package_identification:_identify(ThirdParty/ecl/ecl_core/ecl_formatters) by extensions ['ignore', 'ignore_ament_install']
[0.168s] Level 1:colcon.colcon_core.package_identification:_identify(ThirdParty/ecl/ecl_core/ecl_formatters) by extension 'ignore'
[0.168s] Level 1:colcon.colcon_core.package_identification:_identify(ThirdParty/ecl/ecl_core/ecl_formatters) by extension 'ignore_ament_install'
[0.168s] Level 1:colcon.colcon_core.package_identification:_identify(ThirdParty/ecl/ecl_core/ecl_formatters) by extensions ['colcon_pkg']
[0.168s] Level 1:colcon.colcon_core.package_identification:_identify(ThirdParty/ecl/ecl_core/ecl_formatters) by extension 'colcon_pkg'
[0.168s] Level 1:colcon.colcon_core.package_identification:_identify(ThirdParty/ecl/ecl_core/ecl_formatters) by extensions ['colcon_meta']
[0.168s] Level 1:colcon.colcon_core.package_identification:_identify(ThirdParty/ecl/ecl_core/ecl_formatters) by extension 'colcon_meta'
[0.168s] Level 1:colcon.colcon_core.package_identification:_identify(ThirdParty/ecl/ecl_core/ecl_formatters) by extensions ['ros']
[0.168s] Level 1:colcon.colcon_core.package_identification:_identify(ThirdParty/ecl/ecl_core/ecl_formatters) by extension 'ros'
[0.168s] DEBUG:colcon.colcon_core.package_identification:Package 'ThirdParty/ecl/ecl_core/ecl_formatters' with type 'ros.ament_cmake' and name 'ecl_formatters'
[0.168s] Level 1:colcon.colcon_core.package_identification:_identify(ThirdParty/ecl/ecl_core/ecl_geometry) by extensions ['ignore', 'ignore_ament_install']
[0.168s] Level 1:colcon.colcon_core.package_identification:_identify(ThirdParty/ecl/ecl_core/ecl_geometry) by extension 'ignore'
[0.168s] Level 1:colcon.colcon_core.package_identification:_identify(ThirdParty/ecl/ecl_core/ecl_geometry) by extension 'ignore_ament_install'
[0.168s] Level 1:colcon.colcon_core.package_identification:_identify(ThirdParty/ecl/ecl_core/ecl_geometry) by extensions ['colcon_pkg']
[0.168s] Level 1:colcon.colcon_core.package_identification:_identify(ThirdParty/ecl/ecl_core/ecl_geometry) by extension 'colcon_pkg'
[0.168s] Level 1:colcon.colcon_core.package_identification:_identify(ThirdParty/ecl/ecl_core/ecl_geometry) by extensions ['colcon_meta']
[0.168s] Level 1:colcon.colcon_core.package_identification:_identify(ThirdParty/ecl/ecl_core/ecl_geometry) by extension 'colcon_meta'
[0.169s] Level 1:colcon.colcon_core.package_identification:_identify(ThirdParty/ecl/ecl_core/ecl_geometry) by extensions ['ros']
[0.169s] Level 1:colcon.colcon_core.package_identification:_identify(ThirdParty/ecl/ecl_core/ecl_geometry) by extension 'ros'
[0.169s] DEBUG:colcon.colcon_core.package_identification:Package 'ThirdParty/ecl/ecl_core/ecl_geometry' with type 'ros.ament_cmake' and name 'ecl_geometry'
[0.169s] Level 1:colcon.colcon_core.package_identification:_identify(ThirdParty/ecl/ecl_core/ecl_ipc) by extensions ['ignore', 'ignore_ament_install']
[0.169s] Level 1:colcon.colcon_core.package_identification:_identify(ThirdParty/ecl/ecl_core/ecl_ipc) by extension 'ignore'
[0.169s] Level 1:colcon.colcon_core.package_identification:_identify(ThirdParty/ecl/ecl_core/ecl_ipc) by extension 'ignore_ament_install'
[0.169s] Level 1:colcon.colcon_core.package_identification:_identify(ThirdParty/ecl/ecl_core/ecl_ipc) by extensions ['colcon_pkg']
[0.169s] Level 1:colcon.colcon_core.package_identification:_identify(ThirdParty/ecl/ecl_core/ecl_ipc) by extension 'colcon_pkg'
[0.169s] Level 1:colcon.colcon_core.package_identification:_identify(ThirdParty/ecl/ecl_core/ecl_ipc) by extensions ['colcon_meta']
[0.169s] Level 1:colcon.colcon_core.package_identification:_identify(ThirdParty/ecl/ecl_core/ecl_ipc) by extension 'colcon_meta'
[0.169s] Level 1:colcon.colcon_core.package_identification:_identify(ThirdParty/ecl/ecl_core/ecl_ipc) by extensions ['ros']
[0.169s] Level 1:colcon.colcon_core.package_identification:_identify(ThirdParty/ecl/ecl_core/ecl_ipc) by extension 'ros'
[0.170s] DEBUG:colcon.colcon_core.package_identification:Package 'ThirdParty/ecl/ecl_core/ecl_ipc' with type 'ros.ament_cmake' and name 'ecl_ipc'
[0.170s] Level 1:colcon.colcon_core.package_identification:_identify(ThirdParty/ecl/ecl_core/ecl_linear_algebra) by extensions ['ignore', 'ignore_ament_install']
[0.170s] Level 1:colcon.colcon_core.package_identification:_identify(ThirdParty/ecl/ecl_core/ecl_linear_algebra) by extension 'ignore'
[0.170s] Level 1:colcon.colcon_core.package_identification:_identify(ThirdParty/ecl/ecl_core/ecl_linear_algebra) by extension 'ignore_ament_install'
[0.170s] Level 1:colcon.colcon_core.package_identification:_identify(ThirdParty/ecl/ecl_core/ecl_linear_algebra) by extensions ['colcon_pkg']
[0.170s] Level 1:colcon.colcon_core.package_identification:_identify(ThirdParty/ecl/ecl_core/ecl_linear_algebra) by extension 'colcon_pkg'
[0.170s] Level 1:colcon.colcon_core.package_identification:_identify(ThirdParty/ecl/ecl_core/ecl_linear_algebra) by extensions ['colcon_meta']
[0.170s] Level 1:colcon.colcon_core.package_identification:_identify(ThirdParty/ecl/ecl_core/ecl_linear_algebra) by extension 'colcon_meta'
[0.170s] Level 1:colcon.colcon_core.package_identification:_identify(ThirdParty/ecl/ecl_core/ecl_linear_algebra) by extensions ['ros']
[0.170s] Level 1:colcon.colcon_core.package_identification:_identify(ThirdParty/ecl/ecl_core/ecl_linear_algebra) by extension 'ros'
[0.170s] DEBUG:colcon.colcon_core.package_identification:Package 'ThirdParty/ecl/ecl_core/ecl_linear_algebra' with type 'ros.ament_cmake' and name 'ecl_linear_algebra'
[0.171s] Level 1:colcon.colcon_core.package_identification:_identify(ThirdParty/ecl/ecl_core/ecl_manipulators) by extensions ['ignore', 'ignore_ament_install']
[0.171s] Level 1:colcon.colcon_core.package_identification:_identify(ThirdParty/ecl/ecl_core/ecl_manipulators) by extension 'ignore'
[0.171s] Level 1:colcon.colcon_core.package_identification:_identify(ThirdParty/ecl/ecl_core/ecl_manipulators) by extension 'ignore_ament_install'
[0.171s] Level 1:colcon.colcon_core.package_identification:_identify(ThirdParty/ecl/ecl_core/ecl_manipulators) by extensions ['colcon_pkg']
[0.171s] Level 1:colcon.colcon_core.package_identification:_identify(ThirdParty/ecl/ecl_core/ecl_manipulators) by extension 'colcon_pkg'
[0.171s] Level 1:colcon.colcon_core.package_identification:_identify(ThirdParty/ecl/ecl_core/ecl_manipulators) by extensions ['colcon_meta']
[0.171s] Level 1:colcon.colcon_core.package_identification:_identify(ThirdParty/ecl/ecl_core/ecl_manipulators) by extension 'colcon_meta'
[0.171s] Level 1:colcon.colcon_core.package_identification:_identify(ThirdParty/ecl/ecl_core/ecl_manipulators) by extensions ['ros']
[0.171s] Level 1:colcon.colcon_core.package_identification:_identify(ThirdParty/ecl/ecl_core/ecl_manipulators) by extension 'ros'
[0.171s] DEBUG:colcon.colcon_core.package_identification:Package 'ThirdParty/ecl/ecl_core/ecl_manipulators' with type 'ros.ament_cmake' and name 'ecl_manipulators'
[0.171s] Level 1:colcon.colcon_core.package_identification:_identify(ThirdParty/ecl/ecl_core/ecl_math) by extensions ['ignore', 'ignore_ament_install']
[0.171s] Level 1:colcon.colcon_core.package_identification:_identify(ThirdParty/ecl/ecl_core/ecl_math) by extension 'ignore'
[0.171s] Level 1:colcon.colcon_core.package_identification:_identify(ThirdParty/ecl/ecl_core/ecl_math) by extension 'ignore_ament_install'
[0.171s] Level 1:colcon.colcon_core.package_identification:_identify(ThirdParty/ecl/ecl_core/ecl_math) by extensions ['colcon_pkg']
[0.171s] Level 1:colcon.colcon_core.package_identification:_identify(ThirdParty/ecl/ecl_core/ecl_math) by extension 'colcon_pkg'
[0.171s] Level 1:colcon.colcon_core.package_identification:_identify(ThirdParty/ecl/ecl_core/ecl_math) by extensions ['colcon_meta']
[0.171s] Level 1:colcon.colcon_core.package_identification:_identify(ThirdParty/ecl/ecl_core/ecl_math) by extension 'colcon_meta'
[0.171s] Level 1:colcon.colcon_core.package_identification:_identify(ThirdParty/ecl/ecl_core/ecl_math) by extensions ['ros']
[0.171s] Level 1:colcon.colcon_core.package_identification:_identify(ThirdParty/ecl/ecl_core/ecl_math) by extension 'ros'
[0.172s] DEBUG:colcon.colcon_core.package_identification:Package 'ThirdParty/ecl/ecl_core/ecl_math' with type 'ros.ament_cmake' and name 'ecl_math'
[0.172s] Level 1:colcon.colcon_core.package_identification:_identify(ThirdParty/ecl/ecl_core/ecl_mobile_robot) by extensions ['ignore', 'ignore_ament_install']
[0.172s] Level 1:colcon.colcon_core.package_identification:_identify(ThirdParty/ecl/ecl_core/ecl_mobile_robot) by extension 'ignore'
[0.172s] Level 1:colcon.colcon_core.package_identification:_identify(ThirdParty/ecl/ecl_core/ecl_mobile_robot) by extension 'ignore_ament_install'
[0.172s] Level 1:colcon.colcon_core.package_identification:_identify(ThirdParty/ecl/ecl_core/ecl_mobile_robot) by extensions ['colcon_pkg']
[0.172s] Level 1:colcon.colcon_core.package_identification:_identify(ThirdParty/ecl/ecl_core/ecl_mobile_robot) by extension 'colcon_pkg'
[0.172s] Level 1:colcon.colcon_core.package_identification:_identify(ThirdParty/ecl/ecl_core/ecl_mobile_robot) by extensions ['colcon_meta']
[0.172s] Level 1:colcon.colcon_core.package_identification:_identify(ThirdParty/ecl/ecl_core/ecl_mobile_robot) by extension 'colcon_meta'
[0.172s] Level 1:colcon.colcon_core.package_identification:_identify(ThirdParty/ecl/ecl_core/ecl_mobile_robot) by extensions ['ros']
[0.172s] Level 1:colcon.colcon_core.package_identification:_identify(ThirdParty/ecl/ecl_core/ecl_mobile_robot) by extension 'ros'
[0.172s] DEBUG:colcon.colcon_core.package_identification:Package 'ThirdParty/ecl/ecl_core/ecl_mobile_robot' with type 'ros.ament_cmake' and name 'ecl_mobile_robot'
[0.173s] Level 1:colcon.colcon_core.package_identification:_identify(ThirdParty/ecl/ecl_core/ecl_mpl) by extensions ['ignore', 'ignore_ament_install']
[0.173s] Level 1:colcon.colcon_core.package_identification:_identify(ThirdParty/ecl/ecl_core/ecl_mpl) by extension 'ignore'
[0.173s] Level 1:colcon.colcon_core.package_identification:_identify(ThirdParty/ecl/ecl_core/ecl_mpl) by extension 'ignore_ament_install'
[0.173s] Level 1:colcon.colcon_core.package_identification:_identify(ThirdParty/ecl/ecl_core/ecl_mpl) by extensions ['colcon_pkg']
[0.173s] Level 1:colcon.colcon_core.package_identification:_identify(ThirdParty/ecl/ecl_core/ecl_mpl) by extension 'colcon_pkg'
[0.173s] Level 1:colcon.colcon_core.package_identification:_identify(ThirdParty/ecl/ecl_core/ecl_mpl) by extensions ['colcon_meta']
[0.173s] Level 1:colcon.colcon_core.package_identification:_identify(ThirdParty/ecl/ecl_core/ecl_mpl) by extension 'colcon_meta'
[0.173s] Level 1:colcon.colcon_core.package_identification:_identify(ThirdParty/ecl/ecl_core/ecl_mpl) by extensions ['ros']
[0.173s] Level 1:colcon.colcon_core.package_identification:_identify(ThirdParty/ecl/ecl_core/ecl_mpl) by extension 'ros'
[0.173s] DEBUG:colcon.colcon_core.package_identification:Package 'ThirdParty/ecl/ecl_core/ecl_mpl' with type 'ros.ament_cmake' and name 'ecl_mpl'
[0.173s] Level 1:colcon.colcon_core.package_identification:_identify(ThirdParty/ecl/ecl_core/ecl_sigslots) by extensions ['ignore', 'ignore_ament_install']
[0.173s] Level 1:colcon.colcon_core.package_identification:_identify(ThirdParty/ecl/ecl_core/ecl_sigslots) by extension 'ignore'
[0.173s] Level 1:colcon.colcon_core.package_identification:_identify(ThirdParty/ecl/ecl_core/ecl_sigslots) by extension 'ignore_ament_install'
[0.173s] Level 1:colcon.colcon_core.package_identification:_identify(ThirdParty/ecl/ecl_core/ecl_sigslots) by extensions ['colcon_pkg']
[0.173s] Level 1:colcon.colcon_core.package_identification:_identify(ThirdParty/ecl/ecl_core/ecl_sigslots) by extension 'colcon_pkg'
[0.173s] Level 1:colcon.colcon_core.package_identification:_identify(ThirdParty/ecl/ecl_core/ecl_sigslots) by extensions ['colcon_meta']
[0.173s] Level 1:colcon.colcon_core.package_identification:_identify(ThirdParty/ecl/ecl_core/ecl_sigslots) by extension 'colcon_meta'
[0.173s] Level 1:colcon.colcon_core.package_identification:_identify(ThirdParty/ecl/ecl_core/ecl_sigslots) by extensions ['ros']
[0.173s] Level 1:colcon.colcon_core.package_identification:_identify(ThirdParty/ecl/ecl_core/ecl_sigslots) by extension 'ros'
[0.174s] DEBUG:colcon.colcon_core.package_identification:Package 'ThirdParty/ecl/ecl_core/ecl_sigslots' with type 'ros.ament_cmake' and name 'ecl_sigslots'
[0.174s] Level 1:colcon.colcon_core.package_identification:_identify(ThirdParty/ecl/ecl_core/ecl_statistics) by extensions ['ignore', 'ignore_ament_install']
[0.174s] Level 1:colcon.colcon_core.package_identification:_identify(ThirdParty/ecl/ecl_core/ecl_statistics) by extension 'ignore'
[0.174s] Level 1:colcon.colcon_core.package_identification:_identify(ThirdParty/ecl/ecl_core/ecl_statistics) by extension 'ignore_ament_install'
[0.174s] Level 1:colcon.colcon_core.package_identification:_identify(ThirdParty/ecl/ecl_core/ecl_statistics) by extensions ['colcon_pkg']
[0.174s] Level 1:colcon.colcon_core.package_identification:_identify(ThirdParty/ecl/ecl_core/ecl_statistics) by extension 'colcon_pkg'
[0.174s] Level 1:colcon.colcon_core.package_identification:_identify(ThirdParty/ecl/ecl_core/ecl_statistics) by extensions ['colcon_meta']
[0.174s] Level 1:colcon.colcon_core.package_identification:_identify(ThirdParty/ecl/ecl_core/ecl_statistics) by extension 'colcon_meta'
[0.174s] Level 1:colcon.colcon_core.package_identification:_identify(ThirdParty/ecl/ecl_core/ecl_statistics) by extensions ['ros']
[0.174s] Level 1:colcon.colcon_core.package_identification:_identify(ThirdParty/ecl/ecl_core/ecl_statistics) by extension 'ros'
[0.174s] DEBUG:colcon.colcon_core.package_identification:Package 'ThirdParty/ecl/ecl_core/ecl_statistics' with type 'ros.ament_cmake' and name 'ecl_statistics'
[0.174s] Level 1:colcon.colcon_core.package_identification:_identify(ThirdParty/ecl/ecl_core/ecl_streams) by extensions ['ignore', 'ignore_ament_install']
[0.175s] Level 1:colcon.colcon_core.package_identification:_identify(ThirdParty/ecl/ecl_core/ecl_streams) by extension 'ignore'
[0.175s] Level 1:colcon.colcon_core.package_identification:_identify(ThirdParty/ecl/ecl_core/ecl_streams) by extension 'ignore_ament_install'
[0.175s] Level 1:colcon.colcon_core.package_identification:_identify(ThirdParty/ecl/ecl_core/ecl_streams) by extensions ['colcon_pkg']
[0.175s] Level 1:colcon.colcon_core.package_identification:_identify(ThirdParty/ecl/ecl_core/ecl_streams) by extension 'colcon_pkg'
[0.175s] Level 1:colcon.colcon_core.package_identification:_identify(ThirdParty/ecl/ecl_core/ecl_streams) by extensions ['colcon_meta']
[0.175s] Level 1:colcon.colcon_core.package_identification:_identify(ThirdParty/ecl/ecl_core/ecl_streams) by extension 'colcon_meta'
[0.175s] Level 1:colcon.colcon_core.package_identification:_identify(ThirdParty/ecl/ecl_core/ecl_streams) by extensions ['ros']
[0.175s] Level 1:colcon.colcon_core.package_identification:_identify(ThirdParty/ecl/ecl_core/ecl_streams) by extension 'ros'
[0.175s] DEBUG:colcon.colcon_core.package_identification:Package 'ThirdParty/ecl/ecl_core/ecl_streams' with type 'ros.ament_cmake' and name 'ecl_streams'
[0.175s] Level 1:colcon.colcon_core.package_identification:_identify(ThirdParty/ecl/ecl_core/ecl_threads) by extensions ['ignore', 'ignore_ament_install']
[0.175s] Level 1:colcon.colcon_core.package_identification:_identify(ThirdParty/ecl/ecl_core/ecl_threads) by extension 'ignore'
[0.175s] Level 1:colcon.colcon_core.package_identification:_identify(ThirdParty/ecl/ecl_core/ecl_threads) by extension 'ignore_ament_install'
[0.175s] Level 1:colcon.colcon_core.package_identification:_identify(ThirdParty/ecl/ecl_core/ecl_threads) by extensions ['colcon_pkg']
[0.175s] Level 1:colcon.colcon_core.package_identification:_identify(ThirdParty/ecl/ecl_core/ecl_threads) by extension 'colcon_pkg'
[0.175s] Level 1:colcon.colcon_core.package_identification:_identify(ThirdParty/ecl/ecl_core/ecl_threads) by extensions ['colcon_meta']
[0.175s] Level 1:colcon.colcon_core.package_identification:_identify(ThirdParty/ecl/ecl_core/ecl_threads) by extension 'colcon_meta'
[0.175s] Level 1:colcon.colcon_core.package_identification:_identify(ThirdParty/ecl/ecl_core/ecl_threads) by extensions ['ros']
[0.175s] Level 1:colcon.colcon_core.package_identification:_identify(ThirdParty/ecl/ecl_core/ecl_threads) by extension 'ros'
[0.176s] DEBUG:colcon.colcon_core.package_identification:Package 'ThirdParty/ecl/ecl_core/ecl_threads' with type 'ros.ament_cmake' and name 'ecl_threads'
[0.176s] Level 1:colcon.colcon_core.package_identification:_identify(ThirdParty/ecl/ecl_core/ecl_time) by extensions ['ignore', 'ignore_ament_install']
[0.176s] Level 1:colcon.colcon_core.package_identification:_identify(ThirdParty/ecl/ecl_core/ecl_time) by extension 'ignore'
[0.176s] Level 1:colcon.colcon_core.package_identification:_identify(ThirdParty/ecl/ecl_core/ecl_time) by extension 'ignore_ament_install'
[0.176s] Level 1:colcon.colcon_core.package_identification:_identify(ThirdParty/ecl/ecl_core/ecl_time) by extensions ['colcon_pkg']
[0.176s] Level 1:colcon.colcon_core.package_identification:_identify(ThirdParty/ecl/ecl_core/ecl_time) by extension 'colcon_pkg'
[0.176s] Level 1:colcon.colcon_core.package_identification:_identify(ThirdParty/ecl/ecl_core/ecl_time) by extensions ['colcon_meta']
[0.176s] Level 1:colcon.colcon_core.package_identification:_identify(ThirdParty/ecl/ecl_core/ecl_time) by extension 'colcon_meta'
[0.176s] Level 1:colcon.colcon_core.package_identification:_identify(ThirdParty/ecl/ecl_core/ecl_time) by extensions ['ros']
[0.176s] Level 1:colcon.colcon_core.package_identification:_identify(ThirdParty/ecl/ecl_core/ecl_time) by extension 'ros'
[0.177s] DEBUG:colcon.colcon_core.package_identification:Package 'ThirdParty/ecl/ecl_core/ecl_time' with type 'ros.ament_cmake' and name 'ecl_time'
[0.177s] Level 1:colcon.colcon_core.package_identification:_identify(ThirdParty/ecl/ecl_core/ecl_type_traits) by extensions ['ignore', 'ignore_ament_install']
[0.177s] Level 1:colcon.colcon_core.package_identification:_identify(ThirdParty/ecl/ecl_core/ecl_type_traits) by extension 'ignore'
[0.177s] Level 1:colcon.colcon_core.package_identification:_identify(ThirdParty/ecl/ecl_core/ecl_type_traits) by extension 'ignore_ament_install'
[0.177s] Level 1:colcon.colcon_core.package_identification:_identify(ThirdParty/ecl/ecl_core/ecl_type_traits) by extensions ['colcon_pkg']
[0.177s] Level 1:colcon.colcon_core.package_identification:_identify(ThirdParty/ecl/ecl_core/ecl_type_traits) by extension 'colcon_pkg'
[0.177s] Level 1:colcon.colcon_core.package_identification:_identify(ThirdParty/ecl/ecl_core/ecl_type_traits) by extensions ['colcon_meta']
[0.177s] Level 1:colcon.colcon_core.package_identification:_identify(ThirdParty/ecl/ecl_core/ecl_type_traits) by extension 'colcon_meta'
[0.177s] Level 1:colcon.colcon_core.package_identification:_identify(ThirdParty/ecl/ecl_core/ecl_type_traits) by extensions ['ros']
[0.177s] Level 1:colcon.colcon_core.package_identification:_identify(ThirdParty/ecl/ecl_core/ecl_type_traits) by extension 'ros'
[0.177s] DEBUG:colcon.colcon_core.package_identification:Package 'ThirdParty/ecl/ecl_core/ecl_type_traits' with type 'ros.ament_cmake' and name 'ecl_type_traits'
[0.177s] Level 1:colcon.colcon_core.package_identification:_identify(ThirdParty/ecl/ecl_core/ecl_utilities) by extensions ['ignore', 'ignore_ament_install']
[0.177s] Level 1:colcon.colcon_core.package_identification:_identify(ThirdParty/ecl/ecl_core/ecl_utilities) by extension 'ignore'
[0.177s] Level 1:colcon.colcon_core.package_identification:_identify(ThirdParty/ecl/ecl_core/ecl_utilities) by extension 'ignore_ament_install'
[0.177s] Level 1:colcon.colcon_core.package_identification:_identify(ThirdParty/ecl/ecl_core/ecl_utilities) by extensions ['colcon_pkg']
[0.177s] Level 1:colcon.colcon_core.package_identification:_identify(ThirdParty/ecl/ecl_core/ecl_utilities) by extension 'colcon_pkg'
[0.177s] Level 1:colcon.colcon_core.package_identification:_identify(ThirdParty/ecl/ecl_core/ecl_utilities) by extensions ['colcon_meta']
[0.177s] Level 1:colcon.colcon_core.package_identification:_identify(ThirdParty/ecl/ecl_core/ecl_utilities) by extension 'colcon_meta'
[0.177s] Level 1:colcon.colcon_core.package_identification:_identify(ThirdParty/ecl/ecl_core/ecl_utilities) by extensions ['ros']
[0.177s] Level 1:colcon.colcon_core.package_identification:_identify(ThirdParty/ecl/ecl_core/ecl_utilities) by extension 'ros'
[0.178s] DEBUG:colcon.colcon_core.package_identification:Package 'ThirdParty/ecl/ecl_core/ecl_utilities' with type 'ros.ament_cmake' and name 'ecl_utilities'
[0.178s] Level 1:colcon.colcon_core.package_identification:_identify(ThirdParty/ecl/ecl_lite) by extensions ['ignore', 'ignore_ament_install']
[0.178s] Level 1:colcon.colcon_core.package_identification:_identify(ThirdParty/ecl/ecl_lite) by extension 'ignore'
[0.178s] Level 1:colcon.colcon_core.package_identification:_identify(ThirdParty/ecl/ecl_lite) by extension 'ignore_ament_install'
[0.178s] Level 1:colcon.colcon_core.package_identification:_identify(ThirdParty/ecl/ecl_lite) by extensions ['colcon_pkg']
[0.178s] Level 1:colcon.colcon_core.package_identification:_identify(ThirdParty/ecl/ecl_lite) by extension 'colcon_pkg'
[0.178s] Level 1:colcon.colcon_core.package_identification:_identify(ThirdParty/ecl/ecl_lite) by extensions ['colcon_meta']
[0.178s] Level 1:colcon.colcon_core.package_identification:_identify(ThirdParty/ecl/ecl_lite) by extension 'colcon_meta'
[0.179s] Level 1:colcon.colcon_core.package_identification:_identify(ThirdParty/ecl/ecl_lite) by extensions ['ros']
[0.179s] Level 1:colcon.colcon_core.package_identification:_identify(ThirdParty/ecl/ecl_lite) by extension 'ros'
[0.179s] Level 1:colcon.colcon_core.package_identification:_identify(ThirdParty/ecl/ecl_lite) by extensions ['cmake', 'python']
[0.179s] Level 1:colcon.colcon_core.package_identification:_identify(ThirdParty/ecl/ecl_lite) by extension 'cmake'
[0.179s] Level 1:colcon.colcon_core.package_identification:_identify(ThirdParty/ecl/ecl_lite) by extension 'python'
[0.179s] Level 1:colcon.colcon_core.package_identification:_identify(ThirdParty/ecl/ecl_lite) by extensions ['python_setup_py']
[0.179s] Level 1:colcon.colcon_core.package_identification:_identify(ThirdParty/ecl/ecl_lite) by extension 'python_setup_py'
[0.179s] Level 1:colcon.colcon_core.package_identification:_identify(ThirdParty/ecl/ecl_lite/ecl_config) by extensions ['ignore', 'ignore_ament_install']
[0.179s] Level 1:colcon.colcon_core.package_identification:_identify(ThirdParty/ecl/ecl_lite/ecl_config) by extension 'ignore'
[0.179s] Level 1:colcon.colcon_core.package_identification:_identify(ThirdParty/ecl/ecl_lite/ecl_config) by extension 'ignore_ament_install'
[0.179s] Level 1:colcon.colcon_core.package_identification:_identify(ThirdParty/ecl/ecl_lite/ecl_config) by extensions ['colcon_pkg']
[0.179s] Level 1:colcon.colcon_core.package_identification:_identify(ThirdParty/ecl/ecl_lite/ecl_config) by extension 'colcon_pkg'
[0.179s] Level 1:colcon.colcon_core.package_identification:_identify(ThirdParty/ecl/ecl_lite/ecl_config) by extensions ['colcon_meta']
[0.179s] Level 1:colcon.colcon_core.package_identification:_identify(ThirdParty/ecl/ecl_lite/ecl_config) by extension 'colcon_meta'
[0.179s] Level 1:colcon.colcon_core.package_identification:_identify(ThirdParty/ecl/ecl_lite/ecl_config) by extensions ['ros']
[0.179s] Level 1:colcon.colcon_core.package_identification:_identify(ThirdParty/ecl/ecl_lite/ecl_config) by extension 'ros'
[0.179s] DEBUG:colcon.colcon_core.package_identification:Package 'ThirdParty/ecl/ecl_lite/ecl_config' with type 'ros.ament_cmake' and name 'ecl_config'
[0.179s] Level 1:colcon.colcon_core.package_identification:_identify(ThirdParty/ecl/ecl_lite/ecl_console) by extensions ['ignore', 'ignore_ament_install']
[0.179s] Level 1:colcon.colcon_core.package_identification:_identify(ThirdParty/ecl/ecl_lite/ecl_console) by extension 'ignore'
[0.179s] Level 1:colcon.colcon_core.package_identification:_identify(ThirdParty/ecl/ecl_lite/ecl_console) by extension 'ignore_ament_install'
[0.179s] Level 1:colcon.colcon_core.package_identification:_identify(ThirdParty/ecl/ecl_lite/ecl_console) by extensions ['colcon_pkg']
[0.179s] Level 1:colcon.colcon_core.package_identification:_identify(ThirdParty/ecl/ecl_lite/ecl_console) by extension 'colcon_pkg'
[0.179s] Level 1:colcon.colcon_core.package_identification:_identify(ThirdParty/ecl/ecl_lite/ecl_console) by extensions ['colcon_meta']
[0.179s] Level 1:colcon.colcon_core.package_identification:_identify(ThirdParty/ecl/ecl_lite/ecl_console) by extension 'colcon_meta'
[0.180s] Level 1:colcon.colcon_core.package_identification:_identify(ThirdParty/ecl/ecl_lite/ecl_console) by extensions ['ros']
[0.180s] Level 1:colcon.colcon_core.package_identification:_identify(ThirdParty/ecl/ecl_lite/ecl_console) by extension 'ros'
[0.180s] DEBUG:colcon.colcon_core.package_identification:Package 'ThirdParty/ecl/ecl_lite/ecl_console' with type 'ros.ament_cmake' and name 'ecl_console'
[0.180s] Level 1:colcon.colcon_core.package_identification:_identify(ThirdParty/ecl/ecl_lite/ecl_converters_lite) by extensions ['ignore', 'ignore_ament_install']
[0.180s] Level 1:colcon.colcon_core.package_identification:_identify(ThirdParty/ecl/ecl_lite/ecl_converters_lite) by extension 'ignore'
[0.180s] Level 1:colcon.colcon_core.package_identification:_identify(ThirdParty/ecl/ecl_lite/ecl_converters_lite) by extension 'ignore_ament_install'
[0.180s] Level 1:colcon.colcon_core.package_identification:_identify(ThirdParty/ecl/ecl_lite/ecl_converters_lite) by extensions ['colcon_pkg']
[0.180s] Level 1:colcon.colcon_core.package_identification:_identify(ThirdParty/ecl/ecl_lite/ecl_converters_lite) by extension 'colcon_pkg'
[0.180s] Level 1:colcon.colcon_core.package_identification:_identify(ThirdParty/ecl/ecl_lite/ecl_converters_lite) by extensions ['colcon_meta']
[0.180s] Level 1:colcon.colcon_core.package_identification:_identify(ThirdParty/ecl/ecl_lite/ecl_converters_lite) by extension 'colcon_meta'
[0.180s] Level 1:colcon.colcon_core.package_identification:_identify(ThirdParty/ecl/ecl_lite/ecl_converters_lite) by extensions ['ros']
[0.180s] Level 1:colcon.colcon_core.package_identification:_identify(ThirdParty/ecl/ecl_lite/ecl_converters_lite) by extension 'ros'
[0.180s] DEBUG:colcon.colcon_core.package_identification:Package 'ThirdParty/ecl/ecl_lite/ecl_converters_lite' with type 'ros.ament_cmake' and name 'ecl_converters_lite'
[0.180s] Level 1:colcon.colcon_core.package_identification:_identify(ThirdParty/ecl/ecl_lite/ecl_errors) by extensions ['ignore', 'ignore_ament_install']
[0.181s] Level 1:colcon.colcon_core.package_identification:_identify(ThirdParty/ecl/ecl_lite/ecl_errors) by extension 'ignore'
[0.181s] Level 1:colcon.colcon_core.package_identification:_identify(ThirdParty/ecl/ecl_lite/ecl_errors) by extension 'ignore_ament_install'
[0.181s] Level 1:colcon.colcon_core.package_identification:_identify(ThirdParty/ecl/ecl_lite/ecl_errors) by extensions ['colcon_pkg']
[0.181s] Level 1:colcon.colcon_core.package_identification:_identify(ThirdParty/ecl/ecl_lite/ecl_errors) by extension 'colcon_pkg'
[0.181s] Level 1:colcon.colcon_core.package_identification:_identify(ThirdParty/ecl/ecl_lite/ecl_errors) by extensions ['colcon_meta']
[0.181s] Level 1:colcon.colcon_core.package_identification:_identify(ThirdParty/ecl/ecl_lite/ecl_errors) by extension 'colcon_meta'
[0.181s] Level 1:colcon.colcon_core.package_identification:_identify(ThirdParty/ecl/ecl_lite/ecl_errors) by extensions ['ros']
[0.181s] Level 1:colcon.colcon_core.package_identification:_identify(ThirdParty/ecl/ecl_lite/ecl_errors) by extension 'ros'
[0.181s] DEBUG:colcon.colcon_core.package_identification:Package 'ThirdParty/ecl/ecl_lite/ecl_errors' with type 'ros.ament_cmake' and name 'ecl_errors'
[0.181s] Level 1:colcon.colcon_core.package_identification:_identify(ThirdParty/ecl/ecl_lite/ecl_io) by extensions ['ignore', 'ignore_ament_install']
[0.181s] Level 1:colcon.colcon_core.package_identification:_identify(ThirdParty/ecl/ecl_lite/ecl_io) by extension 'ignore'
[0.181s] Level 1:colcon.colcon_core.package_identification:_identify(ThirdParty/ecl/ecl_lite/ecl_io) by extension 'ignore_ament_install'
[0.181s] Level 1:colcon.colcon_core.package_identification:_identify(ThirdParty/ecl/ecl_lite/ecl_io) by extensions ['colcon_pkg']
[0.181s] Level 1:colcon.colcon_core.package_identification:_identify(ThirdParty/ecl/ecl_lite/ecl_io) by extension 'colcon_pkg'
[0.181s] Level 1:colcon.colcon_core.package_identification:_identify(ThirdParty/ecl/ecl_lite/ecl_io) by extensions ['colcon_meta']
[0.181s] Level 1:colcon.colcon_core.package_identification:_identify(ThirdParty/ecl/ecl_lite/ecl_io) by extension 'colcon_meta'
[0.181s] Level 1:colcon.colcon_core.package_identification:_identify(ThirdParty/ecl/ecl_lite/ecl_io) by extensions ['ros']
[0.181s] Level 1:colcon.colcon_core.package_identification:_identify(ThirdParty/ecl/ecl_lite/ecl_io) by extension 'ros'
[0.187s] DEBUG:colcon.colcon_core.package_identification:Package 'ThirdParty/ecl/ecl_lite/ecl_io' with type 'ros.ament_cmake' and name 'ecl_io'
[0.187s] Level 1:colcon.colcon_core.package_identification:_identify(ThirdParty/ecl/ecl_lite/ecl_lite) by extensions ['ignore', 'ignore_ament_install']
[0.187s] Level 1:colcon.colcon_core.package_identification:_identify(ThirdParty/ecl/ecl_lite/ecl_lite) by extension 'ignore'
[0.187s] Level 1:colcon.colcon_core.package_identification:_identify(ThirdParty/ecl/ecl_lite/ecl_lite) by extension 'ignore_ament_install'
[0.187s] Level 1:colcon.colcon_core.package_identification:_identify(ThirdParty/ecl/ecl_lite/ecl_lite) by extensions ['colcon_pkg']
[0.187s] Level 1:colcon.colcon_core.package_identification:_identify(ThirdParty/ecl/ecl_lite/ecl_lite) by extension 'colcon_pkg'
[0.187s] Level 1:colcon.colcon_core.package_identification:_identify(ThirdParty/ecl/ecl_lite/ecl_lite) by extensions ['colcon_meta']
[0.187s] Level 1:colcon.colcon_core.package_identification:_identify(ThirdParty/ecl/ecl_lite/ecl_lite) by extension 'colcon_meta'
[0.187s] Level 1:colcon.colcon_core.package_identification:_identify(ThirdParty/ecl/ecl_lite/ecl_lite) by extensions ['ros']
[0.187s] Level 1:colcon.colcon_core.package_identification:_identify(ThirdParty/ecl/ecl_lite/ecl_lite) by extension 'ros'
[0.188s] DEBUG:colcon.colcon_core.package_identification:Package 'ThirdParty/ecl/ecl_lite/ecl_lite' with type 'ros.ament_cmake' and name 'ecl_lite'
[0.188s] Level 1:colcon.colcon_core.package_identification:_identify(ThirdParty/ecl/ecl_lite/ecl_sigslots_lite) by extensions ['ignore', 'ignore_ament_install']
[0.188s] Level 1:colcon.colcon_core.package_identification:_identify(ThirdParty/ecl/ecl_lite/ecl_sigslots_lite) by extension 'ignore'
[0.188s] Level 1:colcon.colcon_core.package_identification:_identify(ThirdParty/ecl/ecl_lite/ecl_sigslots_lite) by extension 'ignore_ament_install'
[0.188s] Level 1:colcon.colcon_core.package_identification:_identify(ThirdParty/ecl/ecl_lite/ecl_sigslots_lite) by extensions ['colcon_pkg']
[0.188s] Level 1:colcon.colcon_core.package_identification:_identify(ThirdParty/ecl/ecl_lite/ecl_sigslots_lite) by extension 'colcon_pkg'
[0.188s] Level 1:colcon.colcon_core.package_identification:_identify(ThirdParty/ecl/ecl_lite/ecl_sigslots_lite) by extensions ['colcon_meta']
[0.188s] Level 1:colcon.colcon_core.package_identification:_identify(ThirdParty/ecl/ecl_lite/ecl_sigslots_lite) by extension 'colcon_meta'
[0.188s] Level 1:colcon.colcon_core.package_identification:_identify(ThirdParty/ecl/ecl_lite/ecl_sigslots_lite) by extensions ['ros']
[0.188s] Level 1:colcon.colcon_core.package_identification:_identify(ThirdParty/ecl/ecl_lite/ecl_sigslots_lite) by extension 'ros'
[0.188s] DEBUG:colcon.colcon_core.package_identification:Package 'ThirdParty/ecl/ecl_lite/ecl_sigslots_lite' with type 'ros.ament_cmake' and name 'ecl_sigslots_lite'
[0.188s] Level 1:colcon.colcon_core.package_identification:_identify(ThirdParty/ecl/ecl_lite/ecl_time_lite) by extensions ['ignore', 'ignore_ament_install']
[0.188s] Level 1:colcon.colcon_core.package_identification:_identify(ThirdParty/ecl/ecl_lite/ecl_time_lite) by extension 'ignore'
[0.188s] Level 1:colcon.colcon_core.package_identification:_identify(ThirdParty/ecl/ecl_lite/ecl_time_lite) by extension 'ignore_ament_install'
[0.188s] Level 1:colcon.colcon_core.package_identification:_identify(ThirdParty/ecl/ecl_lite/ecl_time_lite) by extensions ['colcon_pkg']
[0.188s] Level 1:colcon.colcon_core.package_identification:_identify(ThirdParty/ecl/ecl_lite/ecl_time_lite) by extension 'colcon_pkg'
[0.188s] Level 1:colcon.colcon_core.package_identification:_identify(ThirdParty/ecl/ecl_lite/ecl_time_lite) by extensions ['colcon_meta']
[0.188s] Level 1:colcon.colcon_core.package_identification:_identify(ThirdParty/ecl/ecl_lite/ecl_time_lite) by extension 'colcon_meta'
[0.188s] Level 1:colcon.colcon_core.package_identification:_identify(ThirdParty/ecl/ecl_lite/ecl_time_lite) by extensions ['ros']
[0.188s] Level 1:colcon.colcon_core.package_identification:_identify(ThirdParty/ecl/ecl_lite/ecl_time_lite) by extension 'ros'
[0.189s] DEBUG:colcon.colcon_core.package_identification:Package 'ThirdParty/ecl/ecl_lite/ecl_time_lite' with type 'ros.ament_cmake' and name 'ecl_time_lite'
[0.189s] Level 1:colcon.colcon_core.package_identification:_identify(ThirdParty/gazebo_plugins) by extensions ['ignore', 'ignore_ament_install']
[0.189s] Level 1:colcon.colcon_core.package_identification:_identify(ThirdParty/gazebo_plugins) by extension 'ignore'
[0.189s] Level 1:colcon.colcon_core.package_identification:_identify(ThirdParty/gazebo_plugins) by extension 'ignore_ament_install'
[0.189s] Level 1:colcon.colcon_core.package_identification:_identify(ThirdParty/gazebo_plugins) by extensions ['colcon_pkg']
[0.189s] Level 1:colcon.colcon_core.package_identification:_identify(ThirdParty/gazebo_plugins) by extension 'colcon_pkg'
[0.189s] Level 1:colcon.colcon_core.package_identification:_identify(ThirdParty/gazebo_plugins) by extensions ['colcon_meta']
[0.189s] Level 1:colcon.colcon_core.package_identification:_identify(ThirdParty/gazebo_plugins) by extension 'colcon_meta'
[0.189s] Level 1:colcon.colcon_core.package_identification:_identify(ThirdParty/gazebo_plugins) by extensions ['ros']
[0.189s] Level 1:colcon.colcon_core.package_identification:_identify(ThirdParty/gazebo_plugins) by extension 'ros'
[0.189s] Level 1:colcon.colcon_core.package_identification:_identify(ThirdParty/gazebo_plugins) by extensions ['cmake', 'python']
[0.189s] Level 1:colcon.colcon_core.package_identification:_identify(ThirdParty/gazebo_plugins) by extension 'cmake'
[0.189s] Level 1:colcon.colcon_core.package_identification:_identify(ThirdParty/gazebo_plugins) by extension 'python'
[0.189s] Level 1:colcon.colcon_core.package_identification:_identify(ThirdParty/gazebo_plugins) by extensions ['python_setup_py']
[0.189s] Level 1:colcon.colcon_core.package_identification:_identify(ThirdParty/gazebo_plugins) by extension 'python_setup_py'
[0.189s] Level 1:colcon.colcon_core.package_identification:_identify(ThirdParty/gazebo_plugins/gazebo_plugins) by extensions ['ignore', 'ignore_ament_install']
[0.189s] Level 1:colcon.colcon_core.package_identification:_identify(ThirdParty/gazebo_plugins/gazebo_plugins) by extension 'ignore'
[0.189s] Level 1:colcon.colcon_core.package_identification:_identify(ThirdParty/gazebo_plugins/gazebo_plugins) by extension 'ignore_ament_install'
[0.189s] Level 1:colcon.colcon_core.package_identification:_identify(ThirdParty/gazebo_plugins/gazebo_plugins) by extensions ['colcon_pkg']
[0.189s] Level 1:colcon.colcon_core.package_identification:_identify(ThirdParty/gazebo_plugins/gazebo_plugins) by extension 'colcon_pkg'
[0.190s] Level 1:colcon.colcon_core.package_identification:_identify(ThirdParty/gazebo_plugins/gazebo_plugins) by extensions ['colcon_meta']
[0.190s] Level 1:colcon.colcon_core.package_identification:_identify(ThirdParty/gazebo_plugins/gazebo_plugins) by extension 'colcon_meta'
[0.190s] Level 1:colcon.colcon_core.package_identification:_identify(ThirdParty/gazebo_plugins/gazebo_plugins) by extensions ['ros']
[0.190s] Level 1:colcon.colcon_core.package_identification:_identify(ThirdParty/gazebo_plugins/gazebo_plugins) by extension 'ros'
[0.191s] DEBUG:colcon.colcon_core.package_identification:Package 'ThirdParty/gazebo_plugins/gazebo_plugins' with type 'ros.ament_cmake' and name 'gazebo_plugins'
[0.191s] Level 1:colcon.colcon_core.package_identification:_identify(ThirdParty/kobuki_core) by extensions ['ignore', 'ignore_ament_install']
[0.191s] Level 1:colcon.colcon_core.package_identification:_identify(ThirdParty/kobuki_core) by extension 'ignore'
[0.191s] Level 1:colcon.colcon_core.package_identification:_identify(ThirdParty/kobuki_core) by extension 'ignore_ament_install'
[0.191s] Level 1:colcon.colcon_core.package_identification:_identify(ThirdParty/kobuki_core) by extensions ['colcon_pkg']
[0.191s] Level 1:colcon.colcon_core.package_identification:_identify(ThirdParty/kobuki_core) by extension 'colcon_pkg'
[0.191s] Level 1:colcon.colcon_core.package_identification:_identify(ThirdParty/kobuki_core) by extensions ['colcon_meta']
[0.191s] Level 1:colcon.colcon_core.package_identification:_identify(ThirdParty/kobuki_core) by extension 'colcon_meta'
[0.191s] Level 1:colcon.colcon_core.package_identification:_identify(ThirdParty/kobuki_core) by extensions ['ros']
[0.191s] Level 1:colcon.colcon_core.package_identification:_identify(ThirdParty/kobuki_core) by extension 'ros'
[0.192s] DEBUG:colcon.colcon_core.package_identification:Package 'ThirdParty/kobuki_core' with type 'ros.ament_cmake' and name 'kobuki_core'
[0.192s] Level 1:colcon.colcon_core.package_identification:_identify(ThirdParty/kobuki_ros) by extensions ['ignore', 'ignore_ament_install']
[0.192s] Level 1:colcon.colcon_core.package_identification:_identify(ThirdParty/kobuki_ros) by extension 'ignore'
[0.192s] Level 1:colcon.colcon_core.package_identification:_identify(ThirdParty/kobuki_ros) by extension 'ignore_ament_install'
[0.192s] Level 1:colcon.colcon_core.package_identification:_identify(ThirdParty/kobuki_ros) by extensions ['colcon_pkg']
[0.192s] Level 1:colcon.colcon_core.package_identification:_identify(ThirdParty/kobuki_ros) by extension 'colcon_pkg'
[0.192s] Level 1:colcon.colcon_core.package_identification:_identify(ThirdParty/kobuki_ros) by extensions ['colcon_meta']
[0.192s] Level 1:colcon.colcon_core.package_identification:_identify(ThirdParty/kobuki_ros) by extension 'colcon_meta'
[0.192s] Level 1:colcon.colcon_core.package_identification:_identify(ThirdParty/kobuki_ros) by extensions ['ros']
[0.192s] Level 1:colcon.colcon_core.package_identification:_identify(ThirdParty/kobuki_ros) by extension 'ros'
[0.192s] Level 1:colcon.colcon_core.package_identification:_identify(ThirdParty/kobuki_ros) by extensions ['cmake', 'python']
[0.192s] Level 1:colcon.colcon_core.package_identification:_identify(ThirdParty/kobuki_ros) by extension 'cmake'
[0.192s] Level 1:colcon.colcon_core.package_identification:_identify(ThirdParty/kobuki_ros) by extension 'python'
[0.192s] Level 1:colcon.colcon_core.package_identification:_identify(ThirdParty/kobuki_ros) by extensions ['python_setup_py']
[0.192s] Level 1:colcon.colcon_core.package_identification:_identify(ThirdParty/kobuki_ros) by extension 'python_setup_py'
[0.192s] Level 1:colcon.colcon_core.package_identification:_identify(ThirdParty/kobuki_ros/kobuki_auto_docking) by extensions ['ignore', 'ignore_ament_install']
[0.192s] Level 1:colcon.colcon_core.package_identification:_identify(ThirdParty/kobuki_ros/kobuki_auto_docking) by extension 'ignore'
[0.192s] Level 1:colcon.colcon_core.package_identification:_identify(ThirdParty/kobuki_ros/kobuki_auto_docking) by extension 'ignore_ament_install'
[0.192s] Level 1:colcon.colcon_core.package_identification:_identify(ThirdParty/kobuki_ros/kobuki_auto_docking) by extensions ['colcon_pkg']
[0.192s] Level 1:colcon.colcon_core.package_identification:_identify(ThirdParty/kobuki_ros/kobuki_auto_docking) by extension 'colcon_pkg'
[0.192s] Level 1:colcon.colcon_core.package_identification:_identify(ThirdParty/kobuki_ros/kobuki_auto_docking) by extensions ['colcon_meta']
[0.192s] Level 1:colcon.colcon_core.package_identification:_identify(ThirdParty/kobuki_ros/kobuki_auto_docking) by extension 'colcon_meta'
[0.192s] Level 1:colcon.colcon_core.package_identification:_identify(ThirdParty/kobuki_ros/kobuki_auto_docking) by extensions ['ros']
[0.192s] Level 1:colcon.colcon_core.package_identification:_identify(ThirdParty/kobuki_ros/kobuki_auto_docking) by extension 'ros'
[0.193s] DEBUG:colcon.colcon_core.package_identification:Package 'ThirdParty/kobuki_ros/kobuki_auto_docking' with type 'ros.ament_cmake' and name 'kobuki_auto_docking'
[0.193s] Level 1:colcon.colcon_core.package_identification:_identify(ThirdParty/kobuki_ros/kobuki_bumper2pc) by extensions ['ignore', 'ignore_ament_install']
[0.193s] Level 1:colcon.colcon_core.package_identification:_identify(ThirdParty/kobuki_ros/kobuki_bumper2pc) by extension 'ignore'
[0.193s] Level 1:colcon.colcon_core.package_identification:_identify(ThirdParty/kobuki_ros/kobuki_bumper2pc) by extension 'ignore_ament_install'
[0.193s] Level 1:colcon.colcon_core.package_identification:_identify(ThirdParty/kobuki_ros/kobuki_bumper2pc) by extensions ['colcon_pkg']
[0.193s] Level 1:colcon.colcon_core.package_identification:_identify(ThirdParty/kobuki_ros/kobuki_bumper2pc) by extension 'colcon_pkg'
[0.193s] Level 1:colcon.colcon_core.package_identification:_identify(ThirdParty/kobuki_ros/kobuki_bumper2pc) by extensions ['colcon_meta']
[0.193s] Level 1:colcon.colcon_core.package_identification:_identify(ThirdParty/kobuki_ros/kobuki_bumper2pc) by extension 'colcon_meta'
[0.193s] Level 1:colcon.colcon_core.package_identification:_identify(ThirdParty/kobuki_ros/kobuki_bumper2pc) by extensions ['ros']
[0.193s] Level 1:colcon.colcon_core.package_identification:_identify(ThirdParty/kobuki_ros/kobuki_bumper2pc) by extension 'ros'
[0.194s] DEBUG:colcon.colcon_core.package_identification:Package 'ThirdParty/kobuki_ros/kobuki_bumper2pc' with type 'ros.ament_cmake' and name 'kobuki_bumper2pc'
[0.194s] Level 1:colcon.colcon_core.package_identification:_identify(ThirdParty/kobuki_ros/kobuki_controller_tutorial) by extensions ['ignore', 'ignore_ament_install']
[0.194s] Level 1:colcon.colcon_core.package_identification:_identify(ThirdParty/kobuki_ros/kobuki_controller_tutorial) by extension 'ignore'
[0.194s] Level 1:colcon.colcon_core.package_identification:_identify(ThirdParty/kobuki_ros/kobuki_controller_tutorial) ignored
[0.194s] Level 1:colcon.colcon_core.package_identification:_identify(ThirdParty/kobuki_ros/kobuki_description) by extensions ['ignore', 'ignore_ament_install']
[0.194s] Level 1:colcon.colcon_core.package_identification:_identify(ThirdParty/kobuki_ros/kobuki_description) by extension 'ignore'
[0.194s] Level 1:colcon.colcon_core.package_identification:_identify(ThirdParty/kobuki_ros/kobuki_description) by extension 'ignore_ament_install'
[0.194s] Level 1:colcon.colcon_core.package_identification:_identify(ThirdParty/kobuki_ros/kobuki_description) by extensions ['colcon_pkg']
[0.194s] Level 1:colcon.colcon_core.package_identification:_identify(ThirdParty/kobuki_ros/kobuki_description) by extension 'colcon_pkg'
[0.194s] Level 1:colcon.colcon_core.package_identification:_identify(ThirdParty/kobuki_ros/kobuki_description) by extensions ['colcon_meta']
[0.194s] Level 1:colcon.colcon_core.package_identification:_identify(ThirdParty/kobuki_ros/kobuki_description) by extension 'colcon_meta'
[0.194s] Level 1:colcon.colcon_core.package_identification:_identify(ThirdParty/kobuki_ros/kobuki_description) by extensions ['ros']
[0.194s] Level 1:colcon.colcon_core.package_identification:_identify(ThirdParty/kobuki_ros/kobuki_description) by extension 'ros'
[0.195s] DEBUG:colcon.colcon_core.package_identification:Package 'ThirdParty/kobuki_ros/kobuki_description' with type 'ros.ament_cmake' and name 'kobuki_description'
[0.195s] Level 1:colcon.colcon_core.package_identification:_identify(ThirdParty/kobuki_ros/kobuki_keyop) by extensions ['ignore', 'ignore_ament_install']
[0.195s] Level 1:colcon.colcon_core.package_identification:_identify(ThirdParty/kobuki_ros/kobuki_keyop) by extension 'ignore'
[0.195s] Level 1:colcon.colcon_core.package_identification:_identify(ThirdParty/kobuki_ros/kobuki_keyop) by extension 'ignore_ament_install'
[0.195s] Level 1:colcon.colcon_core.package_identification:_identify(ThirdParty/kobuki_ros/kobuki_keyop) by extensions ['colcon_pkg']
[0.195s] Level 1:colcon.colcon_core.package_identification:_identify(ThirdParty/kobuki_ros/kobuki_keyop) by extension 'colcon_pkg'
[0.195s] Level 1:colcon.colcon_core.package_identification:_identify(ThirdParty/kobuki_ros/kobuki_keyop) by extensions ['colcon_meta']
[0.195s] Level 1:colcon.colcon_core.package_identification:_identify(ThirdParty/kobuki_ros/kobuki_keyop) by extension 'colcon_meta'
[0.195s] Level 1:colcon.colcon_core.package_identification:_identify(ThirdParty/kobuki_ros/kobuki_keyop) by extensions ['ros']
[0.195s] Level 1:colcon.colcon_core.package_identification:_identify(ThirdParty/kobuki_ros/kobuki_keyop) by extension 'ros'
[0.195s] DEBUG:colcon.colcon_core.package_identification:Package 'ThirdParty/kobuki_ros/kobuki_keyop' with type 'ros.ament_cmake' and name 'kobuki_keyop'
[0.195s] Level 1:colcon.colcon_core.package_identification:_identify(ThirdParty/kobuki_ros/kobuki_node) by extensions ['ignore', 'ignore_ament_install']
[0.195s] Level 1:colcon.colcon_core.package_identification:_identify(ThirdParty/kobuki_ros/kobuki_node) by extension 'ignore'
[0.195s] Level 1:colcon.colcon_core.package_identification:_identify(ThirdParty/kobuki_ros/kobuki_node) by extension 'ignore_ament_install'
[0.195s] Level 1:colcon.colcon_core.package_identification:_identify(ThirdParty/kobuki_ros/kobuki_node) by extensions ['colcon_pkg']
[0.195s] Level 1:colcon.colcon_core.package_identification:_identify(ThirdParty/kobuki_ros/kobuki_node) by extension 'colcon_pkg'
[0.195s] Level 1:colcon.colcon_core.package_identification:_identify(ThirdParty/kobuki_ros/kobuki_node) by extensions ['colcon_meta']
[0.195s] Level 1:colcon.colcon_core.package_identification:_identify(ThirdParty/kobuki_ros/kobuki_node) by extension 'colcon_meta'
[0.195s] Level 1:colcon.colcon_core.package_identification:_identify(ThirdParty/kobuki_ros/kobuki_node) by extensions ['ros']
[0.195s] Level 1:colcon.colcon_core.package_identification:_identify(ThirdParty/kobuki_ros/kobuki_node) by extension 'ros'
[0.197s] DEBUG:colcon.colcon_core.package_identification:Package 'ThirdParty/kobuki_ros/kobuki_node' with type 'ros.ament_cmake' and name 'kobuki_node'
[0.197s] Level 1:colcon.colcon_core.package_identification:_identify(ThirdParty/kobuki_ros/kobuki_random_walker) by extensions ['ignore', 'ignore_ament_install']
[0.197s] Level 1:colcon.colcon_core.package_identification:_identify(ThirdParty/kobuki_ros/kobuki_random_walker) by extension 'ignore'
[0.197s] Level 1:colcon.colcon_core.package_identification:_identify(ThirdParty/kobuki_ros/kobuki_random_walker) by extension 'ignore_ament_install'
[0.197s] Level 1:colcon.colcon_core.package_identification:_identify(ThirdParty/kobuki_ros/kobuki_random_walker) by extensions ['colcon_pkg']
[0.197s] Level 1:colcon.colcon_core.package_identification:_identify(ThirdParty/kobuki_ros/kobuki_random_walker) by extension 'colcon_pkg'
[0.197s] Level 1:colcon.colcon_core.package_identification:_identify(ThirdParty/kobuki_ros/kobuki_random_walker) by extensions ['colcon_meta']
[0.197s] Level 1:colcon.colcon_core.package_identification:_identify(ThirdParty/kobuki_ros/kobuki_random_walker) by extension 'colcon_meta'
[0.197s] Level 1:colcon.colcon_core.package_identification:_identify(ThirdParty/kobuki_ros/kobuki_random_walker) by extensions ['ros']
[0.197s] Level 1:colcon.colcon_core.package_identification:_identify(ThirdParty/kobuki_ros/kobuki_random_walker) by extension 'ros'
[0.197s] DEBUG:colcon.colcon_core.package_identification:Package 'ThirdParty/kobuki_ros/kobuki_random_walker' with type 'ros.ament_cmake' and name 'kobuki_random_walker'
[0.197s] Level 1:colcon.colcon_core.package_identification:_identify(ThirdParty/kobuki_ros/kobuki_ros) by extensions ['ignore', 'ignore_ament_install']
[0.197s] Level 1:colcon.colcon_core.package_identification:_identify(ThirdParty/kobuki_ros/kobuki_ros) by extension 'ignore'
[0.197s] Level 1:colcon.colcon_core.package_identification:_identify(ThirdParty/kobuki_ros/kobuki_ros) by extension 'ignore_ament_install'
[0.197s] Level 1:colcon.colcon_core.package_identification:_identify(ThirdParty/kobuki_ros/kobuki_ros) by extensions ['colcon_pkg']
[0.197s] Level 1:colcon.colcon_core.package_identification:_identify(ThirdParty/kobuki_ros/kobuki_ros) by extension 'colcon_pkg'
[0.197s] Level 1:colcon.colcon_core.package_identification:_identify(ThirdParty/kobuki_ros/kobuki_ros) by extensions ['colcon_meta']
[0.198s] Level 1:colcon.colcon_core.package_identification:_identify(ThirdParty/kobuki_ros/kobuki_ros) by extension 'colcon_meta'
[0.198s] Level 1:colcon.colcon_core.package_identification:_identify(ThirdParty/kobuki_ros/kobuki_ros) by extensions ['ros']
[0.198s] Level 1:colcon.colcon_core.package_identification:_identify(ThirdParty/kobuki_ros/kobuki_ros) by extension 'ros'
[0.198s] DEBUG:colcon.colcon_core.package_identification:Package 'ThirdParty/kobuki_ros/kobuki_ros' with type 'ros.ament_cmake' and name 'kobuki_ros'
[0.198s] Level 1:colcon.colcon_core.package_identification:_identify(ThirdParty/kobuki_ros/kobuki_safety_controller) by extensions ['ignore', 'ignore_ament_install']
[0.198s] Level 1:colcon.colcon_core.package_identification:_identify(ThirdParty/kobuki_ros/kobuki_safety_controller) by extension 'ignore'
[0.198s] Level 1:colcon.colcon_core.package_identification:_identify(ThirdParty/kobuki_ros/kobuki_safety_controller) by extension 'ignore_ament_install'
[0.198s] Level 1:colcon.colcon_core.package_identification:_identify(ThirdParty/kobuki_ros/kobuki_safety_controller) by extensions ['colcon_pkg']
[0.198s] Level 1:colcon.colcon_core.package_identification:_identify(ThirdParty/kobuki_ros/kobuki_safety_controller) by extension 'colcon_pkg'
[0.198s] Level 1:colcon.colcon_core.package_identification:_identify(ThirdParty/kobuki_ros/kobuki_safety_controller) by extensions ['colcon_meta']
[0.198s] Level 1:colcon.colcon_core.package_identification:_identify(ThirdParty/kobuki_ros/kobuki_safety_controller) by extension 'colcon_meta'
[0.198s] Level 1:colcon.colcon_core.package_identification:_identify(ThirdParty/kobuki_ros/kobuki_safety_controller) by extensions ['ros']
[0.198s] Level 1:colcon.colcon_core.package_identification:_identify(ThirdParty/kobuki_ros/kobuki_safety_controller) by extension 'ros'
[0.199s] DEBUG:colcon.colcon_core.package_identification:Package 'ThirdParty/kobuki_ros/kobuki_safety_controller' with type 'ros.ament_cmake' and name 'kobuki_safety_controller'
[0.199s] Level 1:colcon.colcon_core.package_identification:_identify(ThirdParty/kobuki_ros/kobuki_testsuite) by extensions ['ignore', 'ignore_ament_install']
[0.199s] Level 1:colcon.colcon_core.package_identification:_identify(ThirdParty/kobuki_ros/kobuki_testsuite) by extension 'ignore'
[0.199s] Level 1:colcon.colcon_core.package_identification:_identify(ThirdParty/kobuki_ros/kobuki_testsuite) ignored
[0.199s] Level 1:colcon.colcon_core.package_identification:_identify(ThirdParty/openni2_camera) by extensions ['ignore', 'ignore_ament_install']
[0.199s] Level 1:colcon.colcon_core.package_identification:_identify(ThirdParty/openni2_camera) by extension 'ignore'
[0.199s] Level 1:colcon.colcon_core.package_identification:_identify(ThirdParty/openni2_camera) by extension 'ignore_ament_install'
[0.199s] Level 1:colcon.colcon_core.package_identification:_identify(ThirdParty/openni2_camera) by extensions ['colcon_pkg']
[0.199s] Level 1:colcon.colcon_core.package_identification:_identify(ThirdParty/openni2_camera) by extension 'colcon_pkg'
[0.199s] Level 1:colcon.colcon_core.package_identification:_identify(ThirdParty/openni2_camera) by extensions ['colcon_meta']
[0.199s] Level 1:colcon.colcon_core.package_identification:_identify(ThirdParty/openni2_camera) by extension 'colcon_meta'
[0.199s] Level 1:colcon.colcon_core.package_identification:_identify(ThirdParty/openni2_camera) by extensions ['ros']
[0.199s] Level 1:colcon.colcon_core.package_identification:_identify(ThirdParty/openni2_camera) by extension 'ros'
[0.199s] Level 1:colcon.colcon_core.package_identification:_identify(ThirdParty/openni2_camera) by extensions ['cmake', 'python']
[0.199s] Level 1:colcon.colcon_core.package_identification:_identify(ThirdParty/openni2_camera) by extension 'cmake'
[0.199s] Level 1:colcon.colcon_core.package_identification:_identify(ThirdParty/openni2_camera) by extension 'python'
[0.199s] Level 1:colcon.colcon_core.package_identification:_identify(ThirdParty/openni2_camera) by extensions ['python_setup_py']
[0.199s] Level 1:colcon.colcon_core.package_identification:_identify(ThirdParty/openni2_camera) by extension 'python_setup_py'
[0.199s] Level 1:colcon.colcon_core.package_identification:_identify(ThirdParty/openni2_camera/openni2_camera) by extensions ['ignore', 'ignore_ament_install']
[0.199s] Level 1:colcon.colcon_core.package_identification:_identify(ThirdParty/openni2_camera/openni2_camera) by extension 'ignore'
[0.199s] Level 1:colcon.colcon_core.package_identification:_identify(ThirdParty/openni2_camera/openni2_camera) by extension 'ignore_ament_install'
[0.199s] Level 1:colcon.colcon_core.package_identification:_identify(ThirdParty/openni2_camera/openni2_camera) by extensions ['colcon_pkg']
[0.199s] Level 1:colcon.colcon_core.package_identification:_identify(ThirdParty/openni2_camera/openni2_camera) by extension 'colcon_pkg'
[0.199s] Level 1:colcon.colcon_core.package_identification:_identify(ThirdParty/openni2_camera/openni2_camera) by extensions ['colcon_meta']
[0.199s] Level 1:colcon.colcon_core.package_identification:_identify(ThirdParty/openni2_camera/openni2_camera) by extension 'colcon_meta'
[0.199s] Level 1:colcon.colcon_core.package_identification:_identify(ThirdParty/openni2_camera/openni2_camera) by extensions ['ros']
[0.199s] Level 1:colcon.colcon_core.package_identification:_identify(ThirdParty/openni2_camera/openni2_camera) by extension 'ros'
[0.200s] DEBUG:colcon.colcon_core.package_identification:Package 'ThirdParty/openni2_camera/openni2_camera' with type 'ros.ament_cmake' and name 'openni2_camera'
[0.200s] Level 1:colcon.colcon_core.package_identification:_identify(ThirdParty/openni2_camera/openni2_launch) by extensions ['ignore', 'ignore_ament_install']
[0.200s] Level 1:colcon.colcon_core.package_identification:_identify(ThirdParty/openni2_camera/openni2_launch) by extension 'ignore'
[0.200s] Level 1:colcon.colcon_core.package_identification:_identify(ThirdParty/openni2_camera/openni2_launch) by extension 'ignore_ament_install'
[0.200s] Level 1:colcon.colcon_core.package_identification:_identify(ThirdParty/openni2_camera/openni2_launch) by extensions ['colcon_pkg']
[0.200s] Level 1:colcon.colcon_core.package_identification:_identify(ThirdParty/openni2_camera/openni2_launch) by extension 'colcon_pkg'
[0.200s] Level 1:colcon.colcon_core.package_identification:_identify(ThirdParty/openni2_camera/openni2_launch) by extensions ['colcon_meta']
[0.200s] Level 1:colcon.colcon_core.package_identification:_identify(ThirdParty/openni2_camera/openni2_launch) by extension 'colcon_meta'
[0.200s] Level 1:colcon.colcon_core.package_identification:_identify(ThirdParty/openni2_camera/openni2_launch) by extensions ['ros']
[0.200s] Level 1:colcon.colcon_core.package_identification:_identify(ThirdParty/openni2_camera/openni2_launch) by extension 'ros'
[0.200s] Level 1:colcon.colcon_core.package_identification:_identify(ThirdParty/openni2_camera/openni2_launch) ignored
[0.200s] Level 1:colcon.colcon_core.package_identification:_identify(ThirdParty/ros_astra_camera) by extensions ['ignore', 'ignore_ament_install']
[0.200s] Level 1:colcon.colcon_core.package_identification:_identify(ThirdParty/ros_astra_camera) by extension 'ignore'
[0.200s] Level 1:colcon.colcon_core.package_identification:_identify(ThirdParty/ros_astra_camera) by extension 'ignore_ament_install'
[0.200s] Level 1:colcon.colcon_core.package_identification:_identify(ThirdParty/ros_astra_camera) by extensions ['colcon_pkg']
[0.200s] Level 1:colcon.colcon_core.package_identification:_identify(ThirdParty/ros_astra_camera) by extension 'colcon_pkg'
[0.200s] Level 1:colcon.colcon_core.package_identification:_identify(ThirdParty/ros_astra_camera) by extensions ['colcon_meta']
[0.200s] Level 1:colcon.colcon_core.package_identification:_identify(ThirdParty/ros_astra_camera) by extension 'colcon_meta'
[0.200s] Level 1:colcon.colcon_core.package_identification:_identify(ThirdParty/ros_astra_camera) by extensions ['ros']
[0.200s] Level 1:colcon.colcon_core.package_identification:_identify(ThirdParty/ros_astra_camera) by extension 'ros'
[0.201s] Level 1:colcon.colcon_core.package_identification:_identify(ThirdParty/ros_astra_camera) by extensions ['cmake', 'python']
[0.201s] Level 1:colcon.colcon_core.package_identification:_identify(ThirdParty/ros_astra_camera) by extension 'cmake'
[0.201s] Level 1:colcon.colcon_core.package_identification:_identify(ThirdParty/ros_astra_camera) by extension 'python'
[0.201s] Level 1:colcon.colcon_core.package_identification:_identify(ThirdParty/ros_astra_camera) by extensions ['python_setup_py']
[0.201s] Level 1:colcon.colcon_core.package_identification:_identify(ThirdParty/ros_astra_camera) by extension 'python_setup_py'
[0.201s] Level 1:colcon.colcon_core.package_identification:_identify(ThirdParty/ros_astra_camera/astra_camera) by extensions ['ignore', 'ignore_ament_install']
[0.201s] Level 1:colcon.colcon_core.package_identification:_identify(ThirdParty/ros_astra_camera/astra_camera) by extension 'ignore'
[0.201s] Level 1:colcon.colcon_core.package_identification:_identify(ThirdParty/ros_astra_camera/astra_camera) by extension 'ignore_ament_install'
[0.201s] Level 1:colcon.colcon_core.package_identification:_identify(ThirdParty/ros_astra_camera/astra_camera) by extensions ['colcon_pkg']
[0.201s] Level 1:colcon.colcon_core.package_identification:_identify(ThirdParty/ros_astra_camera/astra_camera) by extension 'colcon_pkg'
[0.201s] Level 1:colcon.colcon_core.package_identification:_identify(ThirdParty/ros_astra_camera/astra_camera) by extensions ['colcon_meta']
[0.201s] Level 1:colcon.colcon_core.package_identification:_identify(ThirdParty/ros_astra_camera/astra_camera) by extension 'colcon_meta'
[0.201s] Level 1:colcon.colcon_core.package_identification:_identify(ThirdParty/ros_astra_camera/astra_camera) by extensions ['ros']
[0.201s] Level 1:colcon.colcon_core.package_identification:_identify(ThirdParty/ros_astra_camera/astra_camera) by extension 'ros'
[0.202s] DEBUG:colcon.colcon_core.package_identification:Package 'ThirdParty/ros_astra_camera/astra_camera' with type 'ros.ament_cmake' and name 'astra_camera'
[0.202s] Level 1:colcon.colcon_core.package_identification:_identify(ThirdParty/ros_astra_camera/astra_camera_msgs) by extensions ['ignore', 'ignore_ament_install']
[0.202s] Level 1:colcon.colcon_core.package_identification:_identify(ThirdParty/ros_astra_camera/astra_camera_msgs) by extension 'ignore'
[0.202s] Level 1:colcon.colcon_core.package_identification:_identify(ThirdParty/ros_astra_camera/astra_camera_msgs) by extension 'ignore_ament_install'
[0.202s] Level 1:colcon.colcon_core.package_identification:_identify(ThirdParty/ros_astra_camera/astra_camera_msgs) by extensions ['colcon_pkg']
[0.202s] Level 1:colcon.colcon_core.package_identification:_identify(ThirdParty/ros_astra_camera/astra_camera_msgs) by extension 'colcon_pkg'
[0.202s] Level 1:colcon.colcon_core.package_identification:_identify(ThirdParty/ros_astra_camera/astra_camera_msgs) by extensions ['colcon_meta']
[0.202s] Level 1:colcon.colcon_core.package_identification:_identify(ThirdParty/ros_astra_camera/astra_camera_msgs) by extension 'colcon_meta'
[0.202s] Level 1:colcon.colcon_core.package_identification:_identify(ThirdParty/ros_astra_camera/astra_camera_msgs) by extensions ['ros']
[0.202s] Level 1:colcon.colcon_core.package_identification:_identify(ThirdParty/ros_astra_camera/astra_camera_msgs) by extension 'ros'
[0.203s] DEBUG:colcon.colcon_core.package_identification:Package 'ThirdParty/ros_astra_camera/astra_camera_msgs' with type 'ros.ament_cmake' and name 'astra_camera_msgs'
[0.203s] Level 1:colcon.colcon_core.package_identification:_identify(ThirdParty/rplidar_ros) by extensions ['ignore', 'ignore_ament_install']
[0.203s] Level 1:colcon.colcon_core.package_identification:_identify(ThirdParty/rplidar_ros) by extension 'ignore'
[0.203s] Level 1:colcon.colcon_core.package_identification:_identify(ThirdParty/rplidar_ros) by extension 'ignore_ament_install'
[0.203s] Level 1:colcon.colcon_core.package_identification:_identify(ThirdParty/rplidar_ros) by extensions ['colcon_pkg']
[0.203s] Level 1:colcon.colcon_core.package_identification:_identify(ThirdParty/rplidar_ros) by extension 'colcon_pkg'
[0.203s] Level 1:colcon.colcon_core.package_identification:_identify(ThirdParty/rplidar_ros) by extensions ['colcon_meta']
[0.203s] Level 1:colcon.colcon_core.package_identification:_identify(ThirdParty/rplidar_ros) by extension 'colcon_meta'
[0.203s] Level 1:colcon.colcon_core.package_identification:_identify(ThirdParty/rplidar_ros) by extensions ['ros']
[0.203s] Level 1:colcon.colcon_core.package_identification:_identify(ThirdParty/rplidar_ros) by extension 'ros'
[0.203s] DEBUG:colcon.colcon_core.package_identification:Package 'ThirdParty/rplidar_ros' with type 'ros.ament_cmake' and name 'rplidar_ros'
[0.203s] Level 1:colcon.colcon_core.package_identification:_identify(ThirdParty/sophus) by extensions ['ignore', 'ignore_ament_install']
[0.203s] Level 1:colcon.colcon_core.package_identification:_identify(ThirdParty/sophus) by extension 'ignore'
[0.203s] Level 1:colcon.colcon_core.package_identification:_identify(ThirdParty/sophus) by extension 'ignore_ament_install'
[0.203s] Level 1:colcon.colcon_core.package_identification:_identify(ThirdParty/sophus) by extensions ['colcon_pkg']
[0.203s] Level 1:colcon.colcon_core.package_identification:_identify(ThirdParty/sophus) by extension 'colcon_pkg'
[0.203s] Level 1:colcon.colcon_core.package_identification:_identify(ThirdParty/sophus) by extensions ['colcon_meta']
[0.203s] Level 1:colcon.colcon_core.package_identification:_identify(ThirdParty/sophus) by extension 'colcon_meta'
[0.203s] Level 1:colcon.colcon_core.package_identification:_identify(ThirdParty/sophus) by extensions ['ros']
[0.203s] Level 1:colcon.colcon_core.package_identification:_identify(ThirdParty/sophus) by extension 'ros'
[0.204s] DEBUG:colcon.colcon_core.package_identification:Package 'ThirdParty/sophus' with type 'ros.cmake' and name 'sophus'
[0.204s] Level 1:colcon.colcon_core.package_identification:_identify(build) by extensions ['ignore', 'ignore_ament_install']
[0.204s] Level 1:colcon.colcon_core.package_identification:_identify(build) by extension 'ignore'
[0.204s] Level 1:colcon.colcon_core.package_identification:_identify(build) ignored
[0.204s] Level 1:colcon.colcon_core.package_identification:_identify(install) by extensions ['ignore', 'ignore_ament_install']
[0.204s] Level 1:colcon.colcon_core.package_identification:_identify(install) by extension 'ignore'
[0.204s] Level 1:colcon.colcon_core.package_identification:_identify(install) ignored
[0.204s] Level 1:colcon.colcon_core.package_identification:_identify(interbotix_ros_core) by extensions ['ignore', 'ignore_ament_install']
[0.204s] Level 1:colcon.colcon_core.package_identification:_identify(interbotix_ros_core) by extension 'ignore'
[0.204s] Level 1:colcon.colcon_core.package_identification:_identify(interbotix_ros_core) by extension 'ignore_ament_install'
[0.204s] Level 1:colcon.colcon_core.package_identification:_identify(interbotix_ros_core) by extensions ['colcon_pkg']
[0.204s] Level 1:colcon.colcon_core.package_identification:_identify(interbotix_ros_core) by extension 'colcon_pkg'
[0.204s] Level 1:colcon.colcon_core.package_identification:_identify(interbotix_ros_core) by extensions ['colcon_meta']
[0.204s] Level 1:colcon.colcon_core.package_identification:_identify(interbotix_ros_core) by extension 'colcon_meta'
[0.204s] Level 1:colcon.colcon_core.package_identification:_identify(interbotix_ros_core) by extensions ['ros']
[0.204s] Level 1:colcon.colcon_core.package_identification:_identify(interbotix_ros_core) by extension 'ros'
[0.204s] Level 1:colcon.colcon_core.package_identification:_identify(interbotix_ros_core) by extensions ['cmake', 'python']
[0.204s] Level 1:colcon.colcon_core.package_identification:_identify(interbotix_ros_core) by extension 'cmake'
[0.204s] Level 1:colcon.colcon_core.package_identification:_identify(interbotix_ros_core) by extension 'python'
[0.204s] Level 1:colcon.colcon_core.package_identification:_identify(interbotix_ros_core) by extensions ['python_setup_py']
[0.204s] Level 1:colcon.colcon_core.package_identification:_identify(interbotix_ros_core) by extension 'python_setup_py'
[0.204s] Level 1:colcon.colcon_core.package_identification:_identify(interbotix_ros_core/images) by extensions ['ignore', 'ignore_ament_install']
[0.204s] Level 1:colcon.colcon_core.package_identification:_identify(interbotix_ros_core/images) by extension 'ignore'
[0.205s] Level 1:colcon.colcon_core.package_identification:_identify(interbotix_ros_core/images) by extension 'ignore_ament_install'
[0.205s] Level 1:colcon.colcon_core.package_identification:_identify(interbotix_ros_core/images) by extensions ['colcon_pkg']
[0.205s] Level 1:colcon.colcon_core.package_identification:_identify(interbotix_ros_core/images) by extension 'colcon_pkg'
[0.205s] Level 1:colcon.colcon_core.package_identification:_identify(interbotix_ros_core/images) by extensions ['colcon_meta']
[0.205s] Level 1:colcon.colcon_core.package_identification:_identify(interbotix_ros_core/images) by extension 'colcon_meta'
[0.205s] Level 1:colcon.colcon_core.package_identification:_identify(interbotix_ros_core/images) by extensions ['ros']
[0.205s] Level 1:colcon.colcon_core.package_identification:_identify(interbotix_ros_core/images) by extension 'ros'
[0.205s] Level 1:colcon.colcon_core.package_identification:_identify(interbotix_ros_core/images) by extensions ['cmake', 'python']
[0.205s] Level 1:colcon.colcon_core.package_identification:_identify(interbotix_ros_core/images) by extension 'cmake'
[0.205s] Level 1:colcon.colcon_core.package_identification:_identify(interbotix_ros_core/images) by extension 'python'
[0.205s] Level 1:colcon.colcon_core.package_identification:_identify(interbotix_ros_core/images) by extensions ['python_setup_py']
[0.205s] Level 1:colcon.colcon_core.package_identification:_identify(interbotix_ros_core/images) by extension 'python_setup_py'
[0.205s] Level 1:colcon.colcon_core.package_identification:_identify(interbotix_ros_core/interbotix_ros_common_drivers) by extensions ['ignore', 'ignore_ament_install']
[0.205s] Level 1:colcon.colcon_core.package_identification:_identify(interbotix_ros_core/interbotix_ros_common_drivers) by extension 'ignore'
[0.205s] Level 1:colcon.colcon_core.package_identification:_identify(interbotix_ros_core/interbotix_ros_common_drivers) ignored
[0.205s] Level 1:colcon.colcon_core.package_identification:_identify(interbotix_ros_core/interbotix_ros_slate) by extensions ['ignore', 'ignore_ament_install']
[0.205s] Level 1:colcon.colcon_core.package_identification:_identify(interbotix_ros_core/interbotix_ros_slate) by extension 'ignore'
[0.205s] Level 1:colcon.colcon_core.package_identification:_identify(interbotix_ros_core/interbotix_ros_slate) ignored
[0.205s] Level 1:colcon.colcon_core.package_identification:_identify(interbotix_ros_core/interbotix_ros_xseries) by extensions ['ignore', 'ignore_ament_install']
[0.205s] Level 1:colcon.colcon_core.package_identification:_identify(interbotix_ros_core/interbotix_ros_xseries) by extension 'ignore'
[0.205s] Level 1:colcon.colcon_core.package_identification:_identify(interbotix_ros_core/interbotix_ros_xseries) by extension 'ignore_ament_install'
[0.205s] Level 1:colcon.colcon_core.package_identification:_identify(interbotix_ros_core/interbotix_ros_xseries) by extensions ['colcon_pkg']
[0.205s] Level 1:colcon.colcon_core.package_identification:_identify(interbotix_ros_core/interbotix_ros_xseries) by extension 'colcon_pkg'
[0.205s] Level 1:colcon.colcon_core.package_identification:_identify(interbotix_ros_core/interbotix_ros_xseries) by extensions ['colcon_meta']
[0.205s] Level 1:colcon.colcon_core.package_identification:_identify(interbotix_ros_core/interbotix_ros_xseries) by extension 'colcon_meta'
[0.205s] Level 1:colcon.colcon_core.package_identification:_identify(interbotix_ros_core/interbotix_ros_xseries) by extensions ['ros']
[0.205s] Level 1:colcon.colcon_core.package_identification:_identify(interbotix_ros_core/interbotix_ros_xseries) by extension 'ros'
[0.205s] Level 1:colcon.colcon_core.package_identification:_identify(interbotix_ros_core/interbotix_ros_xseries) by extensions ['cmake', 'python']
[0.205s] Level 1:colcon.colcon_core.package_identification:_identify(interbotix_ros_core/interbotix_ros_xseries) by extension 'cmake'
[0.205s] Level 1:colcon.colcon_core.package_identification:_identify(interbotix_ros_core/interbotix_ros_xseries) by extension 'python'
[0.205s] Level 1:colcon.colcon_core.package_identification:_identify(interbotix_ros_core/interbotix_ros_xseries) by extensions ['python_setup_py']
[0.205s] Level 1:colcon.colcon_core.package_identification:_identify(interbotix_ros_core/interbotix_ros_xseries) by extension 'python_setup_py'
[0.205s] Level 1:colcon.colcon_core.package_identification:_identify(interbotix_ros_core/interbotix_ros_xseries/dynamixel_workbench_toolbox) by extensions ['ignore', 'ignore_ament_install']
[0.205s] Level 1:colcon.colcon_core.package_identification:_identify(interbotix_ros_core/interbotix_ros_xseries/dynamixel_workbench_toolbox) by extension 'ignore'
[0.205s] Level 1:colcon.colcon_core.package_identification:_identify(interbotix_ros_core/interbotix_ros_xseries/dynamixel_workbench_toolbox) by extension 'ignore_ament_install'
[0.205s] Level 1:colcon.colcon_core.package_identification:_identify(interbotix_ros_core/interbotix_ros_xseries/dynamixel_workbench_toolbox) by extensions ['colcon_pkg']
[0.206s] Level 1:colcon.colcon_core.package_identification:_identify(interbotix_ros_core/interbotix_ros_xseries/dynamixel_workbench_toolbox) by extension 'colcon_pkg'
[0.206s] Level 1:colcon.colcon_core.package_identification:_identify(interbotix_ros_core/interbotix_ros_xseries/dynamixel_workbench_toolbox) by extensions ['colcon_meta']
[0.206s] Level 1:colcon.colcon_core.package_identification:_identify(interbotix_ros_core/interbotix_ros_xseries/dynamixel_workbench_toolbox) by extension 'colcon_meta'
[0.206s] Level 1:colcon.colcon_core.package_identification:_identify(interbotix_ros_core/interbotix_ros_xseries/dynamixel_workbench_toolbox) by extensions ['ros']
[0.206s] Level 1:colcon.colcon_core.package_identification:_identify(interbotix_ros_core/interbotix_ros_xseries/dynamixel_workbench_toolbox) by extension 'ros'
[0.206s] Level 1:colcon.colcon_core.package_identification:_identify(interbotix_ros_core/interbotix_ros_xseries/dynamixel_workbench_toolbox) by extensions ['cmake', 'python']
[0.206s] Level 1:colcon.colcon_core.package_identification:_identify(interbotix_ros_core/interbotix_ros_xseries/dynamixel_workbench_toolbox) by extension 'cmake'
[0.206s] Level 1:colcon.colcon_core.package_identification:_identify(interbotix_ros_core/interbotix_ros_xseries/dynamixel_workbench_toolbox) by extension 'python'
[0.206s] Level 1:colcon.colcon_core.package_identification:_identify(interbotix_ros_core/interbotix_ros_xseries/dynamixel_workbench_toolbox) by extensions ['python_setup_py']
[0.206s] Level 1:colcon.colcon_core.package_identification:_identify(interbotix_ros_core/interbotix_ros_xseries/dynamixel_workbench_toolbox) by extension 'python_setup_py'
[0.206s] Level 1:colcon.colcon_core.package_identification:_identify(interbotix_ros_core/interbotix_ros_xseries/interbotix_ros_xseries) by extensions ['ignore', 'ignore_ament_install']
[0.206s] Level 1:colcon.colcon_core.package_identification:_identify(interbotix_ros_core/interbotix_ros_xseries/interbotix_ros_xseries) by extension 'ignore'
[0.206s] Level 1:colcon.colcon_core.package_identification:_identify(interbotix_ros_core/interbotix_ros_xseries/interbotix_ros_xseries) by extension 'ignore_ament_install'
[0.206s] Level 1:colcon.colcon_core.package_identification:_identify(interbotix_ros_core/interbotix_ros_xseries/interbotix_ros_xseries) by extensions ['colcon_pkg']
[0.206s] Level 1:colcon.colcon_core.package_identification:_identify(interbotix_ros_core/interbotix_ros_xseries/interbotix_ros_xseries) by extension 'colcon_pkg'
[0.206s] Level 1:colcon.colcon_core.package_identification:_identify(interbotix_ros_core/interbotix_ros_xseries/interbotix_ros_xseries) by extensions ['colcon_meta']
[0.206s] Level 1:colcon.colcon_core.package_identification:_identify(interbotix_ros_core/interbotix_ros_xseries/interbotix_ros_xseries) by extension 'colcon_meta'
[0.206s] Level 1:colcon.colcon_core.package_identification:_identify(interbotix_ros_core/interbotix_ros_xseries/interbotix_ros_xseries) by extensions ['ros']
[0.206s] Level 1:colcon.colcon_core.package_identification:_identify(interbotix_ros_core/interbotix_ros_xseries/interbotix_ros_xseries) by extension 'ros'
[0.206s] DEBUG:colcon.colcon_core.package_identification:Package 'interbotix_ros_core/interbotix_ros_xseries/interbotix_ros_xseries' with type 'ros.ament_cmake' and name 'interbotix_ros_xseries'
[0.206s] Level 1:colcon.colcon_core.package_identification:_identify(interbotix_ros_core/interbotix_ros_xseries/interbotix_xs_driver) by extensions ['ignore', 'ignore_ament_install']
[0.206s] Level 1:colcon.colcon_core.package_identification:_identify(interbotix_ros_core/interbotix_ros_xseries/interbotix_xs_driver) by extension 'ignore'
[0.206s] Level 1:colcon.colcon_core.package_identification:_identify(interbotix_ros_core/interbotix_ros_xseries/interbotix_xs_driver) by extension 'ignore_ament_install'
[0.206s] Level 1:colcon.colcon_core.package_identification:_identify(interbotix_ros_core/interbotix_ros_xseries/interbotix_xs_driver) by extensions ['colcon_pkg']
[0.206s] Level 1:colcon.colcon_core.package_identification:_identify(interbotix_ros_core/interbotix_ros_xseries/interbotix_xs_driver) by extension 'colcon_pkg'
[0.206s] Level 1:colcon.colcon_core.package_identification:_identify(interbotix_ros_core/interbotix_ros_xseries/interbotix_xs_driver) by extensions ['colcon_meta']
[0.206s] Level 1:colcon.colcon_core.package_identification:_identify(interbotix_ros_core/interbotix_ros_xseries/interbotix_xs_driver) by extension 'colcon_meta'
[0.206s] Level 1:colcon.colcon_core.package_identification:_identify(interbotix_ros_core/interbotix_ros_xseries/interbotix_xs_driver) by extensions ['ros']
[0.206s] Level 1:colcon.colcon_core.package_identification:_identify(interbotix_ros_core/interbotix_ros_xseries/interbotix_xs_driver) by extension 'ros'
[0.207s] Level 1:colcon.colcon_core.package_identification:_identify(interbotix_ros_core/interbotix_ros_xseries/interbotix_xs_driver) by extensions ['cmake', 'python']
[0.207s] Level 1:colcon.colcon_core.package_identification:_identify(interbotix_ros_core/interbotix_ros_xseries/interbotix_xs_driver) by extension 'cmake'
[0.207s] Level 1:colcon.colcon_core.package_identification:_identify(interbotix_ros_core/interbotix_ros_xseries/interbotix_xs_driver) by extension 'python'
[0.207s] Level 1:colcon.colcon_core.package_identification:_identify(interbotix_ros_core/interbotix_ros_xseries/interbotix_xs_driver) by extensions ['python_setup_py']
[0.207s] Level 1:colcon.colcon_core.package_identification:_identify(interbotix_ros_core/interbotix_ros_xseries/interbotix_xs_driver) by extension 'python_setup_py'
[0.207s] Level 1:colcon.colcon_core.package_identification:_identify(interbotix_ros_core/interbotix_ros_xseries/interbotix_xs_msgs) by extensions ['ignore', 'ignore_ament_install']
[0.207s] Level 1:colcon.colcon_core.package_identification:_identify(interbotix_ros_core/interbotix_ros_xseries/interbotix_xs_msgs) by extension 'ignore'
[0.207s] Level 1:colcon.colcon_core.package_identification:_identify(interbotix_ros_core/interbotix_ros_xseries/interbotix_xs_msgs) by extension 'ignore_ament_install'
[0.207s] Level 1:colcon.colcon_core.package_identification:_identify(interbotix_ros_core/interbotix_ros_xseries/interbotix_xs_msgs) by extensions ['colcon_pkg']
[0.207s] Level 1:colcon.colcon_core.package_identification:_identify(interbotix_ros_core/interbotix_ros_xseries/interbotix_xs_msgs) by extension 'colcon_pkg'
[0.207s] Level 1:colcon.colcon_core.package_identification:_identify(interbotix_ros_core/interbotix_ros_xseries/interbotix_xs_msgs) by extensions ['colcon_meta']
[0.207s] Level 1:colcon.colcon_core.package_identification:_identify(interbotix_ros_core/interbotix_ros_xseries/interbotix_xs_msgs) by extension 'colcon_meta'
[0.207s] Level 1:colcon.colcon_core.package_identification:_identify(interbotix_ros_core/interbotix_ros_xseries/interbotix_xs_msgs) by extensions ['ros']
[0.207s] Level 1:colcon.colcon_core.package_identification:_identify(interbotix_ros_core/interbotix_ros_xseries/interbotix_xs_msgs) by extension 'ros'
[0.207s] DEBUG:colcon.colcon_core.package_identification:Package 'interbotix_ros_core/interbotix_ros_xseries/interbotix_xs_msgs' with type 'ros.ament_cmake' and name 'interbotix_xs_msgs'
[0.207s] Level 1:colcon.colcon_core.package_identification:_identify(interbotix_ros_core/interbotix_ros_xseries/interbotix_xs_sdk) by extensions ['ignore', 'ignore_ament_install']
[0.207s] Level 1:colcon.colcon_core.package_identification:_identify(interbotix_ros_core/interbotix_ros_xseries/interbotix_xs_sdk) by extension 'ignore'
[0.207s] Level 1:colcon.colcon_core.package_identification:_identify(interbotix_ros_core/interbotix_ros_xseries/interbotix_xs_sdk) by extension 'ignore_ament_install'
[0.207s] Level 1:colcon.colcon_core.package_identification:_identify(interbotix_ros_core/interbotix_ros_xseries/interbotix_xs_sdk) by extensions ['colcon_pkg']
[0.207s] Level 1:colcon.colcon_core.package_identification:_identify(interbotix_ros_core/interbotix_ros_xseries/interbotix_xs_sdk) by extension 'colcon_pkg'
[0.207s] Level 1:colcon.colcon_core.package_identification:_identify(interbotix_ros_core/interbotix_ros_xseries/interbotix_xs_sdk) by extensions ['colcon_meta']
[0.207s] Level 1:colcon.colcon_core.package_identification:_identify(interbotix_ros_core/interbotix_ros_xseries/interbotix_xs_sdk) by extension 'colcon_meta'
[0.208s] Level 1:colcon.colcon_core.package_identification:_identify(interbotix_ros_core/interbotix_ros_xseries/interbotix_xs_sdk) by extensions ['ros']
[0.208s] Level 1:colcon.colcon_core.package_identification:_identify(interbotix_ros_core/interbotix_ros_xseries/interbotix_xs_sdk) by extension 'ros'
[0.208s] DEBUG:colcon.colcon_core.package_identification:Package 'interbotix_ros_core/interbotix_ros_xseries/interbotix_xs_sdk' with type 'ros.ament_cmake' and name 'interbotix_xs_sdk'
[0.208s] Level 1:colcon.colcon_core.package_identification:_identify(interbotix_ros_rovers) by extensions ['ignore', 'ignore_ament_install']
[0.208s] Level 1:colcon.colcon_core.package_identification:_identify(interbotix_ros_rovers) by extension 'ignore'
[0.208s] Level 1:colcon.colcon_core.package_identification:_identify(interbotix_ros_rovers) by extension 'ignore_ament_install'
[0.208s] Level 1:colcon.colcon_core.package_identification:_identify(interbotix_ros_rovers) by extensions ['colcon_pkg']
[0.208s] Level 1:colcon.colcon_core.package_identification:_identify(interbotix_ros_rovers) by extension 'colcon_pkg'
[0.208s] Level 1:colcon.colcon_core.package_identification:_identify(interbotix_ros_rovers) by extensions ['colcon_meta']
[0.208s] Level 1:colcon.colcon_core.package_identification:_identify(interbotix_ros_rovers) by extension 'colcon_meta'
[0.208s] Level 1:colcon.colcon_core.package_identification:_identify(interbotix_ros_rovers) by extensions ['ros']
[0.208s] Level 1:colcon.colcon_core.package_identification:_identify(interbotix_ros_rovers) by extension 'ros'
[0.208s] Level 1:colcon.colcon_core.package_identification:_identify(interbotix_ros_rovers) by extensions ['cmake', 'python']
[0.208s] Level 1:colcon.colcon_core.package_identification:_identify(interbotix_ros_rovers) by extension 'cmake'
[0.208s] Level 1:colcon.colcon_core.package_identification:_identify(interbotix_ros_rovers) by extension 'python'
[0.208s] Level 1:colcon.colcon_core.package_identification:_identify(interbotix_ros_rovers) by extensions ['python_setup_py']
[0.208s] Level 1:colcon.colcon_core.package_identification:_identify(interbotix_ros_rovers) by extension 'python_setup_py'
[0.208s] Level 1:colcon.colcon_core.package_identification:_identify(interbotix_ros_rovers/images) by extensions ['ignore', 'ignore_ament_install']
[0.209s] Level 1:colcon.colcon_core.package_identification:_identify(interbotix_ros_rovers/images) by extension 'ignore'
[0.209s] Level 1:colcon.colcon_core.package_identification:_identify(interbotix_ros_rovers/images) by extension 'ignore_ament_install'
[0.209s] Level 1:colcon.colcon_core.package_identification:_identify(interbotix_ros_rovers/images) by extensions ['colcon_pkg']
[0.209s] Level 1:colcon.colcon_core.package_identification:_identify(interbotix_ros_rovers/images) by extension 'colcon_pkg'
[0.209s] Level 1:colcon.colcon_core.package_identification:_identify(interbotix_ros_rovers/images) by extensions ['colcon_meta']
[0.209s] Level 1:colcon.colcon_core.package_identification:_identify(interbotix_ros_rovers/images) by extension 'colcon_meta'
[0.209s] Level 1:colcon.colcon_core.package_identification:_identify(interbotix_ros_rovers/images) by extensions ['ros']
[0.209s] Level 1:colcon.colcon_core.package_identification:_identify(interbotix_ros_rovers/images) by extension 'ros'
[0.209s] Level 1:colcon.colcon_core.package_identification:_identify(interbotix_ros_rovers/images) by extensions ['cmake', 'python']
[0.209s] Level 1:colcon.colcon_core.package_identification:_identify(interbotix_ros_rovers/images) by extension 'cmake'
[0.209s] Level 1:colcon.colcon_core.package_identification:_identify(interbotix_ros_rovers/images) by extension 'python'
[0.209s] Level 1:colcon.colcon_core.package_identification:_identify(interbotix_ros_rovers/images) by extensions ['python_setup_py']
[0.209s] Level 1:colcon.colcon_core.package_identification:_identify(interbotix_ros_rovers/images) by extension 'python_setup_py'
[0.209s] Level 1:colcon.colcon_core.package_identification:_identify(interbotix_ros_rovers/interbotix_ros_xslocobots) by extensions ['ignore', 'ignore_ament_install']
[0.209s] Level 1:colcon.colcon_core.package_identification:_identify(interbotix_ros_rovers/interbotix_ros_xslocobots) by extension 'ignore'
[0.209s] Level 1:colcon.colcon_core.package_identification:_identify(interbotix_ros_rovers/interbotix_ros_xslocobots) by extension 'ignore_ament_install'
[0.209s] Level 1:colcon.colcon_core.package_identification:_identify(interbotix_ros_rovers/interbotix_ros_xslocobots) by extensions ['colcon_pkg']
[0.209s] Level 1:colcon.colcon_core.package_identification:_identify(interbotix_ros_rovers/interbotix_ros_xslocobots) by extension 'colcon_pkg'
[0.209s] Level 1:colcon.colcon_core.package_identification:_identify(interbotix_ros_rovers/interbotix_ros_xslocobots) by extensions ['colcon_meta']
[0.209s] Level 1:colcon.colcon_core.package_identification:_identify(interbotix_ros_rovers/interbotix_ros_xslocobots) by extension 'colcon_meta'
[0.209s] Level 1:colcon.colcon_core.package_identification:_identify(interbotix_ros_rovers/interbotix_ros_xslocobots) by extensions ['ros']
[0.209s] Level 1:colcon.colcon_core.package_identification:_identify(interbotix_ros_rovers/interbotix_ros_xslocobots) by extension 'ros'
[0.209s] Level 1:colcon.colcon_core.package_identification:_identify(interbotix_ros_rovers/interbotix_ros_xslocobots) by extensions ['cmake', 'python']
[0.209s] Level 1:colcon.colcon_core.package_identification:_identify(interbotix_ros_rovers/interbotix_ros_xslocobots) by extension 'cmake'
[0.209s] Level 1:colcon.colcon_core.package_identification:_identify(interbotix_ros_rovers/interbotix_ros_xslocobots) by extension 'python'
[0.209s] Level 1:colcon.colcon_core.package_identification:_identify(interbotix_ros_rovers/interbotix_ros_xslocobots) by extensions ['python_setup_py']
[0.209s] Level 1:colcon.colcon_core.package_identification:_identify(interbotix_ros_rovers/interbotix_ros_xslocobots) by extension 'python_setup_py'
[0.209s] Level 1:colcon.colcon_core.package_identification:_identify(interbotix_ros_rovers/interbotix_ros_xslocobots/examples) by extensions ['ignore', 'ignore_ament_install']
[0.209s] Level 1:colcon.colcon_core.package_identification:_identify(interbotix_ros_rovers/interbotix_ros_xslocobots/examples) by extension 'ignore'
[0.209s] Level 1:colcon.colcon_core.package_identification:_identify(interbotix_ros_rovers/interbotix_ros_xslocobots/examples) by extension 'ignore_ament_install'
[0.209s] Level 1:colcon.colcon_core.package_identification:_identify(interbotix_ros_rovers/interbotix_ros_xslocobots/examples) by extensions ['colcon_pkg']
[0.209s] Level 1:colcon.colcon_core.package_identification:_identify(interbotix_ros_rovers/interbotix_ros_xslocobots/examples) by extension 'colcon_pkg'
[0.209s] Level 1:colcon.colcon_core.package_identification:_identify(interbotix_ros_rovers/interbotix_ros_xslocobots/examples) by extensions ['colcon_meta']
[0.209s] Level 1:colcon.colcon_core.package_identification:_identify(interbotix_ros_rovers/interbotix_ros_xslocobots/examples) by extension 'colcon_meta'
[0.209s] Level 1:colcon.colcon_core.package_identification:_identify(interbotix_ros_rovers/interbotix_ros_xslocobots/examples) by extensions ['ros']
[0.209s] Level 1:colcon.colcon_core.package_identification:_identify(interbotix_ros_rovers/interbotix_ros_xslocobots/examples) by extension 'ros'
[0.209s] Level 1:colcon.colcon_core.package_identification:_identify(interbotix_ros_rovers/interbotix_ros_xslocobots/examples) by extensions ['cmake', 'python']
[0.209s] Level 1:colcon.colcon_core.package_identification:_identify(interbotix_ros_rovers/interbotix_ros_xslocobots/examples) by extension 'cmake'
[0.209s] Level 1:colcon.colcon_core.package_identification:_identify(interbotix_ros_rovers/interbotix_ros_xslocobots/examples) by extension 'python'
[0.209s] Level 1:colcon.colcon_core.package_identification:_identify(interbotix_ros_rovers/interbotix_ros_xslocobots/examples) by extensions ['python_setup_py']
[0.209s] Level 1:colcon.colcon_core.package_identification:_identify(interbotix_ros_rovers/interbotix_ros_xslocobots/examples) by extension 'python_setup_py'
[0.210s] Level 1:colcon.colcon_core.package_identification:_identify(interbotix_ros_rovers/interbotix_ros_xslocobots/examples/interbotix_ros_xslocobots_examples) by extensions ['ignore', 'ignore_ament_install']
[0.210s] Level 1:colcon.colcon_core.package_identification:_identify(interbotix_ros_rovers/interbotix_ros_xslocobots/examples/interbotix_ros_xslocobots_examples) by extension 'ignore'
[0.210s] Level 1:colcon.colcon_core.package_identification:_identify(interbotix_ros_rovers/interbotix_ros_xslocobots/examples/interbotix_ros_xslocobots_examples) ignored
[0.210s] Level 1:colcon.colcon_core.package_identification:_identify(interbotix_ros_rovers/interbotix_ros_xslocobots/examples/interbotix_xslocobot_joy) by extensions ['ignore', 'ignore_ament_install']
[0.210s] Level 1:colcon.colcon_core.package_identification:_identify(interbotix_ros_rovers/interbotix_ros_xslocobots/examples/interbotix_xslocobot_joy) by extension 'ignore'
[0.210s] Level 1:colcon.colcon_core.package_identification:_identify(interbotix_ros_rovers/interbotix_ros_xslocobots/examples/interbotix_xslocobot_joy) by extension 'ignore_ament_install'
[0.210s] Level 1:colcon.colcon_core.package_identification:_identify(interbotix_ros_rovers/interbotix_ros_xslocobots/examples/interbotix_xslocobot_joy) by extensions ['colcon_pkg']
[0.210s] Level 1:colcon.colcon_core.package_identification:_identify(interbotix_ros_rovers/interbotix_ros_xslocobots/examples/interbotix_xslocobot_joy) by extension 'colcon_pkg'
[0.210s] Level 1:colcon.colcon_core.package_identification:_identify(interbotix_ros_rovers/interbotix_ros_xslocobots/examples/interbotix_xslocobot_joy) by extensions ['colcon_meta']
[0.210s] Level 1:colcon.colcon_core.package_identification:_identify(interbotix_ros_rovers/interbotix_ros_xslocobots/examples/interbotix_xslocobot_joy) by extension 'colcon_meta'
[0.210s] Level 1:colcon.colcon_core.package_identification:_identify(interbotix_ros_rovers/interbotix_ros_xslocobots/examples/interbotix_xslocobot_joy) by extensions ['ros']
[0.210s] Level 1:colcon.colcon_core.package_identification:_identify(interbotix_ros_rovers/interbotix_ros_xslocobots/examples/interbotix_xslocobot_joy) by extension 'ros'
[0.211s] DEBUG:colcon.colcon_core.package_identification:Package 'interbotix_ros_rovers/interbotix_ros_xslocobots/examples/interbotix_xslocobot_joy' with type 'ros.ament_cmake' and name 'interbotix_xslocobot_joy'
[0.211s] Level 1:colcon.colcon_core.package_identification:_identify(interbotix_ros_rovers/interbotix_ros_xslocobots/examples/interbotix_xslocobot_landmark_nav) by extensions ['ignore', 'ignore_ament_install']
[0.211s] Level 1:colcon.colcon_core.package_identification:_identify(interbotix_ros_rovers/interbotix_ros_xslocobots/examples/interbotix_xslocobot_landmark_nav) by extension 'ignore'
[0.211s] Level 1:colcon.colcon_core.package_identification:_identify(interbotix_ros_rovers/interbotix_ros_xslocobots/examples/interbotix_xslocobot_landmark_nav) ignored
[0.211s] Level 1:colcon.colcon_core.package_identification:_identify(interbotix_ros_rovers/interbotix_ros_xslocobots/examples/interbotix_xslocobot_moveit_interface) by extensions ['ignore', 'ignore_ament_install']
[0.211s] Level 1:colcon.colcon_core.package_identification:_identify(interbotix_ros_rovers/interbotix_ros_xslocobots/examples/interbotix_xslocobot_moveit_interface) by extension 'ignore'
[0.211s] Level 1:colcon.colcon_core.package_identification:_identify(interbotix_ros_rovers/interbotix_ros_xslocobots/examples/interbotix_xslocobot_moveit_interface) ignored
[0.211s] Level 1:colcon.colcon_core.package_identification:_identify(interbotix_ros_rovers/interbotix_ros_xslocobots/images) by extensions ['ignore', 'ignore_ament_install']
[0.211s] Level 1:colcon.colcon_core.package_identification:_identify(interbotix_ros_rovers/interbotix_ros_xslocobots/images) by extension 'ignore'
[0.211s] Level 1:colcon.colcon_core.package_identification:_identify(interbotix_ros_rovers/interbotix_ros_xslocobots/images) by extension 'ignore_ament_install'
[0.211s] Level 1:colcon.colcon_core.package_identification:_identify(interbotix_ros_rovers/interbotix_ros_xslocobots/images) by extensions ['colcon_pkg']
[0.211s] Level 1:colcon.colcon_core.package_identification:_identify(interbotix_ros_rovers/interbotix_ros_xslocobots/images) by extension 'colcon_pkg'
[0.211s] Level 1:colcon.colcon_core.package_identification:_identify(interbotix_ros_rovers/interbotix_ros_xslocobots/images) by extensions ['colcon_meta']
[0.211s] Level 1:colcon.colcon_core.package_identification:_identify(interbotix_ros_rovers/interbotix_ros_xslocobots/images) by extension 'colcon_meta'
[0.211s] Level 1:colcon.colcon_core.package_identification:_identify(interbotix_ros_rovers/interbotix_ros_xslocobots/images) by extensions ['ros']
[0.211s] Level 1:colcon.colcon_core.package_identification:_identify(interbotix_ros_rovers/interbotix_ros_xslocobots/images) by extension 'ros'
[0.211s] Level 1:colcon.colcon_core.package_identification:_identify(interbotix_ros_rovers/interbotix_ros_xslocobots/images) by extensions ['cmake', 'python']
[0.211s] Level 1:colcon.colcon_core.package_identification:_identify(interbotix_ros_rovers/interbotix_ros_xslocobots/images) by extension 'cmake'
[0.211s] Level 1:colcon.colcon_core.package_identification:_identify(interbotix_ros_rovers/interbotix_ros_xslocobots/images) by extension 'python'
[0.211s] Level 1:colcon.colcon_core.package_identification:_identify(interbotix_ros_rovers/interbotix_ros_xslocobots/images) by extensions ['python_setup_py']
[0.211s] Level 1:colcon.colcon_core.package_identification:_identify(interbotix_ros_rovers/interbotix_ros_xslocobots/images) by extension 'python_setup_py'
[0.211s] Level 1:colcon.colcon_core.package_identification:_identify(interbotix_ros_rovers/interbotix_ros_xslocobots/install) by extensions ['ignore', 'ignore_ament_install']
[0.211s] Level 1:colcon.colcon_core.package_identification:_identify(interbotix_ros_rovers/interbotix_ros_xslocobots/install) by extension 'ignore'
[0.211s] Level 1:colcon.colcon_core.package_identification:_identify(interbotix_ros_rovers/interbotix_ros_xslocobots/install) by extension 'ignore_ament_install'
[0.211s] Level 1:colcon.colcon_core.package_identification:_identify(interbotix_ros_rovers/interbotix_ros_xslocobots/install) by extensions ['colcon_pkg']
[0.211s] Level 1:colcon.colcon_core.package_identification:_identify(interbotix_ros_rovers/interbotix_ros_xslocobots/install) by extension 'colcon_pkg'
[0.211s] Level 1:colcon.colcon_core.package_identification:_identify(interbotix_ros_rovers/interbotix_ros_xslocobots/install) by extensions ['colcon_meta']
[0.211s] Level 1:colcon.colcon_core.package_identification:_identify(interbotix_ros_rovers/interbotix_ros_xslocobots/install) by extension 'colcon_meta'
[0.211s] Level 1:colcon.colcon_core.package_identification:_identify(interbotix_ros_rovers/interbotix_ros_xslocobots/install) by extensions ['ros']
[0.211s] Level 1:colcon.colcon_core.package_identification:_identify(interbotix_ros_rovers/interbotix_ros_xslocobots/install) by extension 'ros'
[0.211s] Level 1:colcon.colcon_core.package_identification:_identify(interbotix_ros_rovers/interbotix_ros_xslocobots/install) by extensions ['cmake', 'python']
[0.211s] Level 1:colcon.colcon_core.package_identification:_identify(interbotix_ros_rovers/interbotix_ros_xslocobots/install) by extension 'cmake'
[0.211s] Level 1:colcon.colcon_core.package_identification:_identify(interbotix_ros_rovers/interbotix_ros_xslocobots/install) by extension 'python'
[0.212s] Level 1:colcon.colcon_core.package_identification:_identify(interbotix_ros_rovers/interbotix_ros_xslocobots/install) by extensions ['python_setup_py']
[0.212s] Level 1:colcon.colcon_core.package_identification:_identify(interbotix_ros_rovers/interbotix_ros_xslocobots/install) by extension 'python_setup_py'
[0.212s] Level 1:colcon.colcon_core.package_identification:_identify(interbotix_ros_rovers/interbotix_ros_xslocobots/install/amd64) by extensions ['ignore', 'ignore_ament_install']
[0.212s] Level 1:colcon.colcon_core.package_identification:_identify(interbotix_ros_rovers/interbotix_ros_xslocobots/install/amd64) by extension 'ignore'
[0.212s] Level 1:colcon.colcon_core.package_identification:_identify(interbotix_ros_rovers/interbotix_ros_xslocobots/install/amd64) by extension 'ignore_ament_install'
[0.212s] Level 1:colcon.colcon_core.package_identification:_identify(interbotix_ros_rovers/interbotix_ros_xslocobots/install/amd64) by extensions ['colcon_pkg']
[0.212s] Level 1:colcon.colcon_core.package_identification:_identify(interbotix_ros_rovers/interbotix_ros_xslocobots/install/amd64) by extension 'colcon_pkg'
[0.212s] Level 1:colcon.colcon_core.package_identification:_identify(interbotix_ros_rovers/interbotix_ros_xslocobots/install/amd64) by extensions ['colcon_meta']
[0.212s] Level 1:colcon.colcon_core.package_identification:_identify(interbotix_ros_rovers/interbotix_ros_xslocobots/install/amd64) by extension 'colcon_meta'
[0.212s] Level 1:colcon.colcon_core.package_identification:_identify(interbotix_ros_rovers/interbotix_ros_xslocobots/install/amd64) by extensions ['ros']
[0.212s] Level 1:colcon.colcon_core.package_identification:_identify(interbotix_ros_rovers/interbotix_ros_xslocobots/install/amd64) by extension 'ros'
[0.212s] Level 1:colcon.colcon_core.package_identification:_identify(interbotix_ros_rovers/interbotix_ros_xslocobots/install/amd64) by extensions ['cmake', 'python']
[0.212s] Level 1:colcon.colcon_core.package_identification:_identify(interbotix_ros_rovers/interbotix_ros_xslocobots/install/amd64) by extension 'cmake'
[0.212s] Level 1:colcon.colcon_core.package_identification:_identify(interbotix_ros_rovers/interbotix_ros_xslocobots/install/amd64) by extension 'python'
[0.212s] Level 1:colcon.colcon_core.package_identification:_identify(interbotix_ros_rovers/interbotix_ros_xslocobots/install/amd64) by extensions ['python_setup_py']
[0.212s] Level 1:colcon.colcon_core.package_identification:_identify(interbotix_ros_rovers/interbotix_ros_xslocobots/install/amd64) by extension 'python_setup_py'
[0.212s] Level 1:colcon.colcon_core.package_identification:_identify(interbotix_ros_rovers/interbotix_ros_xslocobots/install/resources) by extensions ['ignore', 'ignore_ament_install']
[0.212s] Level 1:colcon.colcon_core.package_identification:_identify(interbotix_ros_rovers/interbotix_ros_xslocobots/install/resources) by extension 'ignore'
[0.212s] Level 1:colcon.colcon_core.package_identification:_identify(interbotix_ros_rovers/interbotix_ros_xslocobots/install/resources) by extension 'ignore_ament_install'
[0.212s] Level 1:colcon.colcon_core.package_identification:_identify(interbotix_ros_rovers/interbotix_ros_xslocobots/install/resources) by extensions ['colcon_pkg']
[0.212s] Level 1:colcon.colcon_core.package_identification:_identify(interbotix_ros_rovers/interbotix_ros_xslocobots/install/resources) by extension 'colcon_pkg'
[0.212s] Level 1:colcon.colcon_core.package_identification:_identify(interbotix_ros_rovers/interbotix_ros_xslocobots/install/resources) by extensions ['colcon_meta']
[0.212s] Level 1:colcon.colcon_core.package_identification:_identify(interbotix_ros_rovers/interbotix_ros_xslocobots/install/resources) by extension 'colcon_meta'
[0.212s] Level 1:colcon.colcon_core.package_identification:_identify(interbotix_ros_rovers/interbotix_ros_xslocobots/install/resources) by extensions ['ros']
[0.212s] Level 1:colcon.colcon_core.package_identification:_identify(interbotix_ros_rovers/interbotix_ros_xslocobots/install/resources) by extension 'ros'
[0.212s] Level 1:colcon.colcon_core.package_identification:_identify(interbotix_ros_rovers/interbotix_ros_xslocobots/install/resources) by extensions ['cmake', 'python']
[0.212s] Level 1:colcon.colcon_core.package_identification:_identify(interbotix_ros_rovers/interbotix_ros_xslocobots/install/resources) by extension 'cmake'
[0.212s] Level 1:colcon.colcon_core.package_identification:_identify(interbotix_ros_rovers/interbotix_ros_xslocobots/install/resources) by extension 'python'
[0.212s] Level 1:colcon.colcon_core.package_identification:_identify(interbotix_ros_rovers/interbotix_ros_xslocobots/install/resources) by extensions ['python_setup_py']
[0.212s] Level 1:colcon.colcon_core.package_identification:_identify(interbotix_ros_rovers/interbotix_ros_xslocobots/install/resources) by extension 'python_setup_py'
[0.212s] Level 1:colcon.colcon_core.package_identification:_identify(interbotix_ros_rovers/interbotix_ros_xslocobots/install/resources/conf) by extensions ['ignore', 'ignore_ament_install']
[0.212s] Level 1:colcon.colcon_core.package_identification:_identify(interbotix_ros_rovers/interbotix_ros_xslocobots/install/resources/conf) by extension 'ignore'
[0.212s] Level 1:colcon.colcon_core.package_identification:_identify(interbotix_ros_rovers/interbotix_ros_xslocobots/install/resources/conf) by extension 'ignore_ament_install'
[0.212s] Level 1:colcon.colcon_core.package_identification:_identify(interbotix_ros_rovers/interbotix_ros_xslocobots/install/resources/conf) by extensions ['colcon_pkg']
[0.212s] Level 1:colcon.colcon_core.package_identification:_identify(interbotix_ros_rovers/interbotix_ros_xslocobots/install/resources/conf) by extension 'colcon_pkg'
[0.212s] Level 1:colcon.colcon_core.package_identification:_identify(interbotix_ros_rovers/interbotix_ros_xslocobots/install/resources/conf) by extensions ['colcon_meta']
[0.212s] Level 1:colcon.colcon_core.package_identification:_identify(interbotix_ros_rovers/interbotix_ros_xslocobots/install/resources/conf) by extension 'colcon_meta'
[0.212s] Level 1:colcon.colcon_core.package_identification:_identify(interbotix_ros_rovers/interbotix_ros_xslocobots/install/resources/conf) by extensions ['ros']
[0.213s] Level 1:colcon.colcon_core.package_identification:_identify(interbotix_ros_rovers/interbotix_ros_xslocobots/install/resources/conf) by extension 'ros'
[0.213s] Level 1:colcon.colcon_core.package_identification:_identify(interbotix_ros_rovers/interbotix_ros_xslocobots/install/resources/conf) by extensions ['cmake', 'python']
[0.213s] Level 1:colcon.colcon_core.package_identification:_identify(interbotix_ros_rovers/interbotix_ros_xslocobots/install/resources/conf) by extension 'cmake'
[0.213s] Level 1:colcon.colcon_core.package_identification:_identify(interbotix_ros_rovers/interbotix_ros_xslocobots/install/resources/conf) by extension 'python'
[0.213s] Level 1:colcon.colcon_core.package_identification:_identify(interbotix_ros_rovers/interbotix_ros_xslocobots/install/resources/conf) by extensions ['python_setup_py']
[0.213s] Level 1:colcon.colcon_core.package_identification:_identify(interbotix_ros_rovers/interbotix_ros_xslocobots/install/resources/conf) by extension 'python_setup_py'
[0.213s] Level 1:colcon.colcon_core.package_identification:_identify(interbotix_ros_rovers/interbotix_ros_xslocobots/install/resources/service) by extensions ['ignore', 'ignore_ament_install']
[0.213s] Level 1:colcon.colcon_core.package_identification:_identify(interbotix_ros_rovers/interbotix_ros_xslocobots/install/resources/service) by extension 'ignore'
[0.213s] Level 1:colcon.colcon_core.package_identification:_identify(interbotix_ros_rovers/interbotix_ros_xslocobots/install/resources/service) by extension 'ignore_ament_install'
[0.213s] Level 1:colcon.colcon_core.package_identification:_identify(interbotix_ros_rovers/interbotix_ros_xslocobots/install/resources/service) by extensions ['colcon_pkg']
[0.213s] Level 1:colcon.colcon_core.package_identification:_identify(interbotix_ros_rovers/interbotix_ros_xslocobots/install/resources/service) by extension 'colcon_pkg'
[0.213s] Level 1:colcon.colcon_core.package_identification:_identify(interbotix_ros_rovers/interbotix_ros_xslocobots/install/resources/service) by extensions ['colcon_meta']
[0.213s] Level 1:colcon.colcon_core.package_identification:_identify(interbotix_ros_rovers/interbotix_ros_xslocobots/install/resources/service) by extension 'colcon_meta'
[0.213s] Level 1:colcon.colcon_core.package_identification:_identify(interbotix_ros_rovers/interbotix_ros_xslocobots/install/resources/service) by extensions ['ros']
[0.213s] Level 1:colcon.colcon_core.package_identification:_identify(interbotix_ros_rovers/interbotix_ros_xslocobots/install/resources/service) by extension 'ros'
[0.213s] Level 1:colcon.colcon_core.package_identification:_identify(interbotix_ros_rovers/interbotix_ros_xslocobots/install/resources/service) by extensions ['cmake', 'python']
[0.213s] Level 1:colcon.colcon_core.package_identification:_identify(interbotix_ros_rovers/interbotix_ros_xslocobots/install/resources/service) by extension 'cmake'
[0.213s] Level 1:colcon.colcon_core.package_identification:_identify(interbotix_ros_rovers/interbotix_ros_xslocobots/install/resources/service) by extension 'python'
[0.213s] Level 1:colcon.colcon_core.package_identification:_identify(interbotix_ros_rovers/interbotix_ros_xslocobots/install/resources/service) by extensions ['python_setup_py']
[0.213s] Level 1:colcon.colcon_core.package_identification:_identify(interbotix_ros_rovers/interbotix_ros_xslocobots/install/resources/service) by extension 'python_setup_py'
[0.213s] Level 1:colcon.colcon_core.package_identification:_identify(interbotix_ros_rovers/interbotix_ros_xslocobots/interbotix_ros_xslocobots) by extensions ['ignore', 'ignore_ament_install']
[0.213s] Level 1:colcon.colcon_core.package_identification:_identify(interbotix_ros_rovers/interbotix_ros_xslocobots/interbotix_ros_xslocobots) by extension 'ignore'
[0.213s] Level 1:colcon.colcon_core.package_identification:_identify(interbotix_ros_rovers/interbotix_ros_xslocobots/interbotix_ros_xslocobots) ignored
[0.213s] Level 1:colcon.colcon_core.package_identification:_identify(interbotix_ros_rovers/interbotix_ros_xslocobots/interbotix_xslocobot_control) by extensions ['ignore', 'ignore_ament_install']
[0.213s] Level 1:colcon.colcon_core.package_identification:_identify(interbotix_ros_rovers/interbotix_ros_xslocobots/interbotix_xslocobot_control) by extension 'ignore'
[0.213s] Level 1:colcon.colcon_core.package_identification:_identify(interbotix_ros_rovers/interbotix_ros_xslocobots/interbotix_xslocobot_control) by extension 'ignore_ament_install'
[0.213s] Level 1:colcon.colcon_core.package_identification:_identify(interbotix_ros_rovers/interbotix_ros_xslocobots/interbotix_xslocobot_control) by extensions ['colcon_pkg']
[0.213s] Level 1:colcon.colcon_core.package_identification:_identify(interbotix_ros_rovers/interbotix_ros_xslocobots/interbotix_xslocobot_control) by extension 'colcon_pkg'
[0.213s] Level 1:colcon.colcon_core.package_identification:_identify(interbotix_ros_rovers/interbotix_ros_xslocobots/interbotix_xslocobot_control) by extensions ['colcon_meta']
[0.213s] Level 1:colcon.colcon_core.package_identification:_identify(interbotix_ros_rovers/interbotix_ros_xslocobots/interbotix_xslocobot_control) by extension 'colcon_meta'
[0.213s] Level 1:colcon.colcon_core.package_identification:_identify(interbotix_ros_rovers/interbotix_ros_xslocobots/interbotix_xslocobot_control) by extensions ['ros']
[0.213s] Level 1:colcon.colcon_core.package_identification:_identify(interbotix_ros_rovers/interbotix_ros_xslocobots/interbotix_xslocobot_control) by extension 'ros'
[0.216s] DEBUG:colcon.colcon_core.package_identification:Package 'interbotix_ros_rovers/interbotix_ros_xslocobots/interbotix_xslocobot_control' with type 'ros.ament_cmake' and name 'interbotix_xslocobot_control'
[0.216s] Level 1:colcon.colcon_core.package_identification:_identify(interbotix_ros_rovers/interbotix_ros_xslocobots/interbotix_xslocobot_descriptions) by extensions ['ignore', 'ignore_ament_install']
[0.216s] Level 1:colcon.colcon_core.package_identification:_identify(interbotix_ros_rovers/interbotix_ros_xslocobots/interbotix_xslocobot_descriptions) by extension 'ignore'
[0.216s] Level 1:colcon.colcon_core.package_identification:_identify(interbotix_ros_rovers/interbotix_ros_xslocobots/interbotix_xslocobot_descriptions) by extension 'ignore_ament_install'
[0.217s] Level 1:colcon.colcon_core.package_identification:_identify(interbotix_ros_rovers/interbotix_ros_xslocobots/interbotix_xslocobot_descriptions) by extensions ['colcon_pkg']
[0.217s] Level 1:colcon.colcon_core.package_identification:_identify(interbotix_ros_rovers/interbotix_ros_xslocobots/interbotix_xslocobot_descriptions) by extension 'colcon_pkg'
[0.217s] Level 1:colcon.colcon_core.package_identification:_identify(interbotix_ros_rovers/interbotix_ros_xslocobots/interbotix_xslocobot_descriptions) by extensions ['colcon_meta']
[0.217s] Level 1:colcon.colcon_core.package_identification:_identify(interbotix_ros_rovers/interbotix_ros_xslocobots/interbotix_xslocobot_descriptions) by extension 'colcon_meta'
[0.217s] Level 1:colcon.colcon_core.package_identification:_identify(interbotix_ros_rovers/interbotix_ros_xslocobots/interbotix_xslocobot_descriptions) by extensions ['ros']
[0.217s] Level 1:colcon.colcon_core.package_identification:_identify(interbotix_ros_rovers/interbotix_ros_xslocobots/interbotix_xslocobot_descriptions) by extension 'ros'
[0.218s] DEBUG:colcon.colcon_core.package_identification:Package 'interbotix_ros_rovers/interbotix_ros_xslocobots/interbotix_xslocobot_descriptions' with type 'ros.ament_cmake' and name 'interbotix_xslocobot_descriptions'
[0.218s] Level 1:colcon.colcon_core.package_identification:_identify(interbotix_ros_rovers/interbotix_ros_xslocobots/interbotix_xslocobot_moveit) by extensions ['ignore', 'ignore_ament_install']
[0.218s] Level 1:colcon.colcon_core.package_identification:_identify(interbotix_ros_rovers/interbotix_ros_xslocobots/interbotix_xslocobot_moveit) by extension 'ignore'
[0.218s] Level 1:colcon.colcon_core.package_identification:_identify(interbotix_ros_rovers/interbotix_ros_xslocobots/interbotix_xslocobot_moveit) by extension 'ignore_ament_install'
[0.218s] Level 1:colcon.colcon_core.package_identification:_identify(interbotix_ros_rovers/interbotix_ros_xslocobots/interbotix_xslocobot_moveit) by extensions ['colcon_pkg']
[0.218s] Level 1:colcon.colcon_core.package_identification:_identify(interbotix_ros_rovers/interbotix_ros_xslocobots/interbotix_xslocobot_moveit) by extension 'colcon_pkg'
[0.218s] Level 1:colcon.colcon_core.package_identification:_identify(interbotix_ros_rovers/interbotix_ros_xslocobots/interbotix_xslocobot_moveit) by extensions ['colcon_meta']
[0.218s] Level 1:colcon.colcon_core.package_identification:_identify(interbotix_ros_rovers/interbotix_ros_xslocobots/interbotix_xslocobot_moveit) by extension 'colcon_meta'
[0.218s] Level 1:colcon.colcon_core.package_identification:_identify(interbotix_ros_rovers/interbotix_ros_xslocobots/interbotix_xslocobot_moveit) by extensions ['ros']
[0.218s] Level 1:colcon.colcon_core.package_identification:_identify(interbotix_ros_rovers/interbotix_ros_xslocobots/interbotix_xslocobot_moveit) by extension 'ros'
[0.219s] DEBUG:colcon.colcon_core.package_identification:Package 'interbotix_ros_rovers/interbotix_ros_xslocobots/interbotix_xslocobot_moveit' with type 'ros.ament_cmake' and name 'interbotix_xslocobot_moveit'
[0.219s] Level 1:colcon.colcon_core.package_identification:_identify(interbotix_ros_rovers/interbotix_ros_xslocobots/interbotix_xslocobot_nav) by extensions ['ignore', 'ignore_ament_install']
[0.219s] Level 1:colcon.colcon_core.package_identification:_identify(interbotix_ros_rovers/interbotix_ros_xslocobots/interbotix_xslocobot_nav) by extension 'ignore'
[0.219s] Level 1:colcon.colcon_core.package_identification:_identify(interbotix_ros_rovers/interbotix_ros_xslocobots/interbotix_xslocobot_nav) by extension 'ignore_ament_install'
[0.219s] Level 1:colcon.colcon_core.package_identification:_identify(interbotix_ros_rovers/interbotix_ros_xslocobots/interbotix_xslocobot_nav) by extensions ['colcon_pkg']
[0.219s] Level 1:colcon.colcon_core.package_identification:_identify(interbotix_ros_rovers/interbotix_ros_xslocobots/interbotix_xslocobot_nav) by extension 'colcon_pkg'
[0.219s] Level 1:colcon.colcon_core.package_identification:_identify(interbotix_ros_rovers/interbotix_ros_xslocobots/interbotix_xslocobot_nav) by extensions ['colcon_meta']
[0.219s] Level 1:colcon.colcon_core.package_identification:_identify(interbotix_ros_rovers/interbotix_ros_xslocobots/interbotix_xslocobot_nav) by extension 'colcon_meta'
[0.219s] Level 1:colcon.colcon_core.package_identification:_identify(interbotix_ros_rovers/interbotix_ros_xslocobots/interbotix_xslocobot_nav) by extensions ['ros']
[0.219s] Level 1:colcon.colcon_core.package_identification:_identify(interbotix_ros_rovers/interbotix_ros_xslocobots/interbotix_xslocobot_nav) by extension 'ros'
[0.220s] DEBUG:colcon.colcon_core.package_identification:Package 'interbotix_ros_rovers/interbotix_ros_xslocobots/interbotix_xslocobot_nav' with type 'ros.ament_cmake' and name 'interbotix_xslocobot_nav'
[0.220s] Level 1:colcon.colcon_core.package_identification:_identify(interbotix_ros_rovers/interbotix_ros_xslocobots/interbotix_xslocobot_perception) by extensions ['ignore', 'ignore_ament_install']
[0.220s] Level 1:colcon.colcon_core.package_identification:_identify(interbotix_ros_rovers/interbotix_ros_xslocobots/interbotix_xslocobot_perception) by extension 'ignore'
[0.220s] Level 1:colcon.colcon_core.package_identification:_identify(interbotix_ros_rovers/interbotix_ros_xslocobots/interbotix_xslocobot_perception) ignored
[0.220s] Level 1:colcon.colcon_core.package_identification:_identify(interbotix_ros_rovers/interbotix_ros_xslocobots/interbotix_xslocobot_ros_control) by extensions ['ignore', 'ignore_ament_install']
[0.220s] Level 1:colcon.colcon_core.package_identification:_identify(interbotix_ros_rovers/interbotix_ros_xslocobots/interbotix_xslocobot_ros_control) by extension 'ignore'
[0.220s] Level 1:colcon.colcon_core.package_identification:_identify(interbotix_ros_rovers/interbotix_ros_xslocobots/interbotix_xslocobot_ros_control) by extension 'ignore_ament_install'
[0.220s] Level 1:colcon.colcon_core.package_identification:_identify(interbotix_ros_rovers/interbotix_ros_xslocobots/interbotix_xslocobot_ros_control) by extensions ['colcon_pkg']
[0.220s] Level 1:colcon.colcon_core.package_identification:_identify(interbotix_ros_rovers/interbotix_ros_xslocobots/interbotix_xslocobot_ros_control) by extension 'colcon_pkg'
[0.220s] Level 1:colcon.colcon_core.package_identification:_identify(interbotix_ros_rovers/interbotix_ros_xslocobots/interbotix_xslocobot_ros_control) by extensions ['colcon_meta']
[0.220s] Level 1:colcon.colcon_core.package_identification:_identify(interbotix_ros_rovers/interbotix_ros_xslocobots/interbotix_xslocobot_ros_control) by extension 'colcon_meta'
[0.220s] Level 1:colcon.colcon_core.package_identification:_identify(interbotix_ros_rovers/interbotix_ros_xslocobots/interbotix_xslocobot_ros_control) by extensions ['ros']
[0.220s] Level 1:colcon.colcon_core.package_identification:_identify(interbotix_ros_rovers/interbotix_ros_xslocobots/interbotix_xslocobot_ros_control) by extension 'ros'
[0.221s] DEBUG:colcon.colcon_core.package_identification:Package 'interbotix_ros_rovers/interbotix_ros_xslocobots/interbotix_xslocobot_ros_control' with type 'ros.ament_cmake' and name 'interbotix_xslocobot_ros_control'
[0.221s] Level 1:colcon.colcon_core.package_identification:_identify(interbotix_ros_rovers/interbotix_ros_xslocobots/interbotix_xslocobot_sim) by extensions ['ignore', 'ignore_ament_install']
[0.221s] Level 1:colcon.colcon_core.package_identification:_identify(interbotix_ros_rovers/interbotix_ros_xslocobots/interbotix_xslocobot_sim) by extension 'ignore'
[0.221s] Level 1:colcon.colcon_core.package_identification:_identify(interbotix_ros_rovers/interbotix_ros_xslocobots/interbotix_xslocobot_sim) by extension 'ignore_ament_install'
[0.221s] Level 1:colcon.colcon_core.package_identification:_identify(interbotix_ros_rovers/interbotix_ros_xslocobots/interbotix_xslocobot_sim) by extensions ['colcon_pkg']
[0.221s] Level 1:colcon.colcon_core.package_identification:_identify(interbotix_ros_rovers/interbotix_ros_xslocobots/interbotix_xslocobot_sim) by extension 'colcon_pkg'
[0.221s] Level 1:colcon.colcon_core.package_identification:_identify(interbotix_ros_rovers/interbotix_ros_xslocobots/interbotix_xslocobot_sim) by extensions ['colcon_meta']
[0.221s] Level 1:colcon.colcon_core.package_identification:_identify(interbotix_ros_rovers/interbotix_ros_xslocobots/interbotix_xslocobot_sim) by extension 'colcon_meta'
[0.221s] Level 1:colcon.colcon_core.package_identification:_identify(interbotix_ros_rovers/interbotix_ros_xslocobots/interbotix_xslocobot_sim) by extensions ['ros']
[0.221s] Level 1:colcon.colcon_core.package_identification:_identify(interbotix_ros_rovers/interbotix_ros_xslocobots/interbotix_xslocobot_sim) by extension 'ros'
[0.222s] DEBUG:colcon.colcon_core.package_identification:Package 'interbotix_ros_rovers/interbotix_ros_xslocobots/interbotix_xslocobot_sim' with type 'ros.ament_cmake' and name 'interbotix_xslocobot_sim'
[0.222s] Level 1:colcon.colcon_core.package_identification:_identify(interbotix_ros_toolboxes) by extensions ['ignore', 'ignore_ament_install']
[0.222s] Level 1:colcon.colcon_core.package_identification:_identify(interbotix_ros_toolboxes) by extension 'ignore'
[0.222s] Level 1:colcon.colcon_core.package_identification:_identify(interbotix_ros_toolboxes) by extension 'ignore_ament_install'
[0.222s] Level 1:colcon.colcon_core.package_identification:_identify(interbotix_ros_toolboxes) by extensions ['colcon_pkg']
[0.223s] Level 1:colcon.colcon_core.package_identification:_identify(interbotix_ros_toolboxes) by extension 'colcon_pkg'
[0.223s] Level 1:colcon.colcon_core.package_identification:_identify(interbotix_ros_toolboxes) by extensions ['colcon_meta']
[0.223s] Level 1:colcon.colcon_core.package_identification:_identify(interbotix_ros_toolboxes) by extension 'colcon_meta'
[0.223s] Level 1:colcon.colcon_core.package_identification:_identify(interbotix_ros_toolboxes) by extensions ['ros']
[0.223s] Level 1:colcon.colcon_core.package_identification:_identify(interbotix_ros_toolboxes) by extension 'ros'
[0.223s] Level 1:colcon.colcon_core.package_identification:_identify(interbotix_ros_toolboxes) by extensions ['cmake', 'python']
[0.223s] Level 1:colcon.colcon_core.package_identification:_identify(interbotix_ros_toolboxes) by extension 'cmake'
[0.223s] Level 1:colcon.colcon_core.package_identification:_identify(interbotix_ros_toolboxes) by extension 'python'
[0.223s] Level 1:colcon.colcon_core.package_identification:_identify(interbotix_ros_toolboxes) by extensions ['python_setup_py']
[0.223s] Level 1:colcon.colcon_core.package_identification:_identify(interbotix_ros_toolboxes) by extension 'python_setup_py'
[0.223s] Level 1:colcon.colcon_core.package_identification:_identify(interbotix_ros_toolboxes/images) by extensions ['ignore', 'ignore_ament_install']
[0.223s] Level 1:colcon.colcon_core.package_identification:_identify(interbotix_ros_toolboxes/images) by extension 'ignore'
[0.223s] Level 1:colcon.colcon_core.package_identification:_identify(interbotix_ros_toolboxes/images) by extension 'ignore_ament_install'
[0.223s] Level 1:colcon.colcon_core.package_identification:_identify(interbotix_ros_toolboxes/images) by extensions ['colcon_pkg']
[0.223s] Level 1:colcon.colcon_core.package_identification:_identify(interbotix_ros_toolboxes/images) by extension 'colcon_pkg'
[0.223s] Level 1:colcon.colcon_core.package_identification:_identify(interbotix_ros_toolboxes/images) by extensions ['colcon_meta']
[0.223s] Level 1:colcon.colcon_core.package_identification:_identify(interbotix_ros_toolboxes/images) by extension 'colcon_meta'
[0.223s] Level 1:colcon.colcon_core.package_identification:_identify(interbotix_ros_toolboxes/images) by extensions ['ros']
[0.223s] Level 1:colcon.colcon_core.package_identification:_identify(interbotix_ros_toolboxes/images) by extension 'ros'
[0.223s] Level 1:colcon.colcon_core.package_identification:_identify(interbotix_ros_toolboxes/images) by extensions ['cmake', 'python']
[0.223s] Level 1:colcon.colcon_core.package_identification:_identify(interbotix_ros_toolboxes/images) by extension 'cmake'
[0.223s] Level 1:colcon.colcon_core.package_identification:_identify(interbotix_ros_toolboxes/images) by extension 'python'
[0.223s] Level 1:colcon.colcon_core.package_identification:_identify(interbotix_ros_toolboxes/images) by extensions ['python_setup_py']
[0.223s] Level 1:colcon.colcon_core.package_identification:_identify(interbotix_ros_toolboxes/images) by extension 'python_setup_py'
[0.223s] Level 1:colcon.colcon_core.package_identification:_identify(interbotix_ros_toolboxes/interbotix_common_toolbox) by extensions ['ignore', 'ignore_ament_install']
[0.223s] Level 1:colcon.colcon_core.package_identification:_identify(interbotix_ros_toolboxes/interbotix_common_toolbox) by extension 'ignore'
[0.223s] Level 1:colcon.colcon_core.package_identification:_identify(interbotix_ros_toolboxes/interbotix_common_toolbox) by extension 'ignore_ament_install'
[0.223s] Level 1:colcon.colcon_core.package_identification:_identify(interbotix_ros_toolboxes/interbotix_common_toolbox) by extensions ['colcon_pkg']
[0.223s] Level 1:colcon.colcon_core.package_identification:_identify(interbotix_ros_toolboxes/interbotix_common_toolbox) by extension 'colcon_pkg'
[0.223s] Level 1:colcon.colcon_core.package_identification:_identify(interbotix_ros_toolboxes/interbotix_common_toolbox) by extensions ['colcon_meta']
[0.223s] Level 1:colcon.colcon_core.package_identification:_identify(interbotix_ros_toolboxes/interbotix_common_toolbox) by extension 'colcon_meta'
[0.223s] Level 1:colcon.colcon_core.package_identification:_identify(interbotix_ros_toolboxes/interbotix_common_toolbox) by extensions ['ros']
[0.223s] Level 1:colcon.colcon_core.package_identification:_identify(interbotix_ros_toolboxes/interbotix_common_toolbox) by extension 'ros'
[0.223s] Level 1:colcon.colcon_core.package_identification:_identify(interbotix_ros_toolboxes/interbotix_common_toolbox) by extensions ['cmake', 'python']
[0.223s] Level 1:colcon.colcon_core.package_identification:_identify(interbotix_ros_toolboxes/interbotix_common_toolbox) by extension 'cmake'
[0.223s] Level 1:colcon.colcon_core.package_identification:_identify(interbotix_ros_toolboxes/interbotix_common_toolbox) by extension 'python'
[0.223s] Level 1:colcon.colcon_core.package_identification:_identify(interbotix_ros_toolboxes/interbotix_common_toolbox) by extensions ['python_setup_py']
[0.223s] Level 1:colcon.colcon_core.package_identification:_identify(interbotix_ros_toolboxes/interbotix_common_toolbox) by extension 'python_setup_py'
[0.223s] Level 1:colcon.colcon_core.package_identification:_identify(interbotix_ros_toolboxes/interbotix_common_toolbox/interbotix_common_modules) by extensions ['ignore', 'ignore_ament_install']
[0.224s] Level 1:colcon.colcon_core.package_identification:_identify(interbotix_ros_toolboxes/interbotix_common_toolbox/interbotix_common_modules) by extension 'ignore'
[0.224s] Level 1:colcon.colcon_core.package_identification:_identify(interbotix_ros_toolboxes/interbotix_common_toolbox/interbotix_common_modules) by extension 'ignore_ament_install'
[0.224s] Level 1:colcon.colcon_core.package_identification:_identify(interbotix_ros_toolboxes/interbotix_common_toolbox/interbotix_common_modules) by extensions ['colcon_pkg']
[0.224s] Level 1:colcon.colcon_core.package_identification:_identify(interbotix_ros_toolboxes/interbotix_common_toolbox/interbotix_common_modules) by extension 'colcon_pkg'
[0.224s] Level 1:colcon.colcon_core.package_identification:_identify(interbotix_ros_toolboxes/interbotix_common_toolbox/interbotix_common_modules) by extensions ['colcon_meta']
[0.224s] Level 1:colcon.colcon_core.package_identification:_identify(interbotix_ros_toolboxes/interbotix_common_toolbox/interbotix_common_modules) by extension 'colcon_meta'
[0.224s] Level 1:colcon.colcon_core.package_identification:_identify(interbotix_ros_toolboxes/interbotix_common_toolbox/interbotix_common_modules) by extensions ['ros']
[0.224s] Level 1:colcon.colcon_core.package_identification:_identify(interbotix_ros_toolboxes/interbotix_common_toolbox/interbotix_common_modules) by extension 'ros'
[0.224s] DEBUG:colcon.colcon_core.package_identification:Package 'interbotix_ros_toolboxes/interbotix_common_toolbox/interbotix_common_modules' with type 'ros.ament_python' and name 'interbotix_common_modules'
[0.224s] Level 1:colcon.colcon_core.package_identification:_identify(interbotix_ros_toolboxes/interbotix_common_toolbox/interbotix_common_sim) by extensions ['ignore', 'ignore_ament_install']
[0.224s] Level 1:colcon.colcon_core.package_identification:_identify(interbotix_ros_toolboxes/interbotix_common_toolbox/interbotix_common_sim) by extension 'ignore'
[0.224s] Level 1:colcon.colcon_core.package_identification:_identify(interbotix_ros_toolboxes/interbotix_common_toolbox/interbotix_common_sim) by extension 'ignore_ament_install'
[0.224s] Level 1:colcon.colcon_core.package_identification:_identify(interbotix_ros_toolboxes/interbotix_common_toolbox/interbotix_common_sim) by extensions ['colcon_pkg']
[0.224s] Level 1:colcon.colcon_core.package_identification:_identify(interbotix_ros_toolboxes/interbotix_common_toolbox/interbotix_common_sim) by extension 'colcon_pkg'
[0.224s] Level 1:colcon.colcon_core.package_identification:_identify(interbotix_ros_toolboxes/interbotix_common_toolbox/interbotix_common_sim) by extensions ['colcon_meta']
[0.224s] Level 1:colcon.colcon_core.package_identification:_identify(interbotix_ros_toolboxes/interbotix_common_toolbox/interbotix_common_sim) by extension 'colcon_meta'
[0.224s] Level 1:colcon.colcon_core.package_identification:_identify(interbotix_ros_toolboxes/interbotix_common_toolbox/interbotix_common_sim) by extensions ['ros']
[0.224s] Level 1:colcon.colcon_core.package_identification:_identify(interbotix_ros_toolboxes/interbotix_common_toolbox/interbotix_common_sim) by extension 'ros'
[0.225s] DEBUG:colcon.colcon_core.package_identification:Package 'interbotix_ros_toolboxes/interbotix_common_toolbox/interbotix_common_sim' with type 'ros.ament_cmake' and name 'interbotix_common_sim'
[0.225s] Level 1:colcon.colcon_core.package_identification:_identify(interbotix_ros_toolboxes/interbotix_common_toolbox/interbotix_common_toolbox) by extensions ['ignore', 'ignore_ament_install']
[0.225s] Level 1:colcon.colcon_core.package_identification:_identify(interbotix_ros_toolboxes/interbotix_common_toolbox/interbotix_common_toolbox) by extension 'ignore'
[0.225s] Level 1:colcon.colcon_core.package_identification:_identify(interbotix_ros_toolboxes/interbotix_common_toolbox/interbotix_common_toolbox) by extension 'ignore_ament_install'
[0.225s] Level 1:colcon.colcon_core.package_identification:_identify(interbotix_ros_toolboxes/interbotix_common_toolbox/interbotix_common_toolbox) by extensions ['colcon_pkg']
[0.225s] Level 1:colcon.colcon_core.package_identification:_identify(interbotix_ros_toolboxes/interbotix_common_toolbox/interbotix_common_toolbox) by extension 'colcon_pkg'
[0.225s] Level 1:colcon.colcon_core.package_identification:_identify(interbotix_ros_toolboxes/interbotix_common_toolbox/interbotix_common_toolbox) by extensions ['colcon_meta']
[0.225s] Level 1:colcon.colcon_core.package_identification:_identify(interbotix_ros_toolboxes/interbotix_common_toolbox/interbotix_common_toolbox) by extension 'colcon_meta'
[0.225s] Level 1:colcon.colcon_core.package_identification:_identify(interbotix_ros_toolboxes/interbotix_common_toolbox/interbotix_common_toolbox) by extensions ['ros']
[0.225s] Level 1:colcon.colcon_core.package_identification:_identify(interbotix_ros_toolboxes/interbotix_common_toolbox/interbotix_common_toolbox) by extension 'ros'
[0.225s] DEBUG:colcon.colcon_core.package_identification:Package 'interbotix_ros_toolboxes/interbotix_common_toolbox/interbotix_common_toolbox' with type 'ros.ament_cmake' and name 'interbotix_common_toolbox'
[0.225s] Level 1:colcon.colcon_core.package_identification:_identify(interbotix_ros_toolboxes/interbotix_common_toolbox/interbotix_gravity_compensation) by extensions ['ignore', 'ignore_ament_install']
[0.225s] Level 1:colcon.colcon_core.package_identification:_identify(interbotix_ros_toolboxes/interbotix_common_toolbox/interbotix_gravity_compensation) by extension 'ignore'
[0.225s] Level 1:colcon.colcon_core.package_identification:_identify(interbotix_ros_toolboxes/interbotix_common_toolbox/interbotix_gravity_compensation) by extension 'ignore_ament_install'
[0.225s] Level 1:colcon.colcon_core.package_identification:_identify(interbotix_ros_toolboxes/interbotix_common_toolbox/interbotix_gravity_compensation) by extensions ['colcon_pkg']
[0.225s] Level 1:colcon.colcon_core.package_identification:_identify(interbotix_ros_toolboxes/interbotix_common_toolbox/interbotix_gravity_compensation) by extension 'colcon_pkg'
[0.225s] Level 1:colcon.colcon_core.package_identification:_identify(interbotix_ros_toolboxes/interbotix_common_toolbox/interbotix_gravity_compensation) by extensions ['colcon_meta']
[0.225s] Level 1:colcon.colcon_core.package_identification:_identify(interbotix_ros_toolboxes/interbotix_common_toolbox/interbotix_gravity_compensation) by extension 'colcon_meta'
[0.225s] Level 1:colcon.colcon_core.package_identification:_identify(interbotix_ros_toolboxes/interbotix_common_toolbox/interbotix_gravity_compensation) by extensions ['ros']
[0.225s] Level 1:colcon.colcon_core.package_identification:_identify(interbotix_ros_toolboxes/interbotix_common_toolbox/interbotix_gravity_compensation) by extension 'ros'
[0.226s] DEBUG:colcon.colcon_core.package_identification:Package 'interbotix_ros_toolboxes/interbotix_common_toolbox/interbotix_gravity_compensation' with type 'ros.ament_cmake' and name 'interbotix_gravity_compensation'
[0.226s] Level 1:colcon.colcon_core.package_identification:_identify(interbotix_ros_toolboxes/interbotix_common_toolbox/interbotix_landmark_modules) by extensions ['ignore', 'ignore_ament_install']
[0.226s] Level 1:colcon.colcon_core.package_identification:_identify(interbotix_ros_toolboxes/interbotix_common_toolbox/interbotix_landmark_modules) by extension 'ignore'
[0.226s] Level 1:colcon.colcon_core.package_identification:_identify(interbotix_ros_toolboxes/interbotix_common_toolbox/interbotix_landmark_modules) ignored
[0.226s] Level 1:colcon.colcon_core.package_identification:_identify(interbotix_ros_toolboxes/interbotix_common_toolbox/interbotix_moveit_interface) by extensions ['ignore', 'ignore_ament_install']
[0.226s] Level 1:colcon.colcon_core.package_identification:_identify(interbotix_ros_toolboxes/interbotix_common_toolbox/interbotix_moveit_interface) by extension 'ignore'
[0.226s] Level 1:colcon.colcon_core.package_identification:_identify(interbotix_ros_toolboxes/interbotix_common_toolbox/interbotix_moveit_interface) ignored
[0.226s] Level 1:colcon.colcon_core.package_identification:_identify(interbotix_ros_toolboxes/interbotix_common_toolbox/interbotix_moveit_interface_msgs) by extensions ['ignore', 'ignore_ament_install']
[0.226s] Level 1:colcon.colcon_core.package_identification:_identify(interbotix_ros_toolboxes/interbotix_common_toolbox/interbotix_moveit_interface_msgs) by extension 'ignore'
[0.226s] Level 1:colcon.colcon_core.package_identification:_identify(interbotix_ros_toolboxes/interbotix_common_toolbox/interbotix_moveit_interface_msgs) ignored
[0.226s] Level 1:colcon.colcon_core.package_identification:_identify(interbotix_ros_toolboxes/interbotix_common_toolbox/interbotix_tf_tools) by extensions ['ignore', 'ignore_ament_install']
[0.226s] Level 1:colcon.colcon_core.package_identification:_identify(interbotix_ros_toolboxes/interbotix_common_toolbox/interbotix_tf_tools) by extension 'ignore'
[0.226s] Level 1:colcon.colcon_core.package_identification:_identify(interbotix_ros_toolboxes/interbotix_common_toolbox/interbotix_tf_tools) by extension 'ignore_ament_install'
[0.226s] Level 1:colcon.colcon_core.package_identification:_identify(interbotix_ros_toolboxes/interbotix_common_toolbox/interbotix_tf_tools) by extensions ['colcon_pkg']
[0.226s] Level 1:colcon.colcon_core.package_identification:_identify(interbotix_ros_toolboxes/interbotix_common_toolbox/interbotix_tf_tools) by extension 'colcon_pkg'
[0.226s] Level 1:colcon.colcon_core.package_identification:_identify(interbotix_ros_toolboxes/interbotix_common_toolbox/interbotix_tf_tools) by extensions ['colcon_meta']
[0.226s] Level 1:colcon.colcon_core.package_identification:_identify(interbotix_ros_toolboxes/interbotix_common_toolbox/interbotix_tf_tools) by extension 'colcon_meta'
[0.227s] Level 1:colcon.colcon_core.package_identification:_identify(interbotix_ros_toolboxes/interbotix_common_toolbox/interbotix_tf_tools) by extensions ['ros']
[0.227s] Level 1:colcon.colcon_core.package_identification:_identify(interbotix_ros_toolboxes/interbotix_common_toolbox/interbotix_tf_tools) by extension 'ros'
[0.227s] DEBUG:colcon.colcon_core.package_identification:Package 'interbotix_ros_toolboxes/interbotix_common_toolbox/interbotix_tf_tools' with type 'ros.ament_cmake' and name 'interbotix_tf_tools'
[0.227s] Level 1:colcon.colcon_core.package_identification:_identify(interbotix_ros_toolboxes/interbotix_io_toolbox) by extensions ['ignore', 'ignore_ament_install']
[0.227s] Level 1:colcon.colcon_core.package_identification:_identify(interbotix_ros_toolboxes/interbotix_io_toolbox) by extension 'ignore'
[0.227s] Level 1:colcon.colcon_core.package_identification:_identify(interbotix_ros_toolboxes/interbotix_io_toolbox) ignored
[0.227s] Level 1:colcon.colcon_core.package_identification:_identify(interbotix_ros_toolboxes/interbotix_perception_toolbox) by extensions ['ignore', 'ignore_ament_install']
[0.227s] Level 1:colcon.colcon_core.package_identification:_identify(interbotix_ros_toolboxes/interbotix_perception_toolbox) by extension 'ignore'
[0.227s] Level 1:colcon.colcon_core.package_identification:_identify(interbotix_ros_toolboxes/interbotix_perception_toolbox) ignored
[0.227s] Level 1:colcon.colcon_core.package_identification:_identify(interbotix_ros_toolboxes/interbotix_rpi_toolbox) by extensions ['ignore', 'ignore_ament_install']
[0.227s] Level 1:colcon.colcon_core.package_identification:_identify(interbotix_ros_toolboxes/interbotix_rpi_toolbox) by extension 'ignore'
[0.228s] Level 1:colcon.colcon_core.package_identification:_identify(interbotix_ros_toolboxes/interbotix_rpi_toolbox) ignored
[0.228s] Level 1:colcon.colcon_core.package_identification:_identify(interbotix_ros_toolboxes/interbotix_xs_toolbox) by extensions ['ignore', 'ignore_ament_install']
[0.228s] Level 1:colcon.colcon_core.package_identification:_identify(interbotix_ros_toolboxes/interbotix_xs_toolbox) by extension 'ignore'
[0.228s] Level 1:colcon.colcon_core.package_identification:_identify(interbotix_ros_toolboxes/interbotix_xs_toolbox) by extension 'ignore_ament_install'
[0.228s] Level 1:colcon.colcon_core.package_identification:_identify(interbotix_ros_toolboxes/interbotix_xs_toolbox) by extensions ['colcon_pkg']
[0.228s] Level 1:colcon.colcon_core.package_identification:_identify(interbotix_ros_toolboxes/interbotix_xs_toolbox) by extension 'colcon_pkg'
[0.228s] Level 1:colcon.colcon_core.package_identification:_identify(interbotix_ros_toolboxes/interbotix_xs_toolbox) by extensions ['colcon_meta']
[0.228s] Level 1:colcon.colcon_core.package_identification:_identify(interbotix_ros_toolboxes/interbotix_xs_toolbox) by extension 'colcon_meta'
[0.228s] Level 1:colcon.colcon_core.package_identification:_identify(interbotix_ros_toolboxes/interbotix_xs_toolbox) by extensions ['ros']
[0.228s] Level 1:colcon.colcon_core.package_identification:_identify(interbotix_ros_toolboxes/interbotix_xs_toolbox) by extension 'ros'
[0.228s] Level 1:colcon.colcon_core.package_identification:_identify(interbotix_ros_toolboxes/interbotix_xs_toolbox) by extensions ['cmake', 'python']
[0.228s] Level 1:colcon.colcon_core.package_identification:_identify(interbotix_ros_toolboxes/interbotix_xs_toolbox) by extension 'cmake'
[0.228s] Level 1:colcon.colcon_core.package_identification:_identify(interbotix_ros_toolboxes/interbotix_xs_toolbox) by extension 'python'
[0.228s] Level 1:colcon.colcon_core.package_identification:_identify(interbotix_ros_toolboxes/interbotix_xs_toolbox) by extensions ['python_setup_py']
[0.228s] Level 1:colcon.colcon_core.package_identification:_identify(interbotix_ros_toolboxes/interbotix_xs_toolbox) by extension 'python_setup_py'
[0.228s] Level 1:colcon.colcon_core.package_identification:_identify(interbotix_ros_toolboxes/interbotix_xs_toolbox/interbotix_xs_modules) by extensions ['ignore', 'ignore_ament_install']
[0.228s] Level 1:colcon.colcon_core.package_identification:_identify(interbotix_ros_toolboxes/interbotix_xs_toolbox/interbotix_xs_modules) by extension 'ignore'
[0.228s] Level 1:colcon.colcon_core.package_identification:_identify(interbotix_ros_toolboxes/interbotix_xs_toolbox/interbotix_xs_modules) by extension 'ignore_ament_install'
[0.228s] Level 1:colcon.colcon_core.package_identification:_identify(interbotix_ros_toolboxes/interbotix_xs_toolbox/interbotix_xs_modules) by extensions ['colcon_pkg']
[0.228s] Level 1:colcon.colcon_core.package_identification:_identify(interbotix_ros_toolboxes/interbotix_xs_toolbox/interbotix_xs_modules) by extension 'colcon_pkg'
[0.228s] Level 1:colcon.colcon_core.package_identification:_identify(interbotix_ros_toolboxes/interbotix_xs_toolbox/interbotix_xs_modules) by extensions ['colcon_meta']
[0.228s] Level 1:colcon.colcon_core.package_identification:_identify(interbotix_ros_toolboxes/interbotix_xs_toolbox/interbotix_xs_modules) by extension 'colcon_meta'
[0.228s] Level 1:colcon.colcon_core.package_identification:_identify(interbotix_ros_toolboxes/interbotix_xs_toolbox/interbotix_xs_modules) by extensions ['ros']
[0.228s] Level 1:colcon.colcon_core.package_identification:_identify(interbotix_ros_toolboxes/interbotix_xs_toolbox/interbotix_xs_modules) by extension 'ros'
[0.229s] DEBUG:colcon.colcon_core.package_identification:Package 'interbotix_ros_toolboxes/interbotix_xs_toolbox/interbotix_xs_modules' with type 'ros.ament_python' and name 'interbotix_xs_modules'
[0.229s] Level 1:colcon.colcon_core.package_identification:_identify(interbotix_ros_toolboxes/interbotix_xs_toolbox/interbotix_xs_ros_control) by extensions ['ignore', 'ignore_ament_install']
[0.229s] Level 1:colcon.colcon_core.package_identification:_identify(interbotix_ros_toolboxes/interbotix_xs_toolbox/interbotix_xs_ros_control) by extension 'ignore'
[0.229s] Level 1:colcon.colcon_core.package_identification:_identify(interbotix_ros_toolboxes/interbotix_xs_toolbox/interbotix_xs_ros_control) by extension 'ignore_ament_install'
[0.229s] Level 1:colcon.colcon_core.package_identification:_identify(interbotix_ros_toolboxes/interbotix_xs_toolbox/interbotix_xs_ros_control) by extensions ['colcon_pkg']
[0.229s] Level 1:colcon.colcon_core.package_identification:_identify(interbotix_ros_toolboxes/interbotix_xs_toolbox/interbotix_xs_ros_control) by extension 'colcon_pkg'
[0.229s] Level 1:colcon.colcon_core.package_identification:_identify(interbotix_ros_toolboxes/interbotix_xs_toolbox/interbotix_xs_ros_control) by extensions ['colcon_meta']
[0.229s] Level 1:colcon.colcon_core.package_identification:_identify(interbotix_ros_toolboxes/interbotix_xs_toolbox/interbotix_xs_ros_control) by extension 'colcon_meta'
[0.229s] Level 1:colcon.colcon_core.package_identification:_identify(interbotix_ros_toolboxes/interbotix_xs_toolbox/interbotix_xs_ros_control) by extensions ['ros']
[0.229s] Level 1:colcon.colcon_core.package_identification:_identify(interbotix_ros_toolboxes/interbotix_xs_toolbox/interbotix_xs_ros_control) by extension 'ros'
[0.229s] DEBUG:colcon.colcon_core.package_identification:Package 'interbotix_ros_toolboxes/interbotix_xs_toolbox/interbotix_xs_ros_control' with type 'ros.ament_cmake' and name 'interbotix_xs_ros_control'
[0.230s] Level 1:colcon.colcon_core.package_identification:_identify(interbotix_ros_toolboxes/interbotix_xs_toolbox/interbotix_xs_rviz) by extensions ['ignore', 'ignore_ament_install']
[0.230s] Level 1:colcon.colcon_core.package_identification:_identify(interbotix_ros_toolboxes/interbotix_xs_toolbox/interbotix_xs_rviz) by extension 'ignore'
[0.230s] Level 1:colcon.colcon_core.package_identification:_identify(interbotix_ros_toolboxes/interbotix_xs_toolbox/interbotix_xs_rviz) by extension 'ignore_ament_install'
[0.230s] Level 1:colcon.colcon_core.package_identification:_identify(interbotix_ros_toolboxes/interbotix_xs_toolbox/interbotix_xs_rviz) by extensions ['colcon_pkg']
[0.230s] Level 1:colcon.colcon_core.package_identification:_identify(interbotix_ros_toolboxes/interbotix_xs_toolbox/interbotix_xs_rviz) by extension 'colcon_pkg'
[0.230s] Level 1:colcon.colcon_core.package_identification:_identify(interbotix_ros_toolboxes/interbotix_xs_toolbox/interbotix_xs_rviz) by extensions ['colcon_meta']
[0.230s] Level 1:colcon.colcon_core.package_identification:_identify(interbotix_ros_toolboxes/interbotix_xs_toolbox/interbotix_xs_rviz) by extension 'colcon_meta'
[0.230s] Level 1:colcon.colcon_core.package_identification:_identify(interbotix_ros_toolboxes/interbotix_xs_toolbox/interbotix_xs_rviz) by extensions ['ros']
[0.230s] Level 1:colcon.colcon_core.package_identification:_identify(interbotix_ros_toolboxes/interbotix_xs_toolbox/interbotix_xs_rviz) by extension 'ros'
[0.230s] DEBUG:colcon.colcon_core.package_identification:Package 'interbotix_ros_toolboxes/interbotix_xs_toolbox/interbotix_xs_rviz' with type 'ros.ament_cmake' and name 'interbotix_xs_rviz'
[0.230s] Level 1:colcon.colcon_core.package_identification:_identify(interbotix_ros_toolboxes/interbotix_xs_toolbox/interbotix_xs_toolbox) by extensions ['ignore', 'ignore_ament_install']
[0.230s] Level 1:colcon.colcon_core.package_identification:_identify(interbotix_ros_toolboxes/interbotix_xs_toolbox/interbotix_xs_toolbox) by extension 'ignore'
[0.230s] Level 1:colcon.colcon_core.package_identification:_identify(interbotix_ros_toolboxes/interbotix_xs_toolbox/interbotix_xs_toolbox) by extension 'ignore_ament_install'
[0.230s] Level 1:colcon.colcon_core.package_identification:_identify(interbotix_ros_toolboxes/interbotix_xs_toolbox/interbotix_xs_toolbox) by extensions ['colcon_pkg']
[0.230s] Level 1:colcon.colcon_core.package_identification:_identify(interbotix_ros_toolboxes/interbotix_xs_toolbox/interbotix_xs_toolbox) by extension 'colcon_pkg'
[0.230s] Level 1:colcon.colcon_core.package_identification:_identify(interbotix_ros_toolboxes/interbotix_xs_toolbox/interbotix_xs_toolbox) by extensions ['colcon_meta']
[0.230s] Level 1:colcon.colcon_core.package_identification:_identify(interbotix_ros_toolboxes/interbotix_xs_toolbox/interbotix_xs_toolbox) by extension 'colcon_meta'
[0.230s] Level 1:colcon.colcon_core.package_identification:_identify(interbotix_ros_toolboxes/interbotix_xs_toolbox/interbotix_xs_toolbox) by extensions ['ros']
[0.230s] Level 1:colcon.colcon_core.package_identification:_identify(interbotix_ros_toolboxes/interbotix_xs_toolbox/interbotix_xs_toolbox) by extension 'ros'
[0.231s] DEBUG:colcon.colcon_core.package_identification:Package 'interbotix_ros_toolboxes/interbotix_xs_toolbox/interbotix_xs_toolbox' with type 'ros.ament_cmake' and name 'interbotix_xs_toolbox'
[0.231s] Level 1:colcon.colcon_core.package_identification:_identify(interbotix_ros_toolboxes/third_party_libraries) by extensions ['ignore', 'ignore_ament_install']
[0.231s] Level 1:colcon.colcon_core.package_identification:_identify(interbotix_ros_toolboxes/third_party_libraries) by extension 'ignore'
[0.231s] Level 1:colcon.colcon_core.package_identification:_identify(interbotix_ros_toolboxes/third_party_libraries) by extension 'ignore_ament_install'
[0.231s] Level 1:colcon.colcon_core.package_identification:_identify(interbotix_ros_toolboxes/third_party_libraries) by extensions ['colcon_pkg']
[0.231s] Level 1:colcon.colcon_core.package_identification:_identify(interbotix_ros_toolboxes/third_party_libraries) by extension 'colcon_pkg'
[0.231s] Level 1:colcon.colcon_core.package_identification:_identify(interbotix_ros_toolboxes/third_party_libraries) by extensions ['colcon_meta']
[0.231s] Level 1:colcon.colcon_core.package_identification:_identify(interbotix_ros_toolboxes/third_party_libraries) by extension 'colcon_meta'
[0.231s] Level 1:colcon.colcon_core.package_identification:_identify(interbotix_ros_toolboxes/third_party_libraries) by extensions ['ros']
[0.231s] Level 1:colcon.colcon_core.package_identification:_identify(interbotix_ros_toolboxes/third_party_libraries) by extension 'ros'
[0.231s] Level 1:colcon.colcon_core.package_identification:_identify(interbotix_ros_toolboxes/third_party_libraries) by extensions ['cmake', 'python']
[0.231s] Level 1:colcon.colcon_core.package_identification:_identify(interbotix_ros_toolboxes/third_party_libraries) by extension 'cmake'
[0.231s] Level 1:colcon.colcon_core.package_identification:_identify(interbotix_ros_toolboxes/third_party_libraries) by extension 'python'
[0.231s] Level 1:colcon.colcon_core.package_identification:_identify(interbotix_ros_toolboxes/third_party_libraries) by extensions ['python_setup_py']
[0.231s] Level 1:colcon.colcon_core.package_identification:_identify(interbotix_ros_toolboxes/third_party_libraries) by extension 'python_setup_py'
[0.231s] Level 1:colcon.colcon_core.package_identification:_identify(interbotix_ros_toolboxes/third_party_libraries/ModernRobotics) by extensions ['ignore', 'ignore_ament_install']
[0.231s] Level 1:colcon.colcon_core.package_identification:_identify(interbotix_ros_toolboxes/third_party_libraries/ModernRobotics) by extension 'ignore'
[0.231s] Level 1:colcon.colcon_core.package_identification:_identify(interbotix_ros_toolboxes/third_party_libraries/ModernRobotics) by extension 'ignore_ament_install'
[0.231s] Level 1:colcon.colcon_core.package_identification:_identify(interbotix_ros_toolboxes/third_party_libraries/ModernRobotics) by extensions ['colcon_pkg']
[0.231s] Level 1:colcon.colcon_core.package_identification:_identify(interbotix_ros_toolboxes/third_party_libraries/ModernRobotics) by extension 'colcon_pkg'
[0.231s] Level 1:colcon.colcon_core.package_identification:_identify(interbotix_ros_toolboxes/third_party_libraries/ModernRobotics) by extensions ['colcon_meta']
[0.231s] Level 1:colcon.colcon_core.package_identification:_identify(interbotix_ros_toolboxes/third_party_libraries/ModernRobotics) by extension 'colcon_meta'
[0.231s] Level 1:colcon.colcon_core.package_identification:_identify(interbotix_ros_toolboxes/third_party_libraries/ModernRobotics) by extensions ['ros']
[0.231s] Level 1:colcon.colcon_core.package_identification:_identify(interbotix_ros_toolboxes/third_party_libraries/ModernRobotics) by extension 'ros'
[0.232s] Level 1:colcon.colcon_core.package_identification:_identify(interbotix_ros_toolboxes/third_party_libraries/ModernRobotics) by extensions ['cmake', 'python']
[0.232s] Level 1:colcon.colcon_core.package_identification:_identify(interbotix_ros_toolboxes/third_party_libraries/ModernRobotics) by extension 'cmake'
[0.232s] Level 1:colcon.colcon_core.package_identification:_identify(interbotix_ros_toolboxes/third_party_libraries/ModernRobotics) by extension 'python'
[0.232s] Level 1:colcon.colcon_core.package_identification:_identify(interbotix_ros_toolboxes/third_party_libraries/ModernRobotics) by extensions ['python_setup_py']
[0.232s] Level 1:colcon.colcon_core.package_identification:_identify(interbotix_ros_toolboxes/third_party_libraries/ModernRobotics) by extension 'python_setup_py'
[0.232s] Level 1:colcon.colcon_core.package_identification:_identify(kobuki) by extensions ['ignore', 'ignore_ament_install']
[0.232s] Level 1:colcon.colcon_core.package_identification:_identify(kobuki) by extension 'ignore'
[0.232s] Level 1:colcon.colcon_core.package_identification:_identify(kobuki) by extension 'ignore_ament_install'
[0.232s] Level 1:colcon.colcon_core.package_identification:_identify(kobuki) by extensions ['colcon_pkg']
[0.232s] Level 1:colcon.colcon_core.package_identification:_identify(kobuki) by extension 'colcon_pkg'
[0.232s] Level 1:colcon.colcon_core.package_identification:_identify(kobuki) by extensions ['colcon_meta']
[0.232s] Level 1:colcon.colcon_core.package_identification:_identify(kobuki) by extension 'colcon_meta'
[0.232s] Level 1:colcon.colcon_core.package_identification:_identify(kobuki) by extensions ['ros']
[0.232s] Level 1:colcon.colcon_core.package_identification:_identify(kobuki) by extension 'ros'
[0.232s] DEBUG:colcon.colcon_core.package_identification:Package 'kobuki' with type 'ros.ament_cmake' and name 'kobuki'
[0.232s] Level 1:colcon.colcon_core.package_identification:_identify(log) by extensions ['ignore', 'ignore_ament_install']
[0.232s] Level 1:colcon.colcon_core.package_identification:_identify(log) by extension 'ignore'
[0.232s] Level 1:colcon.colcon_core.package_identification:_identify(log) ignored
[0.232s] Level 1:colcon.colcon_core.package_identification:_identify(moveit_visual_tools) by extensions ['ignore', 'ignore_ament_install']
[0.232s] Level 1:colcon.colcon_core.package_identification:_identify(moveit_visual_tools) by extension 'ignore'
[0.232s] Level 1:colcon.colcon_core.package_identification:_identify(moveit_visual_tools) by extension 'ignore_ament_install'
[0.232s] Level 1:colcon.colcon_core.package_identification:_identify(moveit_visual_tools) by extensions ['colcon_pkg']
[0.232s] Level 1:colcon.colcon_core.package_identification:_identify(moveit_visual_tools) by extension 'colcon_pkg'
[0.232s] Level 1:colcon.colcon_core.package_identification:_identify(moveit_visual_tools) by extensions ['colcon_meta']
[0.233s] Level 1:colcon.colcon_core.package_identification:_identify(moveit_visual_tools) by extension 'colcon_meta'
[0.233s] Level 1:colcon.colcon_core.package_identification:_identify(moveit_visual_tools) by extensions ['ros']
[0.233s] Level 1:colcon.colcon_core.package_identification:_identify(moveit_visual_tools) by extension 'ros'
[0.233s] DEBUG:colcon.colcon_core.package_identification:Package 'moveit_visual_tools' with type 'ros.ament_cmake' and name 'moveit_visual_tools'
[0.233s] Level 1:colcon.colcon_core.package_discovery:discover_packages(recursive) using defaults
[0.233s] Level 1:colcon.colcon_core.package_discovery:discover_packages(ignore) discover
[0.233s] Level 1:colcon.colcon_core.package_discovery:discover_packages(ignore) using defaults
[0.233s] Level 1:colcon.colcon_core.package_discovery:discover_packages(path) discover
[0.233s] Level 1:colcon.colcon_core.package_discovery:discover_packages(path) using defaults
[0.245s] INFO:colcon.colcon_metadata.metadata.colcon_pkg:Updating descriptor of package 'ThirdParty/gazebo_plugins/gazebo_plugins' from colcon.pkg: {'dependencies': ['Gazebo']}
[0.264s] Level 5:colcon.colcon_core.verb:set package 'astra_camera_msgs' build argument 'cmake_args' from command line to 'None'
[0.264s] Level 5:colcon.colcon_core.verb:set package 'astra_camera_msgs' build argument 'cmake_target' from command line to 'None'
[0.264s] Level 5:colcon.colcon_core.verb:set package 'astra_camera_msgs' build argument 'cmake_target_skip_unavailable' from command line to 'False'
[0.264s] Level 5:colcon.colcon_core.verb:set package 'astra_camera_msgs' build argument 'cmake_clean_cache' from command line to 'False'
[0.264s] Level 5:colcon.colcon_core.verb:set package 'astra_camera_msgs' build argument 'cmake_clean_first' from command line to 'False'
[0.264s] Level 5:colcon.colcon_core.verb:set package 'astra_camera_msgs' build argument 'cmake_force_configure' from command line to 'False'
[0.264s] Level 5:colcon.colcon_core.verb:set package 'astra_camera_msgs' build argument 'ament_cmake_args' from command line to 'None'
[0.264s] Level 5:colcon.colcon_core.verb:set package 'astra_camera_msgs' build argument 'catkin_cmake_args' from command line to 'None'
[0.264s] Level 5:colcon.colcon_core.verb:set package 'astra_camera_msgs' build argument 'catkin_skip_building_tests' from command line to 'False'
[0.264s] DEBUG:colcon.colcon_core.verb:Building package 'astra_camera_msgs' with the following arguments: {'ament_cmake_args': None, 'build_base': '/home/wellyowo/locobot_sim/locobot_ws/src/build/astra_camera_msgs', 'catkin_cmake_args': None, 'catkin_skip_building_tests': False, 'cmake_args': None, 'cmake_clean_cache': False, 'cmake_clean_first': False, 'cmake_force_configure': False, 'cmake_target': None, 'cmake_target_skip_unavailable': False, 'install_base': '/home/wellyowo/locobot_sim/locobot_ws/src/install/astra_camera_msgs', 'merge_install': False, 'path': '/home/wellyowo/locobot_sim/locobot_ws/src/ThirdParty/ros_astra_camera/astra_camera_msgs', 'symlink_install': False, 'test_result_base': None}
[0.264s] Level 5:colcon.colcon_core.verb:set package 'ecl_command_line' build argument 'cmake_args' from command line to 'None'
[0.264s] Level 5:colcon.colcon_core.verb:set package 'ecl_command_line' build argument 'cmake_target' from command line to 'None'
[0.264s] Level 5:colcon.colcon_core.verb:set package 'ecl_command_line' build argument 'cmake_target_skip_unavailable' from command line to 'False'
[0.264s] Level 5:colcon.colcon_core.verb:set package 'ecl_command_line' build argument 'cmake_clean_cache' from command line to 'False'
[0.264s] Level 5:colcon.colcon_core.verb:set package 'ecl_command_line' build argument 'cmake_clean_first' from command line to 'False'
[0.264s] Level 5:colcon.colcon_core.verb:set package 'ecl_command_line' build argument 'cmake_force_configure' from command line to 'False'
[0.264s] Level 5:colcon.colcon_core.verb:set package 'ecl_command_line' build argument 'ament_cmake_args' from command line to 'None'
[0.264s] Level 5:colcon.colcon_core.verb:set package 'ecl_command_line' build argument 'catkin_cmake_args' from command line to 'None'
[0.264s] Level 5:colcon.colcon_core.verb:set package 'ecl_command_line' build argument 'catkin_skip_building_tests' from command line to 'False'
[0.264s] DEBUG:colcon.colcon_core.verb:Building package 'ecl_command_line' with the following arguments: {'ament_cmake_args': None, 'build_base': '/home/wellyowo/locobot_sim/locobot_ws/src/build/ecl_command_line', 'catkin_cmake_args': None, 'catkin_skip_building_tests': False, 'cmake_args': None, 'cmake_clean_cache': False, 'cmake_clean_first': False, 'cmake_force_configure': False, 'cmake_target': None, 'cmake_target_skip_unavailable': False, 'install_base': '/home/wellyowo/locobot_sim/locobot_ws/src/install/ecl_command_line', 'merge_install': False, 'path': '/home/wellyowo/locobot_sim/locobot_ws/src/ThirdParty/ecl/ecl_core/ecl_command_line', 'symlink_install': False, 'test_result_base': None}
[0.264s] Level 5:colcon.colcon_core.verb:set package 'ecl_config' build argument 'cmake_args' from command line to 'None'
[0.264s] Level 5:colcon.colcon_core.verb:set package 'ecl_config' build argument 'cmake_target' from command line to 'None'
[0.264s] Level 5:colcon.colcon_core.verb:set package 'ecl_config' build argument 'cmake_target_skip_unavailable' from command line to 'False'
[0.264s] Level 5:colcon.colcon_core.verb:set package 'ecl_config' build argument 'cmake_clean_cache' from command line to 'False'
[0.264s] Level 5:colcon.colcon_core.verb:set package 'ecl_config' build argument 'cmake_clean_first' from command line to 'False'
[0.264s] Level 5:colcon.colcon_core.verb:set package 'ecl_config' build argument 'cmake_force_configure' from command line to 'False'
[0.264s] Level 5:colcon.colcon_core.verb:set package 'ecl_config' build argument 'ament_cmake_args' from command line to 'None'
[0.264s] Level 5:colcon.colcon_core.verb:set package 'ecl_config' build argument 'catkin_cmake_args' from command line to 'None'
[0.264s] Level 5:colcon.colcon_core.verb:set package 'ecl_config' build argument 'catkin_skip_building_tests' from command line to 'False'
[0.264s] DEBUG:colcon.colcon_core.verb:Building package 'ecl_config' with the following arguments: {'ament_cmake_args': None, 'build_base': '/home/wellyowo/locobot_sim/locobot_ws/src/build/ecl_config', 'catkin_cmake_args': None, 'catkin_skip_building_tests': False, 'cmake_args': None, 'cmake_clean_cache': False, 'cmake_clean_first': False, 'cmake_force_configure': False, 'cmake_target': None, 'cmake_target_skip_unavailable': False, 'install_base': '/home/wellyowo/locobot_sim/locobot_ws/src/install/ecl_config', 'merge_install': False, 'path': '/home/wellyowo/locobot_sim/locobot_ws/src/ThirdParty/ecl/ecl_lite/ecl_config', 'symlink_install': False, 'test_result_base': None}
[0.265s] Level 5:colcon.colcon_core.verb:set package 'ecl_eigen' build argument 'cmake_args' from command line to 'None'
[0.265s] Level 5:colcon.colcon_core.verb:set package 'ecl_eigen' build argument 'cmake_target' from command line to 'None'
[0.265s] Level 5:colcon.colcon_core.verb:set package 'ecl_eigen' build argument 'cmake_target_skip_unavailable' from command line to 'False'
[0.265s] Level 5:colcon.colcon_core.verb:set package 'ecl_eigen' build argument 'cmake_clean_cache' from command line to 'False'
[0.265s] Level 5:colcon.colcon_core.verb:set package 'ecl_eigen' build argument 'cmake_clean_first' from command line to 'False'
[0.265s] Level 5:colcon.colcon_core.verb:set package 'ecl_eigen' build argument 'cmake_force_configure' from command line to 'False'
[0.265s] Level 5:colcon.colcon_core.verb:set package 'ecl_eigen' build argument 'ament_cmake_args' from command line to 'None'
[0.265s] Level 5:colcon.colcon_core.verb:set package 'ecl_eigen' build argument 'catkin_cmake_args' from command line to 'None'
[0.265s] Level 5:colcon.colcon_core.verb:set package 'ecl_eigen' build argument 'catkin_skip_building_tests' from command line to 'False'
[0.265s] DEBUG:colcon.colcon_core.verb:Building package 'ecl_eigen' with the following arguments: {'ament_cmake_args': None, 'build_base': '/home/wellyowo/locobot_sim/locobot_ws/src/build/ecl_eigen', 'catkin_cmake_args': None, 'catkin_skip_building_tests': False, 'cmake_args': None, 'cmake_clean_cache': False, 'cmake_clean_first': False, 'cmake_force_configure': False, 'cmake_target': None, 'cmake_target_skip_unavailable': False, 'install_base': '/home/wellyowo/locobot_sim/locobot_ws/src/install/ecl_eigen', 'merge_install': False, 'path': '/home/wellyowo/locobot_sim/locobot_ws/src/ThirdParty/ecl/ecl_core/ecl_eigen', 'symlink_install': False, 'test_result_base': None}
[0.265s] Level 5:colcon.colcon_core.verb:set package 'ecl_mpl' build argument 'cmake_args' from command line to 'None'
[0.265s] Level 5:colcon.colcon_core.verb:set package 'ecl_mpl' build argument 'cmake_target' from command line to 'None'
[0.265s] Level 5:colcon.colcon_core.verb:set package 'ecl_mpl' build argument 'cmake_target_skip_unavailable' from command line to 'False'
[0.265s] Level 5:colcon.colcon_core.verb:set package 'ecl_mpl' build argument 'cmake_clean_cache' from command line to 'False'
[0.265s] Level 5:colcon.colcon_core.verb:set package 'ecl_mpl' build argument 'cmake_clean_first' from command line to 'False'
[0.265s] Level 5:colcon.colcon_core.verb:set package 'ecl_mpl' build argument 'cmake_force_configure' from command line to 'False'
[0.265s] Level 5:colcon.colcon_core.verb:set package 'ecl_mpl' build argument 'ament_cmake_args' from command line to 'None'
[0.265s] Level 5:colcon.colcon_core.verb:set package 'ecl_mpl' build argument 'catkin_cmake_args' from command line to 'None'
[0.265s] Level 5:colcon.colcon_core.verb:set package 'ecl_mpl' build argument 'catkin_skip_building_tests' from command line to 'False'
[0.265s] DEBUG:colcon.colcon_core.verb:Building package 'ecl_mpl' with the following arguments: {'ament_cmake_args': None, 'build_base': '/home/wellyowo/locobot_sim/locobot_ws/src/build/ecl_mpl', 'catkin_cmake_args': None, 'catkin_skip_building_tests': False, 'cmake_args': None, 'cmake_clean_cache': False, 'cmake_clean_first': False, 'cmake_force_configure': False, 'cmake_target': None, 'cmake_target_skip_unavailable': False, 'install_base': '/home/wellyowo/locobot_sim/locobot_ws/src/install/ecl_mpl', 'merge_install': False, 'path': '/home/wellyowo/locobot_sim/locobot_ws/src/ThirdParty/ecl/ecl_core/ecl_mpl', 'symlink_install': False, 'test_result_base': None}
[0.265s] Level 5:colcon.colcon_core.verb:set package 'gazebo_plugins' build argument 'cmake_args' from command line to 'None'
[0.265s] Level 5:colcon.colcon_core.verb:set package 'gazebo_plugins' build argument 'cmake_target' from command line to 'None'
[0.265s] Level 5:colcon.colcon_core.verb:set package 'gazebo_plugins' build argument 'cmake_target_skip_unavailable' from command line to 'False'
[0.265s] Level 5:colcon.colcon_core.verb:set package 'gazebo_plugins' build argument 'cmake_clean_cache' from command line to 'False'
[0.265s] Level 5:colcon.colcon_core.verb:set package 'gazebo_plugins' build argument 'cmake_clean_first' from command line to 'False'
[0.265s] Level 5:colcon.colcon_core.verb:set package 'gazebo_plugins' build argument 'cmake_force_configure' from command line to 'False'
[0.265s] Level 5:colcon.colcon_core.verb:set package 'gazebo_plugins' build argument 'ament_cmake_args' from command line to 'None'
[0.265s] Level 5:colcon.colcon_core.verb:set package 'gazebo_plugins' build argument 'catkin_cmake_args' from command line to 'None'
[0.265s] Level 5:colcon.colcon_core.verb:set package 'gazebo_plugins' build argument 'catkin_skip_building_tests' from command line to 'False'
[0.265s] DEBUG:colcon.colcon_core.verb:Building package 'gazebo_plugins' with the following arguments: {'ament_cmake_args': None, 'build_base': '/home/wellyowo/locobot_sim/locobot_ws/src/build/gazebo_plugins', 'catkin_cmake_args': None, 'catkin_skip_building_tests': False, 'cmake_args': None, 'cmake_clean_cache': False, 'cmake_clean_first': False, 'cmake_force_configure': False, 'cmake_target': None, 'cmake_target_skip_unavailable': False, 'install_base': '/home/wellyowo/locobot_sim/locobot_ws/src/install/gazebo_plugins', 'merge_install': False, 'path': '/home/wellyowo/locobot_sim/locobot_ws/src/ThirdParty/gazebo_plugins/gazebo_plugins', 'symlink_install': False, 'test_result_base': None}
[0.266s] Level 5:colcon.colcon_core.verb:set package 'interbotix_common_modules' build argument 'cmake_args' from command line to 'None'
[0.266s] Level 5:colcon.colcon_core.verb:set package 'interbotix_common_modules' build argument 'cmake_target' from command line to 'None'
[0.266s] Level 5:colcon.colcon_core.verb:set package 'interbotix_common_modules' build argument 'cmake_target_skip_unavailable' from command line to 'False'
[0.266s] Level 5:colcon.colcon_core.verb:set package 'interbotix_common_modules' build argument 'cmake_clean_cache' from command line to 'False'
[0.266s] Level 5:colcon.colcon_core.verb:set package 'interbotix_common_modules' build argument 'cmake_clean_first' from command line to 'False'
[0.266s] Level 5:colcon.colcon_core.verb:set package 'interbotix_common_modules' build argument 'cmake_force_configure' from command line to 'False'
[0.266s] Level 5:colcon.colcon_core.verb:set package 'interbotix_common_modules' build argument 'ament_cmake_args' from command line to 'None'
[0.266s] Level 5:colcon.colcon_core.verb:set package 'interbotix_common_modules' build argument 'catkin_cmake_args' from command line to 'None'
[0.266s] Level 5:colcon.colcon_core.verb:set package 'interbotix_common_modules' build argument 'catkin_skip_building_tests' from command line to 'False'
[0.266s] DEBUG:colcon.colcon_core.verb:Building package 'interbotix_common_modules' with the following arguments: {'ament_cmake_args': None, 'build_base': '/home/wellyowo/locobot_sim/locobot_ws/src/build/interbotix_common_modules', 'catkin_cmake_args': None, 'catkin_skip_building_tests': False, 'cmake_args': None, 'cmake_clean_cache': False, 'cmake_clean_first': False, 'cmake_force_configure': False, 'cmake_target': None, 'cmake_target_skip_unavailable': False, 'install_base': '/home/wellyowo/locobot_sim/locobot_ws/src/install/interbotix_common_modules', 'merge_install': False, 'path': '/home/wellyowo/locobot_sim/locobot_ws/src/interbotix_ros_toolboxes/interbotix_common_toolbox/interbotix_common_modules', 'symlink_install': False, 'test_result_base': None}
[0.266s] Level 5:colcon.colcon_core.verb:set package 'interbotix_common_sim' build argument 'cmake_args' from command line to 'None'
[0.266s] Level 5:colcon.colcon_core.verb:set package 'interbotix_common_sim' build argument 'cmake_target' from command line to 'None'
[0.266s] Level 5:colcon.colcon_core.verb:set package 'interbotix_common_sim' build argument 'cmake_target_skip_unavailable' from command line to 'False'
[0.266s] Level 5:colcon.colcon_core.verb:set package 'interbotix_common_sim' build argument 'cmake_clean_cache' from command line to 'False'
[0.266s] Level 5:colcon.colcon_core.verb:set package 'interbotix_common_sim' build argument 'cmake_clean_first' from command line to 'False'
[0.266s] Level 5:colcon.colcon_core.verb:set package 'interbotix_common_sim' build argument 'cmake_force_configure' from command line to 'False'
[0.266s] Level 5:colcon.colcon_core.verb:set package 'interbotix_common_sim' build argument 'ament_cmake_args' from command line to 'None'
[0.266s] Level 5:colcon.colcon_core.verb:set package 'interbotix_common_sim' build argument 'catkin_cmake_args' from command line to 'None'
[0.266s] Level 5:colcon.colcon_core.verb:set package 'interbotix_common_sim' build argument 'catkin_skip_building_tests' from command line to 'False'
[0.266s] DEBUG:colcon.colcon_core.verb:Building package 'interbotix_common_sim' with the following arguments: {'ament_cmake_args': None, 'build_base': '/home/wellyowo/locobot_sim/locobot_ws/src/build/interbotix_common_sim', 'catkin_cmake_args': None, 'catkin_skip_building_tests': False, 'cmake_args': None, 'cmake_clean_cache': False, 'cmake_clean_first': False, 'cmake_force_configure': False, 'cmake_target': None, 'cmake_target_skip_unavailable': False, 'install_base': '/home/wellyowo/locobot_sim/locobot_ws/src/install/interbotix_common_sim', 'merge_install': False, 'path': '/home/wellyowo/locobot_sim/locobot_ws/src/interbotix_ros_toolboxes/interbotix_common_toolbox/interbotix_common_sim', 'symlink_install': False, 'test_result_base': None}
[0.266s] Level 5:colcon.colcon_core.verb:set package 'interbotix_tf_tools' build argument 'cmake_args' from command line to 'None'
[0.266s] Level 5:colcon.colcon_core.verb:set package 'interbotix_tf_tools' build argument 'cmake_target' from command line to 'None'
[0.266s] Level 5:colcon.colcon_core.verb:set package 'interbotix_tf_tools' build argument 'cmake_target_skip_unavailable' from command line to 'False'
[0.266s] Level 5:colcon.colcon_core.verb:set package 'interbotix_tf_tools' build argument 'cmake_clean_cache' from command line to 'False'
[0.266s] Level 5:colcon.colcon_core.verb:set package 'interbotix_tf_tools' build argument 'cmake_clean_first' from command line to 'False'
[0.266s] Level 5:colcon.colcon_core.verb:set package 'interbotix_tf_tools' build argument 'cmake_force_configure' from command line to 'False'
[0.266s] Level 5:colcon.colcon_core.verb:set package 'interbotix_tf_tools' build argument 'ament_cmake_args' from command line to 'None'
[0.266s] Level 5:colcon.colcon_core.verb:set package 'interbotix_tf_tools' build argument 'catkin_cmake_args' from command line to 'None'
[0.266s] Level 5:colcon.colcon_core.verb:set package 'interbotix_tf_tools' build argument 'catkin_skip_building_tests' from command line to 'False'
[0.266s] DEBUG:colcon.colcon_core.verb:Building package 'interbotix_tf_tools' with the following arguments: {'ament_cmake_args': None, 'build_base': '/home/wellyowo/locobot_sim/locobot_ws/src/build/interbotix_tf_tools', 'catkin_cmake_args': None, 'catkin_skip_building_tests': False, 'cmake_args': None, 'cmake_clean_cache': False, 'cmake_clean_first': False, 'cmake_force_configure': False, 'cmake_target': None, 'cmake_target_skip_unavailable': False, 'install_base': '/home/wellyowo/locobot_sim/locobot_ws/src/install/interbotix_tf_tools', 'merge_install': False, 'path': '/home/wellyowo/locobot_sim/locobot_ws/src/interbotix_ros_toolboxes/interbotix_common_toolbox/interbotix_tf_tools', 'symlink_install': False, 'test_result_base': None}
[0.266s] Level 5:colcon.colcon_core.verb:set package 'interbotix_xs_msgs' build argument 'cmake_args' from command line to 'None'
[0.266s] Level 5:colcon.colcon_core.verb:set package 'interbotix_xs_msgs' build argument 'cmake_target' from command line to 'None'
[0.266s] Level 5:colcon.colcon_core.verb:set package 'interbotix_xs_msgs' build argument 'cmake_target_skip_unavailable' from command line to 'False'
[0.267s] Level 5:colcon.colcon_core.verb:set package 'interbotix_xs_msgs' build argument 'cmake_clean_cache' from command line to 'False'
[0.267s] Level 5:colcon.colcon_core.verb:set package 'interbotix_xs_msgs' build argument 'cmake_clean_first' from command line to 'False'
[0.267s] Level 5:colcon.colcon_core.verb:set package 'interbotix_xs_msgs' build argument 'cmake_force_configure' from command line to 'False'
[0.267s] Level 5:colcon.colcon_core.verb:set package 'interbotix_xs_msgs' build argument 'ament_cmake_args' from command line to 'None'
[0.267s] Level 5:colcon.colcon_core.verb:set package 'interbotix_xs_msgs' build argument 'catkin_cmake_args' from command line to 'None'
[0.267s] Level 5:colcon.colcon_core.verb:set package 'interbotix_xs_msgs' build argument 'catkin_skip_building_tests' from command line to 'False'
[0.267s] DEBUG:colcon.colcon_core.verb:Building package 'interbotix_xs_msgs' with the following arguments: {'ament_cmake_args': None, 'build_base': '/home/wellyowo/locobot_sim/locobot_ws/src/build/interbotix_xs_msgs', 'catkin_cmake_args': None, 'catkin_skip_building_tests': False, 'cmake_args': None, 'cmake_clean_cache': False, 'cmake_clean_first': False, 'cmake_force_configure': False, 'cmake_target': None, 'cmake_target_skip_unavailable': False, 'install_base': '/home/wellyowo/locobot_sim/locobot_ws/src/install/interbotix_xs_msgs', 'merge_install': False, 'path': '/home/wellyowo/locobot_sim/locobot_ws/src/interbotix_ros_core/interbotix_ros_xseries/interbotix_xs_msgs', 'symlink_install': False, 'test_result_base': None}
[0.267s] Level 5:colcon.colcon_core.verb:set package 'kobuki_bumper2pc' build argument 'cmake_args' from command line to 'None'
[0.267s] Level 5:colcon.colcon_core.verb:set package 'kobuki_bumper2pc' build argument 'cmake_target' from command line to 'None'
[0.267s] Level 5:colcon.colcon_core.verb:set package 'kobuki_bumper2pc' build argument 'cmake_target_skip_unavailable' from command line to 'False'
[0.267s] Level 5:colcon.colcon_core.verb:set package 'kobuki_bumper2pc' build argument 'cmake_clean_cache' from command line to 'False'
[0.267s] Level 5:colcon.colcon_core.verb:set package 'kobuki_bumper2pc' build argument 'cmake_clean_first' from command line to 'False'
[0.267s] Level 5:colcon.colcon_core.verb:set package 'kobuki_bumper2pc' build argument 'cmake_force_configure' from command line to 'False'
[0.267s] Level 5:colcon.colcon_core.verb:set package 'kobuki_bumper2pc' build argument 'ament_cmake_args' from command line to 'None'
[0.267s] Level 5:colcon.colcon_core.verb:set package 'kobuki_bumper2pc' build argument 'catkin_cmake_args' from command line to 'None'
[0.267s] Level 5:colcon.colcon_core.verb:set package 'kobuki_bumper2pc' build argument 'catkin_skip_building_tests' from command line to 'False'
[0.267s] DEBUG:colcon.colcon_core.verb:Building package 'kobuki_bumper2pc' with the following arguments: {'ament_cmake_args': None, 'build_base': '/home/wellyowo/locobot_sim/locobot_ws/src/build/kobuki_bumper2pc', 'catkin_cmake_args': None, 'catkin_skip_building_tests': False, 'cmake_args': None, 'cmake_clean_cache': False, 'cmake_clean_first': False, 'cmake_force_configure': False, 'cmake_target': None, 'cmake_target_skip_unavailable': False, 'install_base': '/home/wellyowo/locobot_sim/locobot_ws/src/install/kobuki_bumper2pc', 'merge_install': False, 'path': '/home/wellyowo/locobot_sim/locobot_ws/src/ThirdParty/kobuki_ros/kobuki_bumper2pc', 'symlink_install': False, 'test_result_base': None}
[0.267s] Level 5:colcon.colcon_core.verb:set package 'kobuki_description' build argument 'cmake_args' from command line to 'None'
[0.267s] Level 5:colcon.colcon_core.verb:set package 'kobuki_description' build argument 'cmake_target' from command line to 'None'
[0.267s] Level 5:colcon.colcon_core.verb:set package 'kobuki_description' build argument 'cmake_target_skip_unavailable' from command line to 'False'
[0.267s] Level 5:colcon.colcon_core.verb:set package 'kobuki_description' build argument 'cmake_clean_cache' from command line to 'False'
[0.267s] Level 5:colcon.colcon_core.verb:set package 'kobuki_description' build argument 'cmake_clean_first' from command line to 'False'
[0.267s] Level 5:colcon.colcon_core.verb:set package 'kobuki_description' build argument 'cmake_force_configure' from command line to 'False'
[0.267s] Level 5:colcon.colcon_core.verb:set package 'kobuki_description' build argument 'ament_cmake_args' from command line to 'None'
[0.267s] Level 5:colcon.colcon_core.verb:set package 'kobuki_description' build argument 'catkin_cmake_args' from command line to 'None'
[0.267s] Level 5:colcon.colcon_core.verb:set package 'kobuki_description' build argument 'catkin_skip_building_tests' from command line to 'False'
[0.267s] DEBUG:colcon.colcon_core.verb:Building package 'kobuki_description' with the following arguments: {'ament_cmake_args': None, 'build_base': '/home/wellyowo/locobot_sim/locobot_ws/src/build/kobuki_description', 'catkin_cmake_args': None, 'catkin_skip_building_tests': False, 'cmake_args': None, 'cmake_clean_cache': False, 'cmake_clean_first': False, 'cmake_force_configure': False, 'cmake_target': None, 'cmake_target_skip_unavailable': False, 'install_base': '/home/wellyowo/locobot_sim/locobot_ws/src/install/kobuki_description', 'merge_install': False, 'path': '/home/wellyowo/locobot_sim/locobot_ws/src/ThirdParty/kobuki_ros/kobuki_description', 'symlink_install': False, 'test_result_base': None}
[0.267s] Level 5:colcon.colcon_core.verb:set package 'kobuki_keyop' build argument 'cmake_args' from command line to 'None'
[0.267s] Level 5:colcon.colcon_core.verb:set package 'kobuki_keyop' build argument 'cmake_target' from command line to 'None'
[0.267s] Level 5:colcon.colcon_core.verb:set package 'kobuki_keyop' build argument 'cmake_target_skip_unavailable' from command line to 'False'
[0.267s] Level 5:colcon.colcon_core.verb:set package 'kobuki_keyop' build argument 'cmake_clean_cache' from command line to 'False'
[0.267s] Level 5:colcon.colcon_core.verb:set package 'kobuki_keyop' build argument 'cmake_clean_first' from command line to 'False'
[0.267s] Level 5:colcon.colcon_core.verb:set package 'kobuki_keyop' build argument 'cmake_force_configure' from command line to 'False'
[0.267s] Level 5:colcon.colcon_core.verb:set package 'kobuki_keyop' build argument 'ament_cmake_args' from command line to 'None'
[0.267s] Level 5:colcon.colcon_core.verb:set package 'kobuki_keyop' build argument 'catkin_cmake_args' from command line to 'None'
[0.267s] Level 5:colcon.colcon_core.verb:set package 'kobuki_keyop' build argument 'catkin_skip_building_tests' from command line to 'False'
[0.267s] DEBUG:colcon.colcon_core.verb:Building package 'kobuki_keyop' with the following arguments: {'ament_cmake_args': None, 'build_base': '/home/wellyowo/locobot_sim/locobot_ws/src/build/kobuki_keyop', 'catkin_cmake_args': None, 'catkin_skip_building_tests': False, 'cmake_args': None, 'cmake_clean_cache': False, 'cmake_clean_first': False, 'cmake_force_configure': False, 'cmake_target': None, 'cmake_target_skip_unavailable': False, 'install_base': '/home/wellyowo/locobot_sim/locobot_ws/src/install/kobuki_keyop', 'merge_install': False, 'path': '/home/wellyowo/locobot_sim/locobot_ws/src/ThirdParty/kobuki_ros/kobuki_keyop', 'symlink_install': False, 'test_result_base': None}
[0.268s] Level 5:colcon.colcon_core.verb:set package 'kobuki_random_walker' build argument 'cmake_args' from command line to 'None'
[0.268s] Level 5:colcon.colcon_core.verb:set package 'kobuki_random_walker' build argument 'cmake_target' from command line to 'None'
[0.268s] Level 5:colcon.colcon_core.verb:set package 'kobuki_random_walker' build argument 'cmake_target_skip_unavailable' from command line to 'False'
[0.268s] Level 5:colcon.colcon_core.verb:set package 'kobuki_random_walker' build argument 'cmake_clean_cache' from command line to 'False'
[0.268s] Level 5:colcon.colcon_core.verb:set package 'kobuki_random_walker' build argument 'cmake_clean_first' from command line to 'False'
[0.268s] Level 5:colcon.colcon_core.verb:set package 'kobuki_random_walker' build argument 'cmake_force_configure' from command line to 'False'
[0.268s] Level 5:colcon.colcon_core.verb:set package 'kobuki_random_walker' build argument 'ament_cmake_args' from command line to 'None'
[0.268s] Level 5:colcon.colcon_core.verb:set package 'kobuki_random_walker' build argument 'catkin_cmake_args' from command line to 'None'
[0.268s] Level 5:colcon.colcon_core.verb:set package 'kobuki_random_walker' build argument 'catkin_skip_building_tests' from command line to 'False'
[0.268s] DEBUG:colcon.colcon_core.verb:Building package 'kobuki_random_walker' with the following arguments: {'ament_cmake_args': None, 'build_base': '/home/wellyowo/locobot_sim/locobot_ws/src/build/kobuki_random_walker', 'catkin_cmake_args': None, 'catkin_skip_building_tests': False, 'cmake_args': None, 'cmake_clean_cache': False, 'cmake_clean_first': False, 'cmake_force_configure': False, 'cmake_target': None, 'cmake_target_skip_unavailable': False, 'install_base': '/home/wellyowo/locobot_sim/locobot_ws/src/install/kobuki_random_walker', 'merge_install': False, 'path': '/home/wellyowo/locobot_sim/locobot_ws/src/ThirdParty/kobuki_ros/kobuki_random_walker', 'symlink_install': False, 'test_result_base': None}
[0.268s] Level 5:colcon.colcon_core.verb:set package 'kobuki_safety_controller' build argument 'cmake_args' from command line to 'None'
[0.268s] Level 5:colcon.colcon_core.verb:set package 'kobuki_safety_controller' build argument 'cmake_target' from command line to 'None'
[0.268s] Level 5:colcon.colcon_core.verb:set package 'kobuki_safety_controller' build argument 'cmake_target_skip_unavailable' from command line to 'False'
[0.268s] Level 5:colcon.colcon_core.verb:set package 'kobuki_safety_controller' build argument 'cmake_clean_cache' from command line to 'False'
[0.268s] Level 5:colcon.colcon_core.verb:set package 'kobuki_safety_controller' build argument 'cmake_clean_first' from command line to 'False'
[0.268s] Level 5:colcon.colcon_core.verb:set package 'kobuki_safety_controller' build argument 'cmake_force_configure' from command line to 'False'
[0.268s] Level 5:colcon.colcon_core.verb:set package 'kobuki_safety_controller' build argument 'ament_cmake_args' from command line to 'None'
[0.268s] Level 5:colcon.colcon_core.verb:set package 'kobuki_safety_controller' build argument 'catkin_cmake_args' from command line to 'None'
[0.268s] Level 5:colcon.colcon_core.verb:set package 'kobuki_safety_controller' build argument 'catkin_skip_building_tests' from command line to 'False'
[0.268s] DEBUG:colcon.colcon_core.verb:Building package 'kobuki_safety_controller' with the following arguments: {'ament_cmake_args': None, 'build_base': '/home/wellyowo/locobot_sim/locobot_ws/src/build/kobuki_safety_controller', 'catkin_cmake_args': None, 'catkin_skip_building_tests': False, 'cmake_args': None, 'cmake_clean_cache': False, 'cmake_clean_first': False, 'cmake_force_configure': False, 'cmake_target': None, 'cmake_target_skip_unavailable': False, 'install_base': '/home/wellyowo/locobot_sim/locobot_ws/src/install/kobuki_safety_controller', 'merge_install': False, 'path': '/home/wellyowo/locobot_sim/locobot_ws/src/ThirdParty/kobuki_ros/kobuki_safety_controller', 'symlink_install': False, 'test_result_base': None}
[0.268s] Level 5:colcon.colcon_core.verb:set package 'moveit_visual_tools' build argument 'cmake_args' from command line to 'None'
[0.268s] Level 5:colcon.colcon_core.verb:set package 'moveit_visual_tools' build argument 'cmake_target' from command line to 'None'
[0.268s] Level 5:colcon.colcon_core.verb:set package 'moveit_visual_tools' build argument 'cmake_target_skip_unavailable' from command line to 'False'
[0.268s] Level 5:colcon.colcon_core.verb:set package 'moveit_visual_tools' build argument 'cmake_clean_cache' from command line to 'False'
[0.268s] Level 5:colcon.colcon_core.verb:set package 'moveit_visual_tools' build argument 'cmake_clean_first' from command line to 'False'
[0.268s] Level 5:colcon.colcon_core.verb:set package 'moveit_visual_tools' build argument 'cmake_force_configure' from command line to 'False'
[0.268s] Level 5:colcon.colcon_core.verb:set package 'moveit_visual_tools' build argument 'ament_cmake_args' from command line to 'None'
[0.268s] Level 5:colcon.colcon_core.verb:set package 'moveit_visual_tools' build argument 'catkin_cmake_args' from command line to 'None'
[0.268s] Level 5:colcon.colcon_core.verb:set package 'moveit_visual_tools' build argument 'catkin_skip_building_tests' from command line to 'False'
[0.268s] DEBUG:colcon.colcon_core.verb:Building package 'moveit_visual_tools' with the following arguments: {'ament_cmake_args': None, 'build_base': '/home/wellyowo/locobot_sim/locobot_ws/src/build/moveit_visual_tools', 'catkin_cmake_args': None, 'catkin_skip_building_tests': False, 'cmake_args': None, 'cmake_clean_cache': False, 'cmake_clean_first': False, 'cmake_force_configure': False, 'cmake_target': None, 'cmake_target_skip_unavailable': False, 'install_base': '/home/wellyowo/locobot_sim/locobot_ws/src/install/moveit_visual_tools', 'merge_install': False, 'path': '/home/wellyowo/locobot_sim/locobot_ws/src/moveit_visual_tools', 'symlink_install': False, 'test_result_base': None}
[0.268s] Level 5:colcon.colcon_core.verb:set package 'openni2_camera' build argument 'cmake_args' from command line to 'None'
[0.269s] Level 5:colcon.colcon_core.verb:set package 'openni2_camera' build argument 'cmake_target' from command line to 'None'
[0.269s] Level 5:colcon.colcon_core.verb:set package 'openni2_camera' build argument 'cmake_target_skip_unavailable' from command line to 'False'
[0.269s] Level 5:colcon.colcon_core.verb:set package 'openni2_camera' build argument 'cmake_clean_cache' from command line to 'False'
[0.269s] Level 5:colcon.colcon_core.verb:set package 'openni2_camera' build argument 'cmake_clean_first' from command line to 'False'
[0.269s] Level 5:colcon.colcon_core.verb:set package 'openni2_camera' build argument 'cmake_force_configure' from command line to 'False'
[0.269s] Level 5:colcon.colcon_core.verb:set package 'openni2_camera' build argument 'ament_cmake_args' from command line to 'None'
[0.269s] Level 5:colcon.colcon_core.verb:set package 'openni2_camera' build argument 'catkin_cmake_args' from command line to 'None'
[0.269s] Level 5:colcon.colcon_core.verb:set package 'openni2_camera' build argument 'catkin_skip_building_tests' from command line to 'False'
[0.269s] DEBUG:colcon.colcon_core.verb:Building package 'openni2_camera' with the following arguments: {'ament_cmake_args': None, 'build_base': '/home/wellyowo/locobot_sim/locobot_ws/src/build/openni2_camera', 'catkin_cmake_args': None, 'catkin_skip_building_tests': False, 'cmake_args': None, 'cmake_clean_cache': False, 'cmake_clean_first': False, 'cmake_force_configure': False, 'cmake_target': None, 'cmake_target_skip_unavailable': False, 'install_base': '/home/wellyowo/locobot_sim/locobot_ws/src/install/openni2_camera', 'merge_install': False, 'path': '/home/wellyowo/locobot_sim/locobot_ws/src/ThirdParty/openni2_camera/openni2_camera', 'symlink_install': False, 'test_result_base': None}
[0.269s] Level 5:colcon.colcon_core.verb:set package 'rplidar_ros' build argument 'cmake_args' from command line to 'None'
[0.269s] Level 5:colcon.colcon_core.verb:set package 'rplidar_ros' build argument 'cmake_target' from command line to 'None'
[0.269s] Level 5:colcon.colcon_core.verb:set package 'rplidar_ros' build argument 'cmake_target_skip_unavailable' from command line to 'False'
[0.269s] Level 5:colcon.colcon_core.verb:set package 'rplidar_ros' build argument 'cmake_clean_cache' from command line to 'False'
[0.269s] Level 5:colcon.colcon_core.verb:set package 'rplidar_ros' build argument 'cmake_clean_first' from command line to 'False'
[0.269s] Level 5:colcon.colcon_core.verb:set package 'rplidar_ros' build argument 'cmake_force_configure' from command line to 'False'
[0.269s] Level 5:colcon.colcon_core.verb:set package 'rplidar_ros' build argument 'ament_cmake_args' from command line to 'None'
[0.269s] Level 5:colcon.colcon_core.verb:set package 'rplidar_ros' build argument 'catkin_cmake_args' from command line to 'None'
[0.269s] Level 5:colcon.colcon_core.verb:set package 'rplidar_ros' build argument 'catkin_skip_building_tests' from command line to 'False'
[0.269s] DEBUG:colcon.colcon_core.verb:Building package 'rplidar_ros' with the following arguments: {'ament_cmake_args': None, 'build_base': '/home/wellyowo/locobot_sim/locobot_ws/src/build/rplidar_ros', 'catkin_cmake_args': None, 'catkin_skip_building_tests': False, 'cmake_args': None, 'cmake_clean_cache': False, 'cmake_clean_first': False, 'cmake_force_configure': False, 'cmake_target': None, 'cmake_target_skip_unavailable': False, 'install_base': '/home/wellyowo/locobot_sim/locobot_ws/src/install/rplidar_ros', 'merge_install': False, 'path': '/home/wellyowo/locobot_sim/locobot_ws/src/ThirdParty/rplidar_ros', 'symlink_install': False, 'test_result_base': None}
[0.269s] Level 5:colcon.colcon_core.verb:set package 'sophus' build argument 'cmake_args' from command line to 'None'
[0.269s] Level 5:colcon.colcon_core.verb:set package 'sophus' build argument 'cmake_target' from command line to 'None'
[0.269s] Level 5:colcon.colcon_core.verb:set package 'sophus' build argument 'cmake_target_skip_unavailable' from command line to 'False'
[0.269s] Level 5:colcon.colcon_core.verb:set package 'sophus' build argument 'cmake_clean_cache' from command line to 'False'
[0.269s] Level 5:colcon.colcon_core.verb:set package 'sophus' build argument 'cmake_clean_first' from command line to 'False'
[0.269s] Level 5:colcon.colcon_core.verb:set package 'sophus' build argument 'cmake_force_configure' from command line to 'False'
[0.269s] Level 5:colcon.colcon_core.verb:set package 'sophus' build argument 'ament_cmake_args' from command line to 'None'
[0.269s] Level 5:colcon.colcon_core.verb:set package 'sophus' build argument 'catkin_cmake_args' from command line to 'None'
[0.269s] Level 5:colcon.colcon_core.verb:set package 'sophus' build argument 'catkin_skip_building_tests' from command line to 'False'
[0.269s] DEBUG:colcon.colcon_core.verb:Building package 'sophus' with the following arguments: {'ament_cmake_args': None, 'build_base': '/home/wellyowo/locobot_sim/locobot_ws/src/build/sophus', 'catkin_cmake_args': None, 'catkin_skip_building_tests': False, 'cmake_args': None, 'cmake_clean_cache': False, 'cmake_clean_first': False, 'cmake_force_configure': False, 'cmake_target': None, 'cmake_target_skip_unavailable': False, 'install_base': '/home/wellyowo/locobot_sim/locobot_ws/src/install/sophus', 'merge_install': False, 'path': '/home/wellyowo/locobot_sim/locobot_ws/src/ThirdParty/sophus', 'symlink_install': False, 'test_result_base': None}
[0.269s] Level 5:colcon.colcon_core.verb:set package 'astra_camera' build argument 'cmake_args' from command line to 'None'
[0.269s] Level 5:colcon.colcon_core.verb:set package 'astra_camera' build argument 'cmake_target' from command line to 'None'
[0.269s] Level 5:colcon.colcon_core.verb:set package 'astra_camera' build argument 'cmake_target_skip_unavailable' from command line to 'False'
[0.269s] Level 5:colcon.colcon_core.verb:set package 'astra_camera' build argument 'cmake_clean_cache' from command line to 'False'
[0.269s] Level 5:colcon.colcon_core.verb:set package 'astra_camera' build argument 'cmake_clean_first' from command line to 'False'
[0.269s] Level 5:colcon.colcon_core.verb:set package 'astra_camera' build argument 'cmake_force_configure' from command line to 'False'
[0.269s] Level 5:colcon.colcon_core.verb:set package 'astra_camera' build argument 'ament_cmake_args' from command line to 'None'
[0.269s] Level 5:colcon.colcon_core.verb:set package 'astra_camera' build argument 'catkin_cmake_args' from command line to 'None'
[0.269s] Level 5:colcon.colcon_core.verb:set package 'astra_camera' build argument 'catkin_skip_building_tests' from command line to 'False'
[0.269s] DEBUG:colcon.colcon_core.verb:Building package 'astra_camera' with the following arguments: {'ament_cmake_args': None, 'build_base': '/home/wellyowo/locobot_sim/locobot_ws/src/build/astra_camera', 'catkin_cmake_args': None, 'catkin_skip_building_tests': False, 'cmake_args': None, 'cmake_clean_cache': False, 'cmake_clean_first': False, 'cmake_force_configure': False, 'cmake_target': None, 'cmake_target_skip_unavailable': False, 'install_base': '/home/wellyowo/locobot_sim/locobot_ws/src/install/astra_camera', 'merge_install': False, 'path': '/home/wellyowo/locobot_sim/locobot_ws/src/ThirdParty/ros_astra_camera/astra_camera', 'symlink_install': False, 'test_result_base': None}
[0.270s] Level 5:colcon.colcon_core.verb:set package 'aws_robomaker_bookstore_world' build argument 'cmake_args' from command line to 'None'
[0.270s] Level 5:colcon.colcon_core.verb:set package 'aws_robomaker_bookstore_world' build argument 'cmake_target' from command line to 'None'
[0.270s] Level 5:colcon.colcon_core.verb:set package 'aws_robomaker_bookstore_world' build argument 'cmake_target_skip_unavailable' from command line to 'False'
[0.270s] Level 5:colcon.colcon_core.verb:set package 'aws_robomaker_bookstore_world' build argument 'cmake_clean_cache' from command line to 'False'
[0.270s] Level 5:colcon.colcon_core.verb:set package 'aws_robomaker_bookstore_world' build argument 'cmake_clean_first' from command line to 'False'
[0.270s] Level 5:colcon.colcon_core.verb:set package 'aws_robomaker_bookstore_world' build argument 'cmake_force_configure' from command line to 'False'
[0.270s] Level 5:colcon.colcon_core.verb:set package 'aws_robomaker_bookstore_world' build argument 'ament_cmake_args' from command line to 'None'
[0.270s] Level 5:colcon.colcon_core.verb:set package 'aws_robomaker_bookstore_world' build argument 'catkin_cmake_args' from command line to 'None'
[0.270s] Level 5:colcon.colcon_core.verb:set package 'aws_robomaker_bookstore_world' build argument 'catkin_skip_building_tests' from command line to 'False'
[0.270s] DEBUG:colcon.colcon_core.verb:Building package 'aws_robomaker_bookstore_world' with the following arguments: {'ament_cmake_args': None, 'build_base': '/home/wellyowo/locobot_sim/locobot_ws/src/build/aws_robomaker_bookstore_world', 'catkin_cmake_args': None, 'catkin_skip_building_tests': False, 'cmake_args': None, 'cmake_clean_cache': False, 'cmake_clean_first': False, 'cmake_force_configure': False, 'cmake_target': None, 'cmake_target_skip_unavailable': False, 'install_base': '/home/wellyowo/locobot_sim/locobot_ws/src/install/aws_robomaker_bookstore_world', 'merge_install': False, 'path': '/home/wellyowo/locobot_sim/locobot_ws/src/ThirdParty/aws-robomaker-bookstore-world', 'symlink_install': False, 'test_result_base': None}
[0.270s] Level 5:colcon.colcon_core.verb:set package 'aws_robomaker_racetrack_world' build argument 'cmake_args' from command line to 'None'
[0.270s] Level 5:colcon.colcon_core.verb:set package 'aws_robomaker_racetrack_world' build argument 'cmake_target' from command line to 'None'
[0.270s] Level 5:colcon.colcon_core.verb:set package 'aws_robomaker_racetrack_world' build argument 'cmake_target_skip_unavailable' from command line to 'False'
[0.270s] Level 5:colcon.colcon_core.verb:set package 'aws_robomaker_racetrack_world' build argument 'cmake_clean_cache' from command line to 'False'
[0.270s] Level 5:colcon.colcon_core.verb:set package 'aws_robomaker_racetrack_world' build argument 'cmake_clean_first' from command line to 'False'
[0.270s] Level 5:colcon.colcon_core.verb:set package 'aws_robomaker_racetrack_world' build argument 'cmake_force_configure' from command line to 'False'
[0.270s] Level 5:colcon.colcon_core.verb:set package 'aws_robomaker_racetrack_world' build argument 'ament_cmake_args' from command line to 'None'
[0.270s] Level 5:colcon.colcon_core.verb:set package 'aws_robomaker_racetrack_world' build argument 'catkin_cmake_args' from command line to 'None'
[0.270s] Level 5:colcon.colcon_core.verb:set package 'aws_robomaker_racetrack_world' build argument 'catkin_skip_building_tests' from command line to 'False'
[0.270s] DEBUG:colcon.colcon_core.verb:Building package 'aws_robomaker_racetrack_world' with the following arguments: {'ament_cmake_args': None, 'build_base': '/home/wellyowo/locobot_sim/locobot_ws/src/build/aws_robomaker_racetrack_world', 'catkin_cmake_args': None, 'catkin_skip_building_tests': False, 'cmake_args': None, 'cmake_clean_cache': False, 'cmake_clean_first': False, 'cmake_force_configure': False, 'cmake_target': None, 'cmake_target_skip_unavailable': False, 'install_base': '/home/wellyowo/locobot_sim/locobot_ws/src/install/aws_robomaker_racetrack_world', 'merge_install': False, 'path': '/home/wellyowo/locobot_sim/locobot_ws/src/ThirdParty/aws-robomaker-racetrack-world', 'symlink_install': False, 'test_result_base': None}
[0.270s] Level 5:colcon.colcon_core.verb:set package 'aws_robomaker_small_house_world' build argument 'cmake_args' from command line to 'None'
[0.270s] Level 5:colcon.colcon_core.verb:set package 'aws_robomaker_small_house_world' build argument 'cmake_target' from command line to 'None'
[0.270s] Level 5:colcon.colcon_core.verb:set package 'aws_robomaker_small_house_world' build argument 'cmake_target_skip_unavailable' from command line to 'False'
[0.270s] Level 5:colcon.colcon_core.verb:set package 'aws_robomaker_small_house_world' build argument 'cmake_clean_cache' from command line to 'False'
[0.270s] Level 5:colcon.colcon_core.verb:set package 'aws_robomaker_small_house_world' build argument 'cmake_clean_first' from command line to 'False'
[0.270s] Level 5:colcon.colcon_core.verb:set package 'aws_robomaker_small_house_world' build argument 'cmake_force_configure' from command line to 'False'
[0.270s] Level 5:colcon.colcon_core.verb:set package 'aws_robomaker_small_house_world' build argument 'ament_cmake_args' from command line to 'None'
[0.270s] Level 5:colcon.colcon_core.verb:set package 'aws_robomaker_small_house_world' build argument 'catkin_cmake_args' from command line to 'None'
[0.270s] Level 5:colcon.colcon_core.verb:set package 'aws_robomaker_small_house_world' build argument 'catkin_skip_building_tests' from command line to 'False'
[0.270s] DEBUG:colcon.colcon_core.verb:Building package 'aws_robomaker_small_house_world' with the following arguments: {'ament_cmake_args': None, 'build_base': '/home/wellyowo/locobot_sim/locobot_ws/src/build/aws_robomaker_small_house_world', 'catkin_cmake_args': None, 'catkin_skip_building_tests': False, 'cmake_args': None, 'cmake_clean_cache': False, 'cmake_clean_first': False, 'cmake_force_configure': False, 'cmake_target': None, 'cmake_target_skip_unavailable': False, 'install_base': '/home/wellyowo/locobot_sim/locobot_ws/src/install/aws_robomaker_small_house_world', 'merge_install': False, 'path': '/home/wellyowo/locobot_sim/locobot_ws/src/ThirdParty/aws-robomaker-small-house-world', 'symlink_install': False, 'test_result_base': None}
[0.271s] Level 5:colcon.colcon_core.verb:set package 'aws_robomaker_small_warehouse_world' build argument 'cmake_args' from command line to 'None'
[0.271s] Level 5:colcon.colcon_core.verb:set package 'aws_robomaker_small_warehouse_world' build argument 'cmake_target' from command line to 'None'
[0.271s] Level 5:colcon.colcon_core.verb:set package 'aws_robomaker_small_warehouse_world' build argument 'cmake_target_skip_unavailable' from command line to 'False'
[0.271s] Level 5:colcon.colcon_core.verb:set package 'aws_robomaker_small_warehouse_world' build argument 'cmake_clean_cache' from command line to 'False'
[0.271s] Level 5:colcon.colcon_core.verb:set package 'aws_robomaker_small_warehouse_world' build argument 'cmake_clean_first' from command line to 'False'
[0.271s] Level 5:colcon.colcon_core.verb:set package 'aws_robomaker_small_warehouse_world' build argument 'cmake_force_configure' from command line to 'False'
[0.271s] Level 5:colcon.colcon_core.verb:set package 'aws_robomaker_small_warehouse_world' build argument 'ament_cmake_args' from command line to 'None'
[0.271s] Level 5:colcon.colcon_core.verb:set package 'aws_robomaker_small_warehouse_world' build argument 'catkin_cmake_args' from command line to 'None'
[0.271s] Level 5:colcon.colcon_core.verb:set package 'aws_robomaker_small_warehouse_world' build argument 'catkin_skip_building_tests' from command line to 'False'
[0.271s] DEBUG:colcon.colcon_core.verb:Building package 'aws_robomaker_small_warehouse_world' with the following arguments: {'ament_cmake_args': None, 'build_base': '/home/wellyowo/locobot_sim/locobot_ws/src/build/aws_robomaker_small_warehouse_world', 'catkin_cmake_args': None, 'catkin_skip_building_tests': False, 'cmake_args': None, 'cmake_clean_cache': False, 'cmake_clean_first': False, 'cmake_force_configure': False, 'cmake_target': None, 'cmake_target_skip_unavailable': False, 'install_base': '/home/wellyowo/locobot_sim/locobot_ws/src/install/aws_robomaker_small_warehouse_world', 'merge_install': False, 'path': '/home/wellyowo/locobot_sim/locobot_ws/src/ThirdParty/aws-robomaker-small-warehouse-world', 'symlink_install': False, 'test_result_base': None}
[0.271s] Level 5:colcon.colcon_core.verb:set package 'ecl_console' build argument 'cmake_args' from command line to 'None'
[0.271s] Level 5:colcon.colcon_core.verb:set package 'ecl_console' build argument 'cmake_target' from command line to 'None'
[0.271s] Level 5:colcon.colcon_core.verb:set package 'ecl_console' build argument 'cmake_target_skip_unavailable' from command line to 'False'
[0.271s] Level 5:colcon.colcon_core.verb:set package 'ecl_console' build argument 'cmake_clean_cache' from command line to 'False'
[0.271s] Level 5:colcon.colcon_core.verb:set package 'ecl_console' build argument 'cmake_clean_first' from command line to 'False'
[0.271s] Level 5:colcon.colcon_core.verb:set package 'ecl_console' build argument 'cmake_force_configure' from command line to 'False'
[0.271s] Level 5:colcon.colcon_core.verb:set package 'ecl_console' build argument 'ament_cmake_args' from command line to 'None'
[0.271s] Level 5:colcon.colcon_core.verb:set package 'ecl_console' build argument 'catkin_cmake_args' from command line to 'None'
[0.271s] Level 5:colcon.colcon_core.verb:set package 'ecl_console' build argument 'catkin_skip_building_tests' from command line to 'False'
[0.271s] DEBUG:colcon.colcon_core.verb:Building package 'ecl_console' with the following arguments: {'ament_cmake_args': None, 'build_base': '/home/wellyowo/locobot_sim/locobot_ws/src/build/ecl_console', 'catkin_cmake_args': None, 'catkin_skip_building_tests': False, 'cmake_args': None, 'cmake_clean_cache': False, 'cmake_clean_first': False, 'cmake_force_configure': False, 'cmake_target': None, 'cmake_target_skip_unavailable': False, 'install_base': '/home/wellyowo/locobot_sim/locobot_ws/src/install/ecl_console', 'merge_install': False, 'path': '/home/wellyowo/locobot_sim/locobot_ws/src/ThirdParty/ecl/ecl_lite/ecl_console', 'symlink_install': False, 'test_result_base': None}
[0.271s] Level 5:colcon.colcon_core.verb:set package 'ecl_converters_lite' build argument 'cmake_args' from command line to 'None'
[0.271s] Level 5:colcon.colcon_core.verb:set package 'ecl_converters_lite' build argument 'cmake_target' from command line to 'None'
[0.271s] Level 5:colcon.colcon_core.verb:set package 'ecl_converters_lite' build argument 'cmake_target_skip_unavailable' from command line to 'False'
[0.271s] Level 5:colcon.colcon_core.verb:set package 'ecl_converters_lite' build argument 'cmake_clean_cache' from command line to 'False'
[0.271s] Level 5:colcon.colcon_core.verb:set package 'ecl_converters_lite' build argument 'cmake_clean_first' from command line to 'False'
[0.271s] Level 5:colcon.colcon_core.verb:set package 'ecl_converters_lite' build argument 'cmake_force_configure' from command line to 'False'
[0.271s] Level 5:colcon.colcon_core.verb:set package 'ecl_converters_lite' build argument 'ament_cmake_args' from command line to 'None'
[0.271s] Level 5:colcon.colcon_core.verb:set package 'ecl_converters_lite' build argument 'catkin_cmake_args' from command line to 'None'
[0.271s] Level 5:colcon.colcon_core.verb:set package 'ecl_converters_lite' build argument 'catkin_skip_building_tests' from command line to 'False'
[0.271s] DEBUG:colcon.colcon_core.verb:Building package 'ecl_converters_lite' with the following arguments: {'ament_cmake_args': None, 'build_base': '/home/wellyowo/locobot_sim/locobot_ws/src/build/ecl_converters_lite', 'catkin_cmake_args': None, 'catkin_skip_building_tests': False, 'cmake_args': None, 'cmake_clean_cache': False, 'cmake_clean_first': False, 'cmake_force_configure': False, 'cmake_target': None, 'cmake_target_skip_unavailable': False, 'install_base': '/home/wellyowo/locobot_sim/locobot_ws/src/install/ecl_converters_lite', 'merge_install': False, 'path': '/home/wellyowo/locobot_sim/locobot_ws/src/ThirdParty/ecl/ecl_lite/ecl_converters_lite', 'symlink_install': False, 'test_result_base': None}
[0.271s] Level 5:colcon.colcon_core.verb:set package 'ecl_errors' build argument 'cmake_args' from command line to 'None'
[0.271s] Level 5:colcon.colcon_core.verb:set package 'ecl_errors' build argument 'cmake_target' from command line to 'None'
[0.271s] Level 5:colcon.colcon_core.verb:set package 'ecl_errors' build argument 'cmake_target_skip_unavailable' from command line to 'False'
[0.271s] Level 5:colcon.colcon_core.verb:set package 'ecl_errors' build argument 'cmake_clean_cache' from command line to 'False'
[0.271s] Level 5:colcon.colcon_core.verb:set package 'ecl_errors' build argument 'cmake_clean_first' from command line to 'False'
[0.271s] Level 5:colcon.colcon_core.verb:set package 'ecl_errors' build argument 'cmake_force_configure' from command line to 'False'
[0.271s] Level 5:colcon.colcon_core.verb:set package 'ecl_errors' build argument 'ament_cmake_args' from command line to 'None'
[0.271s] Level 5:colcon.colcon_core.verb:set package 'ecl_errors' build argument 'catkin_cmake_args' from command line to 'None'
[0.272s] Level 5:colcon.colcon_core.verb:set package 'ecl_errors' build argument 'catkin_skip_building_tests' from command line to 'False'
[0.272s] DEBUG:colcon.colcon_core.verb:Building package 'ecl_errors' with the following arguments: {'ament_cmake_args': None, 'build_base': '/home/wellyowo/locobot_sim/locobot_ws/src/build/ecl_errors', 'catkin_cmake_args': None, 'catkin_skip_building_tests': False, 'cmake_args': None, 'cmake_clean_cache': False, 'cmake_clean_first': False, 'cmake_force_configure': False, 'cmake_target': None, 'cmake_target_skip_unavailable': False, 'install_base': '/home/wellyowo/locobot_sim/locobot_ws/src/install/ecl_errors', 'merge_install': False, 'path': '/home/wellyowo/locobot_sim/locobot_ws/src/ThirdParty/ecl/ecl_lite/ecl_errors', 'symlink_install': False, 'test_result_base': None}
[0.272s] Level 5:colcon.colcon_core.verb:set package 'ecl_type_traits' build argument 'cmake_args' from command line to 'None'
[0.272s] Level 5:colcon.colcon_core.verb:set package 'ecl_type_traits' build argument 'cmake_target' from command line to 'None'
[0.272s] Level 5:colcon.colcon_core.verb:set package 'ecl_type_traits' build argument 'cmake_target_skip_unavailable' from command line to 'False'
[0.272s] Level 5:colcon.colcon_core.verb:set package 'ecl_type_traits' build argument 'cmake_clean_cache' from command line to 'False'
[0.272s] Level 5:colcon.colcon_core.verb:set package 'ecl_type_traits' build argument 'cmake_clean_first' from command line to 'False'
[0.272s] Level 5:colcon.colcon_core.verb:set package 'ecl_type_traits' build argument 'cmake_force_configure' from command line to 'False'
[0.272s] Level 5:colcon.colcon_core.verb:set package 'ecl_type_traits' build argument 'ament_cmake_args' from command line to 'None'
[0.272s] Level 5:colcon.colcon_core.verb:set package 'ecl_type_traits' build argument 'catkin_cmake_args' from command line to 'None'
[0.272s] Level 5:colcon.colcon_core.verb:set package 'ecl_type_traits' build argument 'catkin_skip_building_tests' from command line to 'False'
[0.272s] DEBUG:colcon.colcon_core.verb:Building package 'ecl_type_traits' with the following arguments: {'ament_cmake_args': None, 'build_base': '/home/wellyowo/locobot_sim/locobot_ws/src/build/ecl_type_traits', 'catkin_cmake_args': None, 'catkin_skip_building_tests': False, 'cmake_args': None, 'cmake_clean_cache': False, 'cmake_clean_first': False, 'cmake_force_configure': False, 'cmake_target': None, 'cmake_target_skip_unavailable': False, 'install_base': '/home/wellyowo/locobot_sim/locobot_ws/src/install/ecl_type_traits', 'merge_install': False, 'path': '/home/wellyowo/locobot_sim/locobot_ws/src/ThirdParty/ecl/ecl_core/ecl_type_traits', 'symlink_install': False, 'test_result_base': None}
[0.272s] Level 5:colcon.colcon_core.verb:set package 'interbotix_gravity_compensation' build argument 'cmake_args' from command line to 'None'
[0.272s] Level 5:colcon.colcon_core.verb:set package 'interbotix_gravity_compensation' build argument 'cmake_target' from command line to 'None'
[0.272s] Level 5:colcon.colcon_core.verb:set package 'interbotix_gravity_compensation' build argument 'cmake_target_skip_unavailable' from command line to 'False'
[0.272s] Level 5:colcon.colcon_core.verb:set package 'interbotix_gravity_compensation' build argument 'cmake_clean_cache' from command line to 'False'
[0.272s] Level 5:colcon.colcon_core.verb:set package 'interbotix_gravity_compensation' build argument 'cmake_clean_first' from command line to 'False'
[0.272s] Level 5:colcon.colcon_core.verb:set package 'interbotix_gravity_compensation' build argument 'cmake_force_configure' from command line to 'False'
[0.272s] Level 5:colcon.colcon_core.verb:set package 'interbotix_gravity_compensation' build argument 'ament_cmake_args' from command line to 'None'
[0.272s] Level 5:colcon.colcon_core.verb:set package 'interbotix_gravity_compensation' build argument 'catkin_cmake_args' from command line to 'None'
[0.272s] Level 5:colcon.colcon_core.verb:set package 'interbotix_gravity_compensation' build argument 'catkin_skip_building_tests' from command line to 'False'
[0.272s] DEBUG:colcon.colcon_core.verb:Building package 'interbotix_gravity_compensation' with the following arguments: {'ament_cmake_args': None, 'build_base': '/home/wellyowo/locobot_sim/locobot_ws/src/build/interbotix_gravity_compensation', 'catkin_cmake_args': None, 'catkin_skip_building_tests': False, 'cmake_args': None, 'cmake_clean_cache': False, 'cmake_clean_first': False, 'cmake_force_configure': False, 'cmake_target': None, 'cmake_target_skip_unavailable': False, 'install_base': '/home/wellyowo/locobot_sim/locobot_ws/src/install/interbotix_gravity_compensation', 'merge_install': False, 'path': '/home/wellyowo/locobot_sim/locobot_ws/src/interbotix_ros_toolboxes/interbotix_common_toolbox/interbotix_gravity_compensation', 'symlink_install': False, 'test_result_base': None}
[0.272s] Level 5:colcon.colcon_core.verb:set package 'interbotix_xs_ros_control' build argument 'cmake_args' from command line to 'None'
[0.272s] Level 5:colcon.colcon_core.verb:set package 'interbotix_xs_ros_control' build argument 'cmake_target' from command line to 'None'
[0.272s] Level 5:colcon.colcon_core.verb:set package 'interbotix_xs_ros_control' build argument 'cmake_target_skip_unavailable' from command line to 'False'
[0.272s] Level 5:colcon.colcon_core.verb:set package 'interbotix_xs_ros_control' build argument 'cmake_clean_cache' from command line to 'False'
[0.272s] Level 5:colcon.colcon_core.verb:set package 'interbotix_xs_ros_control' build argument 'cmake_clean_first' from command line to 'False'
[0.272s] Level 5:colcon.colcon_core.verb:set package 'interbotix_xs_ros_control' build argument 'cmake_force_configure' from command line to 'False'
[0.272s] Level 5:colcon.colcon_core.verb:set package 'interbotix_xs_ros_control' build argument 'ament_cmake_args' from command line to 'None'
[0.272s] Level 5:colcon.colcon_core.verb:set package 'interbotix_xs_ros_control' build argument 'catkin_cmake_args' from command line to 'None'
[0.272s] Level 5:colcon.colcon_core.verb:set package 'interbotix_xs_ros_control' build argument 'catkin_skip_building_tests' from command line to 'False'
[0.272s] DEBUG:colcon.colcon_core.verb:Building package 'interbotix_xs_ros_control' with the following arguments: {'ament_cmake_args': None, 'build_base': '/home/wellyowo/locobot_sim/locobot_ws/src/build/interbotix_xs_ros_control', 'catkin_cmake_args': None, 'catkin_skip_building_tests': False, 'cmake_args': None, 'cmake_clean_cache': False, 'cmake_clean_first': False, 'cmake_force_configure': False, 'cmake_target': None, 'cmake_target_skip_unavailable': False, 'install_base': '/home/wellyowo/locobot_sim/locobot_ws/src/install/interbotix_xs_ros_control', 'merge_install': False, 'path': '/home/wellyowo/locobot_sim/locobot_ws/src/interbotix_ros_toolboxes/interbotix_xs_toolbox/interbotix_xs_ros_control', 'symlink_install': False, 'test_result_base': None}
[0.273s] Level 5:colcon.colcon_core.verb:set package 'interbotix_xs_sdk' build argument 'cmake_args' from command line to 'None'
[0.273s] Level 5:colcon.colcon_core.verb:set package 'interbotix_xs_sdk' build argument 'cmake_target' from command line to 'None'
[0.273s] Level 5:colcon.colcon_core.verb:set package 'interbotix_xs_sdk' build argument 'cmake_target_skip_unavailable' from command line to 'False'
[0.273s] Level 5:colcon.colcon_core.verb:set package 'interbotix_xs_sdk' build argument 'cmake_clean_cache' from command line to 'False'
[0.273s] Level 5:colcon.colcon_core.verb:set package 'interbotix_xs_sdk' build argument 'cmake_clean_first' from command line to 'False'
[0.273s] Level 5:colcon.colcon_core.verb:set package 'interbotix_xs_sdk' build argument 'cmake_force_configure' from command line to 'False'
[0.273s] Level 5:colcon.colcon_core.verb:set package 'interbotix_xs_sdk' build argument 'ament_cmake_args' from command line to 'None'
[0.273s] Level 5:colcon.colcon_core.verb:set package 'interbotix_xs_sdk' build argument 'catkin_cmake_args' from command line to 'None'
[0.273s] Level 5:colcon.colcon_core.verb:set package 'interbotix_xs_sdk' build argument 'catkin_skip_building_tests' from command line to 'False'
[0.273s] DEBUG:colcon.colcon_core.verb:Building package 'interbotix_xs_sdk' with the following arguments: {'ament_cmake_args': None, 'build_base': '/home/wellyowo/locobot_sim/locobot_ws/src/build/interbotix_xs_sdk', 'catkin_cmake_args': None, 'catkin_skip_building_tests': False, 'cmake_args': None, 'cmake_clean_cache': False, 'cmake_clean_first': False, 'cmake_force_configure': False, 'cmake_target': None, 'cmake_target_skip_unavailable': False, 'install_base': '/home/wellyowo/locobot_sim/locobot_ws/src/install/interbotix_xs_sdk', 'merge_install': False, 'path': '/home/wellyowo/locobot_sim/locobot_ws/src/interbotix_ros_core/interbotix_ros_xseries/interbotix_xs_sdk', 'symlink_install': False, 'test_result_base': None}
[0.273s] Level 5:colcon.colcon_core.verb:set package 'kobuki' build argument 'cmake_args' from command line to 'None'
[0.273s] Level 5:colcon.colcon_core.verb:set package 'kobuki' build argument 'cmake_target' from command line to 'None'
[0.273s] Level 5:colcon.colcon_core.verb:set package 'kobuki' build argument 'cmake_target_skip_unavailable' from command line to 'False'
[0.273s] Level 5:colcon.colcon_core.verb:set package 'kobuki' build argument 'cmake_clean_cache' from command line to 'False'
[0.273s] Level 5:colcon.colcon_core.verb:set package 'kobuki' build argument 'cmake_clean_first' from command line to 'False'
[0.273s] Level 5:colcon.colcon_core.verb:set package 'kobuki' build argument 'cmake_force_configure' from command line to 'False'
[0.273s] Level 5:colcon.colcon_core.verb:set package 'kobuki' build argument 'ament_cmake_args' from command line to 'None'
[0.273s] Level 5:colcon.colcon_core.verb:set package 'kobuki' build argument 'catkin_cmake_args' from command line to 'None'
[0.273s] Level 5:colcon.colcon_core.verb:set package 'kobuki' build argument 'catkin_skip_building_tests' from command line to 'False'
[0.273s] DEBUG:colcon.colcon_core.verb:Building package 'kobuki' with the following arguments: {'ament_cmake_args': None, 'build_base': '/home/wellyowo/locobot_sim/locobot_ws/src/build/kobuki', 'catkin_cmake_args': None, 'catkin_skip_building_tests': False, 'cmake_args': None, 'cmake_clean_cache': False, 'cmake_clean_first': False, 'cmake_force_configure': False, 'cmake_target': None, 'cmake_target_skip_unavailable': False, 'install_base': '/home/wellyowo/locobot_sim/locobot_ws/src/install/kobuki', 'merge_install': False, 'path': '/home/wellyowo/locobot_sim/locobot_ws/src/kobuki', 'symlink_install': False, 'test_result_base': None}
[0.273s] Level 5:colcon.colcon_core.verb:set package 'ecl_concepts' build argument 'cmake_args' from command line to 'None'
[0.273s] Level 5:colcon.colcon_core.verb:set package 'ecl_concepts' build argument 'cmake_target' from command line to 'None'
[0.273s] Level 5:colcon.colcon_core.verb:set package 'ecl_concepts' build argument 'cmake_target_skip_unavailable' from command line to 'False'
[0.273s] Level 5:colcon.colcon_core.verb:set package 'ecl_concepts' build argument 'cmake_clean_cache' from command line to 'False'
[0.273s] Level 5:colcon.colcon_core.verb:set package 'ecl_concepts' build argument 'cmake_clean_first' from command line to 'False'
[0.273s] Level 5:colcon.colcon_core.verb:set package 'ecl_concepts' build argument 'cmake_force_configure' from command line to 'False'
[0.273s] Level 5:colcon.colcon_core.verb:set package 'ecl_concepts' build argument 'ament_cmake_args' from command line to 'None'
[0.273s] Level 5:colcon.colcon_core.verb:set package 'ecl_concepts' build argument 'catkin_cmake_args' from command line to 'None'
[0.273s] Level 5:colcon.colcon_core.verb:set package 'ecl_concepts' build argument 'catkin_skip_building_tests' from command line to 'False'
[0.273s] DEBUG:colcon.colcon_core.verb:Building package 'ecl_concepts' with the following arguments: {'ament_cmake_args': None, 'build_base': '/home/wellyowo/locobot_sim/locobot_ws/src/build/ecl_concepts', 'catkin_cmake_args': None, 'catkin_skip_building_tests': False, 'cmake_args': None, 'cmake_clean_cache': False, 'cmake_clean_first': False, 'cmake_force_configure': False, 'cmake_target': None, 'cmake_target_skip_unavailable': False, 'install_base': '/home/wellyowo/locobot_sim/locobot_ws/src/install/ecl_concepts', 'merge_install': False, 'path': '/home/wellyowo/locobot_sim/locobot_ws/src/ThirdParty/ecl/ecl_core/ecl_concepts', 'symlink_install': False, 'test_result_base': None}
[0.273s] Level 5:colcon.colcon_core.verb:set package 'ecl_exceptions' build argument 'cmake_args' from command line to 'None'
[0.273s] Level 5:colcon.colcon_core.verb:set package 'ecl_exceptions' build argument 'cmake_target' from command line to 'None'
[0.273s] Level 5:colcon.colcon_core.verb:set package 'ecl_exceptions' build argument 'cmake_target_skip_unavailable' from command line to 'False'
[0.273s] Level 5:colcon.colcon_core.verb:set package 'ecl_exceptions' build argument 'cmake_clean_cache' from command line to 'False'
[0.274s] Level 5:colcon.colcon_core.verb:set package 'ecl_exceptions' build argument 'cmake_clean_first' from command line to 'False'
[0.274s] Level 5:colcon.colcon_core.verb:set package 'ecl_exceptions' build argument 'cmake_force_configure' from command line to 'False'
[0.274s] Level 5:colcon.colcon_core.verb:set package 'ecl_exceptions' build argument 'ament_cmake_args' from command line to 'None'
[0.274s] Level 5:colcon.colcon_core.verb:set package 'ecl_exceptions' build argument 'catkin_cmake_args' from command line to 'None'
[0.274s] Level 5:colcon.colcon_core.verb:set package 'ecl_exceptions' build argument 'catkin_skip_building_tests' from command line to 'False'
[0.274s] DEBUG:colcon.colcon_core.verb:Building package 'ecl_exceptions' with the following arguments: {'ament_cmake_args': None, 'build_base': '/home/wellyowo/locobot_sim/locobot_ws/src/build/ecl_exceptions', 'catkin_cmake_args': None, 'catkin_skip_building_tests': False, 'cmake_args': None, 'cmake_clean_cache': False, 'cmake_clean_first': False, 'cmake_force_configure': False, 'cmake_target': None, 'cmake_target_skip_unavailable': False, 'install_base': '/home/wellyowo/locobot_sim/locobot_ws/src/install/ecl_exceptions', 'merge_install': False, 'path': '/home/wellyowo/locobot_sim/locobot_ws/src/ThirdParty/ecl/ecl_core/ecl_exceptions', 'symlink_install': False, 'test_result_base': None}
[0.274s] Level 5:colcon.colcon_core.verb:set package 'ecl_filesystem' build argument 'cmake_args' from command line to 'None'
[0.274s] Level 5:colcon.colcon_core.verb:set package 'ecl_filesystem' build argument 'cmake_target' from command line to 'None'
[0.274s] Level 5:colcon.colcon_core.verb:set package 'ecl_filesystem' build argument 'cmake_target_skip_unavailable' from command line to 'False'
[0.274s] Level 5:colcon.colcon_core.verb:set package 'ecl_filesystem' build argument 'cmake_clean_cache' from command line to 'False'
[0.274s] Level 5:colcon.colcon_core.verb:set package 'ecl_filesystem' build argument 'cmake_clean_first' from command line to 'False'
[0.274s] Level 5:colcon.colcon_core.verb:set package 'ecl_filesystem' build argument 'cmake_force_configure' from command line to 'False'
[0.274s] Level 5:colcon.colcon_core.verb:set package 'ecl_filesystem' build argument 'ament_cmake_args' from command line to 'None'
[0.274s] Level 5:colcon.colcon_core.verb:set package 'ecl_filesystem' build argument 'catkin_cmake_args' from command line to 'None'
[0.274s] Level 5:colcon.colcon_core.verb:set package 'ecl_filesystem' build argument 'catkin_skip_building_tests' from command line to 'False'
[0.274s] DEBUG:colcon.colcon_core.verb:Building package 'ecl_filesystem' with the following arguments: {'ament_cmake_args': None, 'build_base': '/home/wellyowo/locobot_sim/locobot_ws/src/build/ecl_filesystem', 'catkin_cmake_args': None, 'catkin_skip_building_tests': False, 'cmake_args': None, 'cmake_clean_cache': False, 'cmake_clean_first': False, 'cmake_force_configure': False, 'cmake_target': None, 'cmake_target_skip_unavailable': False, 'install_base': '/home/wellyowo/locobot_sim/locobot_ws/src/install/ecl_filesystem', 'merge_install': False, 'path': '/home/wellyowo/locobot_sim/locobot_ws/src/ThirdParty/ecl/ecl_core/ecl_filesystem', 'symlink_install': False, 'test_result_base': None}
[0.274s] Level 5:colcon.colcon_core.verb:set package 'ecl_io' build argument 'cmake_args' from command line to 'None'
[0.274s] Level 5:colcon.colcon_core.verb:set package 'ecl_io' build argument 'cmake_target' from command line to 'None'
[0.274s] Level 5:colcon.colcon_core.verb:set package 'ecl_io' build argument 'cmake_target_skip_unavailable' from command line to 'False'
[0.274s] Level 5:colcon.colcon_core.verb:set package 'ecl_io' build argument 'cmake_clean_cache' from command line to 'False'
[0.274s] Level 5:colcon.colcon_core.verb:set package 'ecl_io' build argument 'cmake_clean_first' from command line to 'False'
[0.274s] Level 5:colcon.colcon_core.verb:set package 'ecl_io' build argument 'cmake_force_configure' from command line to 'False'
[0.274s] Level 5:colcon.colcon_core.verb:set package 'ecl_io' build argument 'ament_cmake_args' from command line to 'None'
[0.274s] Level 5:colcon.colcon_core.verb:set package 'ecl_io' build argument 'catkin_cmake_args' from command line to 'None'
[0.274s] Level 5:colcon.colcon_core.verb:set package 'ecl_io' build argument 'catkin_skip_building_tests' from command line to 'False'
[0.274s] DEBUG:colcon.colcon_core.verb:Building package 'ecl_io' with the following arguments: {'ament_cmake_args': None, 'build_base': '/home/wellyowo/locobot_sim/locobot_ws/src/build/ecl_io', 'catkin_cmake_args': None, 'catkin_skip_building_tests': False, 'cmake_args': None, 'cmake_clean_cache': False, 'cmake_clean_first': False, 'cmake_force_configure': False, 'cmake_target': None, 'cmake_target_skip_unavailable': False, 'install_base': '/home/wellyowo/locobot_sim/locobot_ws/src/install/ecl_io', 'merge_install': False, 'path': '/home/wellyowo/locobot_sim/locobot_ws/src/ThirdParty/ecl/ecl_lite/ecl_io', 'symlink_install': False, 'test_result_base': None}
[0.274s] Level 5:colcon.colcon_core.verb:set package 'ecl_math' build argument 'cmake_args' from command line to 'None'
[0.274s] Level 5:colcon.colcon_core.verb:set package 'ecl_math' build argument 'cmake_target' from command line to 'None'
[0.274s] Level 5:colcon.colcon_core.verb:set package 'ecl_math' build argument 'cmake_target_skip_unavailable' from command line to 'False'
[0.274s] Level 5:colcon.colcon_core.verb:set package 'ecl_math' build argument 'cmake_clean_cache' from command line to 'False'
[0.274s] Level 5:colcon.colcon_core.verb:set package 'ecl_math' build argument 'cmake_clean_first' from command line to 'False'
[0.274s] Level 5:colcon.colcon_core.verb:set package 'ecl_math' build argument 'cmake_force_configure' from command line to 'False'
[0.274s] Level 5:colcon.colcon_core.verb:set package 'ecl_math' build argument 'ament_cmake_args' from command line to 'None'
[0.274s] Level 5:colcon.colcon_core.verb:set package 'ecl_math' build argument 'catkin_cmake_args' from command line to 'None'
[0.274s] Level 5:colcon.colcon_core.verb:set package 'ecl_math' build argument 'catkin_skip_building_tests' from command line to 'False'
[0.274s] DEBUG:colcon.colcon_core.verb:Building package 'ecl_math' with the following arguments: {'ament_cmake_args': None, 'build_base': '/home/wellyowo/locobot_sim/locobot_ws/src/build/ecl_math', 'catkin_cmake_args': None, 'catkin_skip_building_tests': False, 'cmake_args': None, 'cmake_clean_cache': False, 'cmake_clean_first': False, 'cmake_force_configure': False, 'cmake_target': None, 'cmake_target_skip_unavailable': False, 'install_base': '/home/wellyowo/locobot_sim/locobot_ws/src/install/ecl_math', 'merge_install': False, 'path': '/home/wellyowo/locobot_sim/locobot_ws/src/ThirdParty/ecl/ecl_core/ecl_math', 'symlink_install': False, 'test_result_base': None}
[0.275s] Level 5:colcon.colcon_core.verb:set package 'ecl_sigslots_lite' build argument 'cmake_args' from command line to 'None'
[0.275s] Level 5:colcon.colcon_core.verb:set package 'ecl_sigslots_lite' build argument 'cmake_target' from command line to 'None'
[0.275s] Level 5:colcon.colcon_core.verb:set package 'ecl_sigslots_lite' build argument 'cmake_target_skip_unavailable' from command line to 'False'
[0.275s] Level 5:colcon.colcon_core.verb:set package 'ecl_sigslots_lite' build argument 'cmake_clean_cache' from command line to 'False'
[0.275s] Level 5:colcon.colcon_core.verb:set package 'ecl_sigslots_lite' build argument 'cmake_clean_first' from command line to 'False'
[0.275s] Level 5:colcon.colcon_core.verb:set package 'ecl_sigslots_lite' build argument 'cmake_force_configure' from command line to 'False'
[0.275s] Level 5:colcon.colcon_core.verb:set package 'ecl_sigslots_lite' build argument 'ament_cmake_args' from command line to 'None'
[0.275s] Level 5:colcon.colcon_core.verb:set package 'ecl_sigslots_lite' build argument 'catkin_cmake_args' from command line to 'None'
[0.275s] Level 5:colcon.colcon_core.verb:set package 'ecl_sigslots_lite' build argument 'catkin_skip_building_tests' from command line to 'False'
[0.275s] DEBUG:colcon.colcon_core.verb:Building package 'ecl_sigslots_lite' with the following arguments: {'ament_cmake_args': None, 'build_base': '/home/wellyowo/locobot_sim/locobot_ws/src/build/ecl_sigslots_lite', 'catkin_cmake_args': None, 'catkin_skip_building_tests': False, 'cmake_args': None, 'cmake_clean_cache': False, 'cmake_clean_first': False, 'cmake_force_configure': False, 'cmake_target': None, 'cmake_target_skip_unavailable': False, 'install_base': '/home/wellyowo/locobot_sim/locobot_ws/src/install/ecl_sigslots_lite', 'merge_install': False, 'path': '/home/wellyowo/locobot_sim/locobot_ws/src/ThirdParty/ecl/ecl_lite/ecl_sigslots_lite', 'symlink_install': False, 'test_result_base': None}
[0.275s] Level 5:colcon.colcon_core.verb:set package 'ecl_time_lite' build argument 'cmake_args' from command line to 'None'
[0.275s] Level 5:colcon.colcon_core.verb:set package 'ecl_time_lite' build argument 'cmake_target' from command line to 'None'
[0.275s] Level 5:colcon.colcon_core.verb:set package 'ecl_time_lite' build argument 'cmake_target_skip_unavailable' from command line to 'False'
[0.275s] Level 5:colcon.colcon_core.verb:set package 'ecl_time_lite' build argument 'cmake_clean_cache' from command line to 'False'
[0.275s] Level 5:colcon.colcon_core.verb:set package 'ecl_time_lite' build argument 'cmake_clean_first' from command line to 'False'
[0.275s] Level 5:colcon.colcon_core.verb:set package 'ecl_time_lite' build argument 'cmake_force_configure' from command line to 'False'
[0.275s] Level 5:colcon.colcon_core.verb:set package 'ecl_time_lite' build argument 'ament_cmake_args' from command line to 'None'
[0.275s] Level 5:colcon.colcon_core.verb:set package 'ecl_time_lite' build argument 'catkin_cmake_args' from command line to 'None'
[0.275s] Level 5:colcon.colcon_core.verb:set package 'ecl_time_lite' build argument 'catkin_skip_building_tests' from command line to 'False'
[0.275s] DEBUG:colcon.colcon_core.verb:Building package 'ecl_time_lite' with the following arguments: {'ament_cmake_args': None, 'build_base': '/home/wellyowo/locobot_sim/locobot_ws/src/build/ecl_time_lite', 'catkin_cmake_args': None, 'catkin_skip_building_tests': False, 'cmake_args': None, 'cmake_clean_cache': False, 'cmake_clean_first': False, 'cmake_force_configure': False, 'cmake_target': None, 'cmake_target_skip_unavailable': False, 'install_base': '/home/wellyowo/locobot_sim/locobot_ws/src/install/ecl_time_lite', 'merge_install': False, 'path': '/home/wellyowo/locobot_sim/locobot_ws/src/ThirdParty/ecl/ecl_lite/ecl_time_lite', 'symlink_install': False, 'test_result_base': None}
[0.275s] Level 5:colcon.colcon_core.verb:set package 'interbotix_common_toolbox' build argument 'cmake_args' from command line to 'None'
[0.275s] Level 5:colcon.colcon_core.verb:set package 'interbotix_common_toolbox' build argument 'cmake_target' from command line to 'None'
[0.275s] Level 5:colcon.colcon_core.verb:set package 'interbotix_common_toolbox' build argument 'cmake_target_skip_unavailable' from command line to 'False'
[0.275s] Level 5:colcon.colcon_core.verb:set package 'interbotix_common_toolbox' build argument 'cmake_clean_cache' from command line to 'False'
[0.275s] Level 5:colcon.colcon_core.verb:set package 'interbotix_common_toolbox' build argument 'cmake_clean_first' from command line to 'False'
[0.275s] Level 5:colcon.colcon_core.verb:set package 'interbotix_common_toolbox' build argument 'cmake_force_configure' from command line to 'False'
[0.275s] Level 5:colcon.colcon_core.verb:set package 'interbotix_common_toolbox' build argument 'ament_cmake_args' from command line to 'None'
[0.275s] Level 5:colcon.colcon_core.verb:set package 'interbotix_common_toolbox' build argument 'catkin_cmake_args' from command line to 'None'
[0.275s] Level 5:colcon.colcon_core.verb:set package 'interbotix_common_toolbox' build argument 'catkin_skip_building_tests' from command line to 'False'
[0.275s] DEBUG:colcon.colcon_core.verb:Building package 'interbotix_common_toolbox' with the following arguments: {'ament_cmake_args': None, 'build_base': '/home/wellyowo/locobot_sim/locobot_ws/src/build/interbotix_common_toolbox', 'catkin_cmake_args': None, 'catkin_skip_building_tests': False, 'cmake_args': None, 'cmake_clean_cache': False, 'cmake_clean_first': False, 'cmake_force_configure': False, 'cmake_target': None, 'cmake_target_skip_unavailable': False, 'install_base': '/home/wellyowo/locobot_sim/locobot_ws/src/install/interbotix_common_toolbox', 'merge_install': False, 'path': '/home/wellyowo/locobot_sim/locobot_ws/src/interbotix_ros_toolboxes/interbotix_common_toolbox/interbotix_common_toolbox', 'symlink_install': False, 'test_result_base': None}
[0.276s] Level 5:colcon.colcon_core.verb:set package 'interbotix_ros_xseries' build argument 'cmake_args' from command line to 'None'
[0.276s] Level 5:colcon.colcon_core.verb:set package 'interbotix_ros_xseries' build argument 'cmake_target' from command line to 'None'
[0.276s] Level 5:colcon.colcon_core.verb:set package 'interbotix_ros_xseries' build argument 'cmake_target_skip_unavailable' from command line to 'False'
[0.276s] Level 5:colcon.colcon_core.verb:set package 'interbotix_ros_xseries' build argument 'cmake_clean_cache' from command line to 'False'
[0.276s] Level 5:colcon.colcon_core.verb:set package 'interbotix_ros_xseries' build argument 'cmake_clean_first' from command line to 'False'
[0.276s] Level 5:colcon.colcon_core.verb:set package 'interbotix_ros_xseries' build argument 'cmake_force_configure' from command line to 'False'
[0.276s] Level 5:colcon.colcon_core.verb:set package 'interbotix_ros_xseries' build argument 'ament_cmake_args' from command line to 'None'
[0.276s] Level 5:colcon.colcon_core.verb:set package 'interbotix_ros_xseries' build argument 'catkin_cmake_args' from command line to 'None'
[0.276s] Level 5:colcon.colcon_core.verb:set package 'interbotix_ros_xseries' build argument 'catkin_skip_building_tests' from command line to 'False'
[0.276s] DEBUG:colcon.colcon_core.verb:Building package 'interbotix_ros_xseries' with the following arguments: {'ament_cmake_args': None, 'build_base': '/home/wellyowo/locobot_sim/locobot_ws/src/build/interbotix_ros_xseries', 'catkin_cmake_args': None, 'catkin_skip_building_tests': False, 'cmake_args': None, 'cmake_clean_cache': False, 'cmake_clean_first': False, 'cmake_force_configure': False, 'cmake_target': None, 'cmake_target_skip_unavailable': False, 'install_base': '/home/wellyowo/locobot_sim/locobot_ws/src/install/interbotix_ros_xseries', 'merge_install': False, 'path': '/home/wellyowo/locobot_sim/locobot_ws/src/interbotix_ros_core/interbotix_ros_xseries/interbotix_ros_xseries', 'symlink_install': False, 'test_result_base': None}
[0.276s] Level 5:colcon.colcon_core.verb:set package 'interbotix_xs_modules' build argument 'cmake_args' from command line to 'None'
[0.276s] Level 5:colcon.colcon_core.verb:set package 'interbotix_xs_modules' build argument 'cmake_target' from command line to 'None'
[0.276s] Level 5:colcon.colcon_core.verb:set package 'interbotix_xs_modules' build argument 'cmake_target_skip_unavailable' from command line to 'False'
[0.276s] Level 5:colcon.colcon_core.verb:set package 'interbotix_xs_modules' build argument 'cmake_clean_cache' from command line to 'False'
[0.276s] Level 5:colcon.colcon_core.verb:set package 'interbotix_xs_modules' build argument 'cmake_clean_first' from command line to 'False'
[0.276s] Level 5:colcon.colcon_core.verb:set package 'interbotix_xs_modules' build argument 'cmake_force_configure' from command line to 'False'
[0.276s] Level 5:colcon.colcon_core.verb:set package 'interbotix_xs_modules' build argument 'ament_cmake_args' from command line to 'None'
[0.276s] Level 5:colcon.colcon_core.verb:set package 'interbotix_xs_modules' build argument 'catkin_cmake_args' from command line to 'None'
[0.276s] Level 5:colcon.colcon_core.verb:set package 'interbotix_xs_modules' build argument 'catkin_skip_building_tests' from command line to 'False'
[0.276s] DEBUG:colcon.colcon_core.verb:Building package 'interbotix_xs_modules' with the following arguments: {'ament_cmake_args': None, 'build_base': '/home/wellyowo/locobot_sim/locobot_ws/src/build/interbotix_xs_modules', 'catkin_cmake_args': None, 'catkin_skip_building_tests': False, 'cmake_args': None, 'cmake_clean_cache': False, 'cmake_clean_first': False, 'cmake_force_configure': False, 'cmake_target': None, 'cmake_target_skip_unavailable': False, 'install_base': '/home/wellyowo/locobot_sim/locobot_ws/src/install/interbotix_xs_modules', 'merge_install': False, 'path': '/home/wellyowo/locobot_sim/locobot_ws/src/interbotix_ros_toolboxes/interbotix_xs_toolbox/interbotix_xs_modules', 'symlink_install': False, 'test_result_base': None}
[0.276s] Level 5:colcon.colcon_core.verb:set package 'interbotix_xs_rviz' build argument 'cmake_args' from command line to 'None'
[0.276s] Level 5:colcon.colcon_core.verb:set package 'interbotix_xs_rviz' build argument 'cmake_target' from command line to 'None'
[0.276s] Level 5:colcon.colcon_core.verb:set package 'interbotix_xs_rviz' build argument 'cmake_target_skip_unavailable' from command line to 'False'
[0.276s] Level 5:colcon.colcon_core.verb:set package 'interbotix_xs_rviz' build argument 'cmake_clean_cache' from command line to 'False'
[0.276s] Level 5:colcon.colcon_core.verb:set package 'interbotix_xs_rviz' build argument 'cmake_clean_first' from command line to 'False'
[0.276s] Level 5:colcon.colcon_core.verb:set package 'interbotix_xs_rviz' build argument 'cmake_force_configure' from command line to 'False'
[0.276s] Level 5:colcon.colcon_core.verb:set package 'interbotix_xs_rviz' build argument 'ament_cmake_args' from command line to 'None'
[0.276s] Level 5:colcon.colcon_core.verb:set package 'interbotix_xs_rviz' build argument 'catkin_cmake_args' from command line to 'None'
[0.276s] Level 5:colcon.colcon_core.verb:set package 'interbotix_xs_rviz' build argument 'catkin_skip_building_tests' from command line to 'False'
[0.276s] DEBUG:colcon.colcon_core.verb:Building package 'interbotix_xs_rviz' with the following arguments: {'ament_cmake_args': None, 'build_base': '/home/wellyowo/locobot_sim/locobot_ws/src/build/interbotix_xs_rviz', 'catkin_cmake_args': None, 'catkin_skip_building_tests': False, 'cmake_args': None, 'cmake_clean_cache': False, 'cmake_clean_first': False, 'cmake_force_configure': False, 'cmake_target': None, 'cmake_target_skip_unavailable': False, 'install_base': '/home/wellyowo/locobot_sim/locobot_ws/src/install/interbotix_xs_rviz', 'merge_install': False, 'path': '/home/wellyowo/locobot_sim/locobot_ws/src/interbotix_ros_toolboxes/interbotix_xs_toolbox/interbotix_xs_rviz', 'symlink_install': False, 'test_result_base': None}
[0.277s] Level 5:colcon.colcon_core.verb:set package 'ecl_converters' build argument 'cmake_args' from command line to 'None'
[0.277s] Level 5:colcon.colcon_core.verb:set package 'ecl_converters' build argument 'cmake_target' from command line to 'None'
[0.277s] Level 5:colcon.colcon_core.verb:set package 'ecl_converters' build argument 'cmake_target_skip_unavailable' from command line to 'False'
[0.277s] Level 5:colcon.colcon_core.verb:set package 'ecl_converters' build argument 'cmake_clean_cache' from command line to 'False'
[0.277s] Level 5:colcon.colcon_core.verb:set package 'ecl_converters' build argument 'cmake_clean_first' from command line to 'False'
[0.277s] Level 5:colcon.colcon_core.verb:set package 'ecl_converters' build argument 'cmake_force_configure' from command line to 'False'
[0.277s] Level 5:colcon.colcon_core.verb:set package 'ecl_converters' build argument 'ament_cmake_args' from command line to 'None'
[0.277s] Level 5:colcon.colcon_core.verb:set package 'ecl_converters' build argument 'catkin_cmake_args' from command line to 'None'
[0.277s] Level 5:colcon.colcon_core.verb:set package 'ecl_converters' build argument 'catkin_skip_building_tests' from command line to 'False'
[0.277s] DEBUG:colcon.colcon_core.verb:Building package 'ecl_converters' with the following arguments: {'ament_cmake_args': None, 'build_base': '/home/wellyowo/locobot_sim/locobot_ws/src/build/ecl_converters', 'catkin_cmake_args': None, 'catkin_skip_building_tests': False, 'cmake_args': None, 'cmake_clean_cache': False, 'cmake_clean_first': False, 'cmake_force_configure': False, 'cmake_target': None, 'cmake_target_skip_unavailable': False, 'install_base': '/home/wellyowo/locobot_sim/locobot_ws/src/install/ecl_converters', 'merge_install': False, 'path': '/home/wellyowo/locobot_sim/locobot_ws/src/ThirdParty/ecl/ecl_core/ecl_converters', 'symlink_install': False, 'test_result_base': None}
[0.277s] Level 5:colcon.colcon_core.verb:set package 'ecl_lite' build argument 'cmake_args' from command line to 'None'
[0.277s] Level 5:colcon.colcon_core.verb:set package 'ecl_lite' build argument 'cmake_target' from command line to 'None'
[0.277s] Level 5:colcon.colcon_core.verb:set package 'ecl_lite' build argument 'cmake_target_skip_unavailable' from command line to 'False'
[0.277s] Level 5:colcon.colcon_core.verb:set package 'ecl_lite' build argument 'cmake_clean_cache' from command line to 'False'
[0.277s] Level 5:colcon.colcon_core.verb:set package 'ecl_lite' build argument 'cmake_clean_first' from command line to 'False'
[0.277s] Level 5:colcon.colcon_core.verb:set package 'ecl_lite' build argument 'cmake_force_configure' from command line to 'False'
[0.277s] Level 5:colcon.colcon_core.verb:set package 'ecl_lite' build argument 'ament_cmake_args' from command line to 'None'
[0.277s] Level 5:colcon.colcon_core.verb:set package 'ecl_lite' build argument 'catkin_cmake_args' from command line to 'None'
[0.277s] Level 5:colcon.colcon_core.verb:set package 'ecl_lite' build argument 'catkin_skip_building_tests' from command line to 'False'
[0.277s] DEBUG:colcon.colcon_core.verb:Building package 'ecl_lite' with the following arguments: {'ament_cmake_args': None, 'build_base': '/home/wellyowo/locobot_sim/locobot_ws/src/build/ecl_lite', 'catkin_cmake_args': None, 'catkin_skip_building_tests': False, 'cmake_args': None, 'cmake_clean_cache': False, 'cmake_clean_first': False, 'cmake_force_configure': False, 'cmake_target': None, 'cmake_target_skip_unavailable': False, 'install_base': '/home/wellyowo/locobot_sim/locobot_ws/src/install/ecl_lite', 'merge_install': False, 'path': '/home/wellyowo/locobot_sim/locobot_ws/src/ThirdParty/ecl/ecl_lite/ecl_lite', 'symlink_install': False, 'test_result_base': None}
[0.277s] Level 5:colcon.colcon_core.verb:set package 'ecl_time' build argument 'cmake_args' from command line to 'None'
[0.277s] Level 5:colcon.colcon_core.verb:set package 'ecl_time' build argument 'cmake_target' from command line to 'None'
[0.277s] Level 5:colcon.colcon_core.verb:set package 'ecl_time' build argument 'cmake_target_skip_unavailable' from command line to 'False'
[0.277s] Level 5:colcon.colcon_core.verb:set package 'ecl_time' build argument 'cmake_clean_cache' from command line to 'False'
[0.277s] Level 5:colcon.colcon_core.verb:set package 'ecl_time' build argument 'cmake_clean_first' from command line to 'False'
[0.277s] Level 5:colcon.colcon_core.verb:set package 'ecl_time' build argument 'cmake_force_configure' from command line to 'False'
[0.277s] Level 5:colcon.colcon_core.verb:set package 'ecl_time' build argument 'ament_cmake_args' from command line to 'None'
[0.277s] Level 5:colcon.colcon_core.verb:set package 'ecl_time' build argument 'catkin_cmake_args' from command line to 'None'
[0.277s] Level 5:colcon.colcon_core.verb:set package 'ecl_time' build argument 'catkin_skip_building_tests' from command line to 'False'
[0.277s] DEBUG:colcon.colcon_core.verb:Building package 'ecl_time' with the following arguments: {'ament_cmake_args': None, 'build_base': '/home/wellyowo/locobot_sim/locobot_ws/src/build/ecl_time', 'catkin_cmake_args': None, 'catkin_skip_building_tests': False, 'cmake_args': None, 'cmake_clean_cache': False, 'cmake_clean_first': False, 'cmake_force_configure': False, 'cmake_target': None, 'cmake_target_skip_unavailable': False, 'install_base': '/home/wellyowo/locobot_sim/locobot_ws/src/install/ecl_time', 'merge_install': False, 'path': '/home/wellyowo/locobot_sim/locobot_ws/src/ThirdParty/ecl/ecl_core/ecl_time', 'symlink_install': False, 'test_result_base': None}
[0.277s] Level 5:colcon.colcon_core.verb:set package 'ecl_utilities' build argument 'cmake_args' from command line to 'None'
[0.277s] Level 5:colcon.colcon_core.verb:set package 'ecl_utilities' build argument 'cmake_target' from command line to 'None'
[0.277s] Level 5:colcon.colcon_core.verb:set package 'ecl_utilities' build argument 'cmake_target_skip_unavailable' from command line to 'False'
[0.277s] Level 5:colcon.colcon_core.verb:set package 'ecl_utilities' build argument 'cmake_clean_cache' from command line to 'False'
[0.278s] Level 5:colcon.colcon_core.verb:set package 'ecl_utilities' build argument 'cmake_clean_first' from command line to 'False'
[0.278s] Level 5:colcon.colcon_core.verb:set package 'ecl_utilities' build argument 'cmake_force_configure' from command line to 'False'
[0.278s] Level 5:colcon.colcon_core.verb:set package 'ecl_utilities' build argument 'ament_cmake_args' from command line to 'None'
[0.278s] Level 5:colcon.colcon_core.verb:set package 'ecl_utilities' build argument 'catkin_cmake_args' from command line to 'None'
[0.278s] Level 5:colcon.colcon_core.verb:set package 'ecl_utilities' build argument 'catkin_skip_building_tests' from command line to 'False'
[0.278s] DEBUG:colcon.colcon_core.verb:Building package 'ecl_utilities' with the following arguments: {'ament_cmake_args': None, 'build_base': '/home/wellyowo/locobot_sim/locobot_ws/src/build/ecl_utilities', 'catkin_cmake_args': None, 'catkin_skip_building_tests': False, 'cmake_args': None, 'cmake_clean_cache': False, 'cmake_clean_first': False, 'cmake_force_configure': False, 'cmake_target': None, 'cmake_target_skip_unavailable': False, 'install_base': '/home/wellyowo/locobot_sim/locobot_ws/src/install/ecl_utilities', 'merge_install': False, 'path': '/home/wellyowo/locobot_sim/locobot_ws/src/ThirdParty/ecl/ecl_core/ecl_utilities', 'symlink_install': False, 'test_result_base': None}
[0.278s] Level 5:colcon.colcon_core.verb:set package 'interbotix_xs_toolbox' build argument 'cmake_args' from command line to 'None'
[0.278s] Level 5:colcon.colcon_core.verb:set package 'interbotix_xs_toolbox' build argument 'cmake_target' from command line to 'None'
[0.278s] Level 5:colcon.colcon_core.verb:set package 'interbotix_xs_toolbox' build argument 'cmake_target_skip_unavailable' from command line to 'False'
[0.278s] Level 5:colcon.colcon_core.verb:set package 'interbotix_xs_toolbox' build argument 'cmake_clean_cache' from command line to 'False'
[0.278s] Level 5:colcon.colcon_core.verb:set package 'interbotix_xs_toolbox' build argument 'cmake_clean_first' from command line to 'False'
[0.278s] Level 5:colcon.colcon_core.verb:set package 'interbotix_xs_toolbox' build argument 'cmake_force_configure' from command line to 'False'
[0.278s] Level 5:colcon.colcon_core.verb:set package 'interbotix_xs_toolbox' build argument 'ament_cmake_args' from command line to 'None'
[0.278s] Level 5:colcon.colcon_core.verb:set package 'interbotix_xs_toolbox' build argument 'catkin_cmake_args' from command line to 'None'
[0.278s] Level 5:colcon.colcon_core.verb:set package 'interbotix_xs_toolbox' build argument 'catkin_skip_building_tests' from command line to 'False'
[0.278s] DEBUG:colcon.colcon_core.verb:Building package 'interbotix_xs_toolbox' with the following arguments: {'ament_cmake_args': None, 'build_base': '/home/wellyowo/locobot_sim/locobot_ws/src/build/interbotix_xs_toolbox', 'catkin_cmake_args': None, 'catkin_skip_building_tests': False, 'cmake_args': None, 'cmake_clean_cache': False, 'cmake_clean_first': False, 'cmake_force_configure': False, 'cmake_target': None, 'cmake_target_skip_unavailable': False, 'install_base': '/home/wellyowo/locobot_sim/locobot_ws/src/install/interbotix_xs_toolbox', 'merge_install': False, 'path': '/home/wellyowo/locobot_sim/locobot_ws/src/interbotix_ros_toolboxes/interbotix_xs_toolbox/interbotix_xs_toolbox', 'symlink_install': False, 'test_result_base': None}
[0.278s] Level 5:colcon.colcon_core.verb:set package 'interbotix_xslocobot_descriptions' build argument 'cmake_args' from command line to 'None'
[0.278s] Level 5:colcon.colcon_core.verb:set package 'interbotix_xslocobot_descriptions' build argument 'cmake_target' from command line to 'None'
[0.278s] Level 5:colcon.colcon_core.verb:set package 'interbotix_xslocobot_descriptions' build argument 'cmake_target_skip_unavailable' from command line to 'False'
[0.278s] Level 5:colcon.colcon_core.verb:set package 'interbotix_xslocobot_descriptions' build argument 'cmake_clean_cache' from command line to 'False'
[0.278s] Level 5:colcon.colcon_core.verb:set package 'interbotix_xslocobot_descriptions' build argument 'cmake_clean_first' from command line to 'False'
[0.278s] Level 5:colcon.colcon_core.verb:set package 'interbotix_xslocobot_descriptions' build argument 'cmake_force_configure' from command line to 'False'
[0.278s] Level 5:colcon.colcon_core.verb:set package 'interbotix_xslocobot_descriptions' build argument 'ament_cmake_args' from command line to 'None'
[0.278s] Level 5:colcon.colcon_core.verb:set package 'interbotix_xslocobot_descriptions' build argument 'catkin_cmake_args' from command line to 'None'
[0.278s] Level 5:colcon.colcon_core.verb:set package 'interbotix_xslocobot_descriptions' build argument 'catkin_skip_building_tests' from command line to 'False'
[0.278s] DEBUG:colcon.colcon_core.verb:Building package 'interbotix_xslocobot_descriptions' with the following arguments: {'ament_cmake_args': None, 'build_base': '/home/wellyowo/locobot_sim/locobot_ws/src/build/interbotix_xslocobot_descriptions', 'catkin_cmake_args': None, 'catkin_skip_building_tests': False, 'cmake_args': None, 'cmake_clean_cache': False, 'cmake_clean_first': False, 'cmake_force_configure': False, 'cmake_target': None, 'cmake_target_skip_unavailable': False, 'install_base': '/home/wellyowo/locobot_sim/locobot_ws/src/install/interbotix_xslocobot_descriptions', 'merge_install': False, 'path': '/home/wellyowo/locobot_sim/locobot_ws/src/interbotix_ros_rovers/interbotix_ros_xslocobots/interbotix_xslocobot_descriptions', 'symlink_install': False, 'test_result_base': None}
[0.278s] Level 5:colcon.colcon_core.verb:set package 'ecl_formatters' build argument 'cmake_args' from command line to 'None'
[0.278s] Level 5:colcon.colcon_core.verb:set package 'ecl_formatters' build argument 'cmake_target' from command line to 'None'
[0.278s] Level 5:colcon.colcon_core.verb:set package 'ecl_formatters' build argument 'cmake_target_skip_unavailable' from command line to 'False'
[0.278s] Level 5:colcon.colcon_core.verb:set package 'ecl_formatters' build argument 'cmake_clean_cache' from command line to 'False'
[0.278s] Level 5:colcon.colcon_core.verb:set package 'ecl_formatters' build argument 'cmake_clean_first' from command line to 'False'
[0.278s] Level 5:colcon.colcon_core.verb:set package 'ecl_formatters' build argument 'cmake_force_configure' from command line to 'False'
[0.278s] Level 5:colcon.colcon_core.verb:set package 'ecl_formatters' build argument 'ament_cmake_args' from command line to 'None'
[0.278s] Level 5:colcon.colcon_core.verb:set package 'ecl_formatters' build argument 'catkin_cmake_args' from command line to 'None'
[0.279s] Level 5:colcon.colcon_core.verb:set package 'ecl_formatters' build argument 'catkin_skip_building_tests' from command line to 'False'
[0.279s] DEBUG:colcon.colcon_core.verb:Building package 'ecl_formatters' with the following arguments: {'ament_cmake_args': None, 'build_base': '/home/wellyowo/locobot_sim/locobot_ws/src/build/ecl_formatters', 'catkin_cmake_args': None, 'catkin_skip_building_tests': False, 'cmake_args': None, 'cmake_clean_cache': False, 'cmake_clean_first': False, 'cmake_force_configure': False, 'cmake_target': None, 'cmake_target_skip_unavailable': False, 'install_base': '/home/wellyowo/locobot_sim/locobot_ws/src/install/ecl_formatters', 'merge_install': False, 'path': '/home/wellyowo/locobot_sim/locobot_ws/src/ThirdParty/ecl/ecl_core/ecl_formatters', 'symlink_install': False, 'test_result_base': None}
[0.279s] Level 5:colcon.colcon_core.verb:set package 'ecl_threads' build argument 'cmake_args' from command line to 'None'
[0.279s] Level 5:colcon.colcon_core.verb:set package 'ecl_threads' build argument 'cmake_target' from command line to 'None'
[0.279s] Level 5:colcon.colcon_core.verb:set package 'ecl_threads' build argument 'cmake_target_skip_unavailable' from command line to 'False'
[0.279s] Level 5:colcon.colcon_core.verb:set package 'ecl_threads' build argument 'cmake_clean_cache' from command line to 'False'
[0.279s] Level 5:colcon.colcon_core.verb:set package 'ecl_threads' build argument 'cmake_clean_first' from command line to 'False'
[0.279s] Level 5:colcon.colcon_core.verb:set package 'ecl_threads' build argument 'cmake_force_configure' from command line to 'False'
[0.279s] Level 5:colcon.colcon_core.verb:set package 'ecl_threads' build argument 'ament_cmake_args' from command line to 'None'
[0.279s] Level 5:colcon.colcon_core.verb:set package 'ecl_threads' build argument 'catkin_cmake_args' from command line to 'None'
[0.279s] Level 5:colcon.colcon_core.verb:set package 'ecl_threads' build argument 'catkin_skip_building_tests' from command line to 'False'
[0.279s] DEBUG:colcon.colcon_core.verb:Building package 'ecl_threads' with the following arguments: {'ament_cmake_args': None, 'build_base': '/home/wellyowo/locobot_sim/locobot_ws/src/build/ecl_threads', 'catkin_cmake_args': None, 'catkin_skip_building_tests': False, 'cmake_args': None, 'cmake_clean_cache': False, 'cmake_clean_first': False, 'cmake_force_configure': False, 'cmake_target': None, 'cmake_target_skip_unavailable': False, 'install_base': '/home/wellyowo/locobot_sim/locobot_ws/src/install/ecl_threads', 'merge_install': False, 'path': '/home/wellyowo/locobot_sim/locobot_ws/src/ThirdParty/ecl/ecl_core/ecl_threads', 'symlink_install': False, 'test_result_base': None}
[0.279s] Level 5:colcon.colcon_core.verb:set package 'interbotix_xslocobot_control' build argument 'cmake_args' from command line to 'None'
[0.279s] Level 5:colcon.colcon_core.verb:set package 'interbotix_xslocobot_control' build argument 'cmake_target' from command line to 'None'
[0.279s] Level 5:colcon.colcon_core.verb:set package 'interbotix_xslocobot_control' build argument 'cmake_target_skip_unavailable' from command line to 'False'
[0.279s] Level 5:colcon.colcon_core.verb:set package 'interbotix_xslocobot_control' build argument 'cmake_clean_cache' from command line to 'False'
[0.279s] Level 5:colcon.colcon_core.verb:set package 'interbotix_xslocobot_control' build argument 'cmake_clean_first' from command line to 'False'
[0.279s] Level 5:colcon.colcon_core.verb:set package 'interbotix_xslocobot_control' build argument 'cmake_force_configure' from command line to 'False'
[0.279s] Level 5:colcon.colcon_core.verb:set package 'interbotix_xslocobot_control' build argument 'ament_cmake_args' from command line to 'None'
[0.279s] Level 5:colcon.colcon_core.verb:set package 'interbotix_xslocobot_control' build argument 'catkin_cmake_args' from command line to 'None'
[0.279s] Level 5:colcon.colcon_core.verb:set package 'interbotix_xslocobot_control' build argument 'catkin_skip_building_tests' from command line to 'False'
[0.279s] DEBUG:colcon.colcon_core.verb:Building package 'interbotix_xslocobot_control' with the following arguments: {'ament_cmake_args': None, 'build_base': '/home/wellyowo/locobot_sim/locobot_ws/src/build/interbotix_xslocobot_control', 'catkin_cmake_args': None, 'catkin_skip_building_tests': False, 'cmake_args': None, 'cmake_clean_cache': False, 'cmake_clean_first': False, 'cmake_force_configure': False, 'cmake_target': None, 'cmake_target_skip_unavailable': False, 'install_base': '/home/wellyowo/locobot_sim/locobot_ws/src/install/interbotix_xslocobot_control', 'merge_install': False, 'path': '/home/wellyowo/locobot_sim/locobot_ws/src/interbotix_ros_rovers/interbotix_ros_xslocobots/interbotix_xslocobot_control', 'symlink_install': False, 'test_result_base': None}
[0.279s] Level 5:colcon.colcon_core.verb:set package 'interbotix_xslocobot_sim' build argument 'cmake_args' from command line to 'None'
[0.279s] Level 5:colcon.colcon_core.verb:set package 'interbotix_xslocobot_sim' build argument 'cmake_target' from command line to 'None'
[0.279s] Level 5:colcon.colcon_core.verb:set package 'interbotix_xslocobot_sim' build argument 'cmake_target_skip_unavailable' from command line to 'False'
[0.279s] Level 5:colcon.colcon_core.verb:set package 'interbotix_xslocobot_sim' build argument 'cmake_clean_cache' from command line to 'False'
[0.279s] Level 5:colcon.colcon_core.verb:set package 'interbotix_xslocobot_sim' build argument 'cmake_clean_first' from command line to 'False'
[0.279s] Level 5:colcon.colcon_core.verb:set package 'interbotix_xslocobot_sim' build argument 'cmake_force_configure' from command line to 'False'
[0.279s] Level 5:colcon.colcon_core.verb:set package 'interbotix_xslocobot_sim' build argument 'ament_cmake_args' from command line to 'None'
[0.279s] Level 5:colcon.colcon_core.verb:set package 'interbotix_xslocobot_sim' build argument 'catkin_cmake_args' from command line to 'None'
[0.279s] Level 5:colcon.colcon_core.verb:set package 'interbotix_xslocobot_sim' build argument 'catkin_skip_building_tests' from command line to 'False'
[0.280s] DEBUG:colcon.colcon_core.verb:Building package 'interbotix_xslocobot_sim' with the following arguments: {'ament_cmake_args': None, 'build_base': '/home/wellyowo/locobot_sim/locobot_ws/src/build/interbotix_xslocobot_sim', 'catkin_cmake_args': None, 'catkin_skip_building_tests': False, 'cmake_args': None, 'cmake_clean_cache': False, 'cmake_clean_first': False, 'cmake_force_configure': False, 'cmake_target': None, 'cmake_target_skip_unavailable': False, 'install_base': '/home/wellyowo/locobot_sim/locobot_ws/src/install/interbotix_xslocobot_sim', 'merge_install': False, 'path': '/home/wellyowo/locobot_sim/locobot_ws/src/interbotix_ros_rovers/interbotix_ros_xslocobots/interbotix_xslocobot_sim', 'symlink_install': False, 'test_result_base': None}
[0.280s] Level 5:colcon.colcon_core.verb:set package 'ecl_containers' build argument 'cmake_args' from command line to 'None'
[0.280s] Level 5:colcon.colcon_core.verb:set package 'ecl_containers' build argument 'cmake_target' from command line to 'None'
[0.280s] Level 5:colcon.colcon_core.verb:set package 'ecl_containers' build argument 'cmake_target_skip_unavailable' from command line to 'False'
[0.280s] Level 5:colcon.colcon_core.verb:set package 'ecl_containers' build argument 'cmake_clean_cache' from command line to 'False'
[0.280s] Level 5:colcon.colcon_core.verb:set package 'ecl_containers' build argument 'cmake_clean_first' from command line to 'False'
[0.280s] Level 5:colcon.colcon_core.verb:set package 'ecl_containers' build argument 'cmake_force_configure' from command line to 'False'
[0.280s] Level 5:colcon.colcon_core.verb:set package 'ecl_containers' build argument 'ament_cmake_args' from command line to 'None'
[0.280s] Level 5:colcon.colcon_core.verb:set package 'ecl_containers' build argument 'catkin_cmake_args' from command line to 'None'
[0.280s] Level 5:colcon.colcon_core.verb:set package 'ecl_containers' build argument 'catkin_skip_building_tests' from command line to 'False'
[0.280s] DEBUG:colcon.colcon_core.verb:Building package 'ecl_containers' with the following arguments: {'ament_cmake_args': None, 'build_base': '/home/wellyowo/locobot_sim/locobot_ws/src/build/ecl_containers', 'catkin_cmake_args': None, 'catkin_skip_building_tests': False, 'cmake_args': None, 'cmake_clean_cache': False, 'cmake_clean_first': False, 'cmake_force_configure': False, 'cmake_target': None, 'cmake_target_skip_unavailable': False, 'install_base': '/home/wellyowo/locobot_sim/locobot_ws/src/install/ecl_containers', 'merge_install': False, 'path': '/home/wellyowo/locobot_sim/locobot_ws/src/ThirdParty/ecl/ecl_core/ecl_containers', 'symlink_install': False, 'test_result_base': None}
[0.280s] Level 5:colcon.colcon_core.verb:set package 'ecl_ipc' build argument 'cmake_args' from command line to 'None'
[0.280s] Level 5:colcon.colcon_core.verb:set package 'ecl_ipc' build argument 'cmake_target' from command line to 'None'
[0.280s] Level 5:colcon.colcon_core.verb:set package 'ecl_ipc' build argument 'cmake_target_skip_unavailable' from command line to 'False'
[0.280s] Level 5:colcon.colcon_core.verb:set package 'ecl_ipc' build argument 'cmake_clean_cache' from command line to 'False'
[0.280s] Level 5:colcon.colcon_core.verb:set package 'ecl_ipc' build argument 'cmake_clean_first' from command line to 'False'
[0.280s] Level 5:colcon.colcon_core.verb:set package 'ecl_ipc' build argument 'cmake_force_configure' from command line to 'False'
[0.280s] Level 5:colcon.colcon_core.verb:set package 'ecl_ipc' build argument 'ament_cmake_args' from command line to 'None'
[0.280s] Level 5:colcon.colcon_core.verb:set package 'ecl_ipc' build argument 'catkin_cmake_args' from command line to 'None'
[0.281s] Level 5:colcon.colcon_core.verb:set package 'ecl_ipc' build argument 'catkin_skip_building_tests' from command line to 'False'
[0.281s] DEBUG:colcon.colcon_core.verb:Building package 'ecl_ipc' with the following arguments: {'ament_cmake_args': None, 'build_base': '/home/wellyowo/locobot_sim/locobot_ws/src/build/ecl_ipc', 'catkin_cmake_args': None, 'catkin_skip_building_tests': False, 'cmake_args': None, 'cmake_clean_cache': False, 'cmake_clean_first': False, 'cmake_force_configure': False, 'cmake_target': None, 'cmake_target_skip_unavailable': False, 'install_base': '/home/wellyowo/locobot_sim/locobot_ws/src/install/ecl_ipc', 'merge_install': False, 'path': '/home/wellyowo/locobot_sim/locobot_ws/src/ThirdParty/ecl/ecl_core/ecl_ipc', 'symlink_install': False, 'test_result_base': None}
[0.281s] Level 5:colcon.colcon_core.verb:set package 'ecl_linear_algebra' build argument 'cmake_args' from command line to 'None'
[0.281s] Level 5:colcon.colcon_core.verb:set package 'ecl_linear_algebra' build argument 'cmake_target' from command line to 'None'
[0.281s] Level 5:colcon.colcon_core.verb:set package 'ecl_linear_algebra' build argument 'cmake_target_skip_unavailable' from command line to 'False'
[0.281s] Level 5:colcon.colcon_core.verb:set package 'ecl_linear_algebra' build argument 'cmake_clean_cache' from command line to 'False'
[0.281s] Level 5:colcon.colcon_core.verb:set package 'ecl_linear_algebra' build argument 'cmake_clean_first' from command line to 'False'
[0.281s] Level 5:colcon.colcon_core.verb:set package 'ecl_linear_algebra' build argument 'cmake_force_configure' from command line to 'False'
[0.281s] Level 5:colcon.colcon_core.verb:set package 'ecl_linear_algebra' build argument 'ament_cmake_args' from command line to 'None'
[0.281s] Level 5:colcon.colcon_core.verb:set package 'ecl_linear_algebra' build argument 'catkin_cmake_args' from command line to 'None'
[0.281s] Level 5:colcon.colcon_core.verb:set package 'ecl_linear_algebra' build argument 'catkin_skip_building_tests' from command line to 'False'
[0.281s] DEBUG:colcon.colcon_core.verb:Building package 'ecl_linear_algebra' with the following arguments: {'ament_cmake_args': None, 'build_base': '/home/wellyowo/locobot_sim/locobot_ws/src/build/ecl_linear_algebra', 'catkin_cmake_args': None, 'catkin_skip_building_tests': False, 'cmake_args': None, 'cmake_clean_cache': False, 'cmake_clean_first': False, 'cmake_force_configure': False, 'cmake_target': None, 'cmake_target_skip_unavailable': False, 'install_base': '/home/wellyowo/locobot_sim/locobot_ws/src/install/ecl_linear_algebra', 'merge_install': False, 'path': '/home/wellyowo/locobot_sim/locobot_ws/src/ThirdParty/ecl/ecl_core/ecl_linear_algebra', 'symlink_install': False, 'test_result_base': None}
[0.281s] Level 5:colcon.colcon_core.verb:set package 'ecl_sigslots' build argument 'cmake_args' from command line to 'None'
[0.281s] Level 5:colcon.colcon_core.verb:set package 'ecl_sigslots' build argument 'cmake_target' from command line to 'None'
[0.281s] Level 5:colcon.colcon_core.verb:set package 'ecl_sigslots' build argument 'cmake_target_skip_unavailable' from command line to 'False'
[0.281s] Level 5:colcon.colcon_core.verb:set package 'ecl_sigslots' build argument 'cmake_clean_cache' from command line to 'False'
[0.281s] Level 5:colcon.colcon_core.verb:set package 'ecl_sigslots' build argument 'cmake_clean_first' from command line to 'False'
[0.281s] Level 5:colcon.colcon_core.verb:set package 'ecl_sigslots' build argument 'cmake_force_configure' from command line to 'False'
[0.281s] Level 5:colcon.colcon_core.verb:set package 'ecl_sigslots' build argument 'ament_cmake_args' from command line to 'None'
[0.281s] Level 5:colcon.colcon_core.verb:set package 'ecl_sigslots' build argument 'catkin_cmake_args' from command line to 'None'
[0.281s] Level 5:colcon.colcon_core.verb:set package 'ecl_sigslots' build argument 'catkin_skip_building_tests' from command line to 'False'
[0.281s] DEBUG:colcon.colcon_core.verb:Building package 'ecl_sigslots' with the following arguments: {'ament_cmake_args': None, 'build_base': '/home/wellyowo/locobot_sim/locobot_ws/src/build/ecl_sigslots', 'catkin_cmake_args': None, 'catkin_skip_building_tests': False, 'cmake_args': None, 'cmake_clean_cache': False, 'cmake_clean_first': False, 'cmake_force_configure': False, 'cmake_target': None, 'cmake_target_skip_unavailable': False, 'install_base': '/home/wellyowo/locobot_sim/locobot_ws/src/install/ecl_sigslots', 'merge_install': False, 'path': '/home/wellyowo/locobot_sim/locobot_ws/src/ThirdParty/ecl/ecl_core/ecl_sigslots', 'symlink_install': False, 'test_result_base': None}
[0.281s] Level 5:colcon.colcon_core.verb:set package 'interbotix_xslocobot_joy' build argument 'cmake_args' from command line to 'None'
[0.281s] Level 5:colcon.colcon_core.verb:set package 'interbotix_xslocobot_joy' build argument 'cmake_target' from command line to 'None'
[0.281s] Level 5:colcon.colcon_core.verb:set package 'interbotix_xslocobot_joy' build argument 'cmake_target_skip_unavailable' from command line to 'False'
[0.282s] Level 5:colcon.colcon_core.verb:set package 'interbotix_xslocobot_joy' build argument 'cmake_clean_cache' from command line to 'False'
[0.282s] Level 5:colcon.colcon_core.verb:set package 'interbotix_xslocobot_joy' build argument 'cmake_clean_first' from command line to 'False'
[0.282s] Level 5:colcon.colcon_core.verb:set package 'interbotix_xslocobot_joy' build argument 'cmake_force_configure' from command line to 'False'
[0.282s] Level 5:colcon.colcon_core.verb:set package 'interbotix_xslocobot_joy' build argument 'ament_cmake_args' from command line to 'None'
[0.282s] Level 5:colcon.colcon_core.verb:set package 'interbotix_xslocobot_joy' build argument 'catkin_cmake_args' from command line to 'None'
[0.282s] Level 5:colcon.colcon_core.verb:set package 'interbotix_xslocobot_joy' build argument 'catkin_skip_building_tests' from command line to 'False'
[0.282s] DEBUG:colcon.colcon_core.verb:Building package 'interbotix_xslocobot_joy' with the following arguments: {'ament_cmake_args': None, 'build_base': '/home/wellyowo/locobot_sim/locobot_ws/src/build/interbotix_xslocobot_joy', 'catkin_cmake_args': None, 'catkin_skip_building_tests': False, 'cmake_args': None, 'cmake_clean_cache': False, 'cmake_clean_first': False, 'cmake_force_configure': False, 'cmake_target': None, 'cmake_target_skip_unavailable': False, 'install_base': '/home/wellyowo/locobot_sim/locobot_ws/src/install/interbotix_xslocobot_joy', 'merge_install': False, 'path': '/home/wellyowo/locobot_sim/locobot_ws/src/interbotix_ros_rovers/interbotix_ros_xslocobots/examples/interbotix_xslocobot_joy', 'symlink_install': False, 'test_result_base': None}
[0.282s] Level 5:colcon.colcon_core.verb:set package 'interbotix_xslocobot_nav' build argument 'cmake_args' from command line to 'None'
[0.282s] Level 5:colcon.colcon_core.verb:set package 'interbotix_xslocobot_nav' build argument 'cmake_target' from command line to 'None'
[0.282s] Level 5:colcon.colcon_core.verb:set package 'interbotix_xslocobot_nav' build argument 'cmake_target_skip_unavailable' from command line to 'False'
[0.282s] Level 5:colcon.colcon_core.verb:set package 'interbotix_xslocobot_nav' build argument 'cmake_clean_cache' from command line to 'False'
[0.282s] Level 5:colcon.colcon_core.verb:set package 'interbotix_xslocobot_nav' build argument 'cmake_clean_first' from command line to 'False'
[0.282s] Level 5:colcon.colcon_core.verb:set package 'interbotix_xslocobot_nav' build argument 'cmake_force_configure' from command line to 'False'
[0.282s] Level 5:colcon.colcon_core.verb:set package 'interbotix_xslocobot_nav' build argument 'ament_cmake_args' from command line to 'None'
[0.282s] Level 5:colcon.colcon_core.verb:set package 'interbotix_xslocobot_nav' build argument 'catkin_cmake_args' from command line to 'None'
[0.282s] Level 5:colcon.colcon_core.verb:set package 'interbotix_xslocobot_nav' build argument 'catkin_skip_building_tests' from command line to 'False'
[0.282s] DEBUG:colcon.colcon_core.verb:Building package 'interbotix_xslocobot_nav' with the following arguments: {'ament_cmake_args': None, 'build_base': '/home/wellyowo/locobot_sim/locobot_ws/src/build/interbotix_xslocobot_nav', 'catkin_cmake_args': None, 'catkin_skip_building_tests': False, 'cmake_args': None, 'cmake_clean_cache': False, 'cmake_clean_first': False, 'cmake_force_configure': False, 'cmake_target': None, 'cmake_target_skip_unavailable': False, 'install_base': '/home/wellyowo/locobot_sim/locobot_ws/src/install/interbotix_xslocobot_nav', 'merge_install': False, 'path': '/home/wellyowo/locobot_sim/locobot_ws/src/interbotix_ros_rovers/interbotix_ros_xslocobots/interbotix_xslocobot_nav', 'symlink_install': False, 'test_result_base': None}
[0.282s] Level 5:colcon.colcon_core.verb:set package 'interbotix_xslocobot_ros_control' build argument 'cmake_args' from command line to 'None'
[0.282s] Level 5:colcon.colcon_core.verb:set package 'interbotix_xslocobot_ros_control' build argument 'cmake_target' from command line to 'None'
[0.282s] Level 5:colcon.colcon_core.verb:set package 'interbotix_xslocobot_ros_control' build argument 'cmake_target_skip_unavailable' from command line to 'False'
[0.282s] Level 5:colcon.colcon_core.verb:set package 'interbotix_xslocobot_ros_control' build argument 'cmake_clean_cache' from command line to 'False'
[0.282s] Level 5:colcon.colcon_core.verb:set package 'interbotix_xslocobot_ros_control' build argument 'cmake_clean_first' from command line to 'False'
[0.282s] Level 5:colcon.colcon_core.verb:set package 'interbotix_xslocobot_ros_control' build argument 'cmake_force_configure' from command line to 'False'
[0.282s] Level 5:colcon.colcon_core.verb:set package 'interbotix_xslocobot_ros_control' build argument 'ament_cmake_args' from command line to 'None'
[0.282s] Level 5:colcon.colcon_core.verb:set package 'interbotix_xslocobot_ros_control' build argument 'catkin_cmake_args' from command line to 'None'
[0.282s] Level 5:colcon.colcon_core.verb:set package 'interbotix_xslocobot_ros_control' build argument 'catkin_skip_building_tests' from command line to 'False'
[0.282s] DEBUG:colcon.colcon_core.verb:Building package 'interbotix_xslocobot_ros_control' with the following arguments: {'ament_cmake_args': None, 'build_base': '/home/wellyowo/locobot_sim/locobot_ws/src/build/interbotix_xslocobot_ros_control', 'catkin_cmake_args': None, 'catkin_skip_building_tests': False, 'cmake_args': None, 'cmake_clean_cache': False, 'cmake_clean_first': False, 'cmake_force_configure': False, 'cmake_target': None, 'cmake_target_skip_unavailable': False, 'install_base': '/home/wellyowo/locobot_sim/locobot_ws/src/install/interbotix_xslocobot_ros_control', 'merge_install': False, 'path': '/home/wellyowo/locobot_sim/locobot_ws/src/interbotix_ros_rovers/interbotix_ros_xslocobots/interbotix_xslocobot_ros_control', 'symlink_install': False, 'test_result_base': None}
[0.282s] Level 5:colcon.colcon_core.verb:set package 'ecl_devices' build argument 'cmake_args' from command line to 'None'
[0.283s] Level 5:colcon.colcon_core.verb:set package 'ecl_devices' build argument 'cmake_target' from command line to 'None'
[0.283s] Level 5:colcon.colcon_core.verb:set package 'ecl_devices' build argument 'cmake_target_skip_unavailable' from command line to 'False'
[0.283s] Level 5:colcon.colcon_core.verb:set package 'ecl_devices' build argument 'cmake_clean_cache' from command line to 'False'
[0.283s] Level 5:colcon.colcon_core.verb:set package 'ecl_devices' build argument 'cmake_clean_first' from command line to 'False'
[0.283s] Level 5:colcon.colcon_core.verb:set package 'ecl_devices' build argument 'cmake_force_configure' from command line to 'False'
[0.283s] Level 5:colcon.colcon_core.verb:set package 'ecl_devices' build argument 'ament_cmake_args' from command line to 'None'
[0.283s] Level 5:colcon.colcon_core.verb:set package 'ecl_devices' build argument 'catkin_cmake_args' from command line to 'None'
[0.283s] Level 5:colcon.colcon_core.verb:set package 'ecl_devices' build argument 'catkin_skip_building_tests' from command line to 'False'
[0.283s] DEBUG:colcon.colcon_core.verb:Building package 'ecl_devices' with the following arguments: {'ament_cmake_args': None, 'build_base': '/home/wellyowo/locobot_sim/locobot_ws/src/build/ecl_devices', 'catkin_cmake_args': None, 'catkin_skip_building_tests': False, 'cmake_args': None, 'cmake_clean_cache': False, 'cmake_clean_first': False, 'cmake_force_configure': False, 'cmake_target': None, 'cmake_target_skip_unavailable': False, 'install_base': '/home/wellyowo/locobot_sim/locobot_ws/src/install/ecl_devices', 'merge_install': False, 'path': '/home/wellyowo/locobot_sim/locobot_ws/src/ThirdParty/ecl/ecl_core/ecl_devices', 'symlink_install': False, 'test_result_base': None}
[0.283s] Level 5:colcon.colcon_core.verb:set package 'ecl_geometry' build argument 'cmake_args' from command line to 'None'
[0.283s] Level 5:colcon.colcon_core.verb:set package 'ecl_geometry' build argument 'cmake_target' from command line to 'None'
[0.283s] Level 5:colcon.colcon_core.verb:set package 'ecl_geometry' build argument 'cmake_target_skip_unavailable' from command line to 'False'
[0.283s] Level 5:colcon.colcon_core.verb:set package 'ecl_geometry' build argument 'cmake_clean_cache' from command line to 'False'
[0.283s] Level 5:colcon.colcon_core.verb:set package 'ecl_geometry' build argument 'cmake_clean_first' from command line to 'False'
[0.283s] Level 5:colcon.colcon_core.verb:set package 'ecl_geometry' build argument 'cmake_force_configure' from command line to 'False'
[0.283s] Level 5:colcon.colcon_core.verb:set package 'ecl_geometry' build argument 'ament_cmake_args' from command line to 'None'
[0.283s] Level 5:colcon.colcon_core.verb:set package 'ecl_geometry' build argument 'catkin_cmake_args' from command line to 'None'
[0.283s] Level 5:colcon.colcon_core.verb:set package 'ecl_geometry' build argument 'catkin_skip_building_tests' from command line to 'False'
[0.283s] DEBUG:colcon.colcon_core.verb:Building package 'ecl_geometry' with the following arguments: {'ament_cmake_args': None, 'build_base': '/home/wellyowo/locobot_sim/locobot_ws/src/build/ecl_geometry', 'catkin_cmake_args': None, 'catkin_skip_building_tests': False, 'cmake_args': None, 'cmake_clean_cache': False, 'cmake_clean_first': False, 'cmake_force_configure': False, 'cmake_target': None, 'cmake_target_skip_unavailable': False, 'install_base': '/home/wellyowo/locobot_sim/locobot_ws/src/install/ecl_geometry', 'merge_install': False, 'path': '/home/wellyowo/locobot_sim/locobot_ws/src/ThirdParty/ecl/ecl_core/ecl_geometry', 'symlink_install': False, 'test_result_base': None}
[0.283s] Level 5:colcon.colcon_core.verb:set package 'ecl_statistics' build argument 'cmake_args' from command line to 'None'
[0.283s] Level 5:colcon.colcon_core.verb:set package 'ecl_statistics' build argument 'cmake_target' from command line to 'None'
[0.283s] Level 5:colcon.colcon_core.verb:set package 'ecl_statistics' build argument 'cmake_target_skip_unavailable' from command line to 'False'
[0.283s] Level 5:colcon.colcon_core.verb:set package 'ecl_statistics' build argument 'cmake_clean_cache' from command line to 'False'
[0.283s] Level 5:colcon.colcon_core.verb:set package 'ecl_statistics' build argument 'cmake_clean_first' from command line to 'False'
[0.283s] Level 5:colcon.colcon_core.verb:set package 'ecl_statistics' build argument 'cmake_force_configure' from command line to 'False'
[0.283s] Level 5:colcon.colcon_core.verb:set package 'ecl_statistics' build argument 'ament_cmake_args' from command line to 'None'
[0.283s] Level 5:colcon.colcon_core.verb:set package 'ecl_statistics' build argument 'catkin_cmake_args' from command line to 'None'
[0.283s] Level 5:colcon.colcon_core.verb:set package 'ecl_statistics' build argument 'catkin_skip_building_tests' from command line to 'False'
[0.283s] DEBUG:colcon.colcon_core.verb:Building package 'ecl_statistics' with the following arguments: {'ament_cmake_args': None, 'build_base': '/home/wellyowo/locobot_sim/locobot_ws/src/build/ecl_statistics', 'catkin_cmake_args': None, 'catkin_skip_building_tests': False, 'cmake_args': None, 'cmake_clean_cache': False, 'cmake_clean_first': False, 'cmake_force_configure': False, 'cmake_target': None, 'cmake_target_skip_unavailable': False, 'install_base': '/home/wellyowo/locobot_sim/locobot_ws/src/install/ecl_statistics', 'merge_install': False, 'path': '/home/wellyowo/locobot_sim/locobot_ws/src/ThirdParty/ecl/ecl_core/ecl_statistics', 'symlink_install': False, 'test_result_base': None}
[0.283s] Level 5:colcon.colcon_core.verb:set package 'interbotix_xslocobot_moveit' build argument 'cmake_args' from command line to 'None'
[0.284s] Level 5:colcon.colcon_core.verb:set package 'interbotix_xslocobot_moveit' build argument 'cmake_target' from command line to 'None'
[0.284s] Level 5:colcon.colcon_core.verb:set package 'interbotix_xslocobot_moveit' build argument 'cmake_target_skip_unavailable' from command line to 'False'
[0.284s] Level 5:colcon.colcon_core.verb:set package 'interbotix_xslocobot_moveit' build argument 'cmake_clean_cache' from command line to 'False'
[0.284s] Level 5:colcon.colcon_core.verb:set package 'interbotix_xslocobot_moveit' build argument 'cmake_clean_first' from command line to 'False'
[0.284s] Level 5:colcon.colcon_core.verb:set package 'interbotix_xslocobot_moveit' build argument 'cmake_force_configure' from command line to 'False'
[0.284s] Level 5:colcon.colcon_core.verb:set package 'interbotix_xslocobot_moveit' build argument 'ament_cmake_args' from command line to 'None'
[0.284s] Level 5:colcon.colcon_core.verb:set package 'interbotix_xslocobot_moveit' build argument 'catkin_cmake_args' from command line to 'None'
[0.284s] Level 5:colcon.colcon_core.verb:set package 'interbotix_xslocobot_moveit' build argument 'catkin_skip_building_tests' from command line to 'False'
[0.284s] DEBUG:colcon.colcon_core.verb:Building package 'interbotix_xslocobot_moveit' with the following arguments: {'ament_cmake_args': None, 'build_base': '/home/wellyowo/locobot_sim/locobot_ws/src/build/interbotix_xslocobot_moveit', 'catkin_cmake_args': None, 'catkin_skip_building_tests': False, 'cmake_args': None, 'cmake_clean_cache': False, 'cmake_clean_first': False, 'cmake_force_configure': False, 'cmake_target': None, 'cmake_target_skip_unavailable': False, 'install_base': '/home/wellyowo/locobot_sim/locobot_ws/src/install/interbotix_xslocobot_moveit', 'merge_install': False, 'path': '/home/wellyowo/locobot_sim/locobot_ws/src/interbotix_ros_rovers/interbotix_ros_xslocobots/interbotix_xslocobot_moveit', 'symlink_install': False, 'test_result_base': None}
[0.284s] Level 5:colcon.colcon_core.verb:set package 'ecl_manipulators' build argument 'cmake_args' from command line to 'None'
[0.284s] Level 5:colcon.colcon_core.verb:set package 'ecl_manipulators' build argument 'cmake_target' from command line to 'None'
[0.284s] Level 5:colcon.colcon_core.verb:set package 'ecl_manipulators' build argument 'cmake_target_skip_unavailable' from command line to 'False'
[0.284s] Level 5:colcon.colcon_core.verb:set package 'ecl_manipulators' build argument 'cmake_clean_cache' from command line to 'False'
[0.284s] Level 5:colcon.colcon_core.verb:set package 'ecl_manipulators' build argument 'cmake_clean_first' from command line to 'False'
[0.284s] Level 5:colcon.colcon_core.verb:set package 'ecl_manipulators' build argument 'cmake_force_configure' from command line to 'False'
[0.284s] Level 5:colcon.colcon_core.verb:set package 'ecl_manipulators' build argument 'ament_cmake_args' from command line to 'None'
[0.284s] Level 5:colcon.colcon_core.verb:set package 'ecl_manipulators' build argument 'catkin_cmake_args' from command line to 'None'
[0.284s] Level 5:colcon.colcon_core.verb:set package 'ecl_manipulators' build argument 'catkin_skip_building_tests' from command line to 'False'
[0.284s] DEBUG:colcon.colcon_core.verb:Building package 'ecl_manipulators' with the following arguments: {'ament_cmake_args': None, 'build_base': '/home/wellyowo/locobot_sim/locobot_ws/src/build/ecl_manipulators', 'catkin_cmake_args': None, 'catkin_skip_building_tests': False, 'cmake_args': None, 'cmake_clean_cache': False, 'cmake_clean_first': False, 'cmake_force_configure': False, 'cmake_target': None, 'cmake_target_skip_unavailable': False, 'install_base': '/home/wellyowo/locobot_sim/locobot_ws/src/install/ecl_manipulators', 'merge_install': False, 'path': '/home/wellyowo/locobot_sim/locobot_ws/src/ThirdParty/ecl/ecl_core/ecl_manipulators', 'symlink_install': False, 'test_result_base': None}
[0.284s] Level 5:colcon.colcon_core.verb:set package 'ecl_mobile_robot' build argument 'cmake_args' from command line to 'None'
[0.284s] Level 5:colcon.colcon_core.verb:set package 'ecl_mobile_robot' build argument 'cmake_target' from command line to 'None'
[0.284s] Level 5:colcon.colcon_core.verb:set package 'ecl_mobile_robot' build argument 'cmake_target_skip_unavailable' from command line to 'False'
[0.284s] Level 5:colcon.colcon_core.verb:set package 'ecl_mobile_robot' build argument 'cmake_clean_cache' from command line to 'False'
[0.284s] Level 5:colcon.colcon_core.verb:set package 'ecl_mobile_robot' build argument 'cmake_clean_first' from command line to 'False'
[0.284s] Level 5:colcon.colcon_core.verb:set package 'ecl_mobile_robot' build argument 'cmake_force_configure' from command line to 'False'
[0.284s] Level 5:colcon.colcon_core.verb:set package 'ecl_mobile_robot' build argument 'ament_cmake_args' from command line to 'None'
[0.284s] Level 5:colcon.colcon_core.verb:set package 'ecl_mobile_robot' build argument 'catkin_cmake_args' from command line to 'None'
[0.284s] Level 5:colcon.colcon_core.verb:set package 'ecl_mobile_robot' build argument 'catkin_skip_building_tests' from command line to 'False'
[0.284s] DEBUG:colcon.colcon_core.verb:Building package 'ecl_mobile_robot' with the following arguments: {'ament_cmake_args': None, 'build_base': '/home/wellyowo/locobot_sim/locobot_ws/src/build/ecl_mobile_robot', 'catkin_cmake_args': None, 'catkin_skip_building_tests': False, 'cmake_args': None, 'cmake_clean_cache': False, 'cmake_clean_first': False, 'cmake_force_configure': False, 'cmake_target': None, 'cmake_target_skip_unavailable': False, 'install_base': '/home/wellyowo/locobot_sim/locobot_ws/src/install/ecl_mobile_robot', 'merge_install': False, 'path': '/home/wellyowo/locobot_sim/locobot_ws/src/ThirdParty/ecl/ecl_core/ecl_mobile_robot', 'symlink_install': False, 'test_result_base': None}
[0.284s] Level 5:colcon.colcon_core.verb:set package 'ecl_streams' build argument 'cmake_args' from command line to 'None'
[0.284s] Level 5:colcon.colcon_core.verb:set package 'ecl_streams' build argument 'cmake_target' from command line to 'None'
[0.285s] Level 5:colcon.colcon_core.verb:set package 'ecl_streams' build argument 'cmake_target_skip_unavailable' from command line to 'False'
[0.285s] Level 5:colcon.colcon_core.verb:set package 'ecl_streams' build argument 'cmake_clean_cache' from command line to 'False'
[0.285s] Level 5:colcon.colcon_core.verb:set package 'ecl_streams' build argument 'cmake_clean_first' from command line to 'False'
[0.285s] Level 5:colcon.colcon_core.verb:set package 'ecl_streams' build argument 'cmake_force_configure' from command line to 'False'
[0.285s] Level 5:colcon.colcon_core.verb:set package 'ecl_streams' build argument 'ament_cmake_args' from command line to 'None'
[0.285s] Level 5:colcon.colcon_core.verb:set package 'ecl_streams' build argument 'catkin_cmake_args' from command line to 'None'
[0.285s] Level 5:colcon.colcon_core.verb:set package 'ecl_streams' build argument 'catkin_skip_building_tests' from command line to 'False'
[0.285s] DEBUG:colcon.colcon_core.verb:Building package 'ecl_streams' with the following arguments: {'ament_cmake_args': None, 'build_base': '/home/wellyowo/locobot_sim/locobot_ws/src/build/ecl_streams', 'catkin_cmake_args': None, 'catkin_skip_building_tests': False, 'cmake_args': None, 'cmake_clean_cache': False, 'cmake_clean_first': False, 'cmake_force_configure': False, 'cmake_target': None, 'cmake_target_skip_unavailable': False, 'install_base': '/home/wellyowo/locobot_sim/locobot_ws/src/install/ecl_streams', 'merge_install': False, 'path': '/home/wellyowo/locobot_sim/locobot_ws/src/ThirdParty/ecl/ecl_core/ecl_streams', 'symlink_install': False, 'test_result_base': None}
[0.285s] Level 5:colcon.colcon_core.verb:set package 'ecl_core_apps' build argument 'cmake_args' from command line to 'None'
[0.285s] Level 5:colcon.colcon_core.verb:set package 'ecl_core_apps' build argument 'cmake_target' from command line to 'None'
[0.285s] Level 5:colcon.colcon_core.verb:set package 'ecl_core_apps' build argument 'cmake_target_skip_unavailable' from command line to 'False'
[0.285s] Level 5:colcon.colcon_core.verb:set package 'ecl_core_apps' build argument 'cmake_clean_cache' from command line to 'False'
[0.285s] Level 5:colcon.colcon_core.verb:set package 'ecl_core_apps' build argument 'cmake_clean_first' from command line to 'False'
[0.285s] Level 5:colcon.colcon_core.verb:set package 'ecl_core_apps' build argument 'cmake_force_configure' from command line to 'False'
[0.285s] Level 5:colcon.colcon_core.verb:set package 'ecl_core_apps' build argument 'ament_cmake_args' from command line to 'None'
[0.285s] Level 5:colcon.colcon_core.verb:set package 'ecl_core_apps' build argument 'catkin_cmake_args' from command line to 'None'
[0.285s] Level 5:colcon.colcon_core.verb:set package 'ecl_core_apps' build argument 'catkin_skip_building_tests' from command line to 'False'
[0.285s] DEBUG:colcon.colcon_core.verb:Building package 'ecl_core_apps' with the following arguments: {'ament_cmake_args': None, 'build_base': '/home/wellyowo/locobot_sim/locobot_ws/src/build/ecl_core_apps', 'catkin_cmake_args': None, 'catkin_skip_building_tests': False, 'cmake_args': None, 'cmake_clean_cache': False, 'cmake_clean_first': False, 'cmake_force_configure': False, 'cmake_target': None, 'cmake_target_skip_unavailable': False, 'install_base': '/home/wellyowo/locobot_sim/locobot_ws/src/install/ecl_core_apps', 'merge_install': False, 'path': '/home/wellyowo/locobot_sim/locobot_ws/src/ThirdParty/ecl/ecl_core/ecl_core_apps', 'symlink_install': False, 'test_result_base': None}
[0.285s] Level 5:colcon.colcon_core.verb:set package 'kobuki_core' build argument 'cmake_args' from command line to 'None'
[0.285s] Level 5:colcon.colcon_core.verb:set package 'kobuki_core' build argument 'cmake_target' from command line to 'None'
[0.285s] Level 5:colcon.colcon_core.verb:set package 'kobuki_core' build argument 'cmake_target_skip_unavailable' from command line to 'False'
[0.285s] Level 5:colcon.colcon_core.verb:set package 'kobuki_core' build argument 'cmake_clean_cache' from command line to 'False'
[0.285s] Level 5:colcon.colcon_core.verb:set package 'kobuki_core' build argument 'cmake_clean_first' from command line to 'False'
[0.285s] Level 5:colcon.colcon_core.verb:set package 'kobuki_core' build argument 'cmake_force_configure' from command line to 'False'
[0.285s] Level 5:colcon.colcon_core.verb:set package 'kobuki_core' build argument 'ament_cmake_args' from command line to 'None'
[0.285s] Level 5:colcon.colcon_core.verb:set package 'kobuki_core' build argument 'catkin_cmake_args' from command line to 'None'
[0.285s] Level 5:colcon.colcon_core.verb:set package 'kobuki_core' build argument 'catkin_skip_building_tests' from command line to 'False'
[0.285s] DEBUG:colcon.colcon_core.verb:Building package 'kobuki_core' with the following arguments: {'ament_cmake_args': None, 'build_base': '/home/wellyowo/locobot_sim/locobot_ws/src/build/kobuki_core', 'catkin_cmake_args': None, 'catkin_skip_building_tests': False, 'cmake_args': None, 'cmake_clean_cache': False, 'cmake_clean_first': False, 'cmake_force_configure': False, 'cmake_target': None, 'cmake_target_skip_unavailable': False, 'install_base': '/home/wellyowo/locobot_sim/locobot_ws/src/install/kobuki_core', 'merge_install': False, 'path': '/home/wellyowo/locobot_sim/locobot_ws/src/ThirdParty/kobuki_core', 'symlink_install': False, 'test_result_base': None}
[0.285s] Level 5:colcon.colcon_core.verb:set package 'ecl_core' build argument 'cmake_args' from command line to 'None'
[0.286s] Level 5:colcon.colcon_core.verb:set package 'ecl_core' build argument 'cmake_target' from command line to 'None'
[0.286s] Level 5:colcon.colcon_core.verb:set package 'ecl_core' build argument 'cmake_target_skip_unavailable' from command line to 'False'
[0.286s] Level 5:colcon.colcon_core.verb:set package 'ecl_core' build argument 'cmake_clean_cache' from command line to 'False'
[0.286s] Level 5:colcon.colcon_core.verb:set package 'ecl_core' build argument 'cmake_clean_first' from command line to 'False'
[0.286s] Level 5:colcon.colcon_core.verb:set package 'ecl_core' build argument 'cmake_force_configure' from command line to 'False'
[0.286s] Level 5:colcon.colcon_core.verb:set package 'ecl_core' build argument 'ament_cmake_args' from command line to 'None'
[0.286s] Level 5:colcon.colcon_core.verb:set package 'ecl_core' build argument 'catkin_cmake_args' from command line to 'None'
[0.286s] Level 5:colcon.colcon_core.verb:set package 'ecl_core' build argument 'catkin_skip_building_tests' from command line to 'False'
[0.286s] DEBUG:colcon.colcon_core.verb:Building package 'ecl_core' with the following arguments: {'ament_cmake_args': None, 'build_base': '/home/wellyowo/locobot_sim/locobot_ws/src/build/ecl_core', 'catkin_cmake_args': None, 'catkin_skip_building_tests': False, 'cmake_args': None, 'cmake_clean_cache': False, 'cmake_clean_first': False, 'cmake_force_configure': False, 'cmake_target': None, 'cmake_target_skip_unavailable': False, 'install_base': '/home/wellyowo/locobot_sim/locobot_ws/src/install/ecl_core', 'merge_install': False, 'path': '/home/wellyowo/locobot_sim/locobot_ws/src/ThirdParty/ecl/ecl_core/ecl_core', 'symlink_install': False, 'test_result_base': None}
[0.286s] Level 5:colcon.colcon_core.verb:set package 'kobuki_auto_docking' build argument 'cmake_args' from command line to 'None'
[0.286s] Level 5:colcon.colcon_core.verb:set package 'kobuki_auto_docking' build argument 'cmake_target' from command line to 'None'
[0.286s] Level 5:colcon.colcon_core.verb:set package 'kobuki_auto_docking' build argument 'cmake_target_skip_unavailable' from command line to 'False'
[0.286s] Level 5:colcon.colcon_core.verb:set package 'kobuki_auto_docking' build argument 'cmake_clean_cache' from command line to 'False'
[0.286s] Level 5:colcon.colcon_core.verb:set package 'kobuki_auto_docking' build argument 'cmake_clean_first' from command line to 'False'
[0.286s] Level 5:colcon.colcon_core.verb:set package 'kobuki_auto_docking' build argument 'cmake_force_configure' from command line to 'False'
[0.286s] Level 5:colcon.colcon_core.verb:set package 'kobuki_auto_docking' build argument 'ament_cmake_args' from command line to 'None'
[0.286s] Level 5:colcon.colcon_core.verb:set package 'kobuki_auto_docking' build argument 'catkin_cmake_args' from command line to 'None'
[0.286s] Level 5:colcon.colcon_core.verb:set package 'kobuki_auto_docking' build argument 'catkin_skip_building_tests' from command line to 'False'
[0.286s] DEBUG:colcon.colcon_core.verb:Building package 'kobuki_auto_docking' with the following arguments: {'ament_cmake_args': None, 'build_base': '/home/wellyowo/locobot_sim/locobot_ws/src/build/kobuki_auto_docking', 'catkin_cmake_args': None, 'catkin_skip_building_tests': False, 'cmake_args': None, 'cmake_clean_cache': False, 'cmake_clean_first': False, 'cmake_force_configure': False, 'cmake_target': None, 'cmake_target_skip_unavailable': False, 'install_base': '/home/wellyowo/locobot_sim/locobot_ws/src/install/kobuki_auto_docking', 'merge_install': False, 'path': '/home/wellyowo/locobot_sim/locobot_ws/src/ThirdParty/kobuki_ros/kobuki_auto_docking', 'symlink_install': False, 'test_result_base': None}
[0.286s] Level 5:colcon.colcon_core.verb:set package 'kobuki_node' build argument 'cmake_args' from command line to 'None'
[0.286s] Level 5:colcon.colcon_core.verb:set package 'kobuki_node' build argument 'cmake_target' from command line to 'None'
[0.286s] Level 5:colcon.colcon_core.verb:set package 'kobuki_node' build argument 'cmake_target_skip_unavailable' from command line to 'False'
[0.286s] Level 5:colcon.colcon_core.verb:set package 'kobuki_node' build argument 'cmake_clean_cache' from command line to 'False'
[0.286s] Level 5:colcon.colcon_core.verb:set package 'kobuki_node' build argument 'cmake_clean_first' from command line to 'False'
[0.286s] Level 5:colcon.colcon_core.verb:set package 'kobuki_node' build argument 'cmake_force_configure' from command line to 'False'
[0.286s] Level 5:colcon.colcon_core.verb:set package 'kobuki_node' build argument 'ament_cmake_args' from command line to 'None'
[0.286s] Level 5:colcon.colcon_core.verb:set package 'kobuki_node' build argument 'catkin_cmake_args' from command line to 'None'
[0.286s] Level 5:colcon.colcon_core.verb:set package 'kobuki_node' build argument 'catkin_skip_building_tests' from command line to 'False'
[0.286s] DEBUG:colcon.colcon_core.verb:Building package 'kobuki_node' with the following arguments: {'ament_cmake_args': None, 'build_base': '/home/wellyowo/locobot_sim/locobot_ws/src/build/kobuki_node', 'catkin_cmake_args': None, 'catkin_skip_building_tests': False, 'cmake_args': None, 'cmake_clean_cache': False, 'cmake_clean_first': False, 'cmake_force_configure': False, 'cmake_target': None, 'cmake_target_skip_unavailable': False, 'install_base': '/home/wellyowo/locobot_sim/locobot_ws/src/install/kobuki_node', 'merge_install': False, 'path': '/home/wellyowo/locobot_sim/locobot_ws/src/ThirdParty/kobuki_ros/kobuki_node', 'symlink_install': False, 'test_result_base': None}
[0.286s] Level 5:colcon.colcon_core.verb:set package 'kobuki_ros' build argument 'cmake_args' from command line to 'None'
[0.287s] Level 5:colcon.colcon_core.verb:set package 'kobuki_ros' build argument 'cmake_target' from command line to 'None'
[0.287s] Level 5:colcon.colcon_core.verb:set package 'kobuki_ros' build argument 'cmake_target_skip_unavailable' from command line to 'False'
[0.287s] Level 5:colcon.colcon_core.verb:set package 'kobuki_ros' build argument 'cmake_clean_cache' from command line to 'False'
[0.287s] Level 5:colcon.colcon_core.verb:set package 'kobuki_ros' build argument 'cmake_clean_first' from command line to 'False'
[0.287s] Level 5:colcon.colcon_core.verb:set package 'kobuki_ros' build argument 'cmake_force_configure' from command line to 'False'
[0.287s] Level 5:colcon.colcon_core.verb:set package 'kobuki_ros' build argument 'ament_cmake_args' from command line to 'None'
[0.287s] Level 5:colcon.colcon_core.verb:set package 'kobuki_ros' build argument 'catkin_cmake_args' from command line to 'None'
[0.287s] Level 5:colcon.colcon_core.verb:set package 'kobuki_ros' build argument 'catkin_skip_building_tests' from command line to 'False'
[0.287s] DEBUG:colcon.colcon_core.verb:Building package 'kobuki_ros' with the following arguments: {'ament_cmake_args': None, 'build_base': '/home/wellyowo/locobot_sim/locobot_ws/src/build/kobuki_ros', 'catkin_cmake_args': None, 'catkin_skip_building_tests': False, 'cmake_args': None, 'cmake_clean_cache': False, 'cmake_clean_first': False, 'cmake_force_configure': False, 'cmake_target': None, 'cmake_target_skip_unavailable': False, 'install_base': '/home/wellyowo/locobot_sim/locobot_ws/src/install/kobuki_ros', 'merge_install': False, 'path': '/home/wellyowo/locobot_sim/locobot_ws/src/ThirdParty/kobuki_ros/kobuki_ros', 'symlink_install': False, 'test_result_base': None}
[0.287s] INFO:colcon.colcon_core.executor:Executing jobs using 'parallel' executor
[0.288s] DEBUG:colcon.colcon_parallel_executor.executor.parallel:run_until_complete
[0.289s] INFO:colcon.colcon_ros.task.ament_cmake.build:Building ROS package in '/home/wellyowo/locobot_sim/locobot_ws/src/ThirdParty/ecl/ecl_lite/ecl_config' with build type 'ament_cmake'
[0.289s] INFO:colcon.colcon_cmake.task.cmake.build:Building CMake package in '/home/wellyowo/locobot_sim/locobot_ws/src/ThirdParty/ecl/ecl_lite/ecl_config'
[0.291s] INFO:colcon.colcon_core.plugin_system:Skipping extension 'colcon_core.shell.bat': Not used on non-Windows systems
[0.291s] INFO:colcon.colcon_core.shell:Skip shell extension 'powershell' for command environment: Not usable outside of PowerShell
[0.291s] DEBUG:colcon.colcon_core.shell:Skip shell extension 'dsv' for command environment
[0.294s] INFO:colcon.colcon_ros.task.ament_cmake.build:Building ROS package in '/home/wellyowo/locobot_sim/locobot_ws/src/ThirdParty/ecl/ecl_core/ecl_mpl' with build type 'ament_cmake'
[0.294s] INFO:colcon.colcon_cmake.task.cmake.build:Building CMake package in '/home/wellyowo/locobot_sim/locobot_ws/src/ThirdParty/ecl/ecl_core/ecl_mpl'
[0.295s] INFO:colcon.colcon_core.shell:Skip shell extension 'powershell' for command environment: Not usable outside of PowerShell
[0.295s] DEBUG:colcon.colcon_core.shell:Skip shell extension 'dsv' for command environment
[0.297s] INFO:colcon.colcon_ros.task.ament_cmake.build:Building ROS package in '/home/wellyowo/locobot_sim/locobot_ws/src/interbotix_ros_core/interbotix_ros_xseries/interbotix_xs_msgs' with build type 'ament_cmake'
[0.297s] INFO:colcon.colcon_cmake.task.cmake.build:Building CMake package in '/home/wellyowo/locobot_sim/locobot_ws/src/interbotix_ros_core/interbotix_ros_xseries/interbotix_xs_msgs'
[0.297s] INFO:colcon.colcon_core.shell:Skip shell extension 'powershell' for command environment: Not usable outside of PowerShell
[0.297s] DEBUG:colcon.colcon_core.shell:Skip shell extension 'dsv' for command environment
[0.299s] INFO:colcon.colcon_ros.task.ament_cmake.build:Building ROS package in '/home/wellyowo/locobot_sim/locobot_ws/src/ThirdParty/ecl/ecl_core/ecl_eigen' with build type 'ament_cmake'
[0.299s] INFO:colcon.colcon_cmake.task.cmake.build:Building CMake package in '/home/wellyowo/locobot_sim/locobot_ws/src/ThirdParty/ecl/ecl_core/ecl_eigen'
[0.299s] INFO:colcon.colcon_core.shell:Skip shell extension 'powershell' for command environment: Not usable outside of PowerShell
[0.299s] DEBUG:colcon.colcon_core.shell:Skip shell extension 'dsv' for command environment
[0.301s] INFO:colcon.colcon_ros.task.cmake.build:Building ROS package in '/home/wellyowo/locobot_sim/locobot_ws/src/ThirdParty/sophus' with build type 'cmake'
[0.301s] INFO:colcon.colcon_cmake.task.cmake.build:Building CMake package in '/home/wellyowo/locobot_sim/locobot_ws/src/ThirdParty/sophus'
[0.301s] INFO:colcon.colcon_core.shell:Skip shell extension 'powershell' for command environment: Not usable outside of PowerShell
[0.301s] DEBUG:colcon.colcon_core.shell:Skip shell extension 'dsv' for command environment
[0.303s] INFO:colcon.colcon_ros.task.ament_python.build:Building ROS package in '/home/wellyowo/locobot_sim/locobot_ws/src/interbotix_ros_toolboxes/interbotix_common_toolbox/interbotix_common_modules' with build type 'ament_python'
[0.303s] Level 1:colcon.colcon_core.shell:create_environment_hook('interbotix_common_modules', 'ament_prefix_path')
[0.303s] INFO:colcon.colcon_core.shell:Creating environment hook '/home/wellyowo/locobot_sim/locobot_ws/src/install/interbotix_common_modules/share/interbotix_common_modules/hook/ament_prefix_path.ps1'
[0.303s] INFO:colcon.colcon_core.shell:Creating environment descriptor '/home/wellyowo/locobot_sim/locobot_ws/src/install/interbotix_common_modules/share/interbotix_common_modules/hook/ament_prefix_path.dsv'
[0.304s] INFO:colcon.colcon_core.shell:Creating environment hook '/home/wellyowo/locobot_sim/locobot_ws/src/install/interbotix_common_modules/share/interbotix_common_modules/hook/ament_prefix_path.sh'
[0.304s] INFO:colcon.colcon_core.shell:Skip shell extension 'powershell' for command environment: Not usable outside of PowerShell
[0.304s] DEBUG:colcon.colcon_core.shell:Skip shell extension 'dsv' for command environment
[0.306s] INFO:colcon.colcon_ros.task.ament_cmake.build:Building ROS package in '/home/wellyowo/locobot_sim/locobot_ws/src/interbotix_ros_toolboxes/interbotix_common_toolbox/interbotix_common_sim' with build type 'ament_cmake'
[0.306s] INFO:colcon.colcon_cmake.task.cmake.build:Building CMake package in '/home/wellyowo/locobot_sim/locobot_ws/src/interbotix_ros_toolboxes/interbotix_common_toolbox/interbotix_common_sim'
[0.306s] INFO:colcon.colcon_core.shell:Skip shell extension 'powershell' for command environment: Not usable outside of PowerShell
[0.306s] DEBUG:colcon.colcon_core.shell:Skip shell extension 'dsv' for command environment
[0.308s] INFO:colcon.colcon_ros.task.ament_cmake.build:Building ROS package in '/home/wellyowo/locobot_sim/locobot_ws/src/ThirdParty/ecl/ecl_core/ecl_command_line' with build type 'ament_cmake'
[0.308s] INFO:colcon.colcon_cmake.task.cmake.build:Building CMake package in '/home/wellyowo/locobot_sim/locobot_ws/src/ThirdParty/ecl/ecl_core/ecl_command_line'
[0.308s] INFO:colcon.colcon_core.shell:Skip shell extension 'powershell' for command environment: Not usable outside of PowerShell
[0.308s] DEBUG:colcon.colcon_core.shell:Skip shell extension 'dsv' for command environment
[0.311s] INFO:colcon.colcon_ros.task.ament_cmake.build:Building ROS package in '/home/wellyowo/locobot_sim/locobot_ws/src/ThirdParty/rplidar_ros' with build type 'ament_cmake'
[0.311s] INFO:colcon.colcon_cmake.task.cmake.build:Building CMake package in '/home/wellyowo/locobot_sim/locobot_ws/src/ThirdParty/rplidar_ros'
[0.311s] INFO:colcon.colcon_core.shell:Skip shell extension 'powershell' for command environment: Not usable outside of PowerShell
[0.311s] DEBUG:colcon.colcon_core.shell:Skip shell extension 'dsv' for command environment
[0.313s] INFO:colcon.colcon_ros.task.ament_cmake.build:Building ROS package in '/home/wellyowo/locobot_sim/locobot_ws/src/ThirdParty/gazebo_plugins/gazebo_plugins' with build type 'ament_cmake'
[0.313s] INFO:colcon.colcon_cmake.task.cmake.build:Building CMake package in '/home/wellyowo/locobot_sim/locobot_ws/src/ThirdParty/gazebo_plugins/gazebo_plugins'
[0.313s] INFO:colcon.colcon_core.shell:Skip shell extension 'powershell' for command environment: Not usable outside of PowerShell
[0.313s] DEBUG:colcon.colcon_core.shell:Skip shell extension 'dsv' for command environment
[0.315s] INFO:colcon.colcon_ros.task.ament_cmake.build:Building ROS package in '/home/wellyowo/locobot_sim/locobot_ws/src/ThirdParty/ros_astra_camera/astra_camera_msgs' with build type 'ament_cmake'
[0.315s] INFO:colcon.colcon_cmake.task.cmake.build:Building CMake package in '/home/wellyowo/locobot_sim/locobot_ws/src/ThirdParty/ros_astra_camera/astra_camera_msgs'
[0.315s] INFO:colcon.colcon_core.shell:Skip shell extension 'powershell' for command environment: Not usable outside of PowerShell
[0.315s] DEBUG:colcon.colcon_core.shell:Skip shell extension 'dsv' for command environment
[0.317s] INFO:colcon.colcon_ros.task.ament_cmake.build:Building ROS package in '/home/wellyowo/locobot_sim/locobot_ws/src/ThirdParty/kobuki_ros/kobuki_bumper2pc' with build type 'ament_cmake'
[0.317s] INFO:colcon.colcon_cmake.task.cmake.build:Building CMake package in '/home/wellyowo/locobot_sim/locobot_ws/src/ThirdParty/kobuki_ros/kobuki_bumper2pc'
[0.317s] INFO:colcon.colcon_core.shell:Skip shell extension 'powershell' for command environment: Not usable outside of PowerShell
[0.317s] DEBUG:colcon.colcon_core.shell:Skip shell extension 'dsv' for command environment
[0.319s] INFO:colcon.colcon_ros.task.ament_cmake.build:Building ROS package in '/home/wellyowo/locobot_sim/locobot_ws/src/ThirdParty/kobuki_ros/kobuki_description' with build type 'ament_cmake'
[0.319s] INFO:colcon.colcon_cmake.task.cmake.build:Building CMake package in '/home/wellyowo/locobot_sim/locobot_ws/src/ThirdParty/kobuki_ros/kobuki_description'
[0.319s] INFO:colcon.colcon_core.shell:Skip shell extension 'powershell' for command environment: Not usable outside of PowerShell
[0.319s] DEBUG:colcon.colcon_core.shell:Skip shell extension 'dsv' for command environment
[0.321s] INFO:colcon.colcon_ros.task.ament_cmake.build:Building ROS package in '/home/wellyowo/locobot_sim/locobot_ws/src/ThirdParty/kobuki_ros/kobuki_keyop' with build type 'ament_cmake'
[0.321s] INFO:colcon.colcon_cmake.task.cmake.build:Building CMake package in '/home/wellyowo/locobot_sim/locobot_ws/src/ThirdParty/kobuki_ros/kobuki_keyop'
[0.321s] INFO:colcon.colcon_core.shell:Skip shell extension 'powershell' for command environment: Not usable outside of PowerShell
[0.321s] DEBUG:colcon.colcon_core.shell:Skip shell extension 'dsv' for command environment
[0.323s] INFO:colcon.colcon_ros.task.ament_cmake.build:Building ROS package in '/home/wellyowo/locobot_sim/locobot_ws/src/ThirdParty/kobuki_ros/kobuki_random_walker' with build type 'ament_cmake'
[0.323s] INFO:colcon.colcon_cmake.task.cmake.build:Building CMake package in '/home/wellyowo/locobot_sim/locobot_ws/src/ThirdParty/kobuki_ros/kobuki_random_walker'
[0.323s] INFO:colcon.colcon_core.shell:Skip shell extension 'powershell' for command environment: Not usable outside of PowerShell
[0.323s] DEBUG:colcon.colcon_core.shell:Skip shell extension 'dsv' for command environment
[0.325s] INFO:colcon.colcon_ros.task.ament_cmake.build:Building ROS package in '/home/wellyowo/locobot_sim/locobot_ws/src/ThirdParty/kobuki_ros/kobuki_safety_controller' with build type 'ament_cmake'
[0.325s] INFO:colcon.colcon_cmake.task.cmake.build:Building CMake package in '/home/wellyowo/locobot_sim/locobot_ws/src/ThirdParty/kobuki_ros/kobuki_safety_controller'
[0.325s] INFO:colcon.colcon_core.shell:Skip shell extension 'powershell' for command environment: Not usable outside of PowerShell
[0.325s] DEBUG:colcon.colcon_core.shell:Skip shell extension 'dsv' for command environment
[0.331s] DEBUG:colcon.colcon_core.event_handler.log_command:Invoking command in '/home/wellyowo/locobot_sim/locobot_ws/src/build/ecl_config': CMAKE_PREFIX_PATH=/opt/ros/humble /usr/bin/cmake /home/wellyowo/locobot_sim/locobot_ws/src/ThirdParty/ecl/ecl_lite/ecl_config -DCMAKE_INSTALL_PREFIX=/home/wellyowo/locobot_sim/locobot_ws/src/install/ecl_config
[0.332s] DEBUG:colcon.colcon_core.event_handler.log_command:Invoking command in '/home/wellyowo/locobot_sim/locobot_ws/src/build/ecl_mpl': CMAKE_PREFIX_PATH=/opt/ros/humble /usr/bin/cmake /home/wellyowo/locobot_sim/locobot_ws/src/ThirdParty/ecl/ecl_core/ecl_mpl -DCMAKE_INSTALL_PREFIX=/home/wellyowo/locobot_sim/locobot_ws/src/install/ecl_mpl
[0.333s] DEBUG:colcon.colcon_core.event_handler.log_command:Invoking command in '/home/wellyowo/locobot_sim/locobot_ws/src/build/interbotix_xs_msgs': CMAKE_PREFIX_PATH=/opt/ros/humble /usr/bin/cmake /home/wellyowo/locobot_sim/locobot_ws/src/interbotix_ros_core/interbotix_ros_xseries/interbotix_xs_msgs -DCMAKE_INSTALL_PREFIX=/home/wellyowo/locobot_sim/locobot_ws/src/install/interbotix_xs_msgs
[0.334s] DEBUG:colcon.colcon_core.event_handler.log_command:Invoking command in '/home/wellyowo/locobot_sim/locobot_ws/src/build/ecl_eigen': CMAKE_PREFIX_PATH=/opt/ros/humble /usr/bin/cmake /home/wellyowo/locobot_sim/locobot_ws/src/ThirdParty/ecl/ecl_core/ecl_eigen -DCMAKE_INSTALL_PREFIX=/home/wellyowo/locobot_sim/locobot_ws/src/install/ecl_eigen
[0.336s] DEBUG:colcon.colcon_core.event_handler.log_command:Invoking command in '/home/wellyowo/locobot_sim/locobot_ws/src/build/sophus': CMAKE_PREFIX_PATH=/opt/ros/humble /usr/bin/cmake /home/wellyowo/locobot_sim/locobot_ws/src/ThirdParty/sophus -DCMAKE_INSTALL_PREFIX=/home/wellyowo/locobot_sim/locobot_ws/src/install/sophus
[0.496s] INFO:colcon.colcon_core.task.python.build:Building Python package in '/home/wellyowo/locobot_sim/locobot_ws/src/interbotix_ros_toolboxes/interbotix_common_toolbox/interbotix_common_modules'
[0.497s] INFO:colcon.colcon_core.shell:Skip shell extension 'powershell' for command environment: Not usable outside of PowerShell
[0.497s] DEBUG:colcon.colcon_core.shell:Skip shell extension 'dsv' for command environment
[0.501s] DEBUG:colcon.colcon_core.event_handler.log_command:Invoking command in '/home/wellyowo/locobot_sim/locobot_ws/src/build/interbotix_common_sim': CMAKE_PREFIX_PATH=/opt/ros/humble /usr/bin/cmake /home/wellyowo/locobot_sim/locobot_ws/src/interbotix_ros_toolboxes/interbotix_common_toolbox/interbotix_common_sim -DCMAKE_INSTALL_PREFIX=/home/wellyowo/locobot_sim/locobot_ws/src/install/interbotix_common_sim
[0.502s] DEBUG:colcon.colcon_core.event_handler.log_command:Invoking command in '/home/wellyowo/locobot_sim/locobot_ws/src/build/ecl_command_line': CMAKE_PREFIX_PATH=/opt/ros/humble /usr/bin/cmake /home/wellyowo/locobot_sim/locobot_ws/src/ThirdParty/ecl/ecl_core/ecl_command_line -DCMAKE_INSTALL_PREFIX=/home/wellyowo/locobot_sim/locobot_ws/src/install/ecl_command_line
[0.504s] DEBUG:colcon.colcon_core.event_handler.log_command:Invoking command in '/home/wellyowo/locobot_sim/locobot_ws/src/build/rplidar_ros': CMAKE_PREFIX_PATH=/opt/ros/humble /usr/bin/cmake /home/wellyowo/locobot_sim/locobot_ws/src/ThirdParty/rplidar_ros -DCMAKE_INSTALL_PREFIX=/home/wellyowo/locobot_sim/locobot_ws/src/install/rplidar_ros
[0.505s] DEBUG:colcon.colcon_core.event_handler.log_command:Invoking command in '/home/wellyowo/locobot_sim/locobot_ws/src/build/gazebo_plugins': CMAKE_PREFIX_PATH=/opt/ros/humble /usr/bin/cmake /home/wellyowo/locobot_sim/locobot_ws/src/ThirdParty/gazebo_plugins/gazebo_plugins -DCMAKE_INSTALL_PREFIX=/home/wellyowo/locobot_sim/locobot_ws/src/install/gazebo_plugins
[0.507s] DEBUG:colcon.colcon_core.event_handler.log_command:Invoking command in '/home/wellyowo/locobot_sim/locobot_ws/src/build/astra_camera_msgs': CMAKE_PREFIX_PATH=/opt/ros/humble /usr/bin/cmake /home/wellyowo/locobot_sim/locobot_ws/src/ThirdParty/ros_astra_camera/astra_camera_msgs -DCMAKE_INSTALL_PREFIX=/home/wellyowo/locobot_sim/locobot_ws/src/install/astra_camera_msgs
[0.509s] DEBUG:colcon.colcon_core.event_handler.log_command:Invoking command in '/home/wellyowo/locobot_sim/locobot_ws/src/build/kobuki_bumper2pc': CMAKE_PREFIX_PATH=/opt/ros/humble /usr/bin/cmake /home/wellyowo/locobot_sim/locobot_ws/src/ThirdParty/kobuki_ros/kobuki_bumper2pc -DCMAKE_INSTALL_PREFIX=/home/wellyowo/locobot_sim/locobot_ws/src/install/kobuki_bumper2pc
[0.511s] DEBUG:colcon.colcon_core.event_handler.log_command:Invoking command in '/home/wellyowo/locobot_sim/locobot_ws/src/build/kobuki_description': CMAKE_PREFIX_PATH=/opt/ros/humble /usr/bin/cmake /home/wellyowo/locobot_sim/locobot_ws/src/ThirdParty/kobuki_ros/kobuki_description -DCMAKE_INSTALL_PREFIX=/home/wellyowo/locobot_sim/locobot_ws/src/install/kobuki_description
[0.512s] DEBUG:colcon.colcon_core.event_handler.log_command:Invoking command in '/home/wellyowo/locobot_sim/locobot_ws/src/build/kobuki_keyop': CMAKE_PREFIX_PATH=/opt/ros/humble /usr/bin/cmake /home/wellyowo/locobot_sim/locobot_ws/src/ThirdParty/kobuki_ros/kobuki_keyop -DCMAKE_INSTALL_PREFIX=/home/wellyowo/locobot_sim/locobot_ws/src/install/kobuki_keyop
[0.514s] DEBUG:colcon.colcon_core.event_handler.log_command:Invoking command in '/home/wellyowo/locobot_sim/locobot_ws/src/build/kobuki_random_walker': CMAKE_PREFIX_PATH=/opt/ros/humble /usr/bin/cmake /home/wellyowo/locobot_sim/locobot_ws/src/ThirdParty/kobuki_ros/kobuki_random_walker -DCMAKE_INSTALL_PREFIX=/home/wellyowo/locobot_sim/locobot_ws/src/install/kobuki_random_walker
[0.516s] DEBUG:colcon.colcon_core.event_handler.log_command:Invoking command in '/home/wellyowo/locobot_sim/locobot_ws/src/build/kobuki_safety_controller': CMAKE_PREFIX_PATH=/opt/ros/humble /usr/bin/cmake /home/wellyowo/locobot_sim/locobot_ws/src/ThirdParty/kobuki_ros/kobuki_safety_controller -DCMAKE_INSTALL_PREFIX=/home/wellyowo/locobot_sim/locobot_ws/src/install/kobuki_safety_controller
[0.633s] DEBUG:colcon.colcon_core.event_handler.log_command:Invoked command in '/home/wellyowo/locobot_sim/locobot_ws/src/build/sophus' returned '0': CMAKE_PREFIX_PATH=/opt/ros/humble /usr/bin/cmake /home/wellyowo/locobot_sim/locobot_ws/src/ThirdParty/sophus -DCMAKE_INSTALL_PREFIX=/home/wellyowo/locobot_sim/locobot_ws/src/install/sophus
[0.635s] DEBUG:colcon.colcon_core.event_handler.log_command:Invoking command in '/home/wellyowo/locobot_sim/locobot_ws/src/build/sophus': CMAKE_PREFIX_PATH=/opt/ros/humble /usr/bin/cmake --build /home/wellyowo/locobot_sim/locobot_ws/src/build/sophus -- -j16 -l16
[1.219s] DEBUG:colcon.colcon_core.event_handler.log_command:Invoking command in '/home/wellyowo/locobot_sim/locobot_ws/src/interbotix_ros_toolboxes/interbotix_common_toolbox/interbotix_common_modules': PYTHONPATH=/home/wellyowo/locobot_sim/locobot_ws/src/build/interbotix_common_modules/prefix_override:/usr/lib/python3/dist-packages/colcon_core/task/python/colcon_distutils_commands:/home/wellyowo/locobot_sim/locobot_ws/src/install/interbotix_common_modules/lib/python3.10/site-packages:${PYTHONPATH} /usr/bin/python3 -W ignore:setup.py install is deprecated -W ignore:easy_install command is deprecated setup.py egg_info --egg-base ../../../build/interbotix_common_modules build --build-base /home/wellyowo/locobot_sim/locobot_ws/src/build/interbotix_common_modules/build install --record /home/wellyowo/locobot_sim/locobot_ws/src/build/interbotix_common_modules/install.log --single-version-externally-managed install_data
[1.650s] DEBUG:colcon.colcon_core.event_handler.log_command:Invoked command in '/home/wellyowo/locobot_sim/locobot_ws/src/build/ecl_eigen' returned '0': CMAKE_PREFIX_PATH=/opt/ros/humble /usr/bin/cmake /home/wellyowo/locobot_sim/locobot_ws/src/ThirdParty/ecl/ecl_core/ecl_eigen -DCMAKE_INSTALL_PREFIX=/home/wellyowo/locobot_sim/locobot_ws/src/install/ecl_eigen
[1.650s] DEBUG:colcon.colcon_core.event_handler.log_command:Invoking command in '/home/wellyowo/locobot_sim/locobot_ws/src/build/ecl_eigen': CMAKE_PREFIX_PATH=/opt/ros/humble /usr/bin/cmake --build /home/wellyowo/locobot_sim/locobot_ws/src/build/ecl_eigen -- -j16 -l16
[2.078s] DEBUG:colcon.colcon_core.event_handler.log_command:Invoked command in '/home/wellyowo/locobot_sim/locobot_ws/src/build/ecl_mpl' returned '0': CMAKE_PREFIX_PATH=/opt/ros/humble /usr/bin/cmake /home/wellyowo/locobot_sim/locobot_ws/src/ThirdParty/ecl/ecl_core/ecl_mpl -DCMAKE_INSTALL_PREFIX=/home/wellyowo/locobot_sim/locobot_ws/src/install/ecl_mpl
[2.079s] DEBUG:colcon.colcon_core.event_handler.log_command:Invoking command in '/home/wellyowo/locobot_sim/locobot_ws/src/build/ecl_mpl': CMAKE_PREFIX_PATH=/opt/ros/humble /usr/bin/cmake --build /home/wellyowo/locobot_sim/locobot_ws/src/build/ecl_mpl -- -j16 -l16
[2.230s] DEBUG:colcon.colcon_core.event_handler.log_command:Invoked command in '/home/wellyowo/locobot_sim/locobot_ws/src/build/interbotix_common_sim' returned '0': CMAKE_PREFIX_PATH=/opt/ros/humble /usr/bin/cmake /home/wellyowo/locobot_sim/locobot_ws/src/interbotix_ros_toolboxes/interbotix_common_toolbox/interbotix_common_sim -DCMAKE_INSTALL_PREFIX=/home/wellyowo/locobot_sim/locobot_ws/src/install/interbotix_common_sim
[2.230s] DEBUG:colcon.colcon_core.event_handler.log_command:Invoking command in '/home/wellyowo/locobot_sim/locobot_ws/src/build/interbotix_common_sim': CMAKE_PREFIX_PATH=/opt/ros/humble /usr/bin/cmake --build /home/wellyowo/locobot_sim/locobot_ws/src/build/interbotix_common_sim -- -j16 -l16
[2.491s] DEBUG:colcon.colcon_core.event_handler.log_command:Invoked command in '/home/wellyowo/locobot_sim/locobot_ws/src/build/kobuki_description' returned '0': CMAKE_PREFIX_PATH=/opt/ros/humble /usr/bin/cmake /home/wellyowo/locobot_sim/locobot_ws/src/ThirdParty/kobuki_ros/kobuki_description -DCMAKE_INSTALL_PREFIX=/home/wellyowo/locobot_sim/locobot_ws/src/install/kobuki_description
[2.497s] DEBUG:colcon.colcon_core.event_handler.log_command:Invoking command in '/home/wellyowo/locobot_sim/locobot_ws/src/build/kobuki_description': CMAKE_PREFIX_PATH=/opt/ros/humble /usr/bin/cmake --build /home/wellyowo/locobot_sim/locobot_ws/src/build/kobuki_description -- -j16 -l16
[2.767s] DEBUG:colcon.colcon_core.event_handler.log_command:Invoked command in '/home/wellyowo/locobot_sim/locobot_ws/src/build/ecl_command_line' returned '0': CMAKE_PREFIX_PATH=/opt/ros/humble /usr/bin/cmake /home/wellyowo/locobot_sim/locobot_ws/src/ThirdParty/ecl/ecl_core/ecl_command_line -DCMAKE_INSTALL_PREFIX=/home/wellyowo/locobot_sim/locobot_ws/src/install/ecl_command_line
[2.767s] DEBUG:colcon.colcon_core.event_handler.log_command:Invoking command in '/home/wellyowo/locobot_sim/locobot_ws/src/build/ecl_command_line': CMAKE_PREFIX_PATH=/opt/ros/humble /usr/bin/cmake --build /home/wellyowo/locobot_sim/locobot_ws/src/build/ecl_command_line -- -j16 -l16
[4.747s] DEBUG:colcon.colcon_core.event_handler.log_command:Invoked command in '/home/wellyowo/locobot_sim/locobot_ws/src/build/kobuki_keyop' returned '0': CMAKE_PREFIX_PATH=/opt/ros/humble /usr/bin/cmake /home/wellyowo/locobot_sim/locobot_ws/src/ThirdParty/kobuki_ros/kobuki_keyop -DCMAKE_INSTALL_PREFIX=/home/wellyowo/locobot_sim/locobot_ws/src/install/kobuki_keyop
[4.754s] DEBUG:colcon.colcon_core.event_handler.log_command:Invoking command in '/home/wellyowo/locobot_sim/locobot_ws/src/build/kobuki_keyop': CMAKE_PREFIX_PATH=/opt/ros/humble /usr/bin/cmake --build /home/wellyowo/locobot_sim/locobot_ws/src/build/kobuki_keyop -- -j16 -l16
[4.763s] Level 1:colcon.colcon_core.environment:checking '/home/wellyowo/locobot_sim/locobot_ws/src/install/interbotix_common_modules' for CMake module files
[4.764s] Level 1:colcon.colcon_core.environment:checking '/home/wellyowo/locobot_sim/locobot_ws/src/install/interbotix_common_modules' for CMake config files
[4.769s] DEBUG:colcon.colcon_core.event_handler.log_command:Invoked command in '/home/wellyowo/locobot_sim/locobot_ws/src/interbotix_ros_toolboxes/interbotix_common_toolbox/interbotix_common_modules' returned '0': PYTHONPATH=/home/wellyowo/locobot_sim/locobot_ws/src/build/interbotix_common_modules/prefix_override:/usr/lib/python3/dist-packages/colcon_core/task/python/colcon_distutils_commands:/home/wellyowo/locobot_sim/locobot_ws/src/install/interbotix_common_modules/lib/python3.10/site-packages:${PYTHONPATH} /usr/bin/python3 -W ignore:setup.py install is deprecated -W ignore:easy_install command is deprecated setup.py egg_info --egg-base ../../../build/interbotix_common_modules build --build-base /home/wellyowo/locobot_sim/locobot_ws/src/build/interbotix_common_modules/build install --record /home/wellyowo/locobot_sim/locobot_ws/src/build/interbotix_common_modules/install.log --single-version-externally-managed install_data
[4.769s] Level 1:colcon.colcon_core.environment:checking '/home/wellyowo/locobot_sim/locobot_ws/src/install/interbotix_common_modules/lib'
[4.770s] Level 1:colcon.colcon_core.environment:checking '/home/wellyowo/locobot_sim/locobot_ws/src/install/interbotix_common_modules/bin'
[4.770s] Level 1:colcon.colcon_core.environment:checking '/home/wellyowo/locobot_sim/locobot_ws/src/install/interbotix_common_modules/lib/pkgconfig/interbotix_common_modules.pc'
[4.770s] Level 1:colcon.colcon_core.environment:checking '/home/wellyowo/locobot_sim/locobot_ws/src/install/interbotix_common_modules/lib/python3.10/site-packages'
[4.770s] Level 1:colcon.colcon_core.shell:create_environment_hook('interbotix_common_modules', 'pythonpath')
[4.770s] INFO:colcon.colcon_core.shell:Creating environment hook '/home/wellyowo/locobot_sim/locobot_ws/src/install/interbotix_common_modules/share/interbotix_common_modules/hook/pythonpath.ps1'
[4.771s] INFO:colcon.colcon_core.shell:Creating environment descriptor '/home/wellyowo/locobot_sim/locobot_ws/src/install/interbotix_common_modules/share/interbotix_common_modules/hook/pythonpath.dsv'
[4.772s] INFO:colcon.colcon_core.shell:Creating environment hook '/home/wellyowo/locobot_sim/locobot_ws/src/install/interbotix_common_modules/share/interbotix_common_modules/hook/pythonpath.sh'
[4.777s] Level 1:colcon.colcon_core.environment:checking '/home/wellyowo/locobot_sim/locobot_ws/src/install/interbotix_common_modules/bin'
[4.777s] Level 1:colcon.colcon_core.environment:create_environment_scripts_only(interbotix_common_modules)
[4.778s] INFO:colcon.colcon_core.shell:Creating package script '/home/wellyowo/locobot_sim/locobot_ws/src/install/interbotix_common_modules/share/interbotix_common_modules/package.ps1'
[4.779s] INFO:colcon.colcon_core.shell:Creating package descriptor '/home/wellyowo/locobot_sim/locobot_ws/src/install/interbotix_common_modules/share/interbotix_common_modules/package.dsv'
[4.784s] INFO:colcon.colcon_core.shell:Creating package script '/home/wellyowo/locobot_sim/locobot_ws/src/install/interbotix_common_modules/share/interbotix_common_modules/package.sh'
[4.786s] INFO:colcon.colcon_core.shell:Creating package script '/home/wellyowo/locobot_sim/locobot_ws/src/install/interbotix_common_modules/share/interbotix_common_modules/package.bash'
[4.791s] INFO:colcon.colcon_core.shell:Creating package script '/home/wellyowo/locobot_sim/locobot_ws/src/install/interbotix_common_modules/share/interbotix_common_modules/package.zsh'
[4.792s] Level 1:colcon.colcon_core.environment:create_file_with_runtime_dependencies(/home/wellyowo/locobot_sim/locobot_ws/src/install/interbotix_common_modules/share/colcon-core/packages/interbotix_common_modules)
[4.806s] DEBUG:colcon.colcon_core.event_handler.log_command:Invoked command in '/home/wellyowo/locobot_sim/locobot_ws/src/build/ecl_eigen' returned '0': CMAKE_PREFIX_PATH=/opt/ros/humble /usr/bin/cmake --build /home/wellyowo/locobot_sim/locobot_ws/src/build/ecl_eigen -- -j16 -l16
[4.847s] DEBUG:colcon.colcon_core.event_handler.log_command:Invoking command in '/home/wellyowo/locobot_sim/locobot_ws/src/build/ecl_eigen': CMAKE_PREFIX_PATH=/opt/ros/humble /usr/bin/cmake --install /home/wellyowo/locobot_sim/locobot_ws/src/build/ecl_eigen
[4.854s] INFO:colcon.colcon_ros.task.ament_cmake.build:Building ROS package in '/home/wellyowo/locobot_sim/locobot_ws/src/interbotix_ros_toolboxes/interbotix_common_toolbox/interbotix_tf_tools' with build type 'ament_cmake'
[4.855s] INFO:colcon.colcon_cmake.task.cmake.build:Building CMake package in '/home/wellyowo/locobot_sim/locobot_ws/src/interbotix_ros_toolboxes/interbotix_common_toolbox/interbotix_tf_tools'
[4.856s] INFO:colcon.colcon_core.shell:Skip shell extension 'powershell' for command environment: Not usable outside of PowerShell
[4.856s] DEBUG:colcon.colcon_core.shell:Skip shell extension 'dsv' for command environment
[4.894s] DEBUG:colcon.colcon_core.event_handler.log_command:Invoked command in '/home/wellyowo/locobot_sim/locobot_ws/src/build/rplidar_ros' returned '0': CMAKE_PREFIX_PATH=/opt/ros/humble /usr/bin/cmake /home/wellyowo/locobot_sim/locobot_ws/src/ThirdParty/rplidar_ros -DCMAKE_INSTALL_PREFIX=/home/wellyowo/locobot_sim/locobot_ws/src/install/rplidar_ros
[4.895s] DEBUG:colcon.colcon_core.event_handler.log_command:Invoking command in '/home/wellyowo/locobot_sim/locobot_ws/src/build/rplidar_ros': CMAKE_PREFIX_PATH=/opt/ros/humble /usr/bin/cmake --build /home/wellyowo/locobot_sim/locobot_ws/src/build/rplidar_ros -- -j16 -l16
[4.907s] DEBUG:colcon.colcon_core.event_handler.log_command:Invoked command in '/home/wellyowo/locobot_sim/locobot_ws/src/build/interbotix_common_sim' returned '0': CMAKE_PREFIX_PATH=/opt/ros/humble /usr/bin/cmake --build /home/wellyowo/locobot_sim/locobot_ws/src/build/interbotix_common_sim -- -j16 -l16
[4.908s] DEBUG:colcon.colcon_core.event_handler.log_command:Invoking command in '/home/wellyowo/locobot_sim/locobot_ws/src/build/interbotix_common_sim': CMAKE_PREFIX_PATH=/opt/ros/humble /usr/bin/cmake --install /home/wellyowo/locobot_sim/locobot_ws/src/build/interbotix_common_sim
[4.918s] DEBUG:colcon.colcon_core.event_handler.log_command:Invoked command in '/home/wellyowo/locobot_sim/locobot_ws/src/build/kobuki_description' returned '0': CMAKE_PREFIX_PATH=/opt/ros/humble /usr/bin/cmake --build /home/wellyowo/locobot_sim/locobot_ws/src/build/kobuki_description -- -j16 -l16
[4.919s] DEBUG:colcon.colcon_core.event_handler.log_command:Invoking command in '/home/wellyowo/locobot_sim/locobot_ws/src/build/kobuki_description': CMAKE_PREFIX_PATH=/opt/ros/humble /usr/bin/cmake --install /home/wellyowo/locobot_sim/locobot_ws/src/build/kobuki_description
[4.955s] DEBUG:colcon.colcon_core.event_handler.log_command:Invoking command in '/home/wellyowo/locobot_sim/locobot_ws/src/build/interbotix_tf_tools': CMAKE_PREFIX_PATH=/opt/ros/humble /usr/bin/cmake /home/wellyowo/locobot_sim/locobot_ws/src/interbotix_ros_toolboxes/interbotix_common_toolbox/interbotix_tf_tools -DCMAKE_INSTALL_PREFIX=/home/wellyowo/locobot_sim/locobot_ws/src/install/interbotix_tf_tools
[4.956s] DEBUG:colcon.colcon_core.event_handler.log_command:Invoked command in '/home/wellyowo/locobot_sim/locobot_ws/src/build/kobuki_safety_controller' returned '0': CMAKE_PREFIX_PATH=/opt/ros/humble /usr/bin/cmake /home/wellyowo/locobot_sim/locobot_ws/src/ThirdParty/kobuki_ros/kobuki_safety_controller -DCMAKE_INSTALL_PREFIX=/home/wellyowo/locobot_sim/locobot_ws/src/install/kobuki_safety_controller
[4.957s] DEBUG:colcon.colcon_core.event_handler.log_command:Invoking command in '/home/wellyowo/locobot_sim/locobot_ws/src/build/kobuki_safety_controller': CMAKE_PREFIX_PATH=/opt/ros/humble /usr/bin/cmake --build /home/wellyowo/locobot_sim/locobot_ws/src/build/kobuki_safety_controller -- -j16 -l16
[5.006s] Level 1:colcon.colcon_core.environment:create_environment_scripts_only(ecl_eigen)
[5.007s] Level 1:colcon.colcon_core.environment:checking '/home/wellyowo/locobot_sim/locobot_ws/src/install/ecl_eigen' for CMake module files
[5.007s] Level 1:colcon.colcon_core.environment:checking '/home/wellyowo/locobot_sim/locobot_ws/src/install/ecl_eigen' for CMake config files
[5.007s] Level 1:colcon.colcon_core.shell:create_environment_hook('ecl_eigen', 'cmake_prefix_path')
[5.008s] INFO:colcon.colcon_core.shell:Creating environment hook '/home/wellyowo/locobot_sim/locobot_ws/src/install/ecl_eigen/share/ecl_eigen/hook/cmake_prefix_path.ps1'
[5.008s] INFO:colcon.colcon_core.shell:Creating environment descriptor '/home/wellyowo/locobot_sim/locobot_ws/src/install/ecl_eigen/share/ecl_eigen/hook/cmake_prefix_path.dsv'
[5.025s] DEBUG:colcon.colcon_core.event_handler.log_command:Invoked command in '/home/wellyowo/locobot_sim/locobot_ws/src/build/ecl_eigen' returned '0': CMAKE_PREFIX_PATH=/opt/ros/humble /usr/bin/cmake --install /home/wellyowo/locobot_sim/locobot_ws/src/build/ecl_eigen
[5.027s] INFO:colcon.colcon_core.shell:Creating environment hook '/home/wellyowo/locobot_sim/locobot_ws/src/install/ecl_eigen/share/ecl_eigen/hook/cmake_prefix_path.sh'
[5.028s] Level 1:colcon.colcon_core.environment:checking '/home/wellyowo/locobot_sim/locobot_ws/src/install/ecl_eigen/bin'
[5.028s] Level 1:colcon.colcon_core.environment:checking '/home/wellyowo/locobot_sim/locobot_ws/src/install/ecl_eigen/lib/pkgconfig/ecl_eigen.pc'
[5.028s] Level 1:colcon.colcon_core.environment:checking '/home/wellyowo/locobot_sim/locobot_ws/src/install/ecl_eigen/lib/python3.10/site-packages'
[5.029s] Level 1:colcon.colcon_core.environment:checking '/home/wellyowo/locobot_sim/locobot_ws/src/install/ecl_eigen/bin'
[5.029s] INFO:colcon.colcon_core.shell:Creating package script '/home/wellyowo/locobot_sim/locobot_ws/src/install/ecl_eigen/share/ecl_eigen/package.ps1'
[5.036s] INFO:colcon.colcon_core.shell:Creating package descriptor '/home/wellyowo/locobot_sim/locobot_ws/src/install/ecl_eigen/share/ecl_eigen/package.dsv'
[5.052s] INFO:colcon.colcon_core.shell:Creating package script '/home/wellyowo/locobot_sim/locobot_ws/src/install/ecl_eigen/share/ecl_eigen/package.sh'
[5.053s] INFO:colcon.colcon_core.shell:Creating package script '/home/wellyowo/locobot_sim/locobot_ws/src/install/ecl_eigen/share/ecl_eigen/package.bash'
[5.053s] INFO:colcon.colcon_core.shell:Creating package script '/home/wellyowo/locobot_sim/locobot_ws/src/install/ecl_eigen/share/ecl_eigen/package.zsh'
[5.054s] Level 1:colcon.colcon_core.environment:create_file_with_runtime_dependencies(/home/wellyowo/locobot_sim/locobot_ws/src/install/ecl_eigen/share/colcon-core/packages/ecl_eigen)
[5.063s] Level 1:colcon.colcon_core.environment:create_environment_scripts_only(ecl_eigen)
[5.064s] Level 1:colcon.colcon_core.environment:checking '/home/wellyowo/locobot_sim/locobot_ws/src/install/ecl_eigen' for CMake module files
[5.064s] Level 1:colcon.colcon_core.environment:checking '/home/wellyowo/locobot_sim/locobot_ws/src/install/ecl_eigen' for CMake config files
[5.065s] Level 1:colcon.colcon_core.shell:create_environment_hook('ecl_eigen', 'cmake_prefix_path')
[5.065s] INFO:colcon.colcon_core.shell:Creating environment hook '/home/wellyowo/locobot_sim/locobot_ws/src/install/ecl_eigen/share/ecl_eigen/hook/cmake_prefix_path.ps1'
[5.073s] INFO:colcon.colcon_core.shell:Creating environment descriptor '/home/wellyowo/locobot_sim/locobot_ws/src/install/ecl_eigen/share/ecl_eigen/hook/cmake_prefix_path.dsv'
[5.074s] INFO:colcon.colcon_core.shell:Creating environment hook '/home/wellyowo/locobot_sim/locobot_ws/src/install/ecl_eigen/share/ecl_eigen/hook/cmake_prefix_path.sh'
[5.078s] Level 1:colcon.colcon_core.environment:checking '/home/wellyowo/locobot_sim/locobot_ws/src/install/ecl_eigen/bin'
[5.078s] Level 1:colcon.colcon_core.environment:checking '/home/wellyowo/locobot_sim/locobot_ws/src/install/ecl_eigen/lib/pkgconfig/ecl_eigen.pc'
[5.078s] Level 1:colcon.colcon_core.environment:checking '/home/wellyowo/locobot_sim/locobot_ws/src/install/ecl_eigen/lib/python3.10/site-packages'
[5.079s] Level 1:colcon.colcon_core.environment:checking '/home/wellyowo/locobot_sim/locobot_ws/src/install/ecl_eigen/bin'
[5.079s] INFO:colcon.colcon_core.shell:Creating package script '/home/wellyowo/locobot_sim/locobot_ws/src/install/ecl_eigen/share/ecl_eigen/package.ps1'
[5.084s] INFO:colcon.colcon_core.shell:Creating package descriptor '/home/wellyowo/locobot_sim/locobot_ws/src/install/ecl_eigen/share/ecl_eigen/package.dsv'
[5.094s] INFO:colcon.colcon_core.shell:Creating package script '/home/wellyowo/locobot_sim/locobot_ws/src/install/ecl_eigen/share/ecl_eigen/package.sh'
[5.096s] INFO:colcon.colcon_core.shell:Creating package script '/home/wellyowo/locobot_sim/locobot_ws/src/install/ecl_eigen/share/ecl_eigen/package.bash'
[5.097s] INFO:colcon.colcon_core.shell:Creating package script '/home/wellyowo/locobot_sim/locobot_ws/src/install/ecl_eigen/share/ecl_eigen/package.zsh'
[5.097s] Level 1:colcon.colcon_core.environment:create_file_with_runtime_dependencies(/home/wellyowo/locobot_sim/locobot_ws/src/install/ecl_eigen/share/colcon-core/packages/ecl_eigen)
[5.111s] DEBUG:colcon.colcon_core.event_handler.log_command:Invoked command in '/home/wellyowo/locobot_sim/locobot_ws/src/build/kobuki_bumper2pc' returned '0': CMAKE_PREFIX_PATH=/opt/ros/humble /usr/bin/cmake /home/wellyowo/locobot_sim/locobot_ws/src/ThirdParty/kobuki_ros/kobuki_bumper2pc -DCMAKE_INSTALL_PREFIX=/home/wellyowo/locobot_sim/locobot_ws/src/install/kobuki_bumper2pc
[5.113s] DEBUG:colcon.colcon_core.event_handler.log_command:Invoking command in '/home/wellyowo/locobot_sim/locobot_ws/src/build/kobuki_bumper2pc': CMAKE_PREFIX_PATH=/opt/ros/humble /usr/bin/cmake --build /home/wellyowo/locobot_sim/locobot_ws/src/build/kobuki_bumper2pc -- -j16 -l16
[5.112s] INFO:colcon.colcon_ros.task.ament_cmake.build:Building ROS package in '/home/wellyowo/locobot_sim/locobot_ws/src/moveit_visual_tools' with build type 'ament_cmake'
[5.119s] INFO:colcon.colcon_cmake.task.cmake.build:Building CMake package in '/home/wellyowo/locobot_sim/locobot_ws/src/moveit_visual_tools'
[5.119s] INFO:colcon.colcon_core.shell:Skip shell extension 'powershell' for command environment: Not usable outside of PowerShell
[5.119s] DEBUG:colcon.colcon_core.shell:Skip shell extension 'dsv' for command environment
[5.192s] DEBUG:colcon.colcon_core.event_handler.log_command:Invoking command in '/home/wellyowo/locobot_sim/locobot_ws/src/build/moveit_visual_tools': CMAKE_PREFIX_PATH=/opt/ros/humble /usr/bin/cmake /home/wellyowo/locobot_sim/locobot_ws/src/moveit_visual_tools -DCMAKE_INSTALL_PREFIX=/home/wellyowo/locobot_sim/locobot_ws/src/install/moveit_visual_tools
[5.207s] Level 1:colcon.colcon_core.environment:create_environment_scripts_only(interbotix_common_sim)
[5.207s] Level 1:colcon.colcon_core.environment:checking '/home/wellyowo/locobot_sim/locobot_ws/src/install/interbotix_common_sim' for CMake module files
[5.208s] Level 1:colcon.colcon_core.environment:checking '/home/wellyowo/locobot_sim/locobot_ws/src/install/interbotix_common_sim' for CMake config files
[5.208s] Level 1:colcon.colcon_core.shell:create_environment_hook('interbotix_common_sim', 'cmake_prefix_path')
[5.208s] INFO:colcon.colcon_core.shell:Creating environment hook '/home/wellyowo/locobot_sim/locobot_ws/src/install/interbotix_common_sim/share/interbotix_common_sim/hook/cmake_prefix_path.ps1'
[5.219s] INFO:colcon.colcon_core.shell:Creating environment descriptor '/home/wellyowo/locobot_sim/locobot_ws/src/install/interbotix_common_sim/share/interbotix_common_sim/hook/cmake_prefix_path.dsv'
[5.241s] DEBUG:colcon.colcon_core.event_handler.log_command:Invoked command in '/home/wellyowo/locobot_sim/locobot_ws/src/build/interbotix_common_sim' returned '0': CMAKE_PREFIX_PATH=/opt/ros/humble /usr/bin/cmake --install /home/wellyowo/locobot_sim/locobot_ws/src/build/interbotix_common_sim
[5.247s] INFO:colcon.colcon_core.shell:Creating environment hook '/home/wellyowo/locobot_sim/locobot_ws/src/install/interbotix_common_sim/share/interbotix_common_sim/hook/cmake_prefix_path.sh'
[5.248s] Level 1:colcon.colcon_core.environment:checking '/home/wellyowo/locobot_sim/locobot_ws/src/install/interbotix_common_sim/bin'
[5.248s] Level 1:colcon.colcon_core.environment:checking '/home/wellyowo/locobot_sim/locobot_ws/src/install/interbotix_common_sim/lib/pkgconfig/interbotix_common_sim.pc'
[5.248s] Level 1:colcon.colcon_core.environment:checking '/home/wellyowo/locobot_sim/locobot_ws/src/install/interbotix_common_sim/lib/python3.10/site-packages'
[5.248s] Level 1:colcon.colcon_core.environment:checking '/home/wellyowo/locobot_sim/locobot_ws/src/install/interbotix_common_sim/bin'
[5.249s] INFO:colcon.colcon_core.shell:Creating package script '/home/wellyowo/locobot_sim/locobot_ws/src/install/interbotix_common_sim/share/interbotix_common_sim/package.ps1'
[5.249s] INFO:colcon.colcon_core.shell:Creating package descriptor '/home/wellyowo/locobot_sim/locobot_ws/src/install/interbotix_common_sim/share/interbotix_common_sim/package.dsv'
[5.253s] INFO:colcon.colcon_core.shell:Creating package script '/home/wellyowo/locobot_sim/locobot_ws/src/install/interbotix_common_sim/share/interbotix_common_sim/package.sh'
[5.254s] INFO:colcon.colcon_core.shell:Creating package script '/home/wellyowo/locobot_sim/locobot_ws/src/install/interbotix_common_sim/share/interbotix_common_sim/package.bash'
[5.255s] INFO:colcon.colcon_core.shell:Creating package script '/home/wellyowo/locobot_sim/locobot_ws/src/install/interbotix_common_sim/share/interbotix_common_sim/package.zsh'
[5.255s] Level 1:colcon.colcon_core.environment:create_file_with_runtime_dependencies(/home/wellyowo/locobot_sim/locobot_ws/src/install/interbotix_common_sim/share/colcon-core/packages/interbotix_common_sim)
[5.256s] Level 1:colcon.colcon_core.environment:create_environment_scripts_only(interbotix_common_sim)
[5.256s] Level 1:colcon.colcon_core.environment:checking '/home/wellyowo/locobot_sim/locobot_ws/src/install/interbotix_common_sim' for CMake module files
[5.263s] Level 1:colcon.colcon_core.environment:checking '/home/wellyowo/locobot_sim/locobot_ws/src/install/interbotix_common_sim' for CMake config files
[5.264s] Level 1:colcon.colcon_core.shell:create_environment_hook('interbotix_common_sim', 'cmake_prefix_path')
[5.264s] INFO:colcon.colcon_core.shell:Creating environment hook '/home/wellyowo/locobot_sim/locobot_ws/src/install/interbotix_common_sim/share/interbotix_common_sim/hook/cmake_prefix_path.ps1'
[5.265s] INFO:colcon.colcon_core.shell:Creating environment descriptor '/home/wellyowo/locobot_sim/locobot_ws/src/install/interbotix_common_sim/share/interbotix_common_sim/hook/cmake_prefix_path.dsv'
[5.265s] INFO:colcon.colcon_core.shell:Creating environment hook '/home/wellyowo/locobot_sim/locobot_ws/src/install/interbotix_common_sim/share/interbotix_common_sim/hook/cmake_prefix_path.sh'
[5.266s] Level 1:colcon.colcon_core.environment:checking '/home/wellyowo/locobot_sim/locobot_ws/src/install/interbotix_common_sim/bin'
[5.266s] Level 1:colcon.colcon_core.environment:checking '/home/wellyowo/locobot_sim/locobot_ws/src/install/interbotix_common_sim/lib/pkgconfig/interbotix_common_sim.pc'
[5.266s] Level 1:colcon.colcon_core.environment:checking '/home/wellyowo/locobot_sim/locobot_ws/src/install/interbotix_common_sim/lib/python3.10/site-packages'
[5.275s] Level 1:colcon.colcon_core.environment:checking '/home/wellyowo/locobot_sim/locobot_ws/src/install/interbotix_common_sim/bin'
[5.276s] INFO:colcon.colcon_core.shell:Creating package script '/home/wellyowo/locobot_sim/locobot_ws/src/install/interbotix_common_sim/share/interbotix_common_sim/package.ps1'
[5.277s] INFO:colcon.colcon_core.shell:Creating package descriptor '/home/wellyowo/locobot_sim/locobot_ws/src/install/interbotix_common_sim/share/interbotix_common_sim/package.dsv'
[5.277s] INFO:colcon.colcon_core.shell:Creating package script '/home/wellyowo/locobot_sim/locobot_ws/src/install/interbotix_common_sim/share/interbotix_common_sim/package.sh'
[5.278s] INFO:colcon.colcon_core.shell:Creating package script '/home/wellyowo/locobot_sim/locobot_ws/src/install/interbotix_common_sim/share/interbotix_common_sim/package.bash'
[5.288s] INFO:colcon.colcon_core.shell:Creating package script '/home/wellyowo/locobot_sim/locobot_ws/src/install/interbotix_common_sim/share/interbotix_common_sim/package.zsh'
[5.289s] Level 1:colcon.colcon_core.environment:create_file_with_runtime_dependencies(/home/wellyowo/locobot_sim/locobot_ws/src/install/interbotix_common_sim/share/colcon-core/packages/interbotix_common_sim)
[5.293s] Level 1:colcon.colcon_core.environment:create_environment_scripts_only(kobuki_description)
[5.294s] DEBUG:colcon.colcon_core.event_handler.log_command:Invoked command in '/home/wellyowo/locobot_sim/locobot_ws/src/build/kobuki_description' returned '0': CMAKE_PREFIX_PATH=/opt/ros/humble /usr/bin/cmake --install /home/wellyowo/locobot_sim/locobot_ws/src/build/kobuki_description
[5.294s] Level 1:colcon.colcon_core.environment:checking '/home/wellyowo/locobot_sim/locobot_ws/src/install/kobuki_description' for CMake module files
[5.298s] Level 1:colcon.colcon_core.environment:checking '/home/wellyowo/locobot_sim/locobot_ws/src/install/kobuki_description' for CMake config files
[5.299s] Level 1:colcon.colcon_core.shell:create_environment_hook('kobuki_description', 'cmake_prefix_path')
[5.299s] INFO:colcon.colcon_core.shell:Creating environment hook '/home/wellyowo/locobot_sim/locobot_ws/src/install/kobuki_description/share/kobuki_description/hook/cmake_prefix_path.ps1'
[5.300s] INFO:colcon.colcon_core.shell:Creating environment descriptor '/home/wellyowo/locobot_sim/locobot_ws/src/install/kobuki_description/share/kobuki_description/hook/cmake_prefix_path.dsv'
[5.300s] INFO:colcon.colcon_core.shell:Creating environment hook '/home/wellyowo/locobot_sim/locobot_ws/src/install/kobuki_description/share/kobuki_description/hook/cmake_prefix_path.sh'
[5.301s] Level 1:colcon.colcon_core.environment:checking '/home/wellyowo/locobot_sim/locobot_ws/src/install/kobuki_description/bin'
[5.301s] Level 1:colcon.colcon_core.environment:checking '/home/wellyowo/locobot_sim/locobot_ws/src/install/kobuki_description/lib/pkgconfig/kobuki_description.pc'
[5.301s] Level 1:colcon.colcon_core.environment:checking '/home/wellyowo/locobot_sim/locobot_ws/src/install/kobuki_description/lib/python3.10/site-packages'
[5.302s] Level 1:colcon.colcon_core.environment:checking '/home/wellyowo/locobot_sim/locobot_ws/src/install/kobuki_description/bin'
[5.302s] INFO:colcon.colcon_core.shell:Creating package script '/home/wellyowo/locobot_sim/locobot_ws/src/install/kobuki_description/share/kobuki_description/package.ps1'
[5.303s] INFO:colcon.colcon_core.shell:Creating package descriptor '/home/wellyowo/locobot_sim/locobot_ws/src/install/kobuki_description/share/kobuki_description/package.dsv'
[5.303s] INFO:colcon.colcon_core.shell:Creating package script '/home/wellyowo/locobot_sim/locobot_ws/src/install/kobuki_description/share/kobuki_description/package.sh'
[5.303s] INFO:colcon.colcon_core.shell:Creating package script '/home/wellyowo/locobot_sim/locobot_ws/src/install/kobuki_description/share/kobuki_description/package.bash'
[5.304s] INFO:colcon.colcon_core.shell:Creating package script '/home/wellyowo/locobot_sim/locobot_ws/src/install/kobuki_description/share/kobuki_description/package.zsh'
[5.304s] Level 1:colcon.colcon_core.environment:create_file_with_runtime_dependencies(/home/wellyowo/locobot_sim/locobot_ws/src/install/kobuki_description/share/colcon-core/packages/kobuki_description)
[5.305s] Level 1:colcon.colcon_core.environment:create_environment_scripts_only(kobuki_description)
[5.305s] Level 1:colcon.colcon_core.environment:checking '/home/wellyowo/locobot_sim/locobot_ws/src/install/kobuki_description' for CMake module files
[5.306s] Level 1:colcon.colcon_core.environment:checking '/home/wellyowo/locobot_sim/locobot_ws/src/install/kobuki_description' for CMake config files
[5.306s] Level 1:colcon.colcon_core.shell:create_environment_hook('kobuki_description', 'cmake_prefix_path')
[5.306s] INFO:colcon.colcon_core.shell:Creating environment hook '/home/wellyowo/locobot_sim/locobot_ws/src/install/kobuki_description/share/kobuki_description/hook/cmake_prefix_path.ps1'
[5.306s] INFO:colcon.colcon_core.shell:Creating environment descriptor '/home/wellyowo/locobot_sim/locobot_ws/src/install/kobuki_description/share/kobuki_description/hook/cmake_prefix_path.dsv'
[5.307s] INFO:colcon.colcon_core.shell:Creating environment hook '/home/wellyowo/locobot_sim/locobot_ws/src/install/kobuki_description/share/kobuki_description/hook/cmake_prefix_path.sh'
[5.307s] Level 1:colcon.colcon_core.environment:checking '/home/wellyowo/locobot_sim/locobot_ws/src/install/kobuki_description/bin'
[5.307s] Level 1:colcon.colcon_core.environment:checking '/home/wellyowo/locobot_sim/locobot_ws/src/install/kobuki_description/lib/pkgconfig/kobuki_description.pc'
[5.308s] Level 1:colcon.colcon_core.environment:checking '/home/wellyowo/locobot_sim/locobot_ws/src/install/kobuki_description/lib/python3.10/site-packages'
[5.308s] Level 1:colcon.colcon_core.environment:checking '/home/wellyowo/locobot_sim/locobot_ws/src/install/kobuki_description/bin'
[5.308s] INFO:colcon.colcon_core.shell:Creating package script '/home/wellyowo/locobot_sim/locobot_ws/src/install/kobuki_description/share/kobuki_description/package.ps1'
[5.311s] INFO:colcon.colcon_core.shell:Creating package descriptor '/home/wellyowo/locobot_sim/locobot_ws/src/install/kobuki_description/share/kobuki_description/package.dsv'
[5.337s] INFO:colcon.colcon_core.shell:Creating package script '/home/wellyowo/locobot_sim/locobot_ws/src/install/kobuki_description/share/kobuki_description/package.sh'
[5.338s] INFO:colcon.colcon_core.shell:Creating package script '/home/wellyowo/locobot_sim/locobot_ws/src/install/kobuki_description/share/kobuki_description/package.bash'
[5.339s] INFO:colcon.colcon_core.shell:Creating package script '/home/wellyowo/locobot_sim/locobot_ws/src/install/kobuki_description/share/kobuki_description/package.zsh'
[5.339s] Level 1:colcon.colcon_core.environment:create_file_with_runtime_dependencies(/home/wellyowo/locobot_sim/locobot_ws/src/install/kobuki_description/share/colcon-core/packages/kobuki_description)
[5.357s] DEBUG:colcon.colcon_core.event_handler.log_command:Invoked command in '/home/wellyowo/locobot_sim/locobot_ws/src/build/kobuki_random_walker' returned '0': CMAKE_PREFIX_PATH=/opt/ros/humble /usr/bin/cmake /home/wellyowo/locobot_sim/locobot_ws/src/ThirdParty/kobuki_ros/kobuki_random_walker -DCMAKE_INSTALL_PREFIX=/home/wellyowo/locobot_sim/locobot_ws/src/install/kobuki_random_walker
[5.358s] DEBUG:colcon.colcon_core.event_handler.log_command:Invoking command in '/home/wellyowo/locobot_sim/locobot_ws/src/build/kobuki_random_walker': CMAKE_PREFIX_PATH=/opt/ros/humble /usr/bin/cmake --build /home/wellyowo/locobot_sim/locobot_ws/src/build/kobuki_random_walker -- -j16 -l16
[5.361s] INFO:colcon.colcon_ros.task.ament_cmake.build:Building ROS package in '/home/wellyowo/locobot_sim/locobot_ws/src/ThirdParty/openni2_camera/openni2_camera' with build type 'ament_cmake'
[5.361s] INFO:colcon.colcon_cmake.task.cmake.build:Building CMake package in '/home/wellyowo/locobot_sim/locobot_ws/src/ThirdParty/openni2_camera/openni2_camera'
[5.362s] INFO:colcon.colcon_core.shell:Skip shell extension 'powershell' for command environment: Not usable outside of PowerShell
[5.362s] DEBUG:colcon.colcon_core.shell:Skip shell extension 'dsv' for command environment
[5.384s] INFO:colcon.colcon_ros.task.ament_cmake.build:Building ROS package in '/home/wellyowo/locobot_sim/locobot_ws/src/kobuki' with build type 'ament_cmake'
[5.386s] INFO:colcon.colcon_cmake.task.cmake.build:Building CMake package in '/home/wellyowo/locobot_sim/locobot_ws/src/kobuki'
[5.386s] INFO:colcon.colcon_core.shell:Skip shell extension 'powershell' for command environment: Not usable outside of PowerShell
[5.386s] DEBUG:colcon.colcon_core.shell:Skip shell extension 'dsv' for command environment
[5.425s] DEBUG:colcon.colcon_core.event_handler.log_command:Invoking command in '/home/wellyowo/locobot_sim/locobot_ws/src/build/openni2_camera': CMAKE_PREFIX_PATH=/opt/ros/humble /usr/bin/cmake /home/wellyowo/locobot_sim/locobot_ws/src/ThirdParty/openni2_camera/openni2_camera -DCMAKE_INSTALL_PREFIX=/home/wellyowo/locobot_sim/locobot_ws/src/install/openni2_camera
[5.443s] DEBUG:colcon.colcon_core.event_handler.log_command:Invoking command in '/home/wellyowo/locobot_sim/locobot_ws/src/build/kobuki': AMENT_PREFIX_PATH=/home/wellyowo/locobot_sim/locobot_ws/src/install/kobuki_description:${AMENT_PREFIX_PATH} CMAKE_PREFIX_PATH=/home/wellyowo/locobot_sim/locobot_ws/src/install/kobuki_description:/opt/ros/humble /usr/bin/cmake /home/wellyowo/locobot_sim/locobot_ws/src/kobuki -DCMAKE_INSTALL_PREFIX=/home/wellyowo/locobot_sim/locobot_ws/src/install/kobuki
[5.461s] DEBUG:colcon.colcon_core.event_handler.log_command:Invoked command in '/home/wellyowo/locobot_sim/locobot_ws/src/build/ecl_command_line' returned '0': CMAKE_PREFIX_PATH=/opt/ros/humble /usr/bin/cmake --build /home/wellyowo/locobot_sim/locobot_ws/src/build/ecl_command_line -- -j16 -l16
[5.462s] DEBUG:colcon.colcon_core.event_handler.log_command:Invoking command in '/home/wellyowo/locobot_sim/locobot_ws/src/build/ecl_command_line': CMAKE_PREFIX_PATH=/opt/ros/humble /usr/bin/cmake --install /home/wellyowo/locobot_sim/locobot_ws/src/build/ecl_command_line
[5.656s] DEBUG:colcon.colcon_core.event_handler.log_command:Invoked command in '/home/wellyowo/locobot_sim/locobot_ws/src/build/interbotix_xs_msgs' returned '0': CMAKE_PREFIX_PATH=/opt/ros/humble /usr/bin/cmake /home/wellyowo/locobot_sim/locobot_ws/src/interbotix_ros_core/interbotix_ros_xseries/interbotix_xs_msgs -DCMAKE_INSTALL_PREFIX=/home/wellyowo/locobot_sim/locobot_ws/src/install/interbotix_xs_msgs
[5.657s] DEBUG:colcon.colcon_core.event_handler.log_command:Invoking command in '/home/wellyowo/locobot_sim/locobot_ws/src/build/interbotix_xs_msgs': CMAKE_PREFIX_PATH=/opt/ros/humble /usr/bin/cmake --build /home/wellyowo/locobot_sim/locobot_ws/src/build/interbotix_xs_msgs -- -j16 -l16
[7.783s] DEBUG:colcon.colcon_core.event_handler.log_command:Invoked command in '/home/wellyowo/locobot_sim/locobot_ws/src/build/astra_camera_msgs' returned '0': CMAKE_PREFIX_PATH=/opt/ros/humble /usr/bin/cmake /home/wellyowo/locobot_sim/locobot_ws/src/ThirdParty/ros_astra_camera/astra_camera_msgs -DCMAKE_INSTALL_PREFIX=/home/wellyowo/locobot_sim/locobot_ws/src/install/astra_camera_msgs
[7.783s] DEBUG:colcon.colcon_core.event_handler.log_command:Invoking command in '/home/wellyowo/locobot_sim/locobot_ws/src/build/astra_camera_msgs': CMAKE_PREFIX_PATH=/opt/ros/humble /usr/bin/cmake --build /home/wellyowo/locobot_sim/locobot_ws/src/build/astra_camera_msgs -- -j16 -l16
[8.502s] DEBUG:colcon.colcon_core.event_handler.log_command:Invoked command in '/home/wellyowo/locobot_sim/locobot_ws/src/build/ecl_config' returned '0': CMAKE_PREFIX_PATH=/opt/ros/humble /usr/bin/cmake /home/wellyowo/locobot_sim/locobot_ws/src/ThirdParty/ecl/ecl_lite/ecl_config -DCMAKE_INSTALL_PREFIX=/home/wellyowo/locobot_sim/locobot_ws/src/install/ecl_config
[8.503s] DEBUG:colcon.colcon_core.event_handler.log_command:Invoking command in '/home/wellyowo/locobot_sim/locobot_ws/src/build/ecl_config': CMAKE_PREFIX_PATH=/opt/ros/humble /usr/bin/cmake --build /home/wellyowo/locobot_sim/locobot_ws/src/build/ecl_config -- -j16 -l16
[11.424s] DEBUG:colcon.colcon_core.event_handler.log_command:Invoked command in '/home/wellyowo/locobot_sim/locobot_ws/src/build/interbotix_tf_tools' returned '0': CMAKE_PREFIX_PATH=/opt/ros/humble /usr/bin/cmake /home/wellyowo/locobot_sim/locobot_ws/src/interbotix_ros_toolboxes/interbotix_common_toolbox/interbotix_tf_tools -DCMAKE_INSTALL_PREFIX=/home/wellyowo/locobot_sim/locobot_ws/src/install/interbotix_tf_tools
[11.425s] DEBUG:colcon.colcon_core.event_handler.log_command:Invoking command in '/home/wellyowo/locobot_sim/locobot_ws/src/build/interbotix_tf_tools': CMAKE_PREFIX_PATH=/opt/ros/humble /usr/bin/cmake --build /home/wellyowo/locobot_sim/locobot_ws/src/build/interbotix_tf_tools -- -j16 -l16
[13.365s] DEBUG:colcon.colcon_core.event_handler.log_command:Invoked command in '/home/wellyowo/locobot_sim/locobot_ws/src/build/kobuki' returned '0': AMENT_PREFIX_PATH=/home/wellyowo/locobot_sim/locobot_ws/src/install/kobuki_description:${AMENT_PREFIX_PATH} CMAKE_PREFIX_PATH=/home/wellyowo/locobot_sim/locobot_ws/src/install/kobuki_description:/opt/ros/humble /usr/bin/cmake /home/wellyowo/locobot_sim/locobot_ws/src/kobuki -DCMAKE_INSTALL_PREFIX=/home/wellyowo/locobot_sim/locobot_ws/src/install/kobuki
[13.370s] DEBUG:colcon.colcon_core.event_handler.log_command:Invoking command in '/home/wellyowo/locobot_sim/locobot_ws/src/build/kobuki': AMENT_PREFIX_PATH=/home/wellyowo/locobot_sim/locobot_ws/src/install/kobuki_description:${AMENT_PREFIX_PATH} CMAKE_PREFIX_PATH=/home/wellyowo/locobot_sim/locobot_ws/src/install/kobuki_description:/opt/ros/humble /usr/bin/cmake --build /home/wellyowo/locobot_sim/locobot_ws/src/build/kobuki -- -j16 -l16
[13.404s] Level 1:colcon.colcon_core.environment:create_environment_scripts_only(ecl_command_line)
[13.405s] Level 1:colcon.colcon_core.environment:checking '/home/wellyowo/locobot_sim/locobot_ws/src/install/ecl_command_line' for CMake module files
[13.405s] Level 1:colcon.colcon_core.environment:checking '/home/wellyowo/locobot_sim/locobot_ws/src/install/ecl_command_line' for CMake config files
[13.406s] Level 1:colcon.colcon_core.shell:create_environment_hook('ecl_command_line', 'cmake_prefix_path')
[13.406s] INFO:colcon.colcon_core.shell:Creating environment hook '/home/wellyowo/locobot_sim/locobot_ws/src/install/ecl_command_line/share/ecl_command_line/hook/cmake_prefix_path.ps1'
[13.411s] INFO:colcon.colcon_core.shell:Creating environment descriptor '/home/wellyowo/locobot_sim/locobot_ws/src/install/ecl_command_line/share/ecl_command_line/hook/cmake_prefix_path.dsv'
[13.413s] DEBUG:colcon.colcon_core.event_handler.log_command:Invoked command in '/home/wellyowo/locobot_sim/locobot_ws/src/build/gazebo_plugins' returned '0': CMAKE_PREFIX_PATH=/opt/ros/humble /usr/bin/cmake /home/wellyowo/locobot_sim/locobot_ws/src/ThirdParty/gazebo_plugins/gazebo_plugins -DCMAKE_INSTALL_PREFIX=/home/wellyowo/locobot_sim/locobot_ws/src/install/gazebo_plugins
[13.414s] DEBUG:colcon.colcon_core.event_handler.log_command:Invoking command in '/home/wellyowo/locobot_sim/locobot_ws/src/build/gazebo_plugins': CMAKE_PREFIX_PATH=/opt/ros/humble /usr/bin/cmake --build /home/wellyowo/locobot_sim/locobot_ws/src/build/gazebo_plugins -- -j16 -l16
[13.414s] DEBUG:colcon.colcon_core.event_handler.log_command:Invoked command in '/home/wellyowo/locobot_sim/locobot_ws/src/build/ecl_command_line' returned '0': CMAKE_PREFIX_PATH=/opt/ros/humble /usr/bin/cmake --install /home/wellyowo/locobot_sim/locobot_ws/src/build/ecl_command_line
[13.415s] INFO:colcon.colcon_core.shell:Creating environment hook '/home/wellyowo/locobot_sim/locobot_ws/src/install/ecl_command_line/share/ecl_command_line/hook/cmake_prefix_path.sh'
[13.416s] Level 1:colcon.colcon_core.environment:checking '/home/wellyowo/locobot_sim/locobot_ws/src/install/ecl_command_line/lib'
[13.416s] Level 1:colcon.colcon_core.environment:checking '/home/wellyowo/locobot_sim/locobot_ws/src/install/ecl_command_line/bin'
[13.416s] Level 1:colcon.colcon_core.environment:checking '/home/wellyowo/locobot_sim/locobot_ws/src/install/ecl_command_line/lib/pkgconfig/ecl_command_line.pc'
[13.417s] Level 1:colcon.colcon_core.environment:checking '/home/wellyowo/locobot_sim/locobot_ws/src/install/ecl_command_line/lib/python3.10/site-packages'
[13.417s] Level 1:colcon.colcon_core.environment:checking '/home/wellyowo/locobot_sim/locobot_ws/src/install/ecl_command_line/bin'
[13.417s] INFO:colcon.colcon_core.shell:Creating package script '/home/wellyowo/locobot_sim/locobot_ws/src/install/ecl_command_line/share/ecl_command_line/package.ps1'
[13.427s] INFO:colcon.colcon_core.shell:Creating package descriptor '/home/wellyowo/locobot_sim/locobot_ws/src/install/ecl_command_line/share/ecl_command_line/package.dsv'
[13.435s] INFO:colcon.colcon_core.shell:Creating package script '/home/wellyowo/locobot_sim/locobot_ws/src/install/ecl_command_line/share/ecl_command_line/package.sh'
[13.442s] INFO:colcon.colcon_core.shell:Creating package script '/home/wellyowo/locobot_sim/locobot_ws/src/install/ecl_command_line/share/ecl_command_line/package.bash'
[13.443s] INFO:colcon.colcon_core.shell:Creating package script '/home/wellyowo/locobot_sim/locobot_ws/src/install/ecl_command_line/share/ecl_command_line/package.zsh'
[13.444s] Level 1:colcon.colcon_core.environment:create_file_with_runtime_dependencies(/home/wellyowo/locobot_sim/locobot_ws/src/install/ecl_command_line/share/colcon-core/packages/ecl_command_line)
[13.445s] Level 1:colcon.colcon_core.environment:create_environment_scripts_only(ecl_command_line)
[13.456s] Level 1:colcon.colcon_core.environment:checking '/home/wellyowo/locobot_sim/locobot_ws/src/install/ecl_command_line' for CMake module files
[13.457s] Level 1:colcon.colcon_core.environment:checking '/home/wellyowo/locobot_sim/locobot_ws/src/install/ecl_command_line' for CMake config files
[13.458s] Level 1:colcon.colcon_core.shell:create_environment_hook('ecl_command_line', 'cmake_prefix_path')
[13.458s] INFO:colcon.colcon_core.shell:Creating environment hook '/home/wellyowo/locobot_sim/locobot_ws/src/install/ecl_command_line/share/ecl_command_line/hook/cmake_prefix_path.ps1'
[13.459s] INFO:colcon.colcon_core.shell:Creating environment descriptor '/home/wellyowo/locobot_sim/locobot_ws/src/install/ecl_command_line/share/ecl_command_line/hook/cmake_prefix_path.dsv'
[13.466s] INFO:colcon.colcon_core.shell:Creating environment hook '/home/wellyowo/locobot_sim/locobot_ws/src/install/ecl_command_line/share/ecl_command_line/hook/cmake_prefix_path.sh'
[13.468s] Level 1:colcon.colcon_core.environment:checking '/home/wellyowo/locobot_sim/locobot_ws/src/install/ecl_command_line/lib'
[13.468s] Level 1:colcon.colcon_core.environment:checking '/home/wellyowo/locobot_sim/locobot_ws/src/install/ecl_command_line/bin'
[13.468s] Level 1:colcon.colcon_core.environment:checking '/home/wellyowo/locobot_sim/locobot_ws/src/install/ecl_command_line/lib/pkgconfig/ecl_command_line.pc'
[13.468s] Level 1:colcon.colcon_core.environment:checking '/home/wellyowo/locobot_sim/locobot_ws/src/install/ecl_command_line/lib/python3.10/site-packages'
[13.472s] Level 1:colcon.colcon_core.environment:checking '/home/wellyowo/locobot_sim/locobot_ws/src/install/ecl_command_line/bin'
[13.473s] INFO:colcon.colcon_core.shell:Creating package script '/home/wellyowo/locobot_sim/locobot_ws/src/install/ecl_command_line/share/ecl_command_line/package.ps1'
[13.474s] INFO:colcon.colcon_core.shell:Creating package descriptor '/home/wellyowo/locobot_sim/locobot_ws/src/install/ecl_command_line/share/ecl_command_line/package.dsv'
[13.474s] INFO:colcon.colcon_core.shell:Creating package script '/home/wellyowo/locobot_sim/locobot_ws/src/install/ecl_command_line/share/ecl_command_line/package.sh'
[13.479s] INFO:colcon.colcon_core.shell:Creating package script '/home/wellyowo/locobot_sim/locobot_ws/src/install/ecl_command_line/share/ecl_command_line/package.bash'
[13.480s] INFO:colcon.colcon_core.shell:Creating package script '/home/wellyowo/locobot_sim/locobot_ws/src/install/ecl_command_line/share/ecl_command_line/package.zsh'
[13.481s] Level 1:colcon.colcon_core.environment:create_file_with_runtime_dependencies(/home/wellyowo/locobot_sim/locobot_ws/src/install/ecl_command_line/share/colcon-core/packages/ecl_command_line)
[15.146s] DEBUG:colcon.colcon_core.event_handler.log_command:Invoked command in '/home/wellyowo/locobot_sim/locobot_ws/src/build/openni2_camera' returned '0': CMAKE_PREFIX_PATH=/opt/ros/humble /usr/bin/cmake /home/wellyowo/locobot_sim/locobot_ws/src/ThirdParty/openni2_camera/openni2_camera -DCMAKE_INSTALL_PREFIX=/home/wellyowo/locobot_sim/locobot_ws/src/install/openni2_camera
[15.153s] DEBUG:colcon.colcon_core.event_handler.log_command:Invoking command in '/home/wellyowo/locobot_sim/locobot_ws/src/build/openni2_camera': CMAKE_PREFIX_PATH=/opt/ros/humble /usr/bin/cmake --build /home/wellyowo/locobot_sim/locobot_ws/src/build/openni2_camera -- -j16 -l16
[23.196s] DEBUG:colcon.colcon_core.event_handler.log_command:Invoked command in '/home/wellyowo/locobot_sim/locobot_ws/src/build/ecl_mpl' returned '0': CMAKE_PREFIX_PATH=/opt/ros/humble /usr/bin/cmake --build /home/wellyowo/locobot_sim/locobot_ws/src/build/ecl_mpl -- -j16 -l16
[23.198s] DEBUG:colcon.colcon_core.event_handler.log_command:Invoking command in '/home/wellyowo/locobot_sim/locobot_ws/src/build/ecl_mpl': CMAKE_PREFIX_PATH=/opt/ros/humble /usr/bin/cmake --install /home/wellyowo/locobot_sim/locobot_ws/src/build/ecl_mpl
[25.639s] DEBUG:colcon.colcon_core.event_handler.log_command:Invoked command in '/home/wellyowo/locobot_sim/locobot_ws/src/build/moveit_visual_tools' returned '0': CMAKE_PREFIX_PATH=/opt/ros/humble /usr/bin/cmake /home/wellyowo/locobot_sim/locobot_ws/src/moveit_visual_tools -DCMAKE_INSTALL_PREFIX=/home/wellyowo/locobot_sim/locobot_ws/src/install/moveit_visual_tools
[25.640s] DEBUG:colcon.colcon_core.event_handler.log_command:Invoking command in '/home/wellyowo/locobot_sim/locobot_ws/src/build/moveit_visual_tools': CMAKE_PREFIX_PATH=/opt/ros/humble /usr/bin/cmake --build /home/wellyowo/locobot_sim/locobot_ws/src/build/moveit_visual_tools -- -j16 -l16
[40.487s] DEBUG:colcon.colcon_core.event_handler.log_command:Invoked command in '/home/wellyowo/locobot_sim/locobot_ws/src/build/astra_camera_msgs' returned '0': CMAKE_PREFIX_PATH=/opt/ros/humble /usr/bin/cmake --build /home/wellyowo/locobot_sim/locobot_ws/src/build/astra_camera_msgs -- -j16 -l16
[40.487s] DEBUG:colcon.colcon_core.event_handler.log_command:Invoking command in '/home/wellyowo/locobot_sim/locobot_ws/src/build/astra_camera_msgs': CMAKE_PREFIX_PATH=/opt/ros/humble /usr/bin/cmake --install /home/wellyowo/locobot_sim/locobot_ws/src/build/astra_camera_msgs
[42.534s] DEBUG:colcon.colcon_core.event_handler.log_command:Invoked command in '/home/wellyowo/locobot_sim/locobot_ws/src/build/ecl_config' returned '0': CMAKE_PREFIX_PATH=/opt/ros/humble /usr/bin/cmake --build /home/wellyowo/locobot_sim/locobot_ws/src/build/ecl_config -- -j16 -l16
[42.535s] DEBUG:colcon.colcon_core.event_handler.log_command:Invoking command in '/home/wellyowo/locobot_sim/locobot_ws/src/build/ecl_config': CMAKE_PREFIX_PATH=/opt/ros/humble /usr/bin/cmake --install /home/wellyowo/locobot_sim/locobot_ws/src/build/ecl_config
[60.248s] DEBUG:colcon.colcon_core.event_handler.log_command:Invoked command in '/home/wellyowo/locobot_sim/locobot_ws/src/build/rplidar_ros' returned '0': CMAKE_PREFIX_PATH=/opt/ros/humble /usr/bin/cmake --build /home/wellyowo/locobot_sim/locobot_ws/src/build/rplidar_ros -- -j16 -l16
[60.251s] DEBUG:colcon.colcon_core.event_handler.log_command:Invoking command in '/home/wellyowo/locobot_sim/locobot_ws/src/build/rplidar_ros': CMAKE_PREFIX_PATH=/opt/ros/humble /usr/bin/cmake --install /home/wellyowo/locobot_sim/locobot_ws/src/build/rplidar_ros
[63.025s] DEBUG:colcon.colcon_core.event_handler.log_command:Invoked command in '/home/wellyowo/locobot_sim/locobot_ws/src/build/kobuki_keyop' returned '0': CMAKE_PREFIX_PATH=/opt/ros/humble /usr/bin/cmake --build /home/wellyowo/locobot_sim/locobot_ws/src/build/kobuki_keyop -- -j16 -l16
[63.030s] DEBUG:colcon.colcon_core.event_handler.log_command:Invoking command in '/home/wellyowo/locobot_sim/locobot_ws/src/build/kobuki_keyop': CMAKE_PREFIX_PATH=/opt/ros/humble /usr/bin/cmake --install /home/wellyowo/locobot_sim/locobot_ws/src/build/kobuki_keyop
[63.031s] DEBUG:colcon.colcon_core.event_handler.log_command:Invoked command in '/home/wellyowo/locobot_sim/locobot_ws/src/build/ecl_mpl' returned '0': CMAKE_PREFIX_PATH=/opt/ros/humble /usr/bin/cmake --install /home/wellyowo/locobot_sim/locobot_ws/src/build/ecl_mpl
[63.029s] Level 1:colcon.colcon_core.environment:create_environment_scripts_only(ecl_mpl)
[63.031s] Level 1:colcon.colcon_core.environment:checking '/home/wellyowo/locobot_sim/locobot_ws/src/install/ecl_mpl' for CMake module files
[63.032s] Level 1:colcon.colcon_core.environment:checking '/home/wellyowo/locobot_sim/locobot_ws/src/install/ecl_mpl' for CMake config files
[63.032s] Level 1:colcon.colcon_core.shell:create_environment_hook('ecl_mpl', 'cmake_prefix_path')
[63.033s] INFO:colcon.colcon_core.shell:Creating environment hook '/home/wellyowo/locobot_sim/locobot_ws/src/install/ecl_mpl/share/ecl_mpl/hook/cmake_prefix_path.ps1'
[63.034s] INFO:colcon.colcon_core.shell:Creating environment descriptor '/home/wellyowo/locobot_sim/locobot_ws/src/install/ecl_mpl/share/ecl_mpl/hook/cmake_prefix_path.dsv'
[63.034s] INFO:colcon.colcon_core.shell:Creating environment hook '/home/wellyowo/locobot_sim/locobot_ws/src/install/ecl_mpl/share/ecl_mpl/hook/cmake_prefix_path.sh'
[63.041s] Level 1:colcon.colcon_core.environment:checking '/home/wellyowo/locobot_sim/locobot_ws/src/install/ecl_mpl/bin'
[63.041s] Level 1:colcon.colcon_core.environment:checking '/home/wellyowo/locobot_sim/locobot_ws/src/install/ecl_mpl/lib/pkgconfig/ecl_mpl.pc'
[63.041s] Level 1:colcon.colcon_core.environment:checking '/home/wellyowo/locobot_sim/locobot_ws/src/install/ecl_mpl/lib/python3.10/site-packages'
[63.042s] Level 1:colcon.colcon_core.environment:checking '/home/wellyowo/locobot_sim/locobot_ws/src/install/ecl_mpl/bin'
[63.042s] INFO:colcon.colcon_core.shell:Creating package script '/home/wellyowo/locobot_sim/locobot_ws/src/install/ecl_mpl/share/ecl_mpl/package.ps1'
[63.045s] INFO:colcon.colcon_core.shell:Creating package descriptor '/home/wellyowo/locobot_sim/locobot_ws/src/install/ecl_mpl/share/ecl_mpl/package.dsv'
[63.048s] INFO:colcon.colcon_core.shell:Creating package script '/home/wellyowo/locobot_sim/locobot_ws/src/install/ecl_mpl/share/ecl_mpl/package.sh'
[63.049s] INFO:colcon.colcon_core.shell:Creating package script '/home/wellyowo/locobot_sim/locobot_ws/src/install/ecl_mpl/share/ecl_mpl/package.bash'
[63.049s] INFO:colcon.colcon_core.shell:Creating package script '/home/wellyowo/locobot_sim/locobot_ws/src/install/ecl_mpl/share/ecl_mpl/package.zsh'
[63.049s] Level 1:colcon.colcon_core.environment:create_file_with_runtime_dependencies(/home/wellyowo/locobot_sim/locobot_ws/src/install/ecl_mpl/share/colcon-core/packages/ecl_mpl)
[63.053s] Level 1:colcon.colcon_core.environment:create_environment_scripts_only(ecl_mpl)
[63.055s] Level 1:colcon.colcon_core.environment:checking '/home/wellyowo/locobot_sim/locobot_ws/src/install/ecl_mpl' for CMake module files
[63.056s] Level 1:colcon.colcon_core.environment:checking '/home/wellyowo/locobot_sim/locobot_ws/src/install/ecl_mpl' for CMake config files
[63.056s] Level 1:colcon.colcon_core.shell:create_environment_hook('ecl_mpl', 'cmake_prefix_path')
[63.056s] INFO:colcon.colcon_core.shell:Creating environment hook '/home/wellyowo/locobot_sim/locobot_ws/src/install/ecl_mpl/share/ecl_mpl/hook/cmake_prefix_path.ps1'
[63.061s] INFO:colcon.colcon_core.shell:Creating environment descriptor '/home/wellyowo/locobot_sim/locobot_ws/src/install/ecl_mpl/share/ecl_mpl/hook/cmake_prefix_path.dsv'
[63.062s] INFO:colcon.colcon_core.shell:Creating environment hook '/home/wellyowo/locobot_sim/locobot_ws/src/install/ecl_mpl/share/ecl_mpl/hook/cmake_prefix_path.sh'
[63.063s] Level 1:colcon.colcon_core.environment:checking '/home/wellyowo/locobot_sim/locobot_ws/src/install/ecl_mpl/bin'
[63.063s] Level 1:colcon.colcon_core.environment:checking '/home/wellyowo/locobot_sim/locobot_ws/src/install/ecl_mpl/lib/pkgconfig/ecl_mpl.pc'
[63.063s] Level 1:colcon.colcon_core.environment:checking '/home/wellyowo/locobot_sim/locobot_ws/src/install/ecl_mpl/lib/python3.10/site-packages'
[63.064s] Level 1:colcon.colcon_core.environment:checking '/home/wellyowo/locobot_sim/locobot_ws/src/install/ecl_mpl/bin'
[63.064s] INFO:colcon.colcon_core.shell:Creating package script '/home/wellyowo/locobot_sim/locobot_ws/src/install/ecl_mpl/share/ecl_mpl/package.ps1'
[63.074s] INFO:colcon.colcon_core.shell:Creating package descriptor '/home/wellyowo/locobot_sim/locobot_ws/src/install/ecl_mpl/share/ecl_mpl/package.dsv'
[63.075s] INFO:colcon.colcon_core.shell:Creating package script '/home/wellyowo/locobot_sim/locobot_ws/src/install/ecl_mpl/share/ecl_mpl/package.sh'
[63.076s] INFO:colcon.colcon_core.shell:Creating package script '/home/wellyowo/locobot_sim/locobot_ws/src/install/ecl_mpl/share/ecl_mpl/package.bash'
[63.076s] INFO:colcon.colcon_core.shell:Creating package script '/home/wellyowo/locobot_sim/locobot_ws/src/install/ecl_mpl/share/ecl_mpl/package.zsh'
[63.081s] Level 1:colcon.colcon_core.environment:create_file_with_runtime_dependencies(/home/wellyowo/locobot_sim/locobot_ws/src/install/ecl_mpl/share/colcon-core/packages/ecl_mpl)
[66.024s] DEBUG:colcon.colcon_core.event_handler.log_command:Invoked command in '/home/wellyowo/locobot_sim/locobot_ws/src/build/interbotix_tf_tools' returned '0': CMAKE_PREFIX_PATH=/opt/ros/humble /usr/bin/cmake --build /home/wellyowo/locobot_sim/locobot_ws/src/build/interbotix_tf_tools -- -j16 -l16
[66.025s] DEBUG:colcon.colcon_core.event_handler.log_command:Invoking command in '/home/wellyowo/locobot_sim/locobot_ws/src/build/interbotix_tf_tools': CMAKE_PREFIX_PATH=/opt/ros/humble /usr/bin/cmake --install /home/wellyowo/locobot_sim/locobot_ws/src/build/interbotix_tf_tools
[66.344s] Level 1:colcon.colcon_core.environment:create_environment_scripts_only(astra_camera_msgs)
[66.345s] Level 1:colcon.colcon_core.environment:checking '/home/wellyowo/locobot_sim/locobot_ws/src/install/astra_camera_msgs' for CMake module files
[66.350s] Level 1:colcon.colcon_core.environment:checking '/home/wellyowo/locobot_sim/locobot_ws/src/install/astra_camera_msgs' for CMake config files
[66.351s] Level 1:colcon.colcon_core.shell:create_environment_hook('astra_camera_msgs', 'cmake_prefix_path')
[66.351s] INFO:colcon.colcon_core.shell:Creating environment hook '/home/wellyowo/locobot_sim/locobot_ws/src/install/astra_camera_msgs/share/astra_camera_msgs/hook/cmake_prefix_path.ps1'
[66.355s] DEBUG:colcon.colcon_core.event_handler.log_command:Invoked command in '/home/wellyowo/locobot_sim/locobot_ws/src/build/astra_camera_msgs' returned '0': CMAKE_PREFIX_PATH=/opt/ros/humble /usr/bin/cmake --install /home/wellyowo/locobot_sim/locobot_ws/src/build/astra_camera_msgs
[66.360s] INFO:colcon.colcon_core.shell:Creating environment descriptor '/home/wellyowo/locobot_sim/locobot_ws/src/install/astra_camera_msgs/share/astra_camera_msgs/hook/cmake_prefix_path.dsv'
[66.368s] INFO:colcon.colcon_core.shell:Creating environment hook '/home/wellyowo/locobot_sim/locobot_ws/src/install/astra_camera_msgs/share/astra_camera_msgs/hook/cmake_prefix_path.sh'
[66.369s] Level 1:colcon.colcon_core.environment:checking '/home/wellyowo/locobot_sim/locobot_ws/src/install/astra_camera_msgs/lib'
[66.369s] Level 1:colcon.colcon_core.shell:create_environment_hook('astra_camera_msgs', 'ld_library_path_lib')
[66.369s] INFO:colcon.colcon_core.shell:Creating environment hook '/home/wellyowo/locobot_sim/locobot_ws/src/install/astra_camera_msgs/share/astra_camera_msgs/hook/ld_library_path_lib.ps1'
[66.370s] INFO:colcon.colcon_core.shell:Creating environment descriptor '/home/wellyowo/locobot_sim/locobot_ws/src/install/astra_camera_msgs/share/astra_camera_msgs/hook/ld_library_path_lib.dsv'
[66.370s] INFO:colcon.colcon_core.shell:Creating environment hook '/home/wellyowo/locobot_sim/locobot_ws/src/install/astra_camera_msgs/share/astra_camera_msgs/hook/ld_library_path_lib.sh'
[66.377s] Level 1:colcon.colcon_core.environment:checking '/home/wellyowo/locobot_sim/locobot_ws/src/install/astra_camera_msgs/bin'
[66.378s] Level 1:colcon.colcon_core.environment:checking '/home/wellyowo/locobot_sim/locobot_ws/src/install/astra_camera_msgs/lib/pkgconfig/astra_camera_msgs.pc'
[66.378s] Level 1:colcon.colcon_core.environment:checking '/home/wellyowo/locobot_sim/locobot_ws/src/install/astra_camera_msgs/lib/python3.10/site-packages'
[66.378s] Level 1:colcon.colcon_core.environment:checking '/home/wellyowo/locobot_sim/locobot_ws/src/install/astra_camera_msgs/bin'
[66.379s] INFO:colcon.colcon_core.shell:Creating package script '/home/wellyowo/locobot_sim/locobot_ws/src/install/astra_camera_msgs/share/astra_camera_msgs/package.ps1'
[66.380s] INFO:colcon.colcon_core.shell:Creating package descriptor '/home/wellyowo/locobot_sim/locobot_ws/src/install/astra_camera_msgs/share/astra_camera_msgs/package.dsv'
[66.380s] INFO:colcon.colcon_core.shell:Creating package script '/home/wellyowo/locobot_sim/locobot_ws/src/install/astra_camera_msgs/share/astra_camera_msgs/package.sh'
[66.389s] INFO:colcon.colcon_core.shell:Creating package script '/home/wellyowo/locobot_sim/locobot_ws/src/install/astra_camera_msgs/share/astra_camera_msgs/package.bash'
[66.389s] INFO:colcon.colcon_core.shell:Creating package script '/home/wellyowo/locobot_sim/locobot_ws/src/install/astra_camera_msgs/share/astra_camera_msgs/package.zsh'
[66.390s] Level 1:colcon.colcon_core.environment:create_file_with_runtime_dependencies(/home/wellyowo/locobot_sim/locobot_ws/src/install/astra_camera_msgs/share/colcon-core/packages/astra_camera_msgs)
[66.399s] Level 1:colcon.colcon_core.environment:create_environment_scripts_only(astra_camera_msgs)
[66.399s] Level 1:colcon.colcon_core.environment:checking '/home/wellyowo/locobot_sim/locobot_ws/src/install/astra_camera_msgs' for CMake module files
[66.400s] Level 1:colcon.colcon_core.environment:checking '/home/wellyowo/locobot_sim/locobot_ws/src/install/astra_camera_msgs' for CMake config files
[66.401s] Level 1:colcon.colcon_core.shell:create_environment_hook('astra_camera_msgs', 'cmake_prefix_path')
[66.402s] INFO:colcon.colcon_core.shell:Creating environment hook '/home/wellyowo/locobot_sim/locobot_ws/src/install/astra_camera_msgs/share/astra_camera_msgs/hook/cmake_prefix_path.ps1'
[66.410s] INFO:colcon.colcon_core.shell:Creating environment descriptor '/home/wellyowo/locobot_sim/locobot_ws/src/install/astra_camera_msgs/share/astra_camera_msgs/hook/cmake_prefix_path.dsv'
[66.411s] INFO:colcon.colcon_core.shell:Creating environment hook '/home/wellyowo/locobot_sim/locobot_ws/src/install/astra_camera_msgs/share/astra_camera_msgs/hook/cmake_prefix_path.sh'
[66.412s] Level 1:colcon.colcon_core.environment:checking '/home/wellyowo/locobot_sim/locobot_ws/src/install/astra_camera_msgs/lib'
[66.412s] Level 1:colcon.colcon_core.shell:create_environment_hook('astra_camera_msgs', 'ld_library_path_lib')
[66.413s] INFO:colcon.colcon_core.shell:Creating environment hook '/home/wellyowo/locobot_sim/locobot_ws/src/install/astra_camera_msgs/share/astra_camera_msgs/hook/ld_library_path_lib.ps1'
[66.420s] INFO:colcon.colcon_core.shell:Creating environment descriptor '/home/wellyowo/locobot_sim/locobot_ws/src/install/astra_camera_msgs/share/astra_camera_msgs/hook/ld_library_path_lib.dsv'
[66.421s] INFO:colcon.colcon_core.shell:Creating environment hook '/home/wellyowo/locobot_sim/locobot_ws/src/install/astra_camera_msgs/share/astra_camera_msgs/hook/ld_library_path_lib.sh'
[66.421s] Level 1:colcon.colcon_core.environment:checking '/home/wellyowo/locobot_sim/locobot_ws/src/install/astra_camera_msgs/bin'
[66.421s] Level 1:colcon.colcon_core.environment:checking '/home/wellyowo/locobot_sim/locobot_ws/src/install/astra_camera_msgs/lib/pkgconfig/astra_camera_msgs.pc'
[66.422s] Level 1:colcon.colcon_core.environment:checking '/home/wellyowo/locobot_sim/locobot_ws/src/install/astra_camera_msgs/lib/python3.10/site-packages'
[66.422s] Level 1:colcon.colcon_core.environment:checking '/home/wellyowo/locobot_sim/locobot_ws/src/install/astra_camera_msgs/bin'
[66.422s] INFO:colcon.colcon_core.shell:Creating package script '/home/wellyowo/locobot_sim/locobot_ws/src/install/astra_camera_msgs/share/astra_camera_msgs/package.ps1'
[66.432s] INFO:colcon.colcon_core.shell:Creating package descriptor '/home/wellyowo/locobot_sim/locobot_ws/src/install/astra_camera_msgs/share/astra_camera_msgs/package.dsv'
[66.433s] INFO:colcon.colcon_core.shell:Creating package script '/home/wellyowo/locobot_sim/locobot_ws/src/install/astra_camera_msgs/share/astra_camera_msgs/package.sh'
[66.443s] INFO:colcon.colcon_core.shell:Creating package script '/home/wellyowo/locobot_sim/locobot_ws/src/install/astra_camera_msgs/share/astra_camera_msgs/package.bash'
[66.444s] INFO:colcon.colcon_core.shell:Creating package script '/home/wellyowo/locobot_sim/locobot_ws/src/install/astra_camera_msgs/share/astra_camera_msgs/package.zsh'
[66.444s] Level 1:colcon.colcon_core.environment:create_file_with_runtime_dependencies(/home/wellyowo/locobot_sim/locobot_ws/src/install/astra_camera_msgs/share/colcon-core/packages/astra_camera_msgs)
[66.452s] Level 1:colcon.colcon_core.environment:create_environment_scripts_only(ecl_config)
[66.453s] Level 1:colcon.colcon_core.environment:checking '/home/wellyowo/locobot_sim/locobot_ws/src/install/ecl_config' for CMake module files
[66.454s] Level 1:colcon.colcon_core.environment:checking '/home/wellyowo/locobot_sim/locobot_ws/src/install/ecl_config' for CMake config files
[66.454s] Level 1:colcon.colcon_core.shell:create_environment_hook('ecl_config', 'cmake_prefix_path')
[66.454s] INFO:colcon.colcon_core.shell:Creating environment hook '/home/wellyowo/locobot_sim/locobot_ws/src/install/ecl_config/share/ecl_config/hook/cmake_prefix_path.ps1'
[66.455s] INFO:colcon.colcon_core.shell:Creating environment descriptor '/home/wellyowo/locobot_sim/locobot_ws/src/install/ecl_config/share/ecl_config/hook/cmake_prefix_path.dsv'
[66.465s] DEBUG:colcon.colcon_core.event_handler.log_command:Invoked command in '/home/wellyowo/locobot_sim/locobot_ws/src/build/ecl_config' returned '0': CMAKE_PREFIX_PATH=/opt/ros/humble /usr/bin/cmake --install /home/wellyowo/locobot_sim/locobot_ws/src/build/ecl_config
[66.466s] INFO:colcon.colcon_core.shell:Creating environment hook '/home/wellyowo/locobot_sim/locobot_ws/src/install/ecl_config/share/ecl_config/hook/cmake_prefix_path.sh'
[66.467s] Level 1:colcon.colcon_core.environment:checking '/home/wellyowo/locobot_sim/locobot_ws/src/install/ecl_config/bin'
[66.467s] Level 1:colcon.colcon_core.shell:create_environment_hook('ecl_config', 'path')
[66.467s] INFO:colcon.colcon_core.shell:Creating environment hook '/home/wellyowo/locobot_sim/locobot_ws/src/install/ecl_config/share/ecl_config/hook/path.ps1'
[66.468s] INFO:colcon.colcon_core.shell:Creating environment descriptor '/home/wellyowo/locobot_sim/locobot_ws/src/install/ecl_config/share/ecl_config/hook/path.dsv'
[66.468s] INFO:colcon.colcon_core.shell:Creating environment hook '/home/wellyowo/locobot_sim/locobot_ws/src/install/ecl_config/share/ecl_config/hook/path.sh'
[66.476s] Level 1:colcon.colcon_core.environment:checking '/home/wellyowo/locobot_sim/locobot_ws/src/install/ecl_config/lib/pkgconfig/ecl_config.pc'
[66.477s] Level 1:colcon.colcon_core.environment:checking '/home/wellyowo/locobot_sim/locobot_ws/src/install/ecl_config/lib/python3.10/site-packages'
[66.477s] Level 1:colcon.colcon_core.environment:checking '/home/wellyowo/locobot_sim/locobot_ws/src/install/ecl_config/bin'
[66.477s] Level 1:colcon.colcon_core.shell:create_environment_hook('ecl_config', 'pythonscriptspath')
[66.477s] INFO:colcon.colcon_core.shell:Creating environment hook '/home/wellyowo/locobot_sim/locobot_ws/src/install/ecl_config/share/ecl_config/hook/pythonscriptspath.ps1'
[66.478s] INFO:colcon.colcon_core.shell:Creating environment descriptor '/home/wellyowo/locobot_sim/locobot_ws/src/install/ecl_config/share/ecl_config/hook/pythonscriptspath.dsv'
[66.479s] INFO:colcon.colcon_core.shell:Creating environment hook '/home/wellyowo/locobot_sim/locobot_ws/src/install/ecl_config/share/ecl_config/hook/pythonscriptspath.sh'
[66.479s] INFO:colcon.colcon_core.shell:Creating package script '/home/wellyowo/locobot_sim/locobot_ws/src/install/ecl_config/share/ecl_config/package.ps1'
[66.480s] INFO:colcon.colcon_core.shell:Creating package descriptor '/home/wellyowo/locobot_sim/locobot_ws/src/install/ecl_config/share/ecl_config/package.dsv'
[66.481s] INFO:colcon.colcon_core.shell:Creating package script '/home/wellyowo/locobot_sim/locobot_ws/src/install/ecl_config/share/ecl_config/package.sh'
[66.481s] INFO:colcon.colcon_core.shell:Creating package script '/home/wellyowo/locobot_sim/locobot_ws/src/install/ecl_config/share/ecl_config/package.bash'
[66.481s] INFO:colcon.colcon_core.shell:Creating package script '/home/wellyowo/locobot_sim/locobot_ws/src/install/ecl_config/share/ecl_config/package.zsh'
[66.482s] Level 1:colcon.colcon_core.environment:create_file_with_runtime_dependencies(/home/wellyowo/locobot_sim/locobot_ws/src/install/ecl_config/share/colcon-core/packages/ecl_config)
[66.483s] Level 1:colcon.colcon_core.environment:create_environment_scripts_only(ecl_config)
[66.483s] Level 1:colcon.colcon_core.environment:checking '/home/wellyowo/locobot_sim/locobot_ws/src/install/ecl_config' for CMake module files
[66.484s] Level 1:colcon.colcon_core.environment:checking '/home/wellyowo/locobot_sim/locobot_ws/src/install/ecl_config' for CMake config files
[66.484s] Level 1:colcon.colcon_core.shell:create_environment_hook('ecl_config', 'cmake_prefix_path')
[66.484s] INFO:colcon.colcon_core.shell:Creating environment hook '/home/wellyowo/locobot_sim/locobot_ws/src/install/ecl_config/share/ecl_config/hook/cmake_prefix_path.ps1'
[66.485s] INFO:colcon.colcon_core.shell:Creating environment descriptor '/home/wellyowo/locobot_sim/locobot_ws/src/install/ecl_config/share/ecl_config/hook/cmake_prefix_path.dsv'
[66.486s] INFO:colcon.colcon_core.shell:Creating environment hook '/home/wellyowo/locobot_sim/locobot_ws/src/install/ecl_config/share/ecl_config/hook/cmake_prefix_path.sh'
[66.486s] Level 1:colcon.colcon_core.environment:checking '/home/wellyowo/locobot_sim/locobot_ws/src/install/ecl_config/bin'
[66.487s] Level 1:colcon.colcon_core.shell:create_environment_hook('ecl_config', 'path')
[66.487s] INFO:colcon.colcon_core.shell:Creating environment hook '/home/wellyowo/locobot_sim/locobot_ws/src/install/ecl_config/share/ecl_config/hook/path.ps1'
[66.489s] INFO:colcon.colcon_core.shell:Creating environment descriptor '/home/wellyowo/locobot_sim/locobot_ws/src/install/ecl_config/share/ecl_config/hook/path.dsv'
[66.489s] INFO:colcon.colcon_core.shell:Creating environment hook '/home/wellyowo/locobot_sim/locobot_ws/src/install/ecl_config/share/ecl_config/hook/path.sh'
[66.489s] Level 1:colcon.colcon_core.environment:checking '/home/wellyowo/locobot_sim/locobot_ws/src/install/ecl_config/lib/pkgconfig/ecl_config.pc'
[66.490s] Level 1:colcon.colcon_core.environment:checking '/home/wellyowo/locobot_sim/locobot_ws/src/install/ecl_config/lib/python3.10/site-packages'
[66.490s] Level 1:colcon.colcon_core.environment:checking '/home/wellyowo/locobot_sim/locobot_ws/src/install/ecl_config/bin'
[66.490s] Level 1:colcon.colcon_core.shell:create_environment_hook('ecl_config', 'pythonscriptspath')
[66.493s] INFO:colcon.colcon_core.shell:Creating environment hook '/home/wellyowo/locobot_sim/locobot_ws/src/install/ecl_config/share/ecl_config/hook/pythonscriptspath.ps1'
[66.493s] INFO:colcon.colcon_core.shell:Creating environment descriptor '/home/wellyowo/locobot_sim/locobot_ws/src/install/ecl_config/share/ecl_config/hook/pythonscriptspath.dsv'
[66.494s] INFO:colcon.colcon_core.shell:Creating environment hook '/home/wellyowo/locobot_sim/locobot_ws/src/install/ecl_config/share/ecl_config/hook/pythonscriptspath.sh'
[66.495s] INFO:colcon.colcon_core.shell:Creating package script '/home/wellyowo/locobot_sim/locobot_ws/src/install/ecl_config/share/ecl_config/package.ps1'
[66.496s] INFO:colcon.colcon_core.shell:Creating package descriptor '/home/wellyowo/locobot_sim/locobot_ws/src/install/ecl_config/share/ecl_config/package.dsv'
[66.497s] INFO:colcon.colcon_core.shell:Creating package script '/home/wellyowo/locobot_sim/locobot_ws/src/install/ecl_config/share/ecl_config/package.sh'
[66.497s] INFO:colcon.colcon_core.shell:Creating package script '/home/wellyowo/locobot_sim/locobot_ws/src/install/ecl_config/share/ecl_config/package.bash'
[66.498s] INFO:colcon.colcon_core.shell:Creating package script '/home/wellyowo/locobot_sim/locobot_ws/src/install/ecl_config/share/ecl_config/package.zsh'
[66.499s] Level 1:colcon.colcon_core.environment:create_file_with_runtime_dependencies(/home/wellyowo/locobot_sim/locobot_ws/src/install/ecl_config/share/colcon-core/packages/ecl_config)
[66.502s] INFO:colcon.colcon_ros.task.ament_cmake.build:Building ROS package in '/home/wellyowo/locobot_sim/locobot_ws/src/ThirdParty/ecl/ecl_lite/ecl_errors' with build type 'ament_cmake'
[66.502s] INFO:colcon.colcon_cmake.task.cmake.build:Building CMake package in '/home/wellyowo/locobot_sim/locobot_ws/src/ThirdParty/ecl/ecl_lite/ecl_errors'
[66.503s] INFO:colcon.colcon_core.shell:Skip shell extension 'powershell' for command environment: Not usable outside of PowerShell
[66.503s] DEBUG:colcon.colcon_core.shell:Skip shell extension 'dsv' for command environment
[66.511s] INFO:colcon.colcon_ros.task.ament_cmake.build:Building ROS package in '/home/wellyowo/locobot_sim/locobot_ws/src/ThirdParty/ecl/ecl_core/ecl_type_traits' with build type 'ament_cmake'
[66.512s] INFO:colcon.colcon_cmake.task.cmake.build:Building CMake package in '/home/wellyowo/locobot_sim/locobot_ws/src/ThirdParty/ecl/ecl_core/ecl_type_traits'
[66.512s] INFO:colcon.colcon_core.shell:Skip shell extension 'powershell' for command environment: Not usable outside of PowerShell
[66.512s] DEBUG:colcon.colcon_core.shell:Skip shell extension 'dsv' for command environment
[66.534s] INFO:colcon.colcon_ros.task.ament_cmake.build:Building ROS package in '/home/wellyowo/locobot_sim/locobot_ws/src/ThirdParty/ecl/ecl_lite/ecl_console' with build type 'ament_cmake'
[66.535s] INFO:colcon.colcon_cmake.task.cmake.build:Building CMake package in '/home/wellyowo/locobot_sim/locobot_ws/src/ThirdParty/ecl/ecl_lite/ecl_console'
[66.536s] INFO:colcon.colcon_core.shell:Skip shell extension 'powershell' for command environment: Not usable outside of PowerShell
[66.536s] DEBUG:colcon.colcon_core.shell:Skip shell extension 'dsv' for command environment
[66.552s] INFO:colcon.colcon_ros.task.ament_cmake.build:Building ROS package in '/home/wellyowo/locobot_sim/locobot_ws/src/ThirdParty/ecl/ecl_lite/ecl_converters_lite' with build type 'ament_cmake'
[66.553s] INFO:colcon.colcon_cmake.task.cmake.build:Building CMake package in '/home/wellyowo/locobot_sim/locobot_ws/src/ThirdParty/ecl/ecl_lite/ecl_converters_lite'
[66.553s] INFO:colcon.colcon_core.shell:Skip shell extension 'powershell' for command environment: Not usable outside of PowerShell
[66.553s] DEBUG:colcon.colcon_core.shell:Skip shell extension 'dsv' for command environment
[66.569s] Level 1:colcon.colcon_core.environment:create_environment_scripts_only(rplidar_ros)
[66.571s] Level 1:colcon.colcon_core.environment:checking '/home/wellyowo/locobot_sim/locobot_ws/src/install/rplidar_ros' for CMake module files
[66.572s] Level 1:colcon.colcon_core.environment:checking '/home/wellyowo/locobot_sim/locobot_ws/src/install/rplidar_ros' for CMake config files
[66.573s] Level 1:colcon.colcon_core.shell:create_environment_hook('rplidar_ros', 'cmake_prefix_path')
[66.573s] INFO:colcon.colcon_core.shell:Creating environment hook '/home/wellyowo/locobot_sim/locobot_ws/src/install/rplidar_ros/share/rplidar_ros/hook/cmake_prefix_path.ps1'
[66.579s] DEBUG:colcon.colcon_core.event_handler.log_command:Invoked command in '/home/wellyowo/locobot_sim/locobot_ws/src/build/rplidar_ros' returned '0': CMAKE_PREFIX_PATH=/opt/ros/humble /usr/bin/cmake --install /home/wellyowo/locobot_sim/locobot_ws/src/build/rplidar_ros
[66.580s] INFO:colcon.colcon_core.shell:Creating environment descriptor '/home/wellyowo/locobot_sim/locobot_ws/src/install/rplidar_ros/share/rplidar_ros/hook/cmake_prefix_path.dsv'
[66.580s] INFO:colcon.colcon_core.shell:Creating environment hook '/home/wellyowo/locobot_sim/locobot_ws/src/install/rplidar_ros/share/rplidar_ros/hook/cmake_prefix_path.sh'
[66.581s] Level 1:colcon.colcon_core.environment:checking '/home/wellyowo/locobot_sim/locobot_ws/src/install/rplidar_ros/lib'
[66.581s] Level 1:colcon.colcon_core.environment:checking '/home/wellyowo/locobot_sim/locobot_ws/src/install/rplidar_ros/bin'
[66.582s] Level 1:colcon.colcon_core.environment:checking '/home/wellyowo/locobot_sim/locobot_ws/src/install/rplidar_ros/lib/pkgconfig/rplidar_ros.pc'
[66.582s] Level 1:colcon.colcon_core.environment:checking '/home/wellyowo/locobot_sim/locobot_ws/src/install/rplidar_ros/lib/python3.10/site-packages'
[66.582s] Level 1:colcon.colcon_core.environment:checking '/home/wellyowo/locobot_sim/locobot_ws/src/install/rplidar_ros/bin'
[66.583s] INFO:colcon.colcon_core.shell:Creating package script '/home/wellyowo/locobot_sim/locobot_ws/src/install/rplidar_ros/share/rplidar_ros/package.ps1'
[66.587s] INFO:colcon.colcon_core.shell:Creating package descriptor '/home/wellyowo/locobot_sim/locobot_ws/src/install/rplidar_ros/share/rplidar_ros/package.dsv'
[66.591s] INFO:colcon.colcon_core.shell:Creating package script '/home/wellyowo/locobot_sim/locobot_ws/src/install/rplidar_ros/share/rplidar_ros/package.sh'
[66.592s] INFO:colcon.colcon_core.shell:Creating package script '/home/wellyowo/locobot_sim/locobot_ws/src/install/rplidar_ros/share/rplidar_ros/package.bash'
[66.592s] INFO:colcon.colcon_core.shell:Creating package script '/home/wellyowo/locobot_sim/locobot_ws/src/install/rplidar_ros/share/rplidar_ros/package.zsh'
[66.593s] Level 1:colcon.colcon_core.environment:create_file_with_runtime_dependencies(/home/wellyowo/locobot_sim/locobot_ws/src/install/rplidar_ros/share/colcon-core/packages/rplidar_ros)
[66.594s] Level 1:colcon.colcon_core.environment:create_environment_scripts_only(rplidar_ros)
[66.594s] Level 1:colcon.colcon_core.environment:checking '/home/wellyowo/locobot_sim/locobot_ws/src/install/rplidar_ros' for CMake module files
[66.595s] Level 1:colcon.colcon_core.environment:checking '/home/wellyowo/locobot_sim/locobot_ws/src/install/rplidar_ros' for CMake config files
[66.595s] Level 1:colcon.colcon_core.shell:create_environment_hook('rplidar_ros', 'cmake_prefix_path')
[66.595s] INFO:colcon.colcon_core.shell:Creating environment hook '/home/wellyowo/locobot_sim/locobot_ws/src/install/rplidar_ros/share/rplidar_ros/hook/cmake_prefix_path.ps1'
[66.596s] INFO:colcon.colcon_core.shell:Creating environment descriptor '/home/wellyowo/locobot_sim/locobot_ws/src/install/rplidar_ros/share/rplidar_ros/hook/cmake_prefix_path.dsv'
[66.596s] INFO:colcon.colcon_core.shell:Creating environment hook '/home/wellyowo/locobot_sim/locobot_ws/src/install/rplidar_ros/share/rplidar_ros/hook/cmake_prefix_path.sh'
[66.605s] Level 1:colcon.colcon_core.environment:checking '/home/wellyowo/locobot_sim/locobot_ws/src/install/rplidar_ros/lib'
[66.606s] Level 1:colcon.colcon_core.environment:checking '/home/wellyowo/locobot_sim/locobot_ws/src/install/rplidar_ros/bin'
[66.606s] Level 1:colcon.colcon_core.environment:checking '/home/wellyowo/locobot_sim/locobot_ws/src/install/rplidar_ros/lib/pkgconfig/rplidar_ros.pc'
[66.606s] Level 1:colcon.colcon_core.environment:checking '/home/wellyowo/locobot_sim/locobot_ws/src/install/rplidar_ros/lib/python3.10/site-packages'
[66.606s] Level 1:colcon.colcon_core.environment:checking '/home/wellyowo/locobot_sim/locobot_ws/src/install/rplidar_ros/bin'
[66.607s] INFO:colcon.colcon_core.shell:Creating package script '/home/wellyowo/locobot_sim/locobot_ws/src/install/rplidar_ros/share/rplidar_ros/package.ps1'
[66.608s] INFO:colcon.colcon_core.shell:Creating package descriptor '/home/wellyowo/locobot_sim/locobot_ws/src/install/rplidar_ros/share/rplidar_ros/package.dsv'
[66.611s] INFO:colcon.colcon_core.shell:Creating package script '/home/wellyowo/locobot_sim/locobot_ws/src/install/rplidar_ros/share/rplidar_ros/package.sh'
[66.611s] INFO:colcon.colcon_core.shell:Creating package script '/home/wellyowo/locobot_sim/locobot_ws/src/install/rplidar_ros/share/rplidar_ros/package.bash'
[66.612s] INFO:colcon.colcon_core.shell:Creating package script '/home/wellyowo/locobot_sim/locobot_ws/src/install/rplidar_ros/share/rplidar_ros/package.zsh'
[66.616s] Level 1:colcon.colcon_core.environment:create_file_with_runtime_dependencies(/home/wellyowo/locobot_sim/locobot_ws/src/install/rplidar_ros/share/colcon-core/packages/rplidar_ros)
[66.616s] Level 1:colcon.colcon_core.environment:create_environment_scripts_only(kobuki_keyop)
[66.617s] Level 1:colcon.colcon_core.environment:checking '/home/wellyowo/locobot_sim/locobot_ws/src/install/kobuki_keyop' for CMake module files
[66.618s] Level 1:colcon.colcon_core.environment:checking '/home/wellyowo/locobot_sim/locobot_ws/src/install/kobuki_keyop' for CMake config files
[66.618s] Level 1:colcon.colcon_core.shell:create_environment_hook('kobuki_keyop', 'cmake_prefix_path')
[66.618s] INFO:colcon.colcon_core.shell:Creating environment hook '/home/wellyowo/locobot_sim/locobot_ws/src/install/kobuki_keyop/share/kobuki_keyop/hook/cmake_prefix_path.ps1'
[66.619s] INFO:colcon.colcon_core.shell:Creating environment descriptor '/home/wellyowo/locobot_sim/locobot_ws/src/install/kobuki_keyop/share/kobuki_keyop/hook/cmake_prefix_path.dsv'
[66.631s] INFO:colcon.colcon_core.shell:Creating environment hook '/home/wellyowo/locobot_sim/locobot_ws/src/install/kobuki_keyop/share/kobuki_keyop/hook/cmake_prefix_path.sh'
[66.633s] Level 1:colcon.colcon_core.environment:checking '/home/wellyowo/locobot_sim/locobot_ws/src/install/kobuki_keyop/lib'
[66.633s] Level 1:colcon.colcon_core.shell:create_environment_hook('kobuki_keyop', 'ld_library_path_lib')
[66.633s] INFO:colcon.colcon_core.shell:Creating environment hook '/home/wellyowo/locobot_sim/locobot_ws/src/install/kobuki_keyop/share/kobuki_keyop/hook/ld_library_path_lib.ps1'
[66.634s] INFO:colcon.colcon_core.shell:Creating environment descriptor '/home/wellyowo/locobot_sim/locobot_ws/src/install/kobuki_keyop/share/kobuki_keyop/hook/ld_library_path_lib.dsv'
[66.634s] INFO:colcon.colcon_core.shell:Creating environment hook '/home/wellyowo/locobot_sim/locobot_ws/src/install/kobuki_keyop/share/kobuki_keyop/hook/ld_library_path_lib.sh'
[66.643s] DEBUG:colcon.colcon_core.event_handler.log_command:Invoked command in '/home/wellyowo/locobot_sim/locobot_ws/src/build/kobuki_keyop' returned '0': CMAKE_PREFIX_PATH=/opt/ros/humble /usr/bin/cmake --install /home/wellyowo/locobot_sim/locobot_ws/src/build/kobuki_keyop
[66.643s] Level 1:colcon.colcon_core.environment:checking '/home/wellyowo/locobot_sim/locobot_ws/src/install/kobuki_keyop/bin'
[66.643s] Level 1:colcon.colcon_core.environment:checking '/home/wellyowo/locobot_sim/locobot_ws/src/install/kobuki_keyop/lib/pkgconfig/kobuki_keyop.pc'
[66.644s] Level 1:colcon.colcon_core.environment:checking '/home/wellyowo/locobot_sim/locobot_ws/src/install/kobuki_keyop/lib/python3.10/site-packages'
[66.644s] Level 1:colcon.colcon_core.environment:checking '/home/wellyowo/locobot_sim/locobot_ws/src/install/kobuki_keyop/bin'
[66.645s] INFO:colcon.colcon_core.shell:Creating package script '/home/wellyowo/locobot_sim/locobot_ws/src/install/kobuki_keyop/share/kobuki_keyop/package.ps1'
[66.650s] INFO:colcon.colcon_core.shell:Creating package descriptor '/home/wellyowo/locobot_sim/locobot_ws/src/install/kobuki_keyop/share/kobuki_keyop/package.dsv'
[66.651s] INFO:colcon.colcon_core.shell:Creating package script '/home/wellyowo/locobot_sim/locobot_ws/src/install/kobuki_keyop/share/kobuki_keyop/package.sh'
[66.652s] INFO:colcon.colcon_core.shell:Creating package script '/home/wellyowo/locobot_sim/locobot_ws/src/install/kobuki_keyop/share/kobuki_keyop/package.bash'
[66.652s] INFO:colcon.colcon_core.shell:Creating package script '/home/wellyowo/locobot_sim/locobot_ws/src/install/kobuki_keyop/share/kobuki_keyop/package.zsh'
[66.653s] Level 1:colcon.colcon_core.environment:create_file_with_runtime_dependencies(/home/wellyowo/locobot_sim/locobot_ws/src/install/kobuki_keyop/share/colcon-core/packages/kobuki_keyop)
[66.657s] Level 1:colcon.colcon_core.environment:create_environment_scripts_only(kobuki_keyop)
[66.658s] Level 1:colcon.colcon_core.environment:checking '/home/wellyowo/locobot_sim/locobot_ws/src/install/kobuki_keyop' for CMake module files
[66.658s] Level 1:colcon.colcon_core.environment:checking '/home/wellyowo/locobot_sim/locobot_ws/src/install/kobuki_keyop' for CMake config files
[66.659s] Level 1:colcon.colcon_core.shell:create_environment_hook('kobuki_keyop', 'cmake_prefix_path')
[66.659s] INFO:colcon.colcon_core.shell:Creating environment hook '/home/wellyowo/locobot_sim/locobot_ws/src/install/kobuki_keyop/share/kobuki_keyop/hook/cmake_prefix_path.ps1'
[66.660s] INFO:colcon.colcon_core.shell:Creating environment descriptor '/home/wellyowo/locobot_sim/locobot_ws/src/install/kobuki_keyop/share/kobuki_keyop/hook/cmake_prefix_path.dsv'
[66.665s] INFO:colcon.colcon_core.shell:Creating environment hook '/home/wellyowo/locobot_sim/locobot_ws/src/install/kobuki_keyop/share/kobuki_keyop/hook/cmake_prefix_path.sh'
[66.667s] Level 1:colcon.colcon_core.environment:checking '/home/wellyowo/locobot_sim/locobot_ws/src/install/kobuki_keyop/lib'
[66.667s] Level 1:colcon.colcon_core.shell:create_environment_hook('kobuki_keyop', 'ld_library_path_lib')
[66.667s] INFO:colcon.colcon_core.shell:Creating environment hook '/home/wellyowo/locobot_sim/locobot_ws/src/install/kobuki_keyop/share/kobuki_keyop/hook/ld_library_path_lib.ps1'
[66.668s] INFO:colcon.colcon_core.shell:Creating environment descriptor '/home/wellyowo/locobot_sim/locobot_ws/src/install/kobuki_keyop/share/kobuki_keyop/hook/ld_library_path_lib.dsv'
[66.668s] INFO:colcon.colcon_core.shell:Creating environment hook '/home/wellyowo/locobot_sim/locobot_ws/src/install/kobuki_keyop/share/kobuki_keyop/hook/ld_library_path_lib.sh'
[66.668s] Level 1:colcon.colcon_core.environment:checking '/home/wellyowo/locobot_sim/locobot_ws/src/install/kobuki_keyop/bin'
[66.668s] Level 1:colcon.colcon_core.environment:checking '/home/wellyowo/locobot_sim/locobot_ws/src/install/kobuki_keyop/lib/pkgconfig/kobuki_keyop.pc'
[66.673s] Level 1:colcon.colcon_core.environment:checking '/home/wellyowo/locobot_sim/locobot_ws/src/install/kobuki_keyop/lib/python3.10/site-packages'
[66.673s] Level 1:colcon.colcon_core.environment:checking '/home/wellyowo/locobot_sim/locobot_ws/src/install/kobuki_keyop/bin'
[66.674s] INFO:colcon.colcon_core.shell:Creating package script '/home/wellyowo/locobot_sim/locobot_ws/src/install/kobuki_keyop/share/kobuki_keyop/package.ps1'
[66.675s] INFO:colcon.colcon_core.shell:Creating package descriptor '/home/wellyowo/locobot_sim/locobot_ws/src/install/kobuki_keyop/share/kobuki_keyop/package.dsv'
[66.675s] INFO:colcon.colcon_core.shell:Creating package script '/home/wellyowo/locobot_sim/locobot_ws/src/install/kobuki_keyop/share/kobuki_keyop/package.sh'
[66.680s] INFO:colcon.colcon_core.shell:Creating package script '/home/wellyowo/locobot_sim/locobot_ws/src/install/kobuki_keyop/share/kobuki_keyop/package.bash'
[66.681s] INFO:colcon.colcon_core.shell:Creating package script '/home/wellyowo/locobot_sim/locobot_ws/src/install/kobuki_keyop/share/kobuki_keyop/package.zsh'
[66.681s] Level 1:colcon.colcon_core.environment:create_file_with_runtime_dependencies(/home/wellyowo/locobot_sim/locobot_ws/src/install/kobuki_keyop/share/colcon-core/packages/kobuki_keyop)
[66.682s] Level 1:colcon.colcon_core.environment:create_environment_scripts_only(interbotix_tf_tools)
[66.682s] Level 1:colcon.colcon_core.environment:checking '/home/wellyowo/locobot_sim/locobot_ws/src/install/interbotix_tf_tools' for CMake module files
[66.688s] Level 1:colcon.colcon_core.environment:checking '/home/wellyowo/locobot_sim/locobot_ws/src/install/interbotix_tf_tools' for CMake config files
[66.688s] Level 1:colcon.colcon_core.shell:create_environment_hook('interbotix_tf_tools', 'cmake_prefix_path')
[66.688s] INFO:colcon.colcon_core.shell:Creating environment hook '/home/wellyowo/locobot_sim/locobot_ws/src/install/interbotix_tf_tools/share/interbotix_tf_tools/hook/cmake_prefix_path.ps1'
[66.689s] INFO:colcon.colcon_core.shell:Creating environment descriptor '/home/wellyowo/locobot_sim/locobot_ws/src/install/interbotix_tf_tools/share/interbotix_tf_tools/hook/cmake_prefix_path.dsv'
[66.690s] INFO:colcon.colcon_core.shell:Creating environment hook '/home/wellyowo/locobot_sim/locobot_ws/src/install/interbotix_tf_tools/share/interbotix_tf_tools/hook/cmake_prefix_path.sh'
[66.690s] Level 1:colcon.colcon_core.environment:checking '/home/wellyowo/locobot_sim/locobot_ws/src/install/interbotix_tf_tools/lib'
[66.690s] Level 1:colcon.colcon_core.shell:create_environment_hook('interbotix_tf_tools', 'ld_library_path_lib')
[66.695s] INFO:colcon.colcon_core.shell:Creating environment hook '/home/wellyowo/locobot_sim/locobot_ws/src/install/interbotix_tf_tools/share/interbotix_tf_tools/hook/ld_library_path_lib.ps1'
[66.696s] INFO:colcon.colcon_core.shell:Creating environment descriptor '/home/wellyowo/locobot_sim/locobot_ws/src/install/interbotix_tf_tools/share/interbotix_tf_tools/hook/ld_library_path_lib.dsv'
[66.696s] INFO:colcon.colcon_core.shell:Creating environment hook '/home/wellyowo/locobot_sim/locobot_ws/src/install/interbotix_tf_tools/share/interbotix_tf_tools/hook/ld_library_path_lib.sh'
[66.697s] Level 1:colcon.colcon_core.environment:checking '/home/wellyowo/locobot_sim/locobot_ws/src/install/interbotix_tf_tools/bin'
[66.697s] Level 1:colcon.colcon_core.environment:checking '/home/wellyowo/locobot_sim/locobot_ws/src/install/interbotix_tf_tools/lib/pkgconfig/interbotix_tf_tools.pc'
[66.697s] Level 1:colcon.colcon_core.environment:checking '/home/wellyowo/locobot_sim/locobot_ws/src/install/interbotix_tf_tools/lib/python3.10/site-packages'
[66.697s] Level 1:colcon.colcon_core.environment:checking '/home/wellyowo/locobot_sim/locobot_ws/src/install/interbotix_tf_tools/bin'
[66.702s] INFO:colcon.colcon_core.shell:Creating package script '/home/wellyowo/locobot_sim/locobot_ws/src/install/interbotix_tf_tools/share/interbotix_tf_tools/package.ps1'
[66.703s] INFO:colcon.colcon_core.shell:Creating package descriptor '/home/wellyowo/locobot_sim/locobot_ws/src/install/interbotix_tf_tools/share/interbotix_tf_tools/package.dsv'
[66.704s] INFO:colcon.colcon_core.shell:Creating package script '/home/wellyowo/locobot_sim/locobot_ws/src/install/interbotix_tf_tools/share/interbotix_tf_tools/package.sh'
[66.704s] INFO:colcon.colcon_core.shell:Creating package script '/home/wellyowo/locobot_sim/locobot_ws/src/install/interbotix_tf_tools/share/interbotix_tf_tools/package.bash'
[66.705s] INFO:colcon.colcon_core.shell:Creating package script '/home/wellyowo/locobot_sim/locobot_ws/src/install/interbotix_tf_tools/share/interbotix_tf_tools/package.zsh'
[66.706s] DEBUG:colcon.colcon_core.event_handler.log_command:Invoked command in '/home/wellyowo/locobot_sim/locobot_ws/src/build/interbotix_tf_tools' returned '0': CMAKE_PREFIX_PATH=/opt/ros/humble /usr/bin/cmake --install /home/wellyowo/locobot_sim/locobot_ws/src/build/interbotix_tf_tools
[66.706s] Level 1:colcon.colcon_core.environment:create_file_with_runtime_dependencies(/home/wellyowo/locobot_sim/locobot_ws/src/install/interbotix_tf_tools/share/colcon-core/packages/interbotix_tf_tools)
[66.707s] Level 1:colcon.colcon_core.environment:create_environment_scripts_only(interbotix_tf_tools)
[66.708s] Level 1:colcon.colcon_core.environment:checking '/home/wellyowo/locobot_sim/locobot_ws/src/install/interbotix_tf_tools' for CMake module files
[66.708s] Level 1:colcon.colcon_core.environment:checking '/home/wellyowo/locobot_sim/locobot_ws/src/install/interbotix_tf_tools' for CMake config files
[66.708s] Level 1:colcon.colcon_core.shell:create_environment_hook('interbotix_tf_tools', 'cmake_prefix_path')
[66.709s] INFO:colcon.colcon_core.shell:Creating environment hook '/home/wellyowo/locobot_sim/locobot_ws/src/install/interbotix_tf_tools/share/interbotix_tf_tools/hook/cmake_prefix_path.ps1'
[66.709s] INFO:colcon.colcon_core.shell:Creating environment descriptor '/home/wellyowo/locobot_sim/locobot_ws/src/install/interbotix_tf_tools/share/interbotix_tf_tools/hook/cmake_prefix_path.dsv'
[66.714s] INFO:colcon.colcon_core.shell:Creating environment hook '/home/wellyowo/locobot_sim/locobot_ws/src/install/interbotix_tf_tools/share/interbotix_tf_tools/hook/cmake_prefix_path.sh'
[66.715s] Level 1:colcon.colcon_core.environment:checking '/home/wellyowo/locobot_sim/locobot_ws/src/install/interbotix_tf_tools/lib'
[66.715s] Level 1:colcon.colcon_core.shell:create_environment_hook('interbotix_tf_tools', 'ld_library_path_lib')
[66.716s] INFO:colcon.colcon_core.shell:Creating environment hook '/home/wellyowo/locobot_sim/locobot_ws/src/install/interbotix_tf_tools/share/interbotix_tf_tools/hook/ld_library_path_lib.ps1'
[66.716s] INFO:colcon.colcon_core.shell:Creating environment descriptor '/home/wellyowo/locobot_sim/locobot_ws/src/install/interbotix_tf_tools/share/interbotix_tf_tools/hook/ld_library_path_lib.dsv'
[66.721s] INFO:colcon.colcon_core.shell:Creating environment hook '/home/wellyowo/locobot_sim/locobot_ws/src/install/interbotix_tf_tools/share/interbotix_tf_tools/hook/ld_library_path_lib.sh'
[66.722s] Level 1:colcon.colcon_core.environment:checking '/home/wellyowo/locobot_sim/locobot_ws/src/install/interbotix_tf_tools/bin'
[66.722s] Level 1:colcon.colcon_core.environment:checking '/home/wellyowo/locobot_sim/locobot_ws/src/install/interbotix_tf_tools/lib/pkgconfig/interbotix_tf_tools.pc'
[66.722s] Level 1:colcon.colcon_core.environment:checking '/home/wellyowo/locobot_sim/locobot_ws/src/install/interbotix_tf_tools/lib/python3.10/site-packages'
[66.722s] Level 1:colcon.colcon_core.environment:checking '/home/wellyowo/locobot_sim/locobot_ws/src/install/interbotix_tf_tools/bin'
[66.723s] INFO:colcon.colcon_core.shell:Creating package script '/home/wellyowo/locobot_sim/locobot_ws/src/install/interbotix_tf_tools/share/interbotix_tf_tools/package.ps1'
[66.724s] INFO:colcon.colcon_core.shell:Creating package descriptor '/home/wellyowo/locobot_sim/locobot_ws/src/install/interbotix_tf_tools/share/interbotix_tf_tools/package.dsv'
[66.724s] INFO:colcon.colcon_core.shell:Creating package script '/home/wellyowo/locobot_sim/locobot_ws/src/install/interbotix_tf_tools/share/interbotix_tf_tools/package.sh'
[66.729s] INFO:colcon.colcon_core.shell:Creating package script '/home/wellyowo/locobot_sim/locobot_ws/src/install/interbotix_tf_tools/share/interbotix_tf_tools/package.bash'
[66.730s] INFO:colcon.colcon_core.shell:Creating package script '/home/wellyowo/locobot_sim/locobot_ws/src/install/interbotix_tf_tools/share/interbotix_tf_tools/package.zsh'
[66.731s] Level 1:colcon.colcon_core.environment:create_file_with_runtime_dependencies(/home/wellyowo/locobot_sim/locobot_ws/src/install/interbotix_tf_tools/share/colcon-core/packages/interbotix_tf_tools)
[66.738s] INFO:colcon.colcon_ros.task.ament_cmake.build:Building ROS package in '/home/wellyowo/locobot_sim/locobot_ws/src/ThirdParty/ros_astra_camera/astra_camera' with build type 'ament_cmake'
[66.738s] INFO:colcon.colcon_cmake.task.cmake.build:Building CMake package in '/home/wellyowo/locobot_sim/locobot_ws/src/ThirdParty/ros_astra_camera/astra_camera'
[66.739s] INFO:colcon.colcon_core.shell:Skip shell extension 'powershell' for command environment: Not usable outside of PowerShell
[66.739s] DEBUG:colcon.colcon_core.shell:Skip shell extension 'dsv' for command environment
[66.774s] DEBUG:colcon.colcon_core.event_handler.log_command:Invoking command in '/home/wellyowo/locobot_sim/locobot_ws/src/build/ecl_errors': AMENT_PREFIX_PATH=/home/wellyowo/locobot_sim/locobot_ws/src/install/ecl_config:${AMENT_PREFIX_PATH} CMAKE_PREFIX_PATH=/home/wellyowo/locobot_sim/locobot_ws/src/install/ecl_config:/opt/ros/humble PATH=/home/wellyowo/locobot_sim/locobot_ws/src/install/ecl_config/bin:${PATH} /usr/bin/cmake /home/wellyowo/locobot_sim/locobot_ws/src/ThirdParty/ecl/ecl_lite/ecl_errors -DCMAKE_INSTALL_PREFIX=/home/wellyowo/locobot_sim/locobot_ws/src/install/ecl_errors
[66.790s] DEBUG:colcon.colcon_core.event_handler.log_command:Invoking command in '/home/wellyowo/locobot_sim/locobot_ws/src/build/ecl_type_traits': AMENT_PREFIX_PATH=/home/wellyowo/locobot_sim/locobot_ws/src/install/ecl_mpl:/home/wellyowo/locobot_sim/locobot_ws/src/install/ecl_config:${AMENT_PREFIX_PATH} CMAKE_PREFIX_PATH=/home/wellyowo/locobot_sim/locobot_ws/src/install/ecl_mpl:/home/wellyowo/locobot_sim/locobot_ws/src/install/ecl_config:/opt/ros/humble PATH=/home/wellyowo/locobot_sim/locobot_ws/src/install/ecl_config/bin:${PATH} /usr/bin/cmake /home/wellyowo/locobot_sim/locobot_ws/src/ThirdParty/ecl/ecl_core/ecl_type_traits -DCMAKE_INSTALL_PREFIX=/home/wellyowo/locobot_sim/locobot_ws/src/install/ecl_type_traits
[66.800s] DEBUG:colcon.colcon_core.event_handler.log_command:Invoking command in '/home/wellyowo/locobot_sim/locobot_ws/src/build/ecl_console': AMENT_PREFIX_PATH=/home/wellyowo/locobot_sim/locobot_ws/src/install/ecl_config:${AMENT_PREFIX_PATH} CMAKE_PREFIX_PATH=/home/wellyowo/locobot_sim/locobot_ws/src/install/ecl_config:/opt/ros/humble PATH=/home/wellyowo/locobot_sim/locobot_ws/src/install/ecl_config/bin:${PATH} /usr/bin/cmake /home/wellyowo/locobot_sim/locobot_ws/src/ThirdParty/ecl/ecl_lite/ecl_console -DCMAKE_INSTALL_PREFIX=/home/wellyowo/locobot_sim/locobot_ws/src/install/ecl_console
[66.819s] DEBUG:colcon.colcon_core.event_handler.log_command:Invoking command in '/home/wellyowo/locobot_sim/locobot_ws/src/build/ecl_converters_lite': AMENT_PREFIX_PATH=/home/wellyowo/locobot_sim/locobot_ws/src/install/ecl_config:${AMENT_PREFIX_PATH} CMAKE_PREFIX_PATH=/home/wellyowo/locobot_sim/locobot_ws/src/install/ecl_config:/opt/ros/humble PATH=/home/wellyowo/locobot_sim/locobot_ws/src/install/ecl_config/bin:${PATH} /usr/bin/cmake /home/wellyowo/locobot_sim/locobot_ws/src/ThirdParty/ecl/ecl_lite/ecl_converters_lite -DCMAKE_INSTALL_PREFIX=/home/wellyowo/locobot_sim/locobot_ws/src/install/ecl_converters_lite
[66.844s] DEBUG:colcon.colcon_core.event_handler.log_command:Invoking command in '/home/wellyowo/locobot_sim/locobot_ws/src/build/astra_camera': AMENT_PREFIX_PATH=/home/wellyowo/locobot_sim/locobot_ws/src/install/astra_camera_msgs:${AMENT_PREFIX_PATH} CMAKE_PREFIX_PATH=/home/wellyowo/locobot_sim/locobot_ws/src/install/astra_camera_msgs:/opt/ros/humble LD_LIBRARY_PATH=/home/wellyowo/locobot_sim/locobot_ws/src/install/astra_camera_msgs/lib:${LD_LIBRARY_PATH} PYTHONPATH=/home/wellyowo/locobot_sim/locobot_ws/src/install/astra_camera_msgs/local/lib/python3.10/dist-packages:${PYTHONPATH} /usr/bin/cmake /home/wellyowo/locobot_sim/locobot_ws/src/ThirdParty/ros_astra_camera/astra_camera -DCMAKE_INSTALL_PREFIX=/home/wellyowo/locobot_sim/locobot_ws/src/install/astra_camera
[69.047s] DEBUG:colcon.colcon_core.event_handler.log_command:Invoked command in '/home/wellyowo/locobot_sim/locobot_ws/src/build/ecl_errors' returned '0': AMENT_PREFIX_PATH=/home/wellyowo/locobot_sim/locobot_ws/src/install/ecl_config:${AMENT_PREFIX_PATH} CMAKE_PREFIX_PATH=/home/wellyowo/locobot_sim/locobot_ws/src/install/ecl_config:/opt/ros/humble PATH=/home/wellyowo/locobot_sim/locobot_ws/src/install/ecl_config/bin:${PATH} /usr/bin/cmake /home/wellyowo/locobot_sim/locobot_ws/src/ThirdParty/ecl/ecl_lite/ecl_errors -DCMAKE_INSTALL_PREFIX=/home/wellyowo/locobot_sim/locobot_ws/src/install/ecl_errors
[69.048s] DEBUG:colcon.colcon_core.event_handler.log_command:Invoking command in '/home/wellyowo/locobot_sim/locobot_ws/src/build/ecl_errors': AMENT_PREFIX_PATH=/home/wellyowo/locobot_sim/locobot_ws/src/install/ecl_config:${AMENT_PREFIX_PATH} CMAKE_PREFIX_PATH=/home/wellyowo/locobot_sim/locobot_ws/src/install/ecl_config:/opt/ros/humble PATH=/home/wellyowo/locobot_sim/locobot_ws/src/install/ecl_config/bin:${PATH} /usr/bin/cmake --build /home/wellyowo/locobot_sim/locobot_ws/src/build/ecl_errors -- -j16 -l16
[70.081s] DEBUG:colcon.colcon_core.event_handler.log_command:Invoked command in '/home/wellyowo/locobot_sim/locobot_ws/src/build/ecl_type_traits' returned '0': AMENT_PREFIX_PATH=/home/wellyowo/locobot_sim/locobot_ws/src/install/ecl_mpl:/home/wellyowo/locobot_sim/locobot_ws/src/install/ecl_config:${AMENT_PREFIX_PATH} CMAKE_PREFIX_PATH=/home/wellyowo/locobot_sim/locobot_ws/src/install/ecl_mpl:/home/wellyowo/locobot_sim/locobot_ws/src/install/ecl_config:/opt/ros/humble PATH=/home/wellyowo/locobot_sim/locobot_ws/src/install/ecl_config/bin:${PATH} /usr/bin/cmake /home/wellyowo/locobot_sim/locobot_ws/src/ThirdParty/ecl/ecl_core/ecl_type_traits -DCMAKE_INSTALL_PREFIX=/home/wellyowo/locobot_sim/locobot_ws/src/install/ecl_type_traits
[70.081s] DEBUG:colcon.colcon_core.event_handler.log_command:Invoking command in '/home/wellyowo/locobot_sim/locobot_ws/src/build/ecl_type_traits': AMENT_PREFIX_PATH=/home/wellyowo/locobot_sim/locobot_ws/src/install/ecl_mpl:/home/wellyowo/locobot_sim/locobot_ws/src/install/ecl_config:${AMENT_PREFIX_PATH} CMAKE_PREFIX_PATH=/home/wellyowo/locobot_sim/locobot_ws/src/install/ecl_mpl:/home/wellyowo/locobot_sim/locobot_ws/src/install/ecl_config:/opt/ros/humble PATH=/home/wellyowo/locobot_sim/locobot_ws/src/install/ecl_config/bin:${PATH} /usr/bin/cmake --build /home/wellyowo/locobot_sim/locobot_ws/src/build/ecl_type_traits -- -j16 -l16
[70.097s] DEBUG:colcon.colcon_core.event_handler.log_command:Invoked command in '/home/wellyowo/locobot_sim/locobot_ws/src/build/ecl_console' returned '0': AMENT_PREFIX_PATH=/home/wellyowo/locobot_sim/locobot_ws/src/install/ecl_config:${AMENT_PREFIX_PATH} CMAKE_PREFIX_PATH=/home/wellyowo/locobot_sim/locobot_ws/src/install/ecl_config:/opt/ros/humble PATH=/home/wellyowo/locobot_sim/locobot_ws/src/install/ecl_config/bin:${PATH} /usr/bin/cmake /home/wellyowo/locobot_sim/locobot_ws/src/ThirdParty/ecl/ecl_lite/ecl_console -DCMAKE_INSTALL_PREFIX=/home/wellyowo/locobot_sim/locobot_ws/src/install/ecl_console
[70.097s] DEBUG:colcon.colcon_core.event_handler.log_command:Invoking command in '/home/wellyowo/locobot_sim/locobot_ws/src/build/ecl_console': AMENT_PREFIX_PATH=/home/wellyowo/locobot_sim/locobot_ws/src/install/ecl_config:${AMENT_PREFIX_PATH} CMAKE_PREFIX_PATH=/home/wellyowo/locobot_sim/locobot_ws/src/install/ecl_config:/opt/ros/humble PATH=/home/wellyowo/locobot_sim/locobot_ws/src/install/ecl_config/bin:${PATH} /usr/bin/cmake --build /home/wellyowo/locobot_sim/locobot_ws/src/build/ecl_console -- -j16 -l16
[70.111s] DEBUG:colcon.colcon_core.event_handler.log_command:Invoked command in '/home/wellyowo/locobot_sim/locobot_ws/src/build/ecl_converters_lite' returned '0': AMENT_PREFIX_PATH=/home/wellyowo/locobot_sim/locobot_ws/src/install/ecl_config:${AMENT_PREFIX_PATH} CMAKE_PREFIX_PATH=/home/wellyowo/locobot_sim/locobot_ws/src/install/ecl_config:/opt/ros/humble PATH=/home/wellyowo/locobot_sim/locobot_ws/src/install/ecl_config/bin:${PATH} /usr/bin/cmake /home/wellyowo/locobot_sim/locobot_ws/src/ThirdParty/ecl/ecl_lite/ecl_converters_lite -DCMAKE_INSTALL_PREFIX=/home/wellyowo/locobot_sim/locobot_ws/src/install/ecl_converters_lite
[70.112s] DEBUG:colcon.colcon_core.event_handler.log_command:Invoking command in '/home/wellyowo/locobot_sim/locobot_ws/src/build/ecl_converters_lite': AMENT_PREFIX_PATH=/home/wellyowo/locobot_sim/locobot_ws/src/install/ecl_config:${AMENT_PREFIX_PATH} CMAKE_PREFIX_PATH=/home/wellyowo/locobot_sim/locobot_ws/src/install/ecl_config:/opt/ros/humble PATH=/home/wellyowo/locobot_sim/locobot_ws/src/install/ecl_config/bin:${PATH} /usr/bin/cmake --build /home/wellyowo/locobot_sim/locobot_ws/src/build/ecl_converters_lite -- -j16 -l16
[72.703s] DEBUG:colcon.colcon_core.event_handler.log_command:Invoked command in '/home/wellyowo/locobot_sim/locobot_ws/src/build/ecl_errors' returned '0': AMENT_PREFIX_PATH=/home/wellyowo/locobot_sim/locobot_ws/src/install/ecl_config:${AMENT_PREFIX_PATH} CMAKE_PREFIX_PATH=/home/wellyowo/locobot_sim/locobot_ws/src/install/ecl_config:/opt/ros/humble PATH=/home/wellyowo/locobot_sim/locobot_ws/src/install/ecl_config/bin:${PATH} /usr/bin/cmake --build /home/wellyowo/locobot_sim/locobot_ws/src/build/ecl_errors -- -j16 -l16
[72.709s] DEBUG:colcon.colcon_core.event_handler.log_command:Invoking command in '/home/wellyowo/locobot_sim/locobot_ws/src/build/ecl_errors': AMENT_PREFIX_PATH=/home/wellyowo/locobot_sim/locobot_ws/src/install/ecl_config:${AMENT_PREFIX_PATH} CMAKE_PREFIX_PATH=/home/wellyowo/locobot_sim/locobot_ws/src/install/ecl_config:/opt/ros/humble PATH=/home/wellyowo/locobot_sim/locobot_ws/src/install/ecl_config/bin:${PATH} /usr/bin/cmake --install /home/wellyowo/locobot_sim/locobot_ws/src/build/ecl_errors
[72.717s] DEBUG:colcon.colcon_core.event_handler.log_command:Invoked command in '/home/wellyowo/locobot_sim/locobot_ws/src/build/astra_camera' returned '0': AMENT_PREFIX_PATH=/home/wellyowo/locobot_sim/locobot_ws/src/install/astra_camera_msgs:${AMENT_PREFIX_PATH} CMAKE_PREFIX_PATH=/home/wellyowo/locobot_sim/locobot_ws/src/install/astra_camera_msgs:/opt/ros/humble LD_LIBRARY_PATH=/home/wellyowo/locobot_sim/locobot_ws/src/install/astra_camera_msgs/lib:${LD_LIBRARY_PATH} PYTHONPATH=/home/wellyowo/locobot_sim/locobot_ws/src/install/astra_camera_msgs/local/lib/python3.10/dist-packages:${PYTHONPATH} /usr/bin/cmake /home/wellyowo/locobot_sim/locobot_ws/src/ThirdParty/ros_astra_camera/astra_camera -DCMAKE_INSTALL_PREFIX=/home/wellyowo/locobot_sim/locobot_ws/src/install/astra_camera
[72.719s] DEBUG:colcon.colcon_core.event_handler.log_command:Invoking command in '/home/wellyowo/locobot_sim/locobot_ws/src/build/astra_camera': AMENT_PREFIX_PATH=/home/wellyowo/locobot_sim/locobot_ws/src/install/astra_camera_msgs:${AMENT_PREFIX_PATH} CMAKE_PREFIX_PATH=/home/wellyowo/locobot_sim/locobot_ws/src/install/astra_camera_msgs:/opt/ros/humble LD_LIBRARY_PATH=/home/wellyowo/locobot_sim/locobot_ws/src/install/astra_camera_msgs/lib:${LD_LIBRARY_PATH} PYTHONPATH=/home/wellyowo/locobot_sim/locobot_ws/src/install/astra_camera_msgs/local/lib/python3.10/dist-packages:${PYTHONPATH} /usr/bin/cmake --build /home/wellyowo/locobot_sim/locobot_ws/src/build/astra_camera -- -j16 -l16
[74.853s] DEBUG:colcon.colcon_core.event_handler.log_command:Invoked command in '/home/wellyowo/locobot_sim/locobot_ws/src/build/kobuki' returned '0': AMENT_PREFIX_PATH=/home/wellyowo/locobot_sim/locobot_ws/src/install/kobuki_description:${AMENT_PREFIX_PATH} CMAKE_PREFIX_PATH=/home/wellyowo/locobot_sim/locobot_ws/src/install/kobuki_description:/opt/ros/humble /usr/bin/cmake --build /home/wellyowo/locobot_sim/locobot_ws/src/build/kobuki -- -j16 -l16
[74.853s] DEBUG:colcon.colcon_core.event_handler.log_command:Invoking command in '/home/wellyowo/locobot_sim/locobot_ws/src/build/kobuki': AMENT_PREFIX_PATH=/home/wellyowo/locobot_sim/locobot_ws/src/install/kobuki_description:${AMENT_PREFIX_PATH} CMAKE_PREFIX_PATH=/home/wellyowo/locobot_sim/locobot_ws/src/install/kobuki_description:/opt/ros/humble /usr/bin/cmake --install /home/wellyowo/locobot_sim/locobot_ws/src/build/kobuki
[74.870s] DEBUG:colcon.colcon_core.event_handler.log_command:Invoked command in '/home/wellyowo/locobot_sim/locobot_ws/src/build/ecl_console' returned '0': AMENT_PREFIX_PATH=/home/wellyowo/locobot_sim/locobot_ws/src/install/ecl_config:${AMENT_PREFIX_PATH} CMAKE_PREFIX_PATH=/home/wellyowo/locobot_sim/locobot_ws/src/install/ecl_config:/opt/ros/humble PATH=/home/wellyowo/locobot_sim/locobot_ws/src/install/ecl_config/bin:${PATH} /usr/bin/cmake --build /home/wellyowo/locobot_sim/locobot_ws/src/build/ecl_console -- -j16 -l16
[74.872s] DEBUG:colcon.colcon_core.event_handler.log_command:Invoking command in '/home/wellyowo/locobot_sim/locobot_ws/src/build/ecl_console': AMENT_PREFIX_PATH=/home/wellyowo/locobot_sim/locobot_ws/src/install/ecl_config:${AMENT_PREFIX_PATH} CMAKE_PREFIX_PATH=/home/wellyowo/locobot_sim/locobot_ws/src/install/ecl_config:/opt/ros/humble PATH=/home/wellyowo/locobot_sim/locobot_ws/src/install/ecl_config/bin:${PATH} /usr/bin/cmake --install /home/wellyowo/locobot_sim/locobot_ws/src/build/ecl_console
[80.527s] Level 1:colcon.colcon_core.environment:create_environment_scripts_only(ecl_errors)
[80.528s] Level 1:colcon.colcon_core.environment:checking '/home/wellyowo/locobot_sim/locobot_ws/src/install/ecl_errors' for CMake module files
[80.529s] Level 1:colcon.colcon_core.environment:checking '/home/wellyowo/locobot_sim/locobot_ws/src/install/ecl_errors' for CMake config files
[80.529s] Level 1:colcon.colcon_core.shell:create_environment_hook('ecl_errors', 'cmake_prefix_path')
[80.534s] INFO:colcon.colcon_core.shell:Creating environment hook '/home/wellyowo/locobot_sim/locobot_ws/src/install/ecl_errors/share/ecl_errors/hook/cmake_prefix_path.ps1'
[80.535s] INFO:colcon.colcon_core.shell:Creating environment descriptor '/home/wellyowo/locobot_sim/locobot_ws/src/install/ecl_errors/share/ecl_errors/hook/cmake_prefix_path.dsv'
[80.543s] INFO:colcon.colcon_core.shell:Creating environment hook '/home/wellyowo/locobot_sim/locobot_ws/src/install/ecl_errors/share/ecl_errors/hook/cmake_prefix_path.sh'
[80.544s] Level 1:colcon.colcon_core.environment:checking '/home/wellyowo/locobot_sim/locobot_ws/src/install/ecl_errors/lib'
[80.544s] Level 1:colcon.colcon_core.shell:create_environment_hook('ecl_errors', 'ld_library_path_lib')
[80.545s] INFO:colcon.colcon_core.shell:Creating environment hook '/home/wellyowo/locobot_sim/locobot_ws/src/install/ecl_errors/share/ecl_errors/hook/ld_library_path_lib.ps1'
[80.545s] INFO:colcon.colcon_core.shell:Creating environment descriptor '/home/wellyowo/locobot_sim/locobot_ws/src/install/ecl_errors/share/ecl_errors/hook/ld_library_path_lib.dsv'
[80.550s] INFO:colcon.colcon_core.shell:Creating environment hook '/home/wellyowo/locobot_sim/locobot_ws/src/install/ecl_errors/share/ecl_errors/hook/ld_library_path_lib.sh'
[80.551s] Level 1:colcon.colcon_core.environment:checking '/home/wellyowo/locobot_sim/locobot_ws/src/install/ecl_errors/bin'
[80.551s] Level 1:colcon.colcon_core.environment:checking '/home/wellyowo/locobot_sim/locobot_ws/src/install/ecl_errors/lib/pkgconfig/ecl_errors.pc'
[80.551s] Level 1:colcon.colcon_core.environment:checking '/home/wellyowo/locobot_sim/locobot_ws/src/install/ecl_errors/lib/python3.10/site-packages'
[80.552s] Level 1:colcon.colcon_core.environment:checking '/home/wellyowo/locobot_sim/locobot_ws/src/install/ecl_errors/bin'
[80.552s] INFO:colcon.colcon_core.shell:Creating package script '/home/wellyowo/locobot_sim/locobot_ws/src/install/ecl_errors/share/ecl_errors/package.ps1'
[80.553s] INFO:colcon.colcon_core.shell:Creating package descriptor '/home/wellyowo/locobot_sim/locobot_ws/src/install/ecl_errors/share/ecl_errors/package.dsv'
[80.561s] DEBUG:colcon.colcon_core.event_handler.log_command:Invoked command in '/home/wellyowo/locobot_sim/locobot_ws/src/build/ecl_errors' returned '0': AMENT_PREFIX_PATH=/home/wellyowo/locobot_sim/locobot_ws/src/install/ecl_config:${AMENT_PREFIX_PATH} CMAKE_PREFIX_PATH=/home/wellyowo/locobot_sim/locobot_ws/src/install/ecl_config:/opt/ros/humble PATH=/home/wellyowo/locobot_sim/locobot_ws/src/install/ecl_config/bin:${PATH} /usr/bin/cmake --install /home/wellyowo/locobot_sim/locobot_ws/src/build/ecl_errors
[80.562s] INFO:colcon.colcon_core.shell:Creating package script '/home/wellyowo/locobot_sim/locobot_ws/src/install/ecl_errors/share/ecl_errors/package.sh'
[80.563s] INFO:colcon.colcon_core.shell:Creating package script '/home/wellyowo/locobot_sim/locobot_ws/src/install/ecl_errors/share/ecl_errors/package.bash'
[80.564s] INFO:colcon.colcon_core.shell:Creating package script '/home/wellyowo/locobot_sim/locobot_ws/src/install/ecl_errors/share/ecl_errors/package.zsh'
[80.564s] Level 1:colcon.colcon_core.environment:create_file_with_runtime_dependencies(/home/wellyowo/locobot_sim/locobot_ws/src/install/ecl_errors/share/colcon-core/packages/ecl_errors)
[80.569s] Level 1:colcon.colcon_core.environment:create_environment_scripts_only(ecl_errors)
[80.570s] Level 1:colcon.colcon_core.environment:checking '/home/wellyowo/locobot_sim/locobot_ws/src/install/ecl_errors' for CMake module files
[80.571s] Level 1:colcon.colcon_core.environment:checking '/home/wellyowo/locobot_sim/locobot_ws/src/install/ecl_errors' for CMake config files
[80.571s] Level 1:colcon.colcon_core.shell:create_environment_hook('ecl_errors', 'cmake_prefix_path')
[80.571s] INFO:colcon.colcon_core.shell:Creating environment hook '/home/wellyowo/locobot_sim/locobot_ws/src/install/ecl_errors/share/ecl_errors/hook/cmake_prefix_path.ps1'
[80.576s] INFO:colcon.colcon_core.shell:Creating environment descriptor '/home/wellyowo/locobot_sim/locobot_ws/src/install/ecl_errors/share/ecl_errors/hook/cmake_prefix_path.dsv'
[80.576s] INFO:colcon.colcon_core.shell:Creating environment hook '/home/wellyowo/locobot_sim/locobot_ws/src/install/ecl_errors/share/ecl_errors/hook/cmake_prefix_path.sh'
[80.577s] Level 1:colcon.colcon_core.environment:checking '/home/wellyowo/locobot_sim/locobot_ws/src/install/ecl_errors/lib'
[80.577s] Level 1:colcon.colcon_core.shell:create_environment_hook('ecl_errors', 'ld_library_path_lib')
[80.578s] INFO:colcon.colcon_core.shell:Creating environment hook '/home/wellyowo/locobot_sim/locobot_ws/src/install/ecl_errors/share/ecl_errors/hook/ld_library_path_lib.ps1'
[80.578s] INFO:colcon.colcon_core.shell:Creating environment descriptor '/home/wellyowo/locobot_sim/locobot_ws/src/install/ecl_errors/share/ecl_errors/hook/ld_library_path_lib.dsv'
[80.586s] INFO:colcon.colcon_core.shell:Creating environment hook '/home/wellyowo/locobot_sim/locobot_ws/src/install/ecl_errors/share/ecl_errors/hook/ld_library_path_lib.sh'
[80.588s] Level 1:colcon.colcon_core.environment:checking '/home/wellyowo/locobot_sim/locobot_ws/src/install/ecl_errors/bin'
[80.588s] Level 1:colcon.colcon_core.environment:checking '/home/wellyowo/locobot_sim/locobot_ws/src/install/ecl_errors/lib/pkgconfig/ecl_errors.pc'
[80.588s] Level 1:colcon.colcon_core.environment:checking '/home/wellyowo/locobot_sim/locobot_ws/src/install/ecl_errors/lib/python3.10/site-packages'
[80.589s] Level 1:colcon.colcon_core.environment:checking '/home/wellyowo/locobot_sim/locobot_ws/src/install/ecl_errors/bin'
[80.589s] INFO:colcon.colcon_core.shell:Creating package script '/home/wellyowo/locobot_sim/locobot_ws/src/install/ecl_errors/share/ecl_errors/package.ps1'
[80.595s] INFO:colcon.colcon_core.shell:Creating package descriptor '/home/wellyowo/locobot_sim/locobot_ws/src/install/ecl_errors/share/ecl_errors/package.dsv'
[80.595s] INFO:colcon.colcon_core.shell:Creating package script '/home/wellyowo/locobot_sim/locobot_ws/src/install/ecl_errors/share/ecl_errors/package.sh'
[80.596s] INFO:colcon.colcon_core.shell:Creating package script '/home/wellyowo/locobot_sim/locobot_ws/src/install/ecl_errors/share/ecl_errors/package.bash'
[80.597s] INFO:colcon.colcon_core.shell:Creating package script '/home/wellyowo/locobot_sim/locobot_ws/src/install/ecl_errors/share/ecl_errors/package.zsh'
[80.597s] Level 1:colcon.colcon_core.environment:create_file_with_runtime_dependencies(/home/wellyowo/locobot_sim/locobot_ws/src/install/ecl_errors/share/colcon-core/packages/ecl_errors)
[80.602s] Level 1:colcon.colcon_core.environment:create_environment_scripts_only(astra_camera)
[80.603s] Level 1:colcon.colcon_core.environment:checking '/home/wellyowo/locobot_sim/locobot_ws/src/install/astra_camera' for CMake module files
[80.603s] Level 1:colcon.colcon_core.environment:checking '/home/wellyowo/locobot_sim/locobot_ws/src/install/astra_camera' for CMake config files
[80.603s] Level 1:colcon.colcon_core.environment:checking '/home/wellyowo/locobot_sim/locobot_ws/src/install/astra_camera/bin'
[80.604s] Level 1:colcon.colcon_core.environment:checking '/home/wellyowo/locobot_sim/locobot_ws/src/install/astra_camera/lib/pkgconfig/astra_camera.pc'
[80.604s] Level 1:colcon.colcon_core.environment:checking '/home/wellyowo/locobot_sim/locobot_ws/src/install/astra_camera/lib/python3.10/site-packages'
[80.604s] Level 1:colcon.colcon_core.environment:checking '/home/wellyowo/locobot_sim/locobot_ws/src/install/astra_camera/bin'
[80.605s] INFO:colcon.colcon_core.shell:Creating package script '/home/wellyowo/locobot_sim/locobot_ws/src/install/astra_camera/share/astra_camera/package.ps1'
[80.610s] INFO:colcon.colcon_core.shell:Creating package descriptor '/home/wellyowo/locobot_sim/locobot_ws/src/install/astra_camera/share/astra_camera/package.dsv'
[80.611s] INFO:colcon.colcon_core.shell:Creating package script '/home/wellyowo/locobot_sim/locobot_ws/src/install/astra_camera/share/astra_camera/package.sh'
[80.612s] INFO:colcon.colcon_core.shell:Creating package script '/home/wellyowo/locobot_sim/locobot_ws/src/install/astra_camera/share/astra_camera/package.bash'
[80.612s] INFO:colcon.colcon_core.shell:Creating package script '/home/wellyowo/locobot_sim/locobot_ws/src/install/astra_camera/share/astra_camera/package.zsh'
[80.620s] DEBUG:colcon.colcon_core.event_handler.log_command:Invoked command in '/home/wellyowo/locobot_sim/locobot_ws/src/build/astra_camera' returned '2': AMENT_PREFIX_PATH=/home/wellyowo/locobot_sim/locobot_ws/src/install/astra_camera_msgs:${AMENT_PREFIX_PATH} CMAKE_PREFIX_PATH=/home/wellyowo/locobot_sim/locobot_ws/src/install/astra_camera_msgs:/opt/ros/humble LD_LIBRARY_PATH=/home/wellyowo/locobot_sim/locobot_ws/src/install/astra_camera_msgs/lib:${LD_LIBRARY_PATH} PYTHONPATH=/home/wellyowo/locobot_sim/locobot_ws/src/install/astra_camera_msgs/local/lib/python3.10/dist-packages:${PYTHONPATH} /usr/bin/cmake --build /home/wellyowo/locobot_sim/locobot_ws/src/build/astra_camera -- -j16 -l16
[80.621s] Level 1:colcon.colcon_core.environment:create_file_with_runtime_dependencies(/home/wellyowo/locobot_sim/locobot_ws/src/install/astra_camera/share/colcon-core/packages/astra_camera)
[80.621s] Level 1:colcon.colcon_core.environment:create_environment_scripts_only(kobuki)
[80.622s] Level 1:colcon.colcon_core.environment:checking '/home/wellyowo/locobot_sim/locobot_ws/src/install/kobuki' for CMake module files
[80.623s] Level 1:colcon.colcon_core.environment:checking '/home/wellyowo/locobot_sim/locobot_ws/src/install/kobuki' for CMake config files
[80.623s] Level 1:colcon.colcon_core.shell:create_environment_hook('kobuki', 'cmake_prefix_path')
[80.623s] INFO:colcon.colcon_core.shell:Creating environment hook '/home/wellyowo/locobot_sim/locobot_ws/src/install/kobuki/share/kobuki/hook/cmake_prefix_path.ps1'
[80.628s] INFO:colcon.colcon_core.shell:Creating environment descriptor '/home/wellyowo/locobot_sim/locobot_ws/src/install/kobuki/share/kobuki/hook/cmake_prefix_path.dsv'
[80.629s] INFO:colcon.colcon_core.shell:Creating environment hook '/home/wellyowo/locobot_sim/locobot_ws/src/install/kobuki/share/kobuki/hook/cmake_prefix_path.sh'
[80.630s] Level 1:colcon.colcon_core.environment:checking '/home/wellyowo/locobot_sim/locobot_ws/src/install/kobuki/bin'
[80.630s] Level 1:colcon.colcon_core.shell:create_environment_hook('kobuki', 'path')
[80.631s] INFO:colcon.colcon_core.shell:Creating environment hook '/home/wellyowo/locobot_sim/locobot_ws/src/install/kobuki/share/kobuki/hook/path.ps1'
[80.632s] DEBUG:colcon.colcon_core.event_handler.log_command:Invoked command in '/home/wellyowo/locobot_sim/locobot_ws/src/build/kobuki' returned '0': AMENT_PREFIX_PATH=/home/wellyowo/locobot_sim/locobot_ws/src/install/kobuki_description:${AMENT_PREFIX_PATH} CMAKE_PREFIX_PATH=/home/wellyowo/locobot_sim/locobot_ws/src/install/kobuki_description:/opt/ros/humble /usr/bin/cmake --install /home/wellyowo/locobot_sim/locobot_ws/src/build/kobuki
[80.633s] INFO:colcon.colcon_core.shell:Creating environment descriptor '/home/wellyowo/locobot_sim/locobot_ws/src/install/kobuki/share/kobuki/hook/path.dsv'
[80.633s] INFO:colcon.colcon_core.shell:Creating environment hook '/home/wellyowo/locobot_sim/locobot_ws/src/install/kobuki/share/kobuki/hook/path.sh'
[80.634s] Level 1:colcon.colcon_core.environment:checking '/home/wellyowo/locobot_sim/locobot_ws/src/install/kobuki/lib/pkgconfig/kobuki.pc'
[80.634s] Level 1:colcon.colcon_core.environment:checking '/home/wellyowo/locobot_sim/locobot_ws/src/install/kobuki/lib/python3.10/site-packages'
[80.634s] Level 1:colcon.colcon_core.environment:checking '/home/wellyowo/locobot_sim/locobot_ws/src/install/kobuki/bin'
[80.634s] Level 1:colcon.colcon_core.shell:create_environment_hook('kobuki', 'pythonscriptspath')
[80.635s] INFO:colcon.colcon_core.shell:Creating environment hook '/home/wellyowo/locobot_sim/locobot_ws/src/install/kobuki/share/kobuki/hook/pythonscriptspath.ps1'
[80.635s] INFO:colcon.colcon_core.shell:Creating environment descriptor '/home/wellyowo/locobot_sim/locobot_ws/src/install/kobuki/share/kobuki/hook/pythonscriptspath.dsv'
[80.635s] INFO:colcon.colcon_core.shell:Creating environment hook '/home/wellyowo/locobot_sim/locobot_ws/src/install/kobuki/share/kobuki/hook/pythonscriptspath.sh'
[80.640s] INFO:colcon.colcon_core.shell:Creating package script '/home/wellyowo/locobot_sim/locobot_ws/src/install/kobuki/share/kobuki/package.ps1'
[80.641s] INFO:colcon.colcon_core.shell:Creating package descriptor '/home/wellyowo/locobot_sim/locobot_ws/src/install/kobuki/share/kobuki/package.dsv'
[80.646s] INFO:colcon.colcon_core.shell:Creating package script '/home/wellyowo/locobot_sim/locobot_ws/src/install/kobuki/share/kobuki/package.sh'
[80.647s] INFO:colcon.colcon_core.shell:Creating package script '/home/wellyowo/locobot_sim/locobot_ws/src/install/kobuki/share/kobuki/package.bash'
[80.648s] INFO:colcon.colcon_core.shell:Creating package script '/home/wellyowo/locobot_sim/locobot_ws/src/install/kobuki/share/kobuki/package.zsh'
[80.648s] Level 1:colcon.colcon_core.environment:create_file_with_runtime_dependencies(/home/wellyowo/locobot_sim/locobot_ws/src/install/kobuki/share/colcon-core/packages/kobuki)
[80.649s] Level 1:colcon.colcon_core.environment:create_environment_scripts_only(kobuki)
[80.654s] Level 1:colcon.colcon_core.environment:checking '/home/wellyowo/locobot_sim/locobot_ws/src/install/kobuki' for CMake module files
[80.655s] Level 1:colcon.colcon_core.environment:checking '/home/wellyowo/locobot_sim/locobot_ws/src/install/kobuki' for CMake config files
[80.655s] Level 1:colcon.colcon_core.shell:create_environment_hook('kobuki', 'cmake_prefix_path')
[80.656s] INFO:colcon.colcon_core.shell:Creating environment hook '/home/wellyowo/locobot_sim/locobot_ws/src/install/kobuki/share/kobuki/hook/cmake_prefix_path.ps1'
[80.661s] INFO:colcon.colcon_core.shell:Creating environment descriptor '/home/wellyowo/locobot_sim/locobot_ws/src/install/kobuki/share/kobuki/hook/cmake_prefix_path.dsv'
[80.662s] INFO:colcon.colcon_core.shell:Creating environment hook '/home/wellyowo/locobot_sim/locobot_ws/src/install/kobuki/share/kobuki/hook/cmake_prefix_path.sh'
[80.669s] Level 1:colcon.colcon_core.environment:checking '/home/wellyowo/locobot_sim/locobot_ws/src/install/kobuki/bin'
[80.669s] Level 1:colcon.colcon_core.shell:create_environment_hook('kobuki', 'path')
[80.670s] INFO:colcon.colcon_core.shell:Creating environment hook '/home/wellyowo/locobot_sim/locobot_ws/src/install/kobuki/share/kobuki/hook/path.ps1'
[80.672s] INFO:colcon.colcon_core.shell:Creating environment descriptor '/home/wellyowo/locobot_sim/locobot_ws/src/install/kobuki/share/kobuki/hook/path.dsv'
[80.672s] INFO:colcon.colcon_core.shell:Creating environment hook '/home/wellyowo/locobot_sim/locobot_ws/src/install/kobuki/share/kobuki/hook/path.sh'
[80.677s] Level 1:colcon.colcon_core.environment:checking '/home/wellyowo/locobot_sim/locobot_ws/src/install/kobuki/lib/pkgconfig/kobuki.pc'
[80.677s] Level 1:colcon.colcon_core.environment:checking '/home/wellyowo/locobot_sim/locobot_ws/src/install/kobuki/lib/python3.10/site-packages'
[80.678s] Level 1:colcon.colcon_core.environment:checking '/home/wellyowo/locobot_sim/locobot_ws/src/install/kobuki/bin'
[80.678s] Level 1:colcon.colcon_core.shell:create_environment_hook('kobuki', 'pythonscriptspath')
[80.678s] INFO:colcon.colcon_core.shell:Creating environment hook '/home/wellyowo/locobot_sim/locobot_ws/src/install/kobuki/share/kobuki/hook/pythonscriptspath.ps1'
[80.679s] INFO:colcon.colcon_core.shell:Creating environment descriptor '/home/wellyowo/locobot_sim/locobot_ws/src/install/kobuki/share/kobuki/hook/pythonscriptspath.dsv'
[80.680s] INFO:colcon.colcon_core.shell:Creating environment hook '/home/wellyowo/locobot_sim/locobot_ws/src/install/kobuki/share/kobuki/hook/pythonscriptspath.sh'
[80.686s] INFO:colcon.colcon_core.shell:Creating package script '/home/wellyowo/locobot_sim/locobot_ws/src/install/kobuki/share/kobuki/package.ps1'
[80.687s] INFO:colcon.colcon_core.shell:Creating package descriptor '/home/wellyowo/locobot_sim/locobot_ws/src/install/kobuki/share/kobuki/package.dsv'
[80.688s] INFO:colcon.colcon_core.shell:Creating package script '/home/wellyowo/locobot_sim/locobot_ws/src/install/kobuki/share/kobuki/package.sh'
[80.693s] INFO:colcon.colcon_core.shell:Creating package script '/home/wellyowo/locobot_sim/locobot_ws/src/install/kobuki/share/kobuki/package.bash'
[80.694s] INFO:colcon.colcon_core.shell:Creating package script '/home/wellyowo/locobot_sim/locobot_ws/src/install/kobuki/share/kobuki/package.zsh'
[80.695s] Level 1:colcon.colcon_core.environment:create_file_with_runtime_dependencies(/home/wellyowo/locobot_sim/locobot_ws/src/install/kobuki/share/colcon-core/packages/kobuki)
[80.696s] Level 1:colcon.colcon_core.environment:create_environment_scripts_only(ecl_console)
[80.697s] DEBUG:colcon.colcon_core.event_handler.log_command:Invoked command in '/home/wellyowo/locobot_sim/locobot_ws/src/build/ecl_console' returned '0': AMENT_PREFIX_PATH=/home/wellyowo/locobot_sim/locobot_ws/src/install/ecl_config:${AMENT_PREFIX_PATH} CMAKE_PREFIX_PATH=/home/wellyowo/locobot_sim/locobot_ws/src/install/ecl_config:/opt/ros/humble PATH=/home/wellyowo/locobot_sim/locobot_ws/src/install/ecl_config/bin:${PATH} /usr/bin/cmake --install /home/wellyowo/locobot_sim/locobot_ws/src/build/ecl_console
[80.698s] Level 1:colcon.colcon_core.environment:checking '/home/wellyowo/locobot_sim/locobot_ws/src/install/ecl_console' for CMake module files
[80.699s] Level 1:colcon.colcon_core.environment:checking '/home/wellyowo/locobot_sim/locobot_ws/src/install/ecl_console' for CMake config files
[80.700s] Level 1:colcon.colcon_core.shell:create_environment_hook('ecl_console', 'cmake_prefix_path')
[80.700s] INFO:colcon.colcon_core.shell:Creating environment hook '/home/wellyowo/locobot_sim/locobot_ws/src/install/ecl_console/share/ecl_console/hook/cmake_prefix_path.ps1'
[80.705s] INFO:colcon.colcon_core.shell:Creating environment descriptor '/home/wellyowo/locobot_sim/locobot_ws/src/install/ecl_console/share/ecl_console/hook/cmake_prefix_path.dsv'
[80.707s] INFO:colcon.colcon_core.shell:Creating environment hook '/home/wellyowo/locobot_sim/locobot_ws/src/install/ecl_console/share/ecl_console/hook/cmake_prefix_path.sh'
[80.708s] Level 1:colcon.colcon_core.environment:checking '/home/wellyowo/locobot_sim/locobot_ws/src/install/ecl_console/bin'
[80.708s] Level 1:colcon.colcon_core.environment:checking '/home/wellyowo/locobot_sim/locobot_ws/src/install/ecl_console/lib/pkgconfig/ecl_console.pc'
[80.708s] Level 1:colcon.colcon_core.environment:checking '/home/wellyowo/locobot_sim/locobot_ws/src/install/ecl_console/lib/python3.10/site-packages'
[80.709s] Level 1:colcon.colcon_core.environment:checking '/home/wellyowo/locobot_sim/locobot_ws/src/install/ecl_console/bin'
[80.709s] INFO:colcon.colcon_core.shell:Creating package script '/home/wellyowo/locobot_sim/locobot_ws/src/install/ecl_console/share/ecl_console/package.ps1'
[80.714s] INFO:colcon.colcon_core.shell:Creating package descriptor '/home/wellyowo/locobot_sim/locobot_ws/src/install/ecl_console/share/ecl_console/package.dsv'
[80.715s] INFO:colcon.colcon_core.shell:Creating package script '/home/wellyowo/locobot_sim/locobot_ws/src/install/ecl_console/share/ecl_console/package.sh'
[80.720s] INFO:colcon.colcon_core.shell:Creating package script '/home/wellyowo/locobot_sim/locobot_ws/src/install/ecl_console/share/ecl_console/package.bash'
[80.722s] INFO:colcon.colcon_core.shell:Creating package script '/home/wellyowo/locobot_sim/locobot_ws/src/install/ecl_console/share/ecl_console/package.zsh'
[80.723s] Level 1:colcon.colcon_core.environment:create_file_with_runtime_dependencies(/home/wellyowo/locobot_sim/locobot_ws/src/install/ecl_console/share/colcon-core/packages/ecl_console)
[80.728s] Level 1:colcon.colcon_core.environment:create_environment_scripts_only(ecl_console)
[80.729s] Level 1:colcon.colcon_core.environment:checking '/home/wellyowo/locobot_sim/locobot_ws/src/install/ecl_console' for CMake module files
[80.730s] Level 1:colcon.colcon_core.environment:checking '/home/wellyowo/locobot_sim/locobot_ws/src/install/ecl_console' for CMake config files
[80.730s] Level 1:colcon.colcon_core.shell:create_environment_hook('ecl_console', 'cmake_prefix_path')
[80.730s] INFO:colcon.colcon_core.shell:Creating environment hook '/home/wellyowo/locobot_sim/locobot_ws/src/install/ecl_console/share/ecl_console/hook/cmake_prefix_path.ps1'
[80.732s] INFO:colcon.colcon_core.shell:Creating environment descriptor '/home/wellyowo/locobot_sim/locobot_ws/src/install/ecl_console/share/ecl_console/hook/cmake_prefix_path.dsv'
[80.732s] INFO:colcon.colcon_core.shell:Creating environment hook '/home/wellyowo/locobot_sim/locobot_ws/src/install/ecl_console/share/ecl_console/hook/cmake_prefix_path.sh'
[80.733s] Level 1:colcon.colcon_core.environment:checking '/home/wellyowo/locobot_sim/locobot_ws/src/install/ecl_console/bin'
[80.733s] Level 1:colcon.colcon_core.environment:checking '/home/wellyowo/locobot_sim/locobot_ws/src/install/ecl_console/lib/pkgconfig/ecl_console.pc'
[80.738s] Level 1:colcon.colcon_core.environment:checking '/home/wellyowo/locobot_sim/locobot_ws/src/install/ecl_console/lib/python3.10/site-packages'
[80.738s] Level 1:colcon.colcon_core.environment:checking '/home/wellyowo/locobot_sim/locobot_ws/src/install/ecl_console/bin'
[80.739s] INFO:colcon.colcon_core.shell:Creating package script '/home/wellyowo/locobot_sim/locobot_ws/src/install/ecl_console/share/ecl_console/package.ps1'
[80.740s] INFO:colcon.colcon_core.shell:Creating package descriptor '/home/wellyowo/locobot_sim/locobot_ws/src/install/ecl_console/share/ecl_console/package.dsv'
[80.745s] INFO:colcon.colcon_core.shell:Creating package script '/home/wellyowo/locobot_sim/locobot_ws/src/install/ecl_console/share/ecl_console/package.sh'
[80.746s] INFO:colcon.colcon_core.shell:Creating package script '/home/wellyowo/locobot_sim/locobot_ws/src/install/ecl_console/share/ecl_console/package.bash'
[80.747s] INFO:colcon.colcon_core.shell:Creating package script '/home/wellyowo/locobot_sim/locobot_ws/src/install/ecl_console/share/ecl_console/package.zsh'
[80.747s] Level 1:colcon.colcon_core.environment:create_file_with_runtime_dependencies(/home/wellyowo/locobot_sim/locobot_ws/src/install/ecl_console/share/colcon-core/packages/ecl_console)
[125.127s] DEBUG:colcon.colcon_parallel_executor.executor.parallel:run_until_complete was interrupted
[125.128s] DEBUG:colcon.colcon_parallel_executor.executor.parallel:run_until_complete again
[125.228s] DEBUG:colcon.colcon_parallel_executor.executor.parallel:run_until_complete finished
[125.228s] DEBUG:colcon.colcon_parallel_executor.executor.parallel:closing loop
[125.228s] DEBUG:colcon.colcon_parallel_executor.executor.parallel:loop closed
[125.228s] DEBUG:colcon.colcon_core.event_reactor:joining thread
[125.237s] INFO:colcon.colcon_core.plugin_system:Skipping extension 'colcon_notification.desktop_notification.notify_send': Could not find 'notify-send'
[125.237s] INFO:colcon.colcon_core.plugin_system:Skipping extension 'colcon_notification.desktop_notification.terminal_notifier': Not used on non-Darwin systems
[125.237s] INFO:colcon.colcon_core.plugin_system:Skipping extension 'colcon_notification.desktop_notification.win32': Not used on non-Windows systems
[125.237s] INFO:colcon.colcon_notification.desktop_notification:Sending desktop notification using 'notify2'
[125.239s] DEBUG:colcon.colcon_notification.desktop_notification.notify2:Failed to initialize notify2: org.freedesktop.DBus.Error.Spawn.ExecFailed: /usr/bin/dbus-launch terminated abnormally without any error message
[125.239s] DEBUG:colcon.colcon_core.event_reactor:joined thread
[125.240s] INFO:colcon.colcon_core.shell:Creating prefix script '/home/wellyowo/locobot_sim/locobot_ws/src/install/local_setup.ps1'
[125.241s] INFO:colcon.colcon_core.shell:Creating prefix util module '/home/wellyowo/locobot_sim/locobot_ws/src/install/_local_setup_util_ps1.py'
[125.242s] INFO:colcon.colcon_core.shell:Creating prefix chain script '/home/wellyowo/locobot_sim/locobot_ws/src/install/setup.ps1'
[125.242s] INFO:colcon.colcon_core.shell:Creating prefix script '/home/wellyowo/locobot_sim/locobot_ws/src/install/local_setup.sh'
[125.243s] INFO:colcon.colcon_core.shell:Creating prefix util module '/home/wellyowo/locobot_sim/locobot_ws/src/install/_local_setup_util_sh.py'
[125.243s] INFO:colcon.colcon_core.shell:Creating prefix chain script '/home/wellyowo/locobot_sim/locobot_ws/src/install/setup.sh'
[125.244s] INFO:colcon.colcon_core.shell:Creating prefix script '/home/wellyowo/locobot_sim/locobot_ws/src/install/local_setup.bash'
[125.244s] INFO:colcon.colcon_core.shell:Creating prefix chain script '/home/wellyowo/locobot_sim/locobot_ws/src/install/setup.bash'
[125.245s] INFO:colcon.colcon_core.shell:Creating prefix script '/home/wellyowo/locobot_sim/locobot_ws/src/install/local_setup.zsh'
[125.245s] INFO:colcon.colcon_core.shell:Creating prefix chain script '/home/wellyowo/locobot_sim/locobot_ws/src/install/setup.zsh'
