[0.193s] Invoking command in '/home/wellyowo/locobot_sim/locobot_ws/src/build/rplidar_ros': CMAKE_PREFIX_PATH=/opt/ros/humble /usr/bin/cmake /home/wellyowo/locobot_sim/locobot_ws/src/ThirdParty/rplidar_ros -DCMAKE_INSTALL_PREFIX=/home/wellyowo/locobot_sim/locobot_ws/src/install/rplidar_ros
[0.255s] -- The C compiler identification is GNU 11.4.0
[0.329s] -- The CXX compiler identification is GNU 11.4.0
[0.335s] -- Detecting C compiler ABI info
[0.486s] -- Detecting C compiler ABI info - done
[0.533s] -- Check for working C compiler: /usr/bin/cc - skipped
[0.533s] -- Detecting C compile features
[0.541s] -- Detecting C compile features - done
[0.541s] -- Detecting CXX compiler ABI info
[0.744s] -- Detecting CXX compiler ABI info - done
[0.765s] -- Check for working CXX compiler: /usr/bin/c++ - skipped
[0.765s] -- Detecting CXX compile features
[0.769s] -- Detecting CXX compile features - done
[0.781s] -- Found ament_cmake: 1.3.11 (/opt/ros/humble/share/ament_cmake/cmake)
[1.366s] -- Found Python3: /usr/bin/python3 (found version "3.10.12") found components: Interpreter 
[1.891s] -- Found rclcpp: 16.0.12 (/opt/ros/humble/share/rclcpp/cmake)
[2.169s] -- Found rosidl_generator_c: 3.1.6 (/opt/ros/humble/share/rosidl_generator_c/cmake)
[2.185s] -- Found rosidl_adapter: 3.1.6 (/opt/ros/humble/share/rosidl_adapter/cmake)
[2.257s] -- Found rosidl_generator_cpp: 3.1.6 (/opt/ros/humble/share/rosidl_generator_cpp/cmake)
[2.347s] -- Using all available rosidl_typesupport_c: rosidl_typesupport_fastrtps_c;rosidl_typesupport_introspection_c
[2.476s] -- Using all available rosidl_typesupport_cpp: rosidl_typesupport_fastrtps_cpp;rosidl_typesupport_introspection_cpp
[2.753s] -- Found rmw_implementation_cmake: 6.1.2 (/opt/ros/humble/share/rmw_implementation_cmake/cmake)
[2.756s] -- Found rmw_fastrtps_cpp: 6.2.7 (/opt/ros/humble/share/rmw_fastrtps_cpp/cmake)
[3.079s] -- Found OpenSSL: /usr/lib/x86_64-linux-gnu/libcrypto.so (found version "3.0.2")  
[3.199s] -- Found FastRTPS: /opt/ros/humble/include  
[3.379s] -- Using RMW implementation 'rmw_fastrtps_cpp' as default
[3.438s] -- Looking for pthread.h
[3.630s] -- Looking for pthread.h - found
[3.631s] -- Performing Test CMAKE_HAVE_LIBC_PTHREAD
[3.841s] -- Performing Test CMAKE_HAVE_LIBC_PTHREAD - Success
[3.845s] -- Found Threads: TRUE  
[3.981s] -- Found sensor_msgs: 4.9.0 (/opt/ros/humble/share/sensor_msgs/cmake)
[4.043s] -- Found std_srvs: 4.9.0 (/opt/ros/humble/share/std_srvs/cmake)
[4.264s] -- Configuring done
[4.377s] -- Generating done
[4.443s] -- Build files have been written to: /home/wellyowo/locobot_sim/locobot_ws/src/build/rplidar_ros
[4.584s] Invoked command in '/home/wellyowo/locobot_sim/locobot_ws/src/build/rplidar_ros' returned '0': CMAKE_PREFIX_PATH=/opt/ros/humble /usr/bin/cmake /home/wellyowo/locobot_sim/locobot_ws/src/ThirdParty/rplidar_ros -DCMAKE_INSTALL_PREFIX=/home/wellyowo/locobot_sim/locobot_ws/src/install/rplidar_ros
[4.584s] Invoking command in '/home/wellyowo/locobot_sim/locobot_ws/src/build/rplidar_ros': CMAKE_PREFIX_PATH=/opt/ros/humble /usr/bin/cmake --build /home/wellyowo/locobot_sim/locobot_ws/src/build/rplidar_ros -- -j16 -l16
[4.779s] [  2%] [32mBuilding CXX object CMakeFiles/rplidar_composition.dir/sdk/src/arch/linux/net_serial.cpp.o[0m
[4.779s] [  5%] [32mBuilding CXX object CMakeFiles/rplidar_client.dir/src/rplidar_client.cpp.o[0m
[4.781s] [  7%] [32mBuilding CXX object CMakeFiles/rplidar_node.dir/sdk/src/arch/linux/net_serial.cpp.o[0m
[4.782s] [ 10%] [32mBuilding CXX object CMakeFiles/rplidar_node.dir/src/rplidar_node.cpp.o[0m
[4.782s] [ 13%] [32mBuilding CXX object CMakeFiles/rplidar_composition.dir/sdk/src/arch/linux/net_socket.cpp.o[0m
[4.803s] [ 15%] [32mBuilding CXX object CMakeFiles/rplidar_composition.dir/src/rplidar_node.cpp.o[0m
[4.803s] [ 18%] [32mBuilding CXX object CMakeFiles/rplidar_node.dir/sdk/src/arch/linux/net_socket.cpp.o[0m
[4.803s] [ 21%] [32mBuilding CXX object CMakeFiles/rplidar_composition.dir/sdk/src/dataunpacker/unpacker/handler_hqnode.cpp.o[0m
[4.803s] [ 23%] [32mBuilding CXX object CMakeFiles/rplidar_node.dir/sdk/src/dataunpacker/unpacker/handler_normalnode.cpp.o[0m
[4.821s] [ 26%] [32mBuilding CXX object CMakeFiles/rplidar_composition.dir/sdk/src/dataunpacker/dataunpacker.cpp.o[0m
[4.822s] [ 31%] [32mBuilding CXX object CMakeFiles/rplidar_node.dir/sdk/src/arch/linux/timer.cpp.o[0m
[4.822s] [ 31%] [32mBuilding CXX object CMakeFiles/rplidar_node.dir/sdk/src/dataunpacker/unpacker/handler_capsules.cpp.o[0m
[4.845s] [ 34%] [32mBuilding CXX object CMakeFiles/rplidar_composition.dir/sdk/src/dataunpacker/unpacker/handler_capsules.cpp.o[0m
[4.846s] [ 36%] [32mBuilding CXX object CMakeFiles/rplidar_composition.dir/sdk/src/arch/linux/timer.cpp.o[0m
[4.851s] [ 39%] [32mBuilding CXX object CMakeFiles/rplidar_node.dir/sdk/src/dataunpacker/dataunpacker.cpp.o[0m
[4.882s] [ 42%] [32mBuilding CXX object CMakeFiles/rplidar_node.dir/sdk/src/dataunpacker/unpacker/handler_hqnode.cpp.o[0m
[5.900s] In file included from [01m[K/home/wellyowo/locobot_sim/locobot_ws/src/ThirdParty/rplidar_ros/./sdk/include/rplidar_protocol.h:36[m[K,
[5.901s]                  from [01m[K/home/wellyowo/locobot_sim/locobot_ws/src/ThirdParty/rplidar_ros/./sdk/include/rplidar.h:39[m[K,
[5.901s]                  from [01m[K/home/wellyowo/locobot_sim/locobot_ws/src/ThirdParty/rplidar_ros/./sdk/src/sdkcommon.h:49[m[K,
[5.901s]                  from [01m[K/home/wellyowo/locobot_sim/locobot_ws/src/ThirdParty/rplidar_ros/sdk/src/arch/linux/net_socket.cpp:10[m[K:
[5.901s] [01m[K/home/wellyowo/locobot_sim/locobot_ws/src/ThirdParty/rplidar_ros/./sdk/include/sl_lidar_protocol.h:66:16:[m[K [01;35m[Kwarning: [m[KISO C++ forbids zero-size array ‘[01m[Kdata[m[K’ [[01;35m[K-Wpedantic[m[K]
[5.901s]    66 |     sl_u8 data[[01;35m[K0[m[K];
[5.901s]       |                [01;35m[K^[m[K
[5.901s] In file included from [01m[K/home/wellyowo/locobot_sim/locobot_ws/src/ThirdParty/rplidar_ros/./sdk/include/rplidar_cmd.h:36[m[K,
[5.901s]                  from [01m[K/home/wellyowo/locobot_sim/locobot_ws/src/ThirdParty/rplidar_ros/./sdk/include/rplidar.h:40[m[K,
[5.901s]                  from [01m[K/home/wellyowo/locobot_sim/locobot_ws/src/ThirdParty/rplidar_ros/./sdk/src/sdkcommon.h:49[m[K,
[5.901s]                  from [01m[K/home/wellyowo/locobot_sim/locobot_ws/src/ThirdParty/rplidar_ros/sdk/src/arch/linux/net_socket.cpp:10[m[K:
[5.902s] [01m[K/home/wellyowo/locobot_sim/locobot_ws/src/ThirdParty/rplidar_ros/./sdk/include/sl_lidar_cmd.h:324:20:[m[K [01;35m[Kwarning: [m[KISO C++ forbids zero-size array ‘[01m[Kpayload[m[K’ [[01;35m[K-Wpedantic[m[K]
[5.902s]   324 |     sl_u8  payload[[01;35m[K0[m[K];
[5.902s]       |                    [01;35m[K^[m[K
[5.939s] [ 44%] [32mBuilding CXX object CMakeFiles/rplidar_node.dir/sdk/src/hal/thread.cpp.o[0m
[6.101s] In file included from [01m[K/home/wellyowo/locobot_sim/locobot_ws/src/ThirdParty/rplidar_ros/./sdk/src/arch/linux/arch_linux.h:42[m[K,
[6.102s]                  from [01m[K/home/wellyowo/locobot_sim/locobot_ws/src/ThirdParty/rplidar_ros/./sdk/src/sdkcommon.h:41[m[K,
[6.102s]                  from [01m[K/home/wellyowo/locobot_sim/locobot_ws/src/ThirdParty/rplidar_ros/sdk/src/arch/linux/net_socket.cpp:10[m[K:
[6.102s] [01m[K/home/wellyowo/locobot_sim/locobot_ws/src/ThirdParty/rplidar_ros/sdk/src/arch/linux/net_socket.cpp:[m[K In member function ‘[01m[Kvirtual u_result rp::arch::net::DGramSocketImpl::sendTo(const rp::net::SocketAddress*, const void*, size_t)[m[K’:
[6.102s] [01m[K/home/wellyowo/locobot_sim/locobot_ws/src/ThirdParty/rplidar_ros/sdk/src/arch/linux/net_socket.cpp:733:24:[m[K [01;35m[Kwarning: [m[Kcomparison of integer expressions of different signedness: ‘[01m[Kint[m[K’ and ‘[01m[Ksize_t[m[K’ {aka ‘[01m[Klong unsigned int[m[K’} [[01;35m[K-Wsign-compare[m[K]
[6.102s]   733 |             assert([01;35m[Kans == len[m[K);
[6.102s]       |                    [01;35m[K~~~~^~~~~~[m[K
[6.542s] [ 47%] [32mBuilding CXX object CMakeFiles/rplidar_composition.dir/sdk/src/dataunpacker/unpacker/handler_normalnode.cpp.o[0m
[6.590s] In file included from [01m[K/home/wellyowo/locobot_sim/locobot_ws/src/ThirdParty/rplidar_ros/./sdk/include/rplidar_protocol.h:36[m[K,
[6.591s]                  from [01m[K/home/wellyowo/locobot_sim/locobot_ws/src/ThirdParty/rplidar_ros/./sdk/include/rplidar.h:39[m[K,
[6.591s]                  from [01m[K/home/wellyowo/locobot_sim/locobot_ws/src/ThirdParty/rplidar_ros/./sdk/src/sdkcommon.h:49[m[K,
[6.591s]                  from [01m[K/home/wellyowo/locobot_sim/locobot_ws/src/ThirdParty/rplidar_ros/sdk/src/dataunpacker/unpacker/../dataunnpacker_commondef.h:41[m[K,
[6.591s]                  from [01m[K/home/wellyowo/locobot_sim/locobot_ws/src/ThirdParty/rplidar_ros/sdk/src/dataunpacker/unpacker/handler_capsules.cpp:39[m[K:
[6.591s] [01m[K/home/wellyowo/locobot_sim/locobot_ws/src/ThirdParty/rplidar_ros/./sdk/include/sl_lidar_protocol.h:66:16:[m[K [01;35m[Kwarning: [m[KISO C++ forbids zero-size array ‘[01m[Kdata[m[K’ [[01;35m[K-Wpedantic[m[K]
[6.591s]    66 |     sl_u8 data[[01;35m[K0[m[K];
[6.591s]       |                [01;35m[K^[m[K
[6.591s] In file included from [01m[K/home/wellyowo/locobot_sim/locobot_ws/src/ThirdParty/rplidar_ros/./sdk/include/rplidar_cmd.h:36[m[K,
[6.591s]                  from [01m[K/home/wellyowo/locobot_sim/locobot_ws/src/ThirdParty/rplidar_ros/./sdk/include/rplidar.h:40[m[K,
[6.591s]                  from [01m[K/home/wellyowo/locobot_sim/locobot_ws/src/ThirdParty/rplidar_ros/./sdk/src/sdkcommon.h:49[m[K,
[6.591s]                  from [01m[K/home/wellyowo/locobot_sim/locobot_ws/src/ThirdParty/rplidar_ros/sdk/src/dataunpacker/unpacker/../dataunnpacker_commondef.h:41[m[K,
[6.591s]                  from [01m[K/home/wellyowo/locobot_sim/locobot_ws/src/ThirdParty/rplidar_ros/sdk/src/dataunpacker/unpacker/handler_capsules.cpp:39[m[K:
[6.591s] [01m[K/home/wellyowo/locobot_sim/locobot_ws/src/ThirdParty/rplidar_ros/./sdk/include/sl_lidar_cmd.h:324:20:[m[K [01;35m[Kwarning: [m[KISO C++ forbids zero-size array ‘[01m[Kpayload[m[K’ [[01;35m[K-Wpedantic[m[K]
[6.591s]   324 |     sl_u8  payload[[01;35m[K0[m[K];
[6.591s]       |                    [01;35m[K^[m[K
[6.830s] In file included from [01m[K/home/wellyowo/locobot_sim/locobot_ws/src/ThirdParty/rplidar_ros/./sdk/include/rplidar_protocol.h:36[m[K,
[6.830s]                  from [01m[K/home/wellyowo/locobot_sim/locobot_ws/src/ThirdParty/rplidar_ros/./sdk/include/rplidar.h:39[m[K,
[6.830s]                  from [01m[K/home/wellyowo/locobot_sim/locobot_ws/src/ThirdParty/rplidar_ros/./sdk/src/sdkcommon.h:49[m[K,
[6.830s]                  from [01m[K/home/wellyowo/locobot_sim/locobot_ws/src/ThirdParty/rplidar_ros/sdk/src/dataunpacker/unpacker/../dataunnpacker_commondef.h:41[m[K,
[6.830s]                  from [01m[K/home/wellyowo/locobot_sim/locobot_ws/src/ThirdParty/rplidar_ros/sdk/src/dataunpacker/unpacker/handler_hqnode.cpp:39[m[K:
[6.830s] [01m[K/home/wellyowo/locobot_sim/locobot_ws/src/ThirdParty/rplidar_ros/./sdk/include/sl_lidar_protocol.h:66:16:[m[K [01;35m[Kwarning: [m[KISO C++ forbids zero-size array ‘[01m[Kdata[m[K’ [[01;35m[K-Wpedantic[m[K]
[6.830s]    66 |     sl_u8 data[[01;35m[K0[m[K];
[6.830s]       |                [01;35m[K^[m[K
[6.830s] In file included from [01m[K/home/wellyowo/locobot_sim/locobot_ws/src/ThirdParty/rplidar_ros/./sdk/include/rplidar_cmd.h:36[m[K,
[6.830s]                  from [01m[K/home/wellyowo/locobot_sim/locobot_ws/src/ThirdParty/rplidar_ros/./sdk/include/rplidar.h:40[m[K,
[6.831s]                  from [01m[K/home/wellyowo/locobot_sim/locobot_ws/src/ThirdParty/rplidar_ros/./sdk/src/sdkcommon.h:49[m[K,
[6.831s]                  from [01m[K/home/wellyowo/locobot_sim/locobot_ws/src/ThirdParty/rplidar_ros/sdk/src/dataunpacker/unpacker/../dataunnpacker_commondef.h:41[m[K,
[6.831s]                  from [01m[K/home/wellyowo/locobot_sim/locobot_ws/src/ThirdParty/rplidar_ros/sdk/src/dataunpacker/unpacker/handler_hqnode.cpp:39[m[K:
[6.831s] [01m[K/home/wellyowo/locobot_sim/locobot_ws/src/ThirdParty/rplidar_ros/./sdk/include/sl_lidar_cmd.h:324:20:[m[K [01;35m[Kwarning: [m[KISO C++ forbids zero-size array ‘[01m[Kpayload[m[K’ [[01;35m[K-Wpedantic[m[K]
[6.831s]   324 |     sl_u8  payload[[01;35m[K0[m[K];
[6.831s]       |                    [01;35m[K^[m[K
[6.870s] In file included from [01m[K/home/wellyowo/locobot_sim/locobot_ws/src/ThirdParty/rplidar_ros/./sdk/include/rplidar_protocol.h:36[m[K,
[6.870s]                  from [01m[K/home/wellyowo/locobot_sim/locobot_ws/src/ThirdParty/rplidar_ros/./sdk/include/rplidar.h:39[m[K,
[6.870s]                  from [01m[K/home/wellyowo/locobot_sim/locobot_ws/src/ThirdParty/rplidar_ros/./sdk/src/sdkcommon.h:49[m[K,
[6.870s]                  from [01m[K/home/wellyowo/locobot_sim/locobot_ws/src/ThirdParty/rplidar_ros/sdk/src/dataunpacker/unpacker/../dataunnpacker_commondef.h:41[m[K,
[6.870s]                  from [01m[K/home/wellyowo/locobot_sim/locobot_ws/src/ThirdParty/rplidar_ros/sdk/src/dataunpacker/unpacker/handler_capsules.cpp:39[m[K:
[6.870s] [01m[K/home/wellyowo/locobot_sim/locobot_ws/src/ThirdParty/rplidar_ros/./sdk/include/sl_lidar_protocol.h:66:16:[m[K [01;35m[Kwarning: [m[KISO C++ forbids zero-size array ‘[01m[Kdata[m[K’ [[01;35m[K-Wpedantic[m[K]
[6.870s]    66 |     sl_u8 data[[01;35m[K0[m[K];
[6.870s]       |                [01;35m[K^[m[K
[6.885s] In file included from [01m[K/home/wellyowo/locobot_sim/locobot_ws/src/ThirdParty/rplidar_ros/./sdk/include/rplidar_cmd.h:36[m[K,
[6.886s]                  from [01m[K/home/wellyowo/locobot_sim/locobot_ws/src/ThirdParty/rplidar_ros/./sdk/include/rplidar.h:40[m[K,
[6.886s]                  from [01m[K/home/wellyowo/locobot_sim/locobot_ws/src/ThirdParty/rplidar_ros/./sdk/src/sdkcommon.h:49[m[K,
[6.886s]                  from [01m[K/home/wellyowo/locobot_sim/locobot_ws/src/ThirdParty/rplidar_ros/sdk/src/dataunpacker/unpacker/../dataunnpacker_commondef.h:41[m[K,
[6.886s]                  from [01m[K/home/wellyowo/locobot_sim/locobot_ws/src/ThirdParty/rplidar_ros/sdk/src/dataunpacker/unpacker/handler_capsules.cpp:39[m[K:
[6.886s] [01m[K/home/wellyowo/locobot_sim/locobot_ws/src/ThirdParty/rplidar_ros/./sdk/include/sl_lidar_cmd.h:324:20:[m[K [01;35m[Kwarning: [m[KISO C++ forbids zero-size array ‘[01m[Kpayload[m[K’ [[01;35m[K-Wpedantic[m[K]
[6.886s]   324 |     sl_u8  payload[[01;35m[K0[m[K];
[6.886s]       |                    [01;35m[K^[m[K
[7.089s] In file included from [01m[K/home/wellyowo/locobot_sim/locobot_ws/src/ThirdParty/rplidar_ros/sdk/src/dataunpacker/unpacker/handler_capsules.cpp:40[m[K:
[7.090s] [01m[K/home/wellyowo/locobot_sim/locobot_ws/src/ThirdParty/rplidar_ros/sdk/src/dataunpacker/unpacker/../dataunpacker.h:[m[K In member function ‘[01m[Kvirtual void sl::internal::LIDARSampleDataListener::onCustomSampleDataDecoded(_u8, _u32, const void*, size_t)[m[K’:
[7.090s] [01m[K/home/wellyowo/locobot_sim/locobot_ws/src/ThirdParty/rplidar_ros/sdk/src/dataunpacker/unpacker/../dataunpacker.h:54:52:[m[K [01;35m[Kwarning: [m[Kunused parameter ‘[01m[KansType[m[K’ [[01;35m[K-Wunused-parameter[m[K]
[7.090s]    54 |         virtual void onCustomSampleDataDecoded([01;35m[K_u8 ansType[m[K, _u32 customCode, const void* data, size_t size) {}
[7.090s]       |                                                [01;35m[K~~~~^~~~~~~[m[K
[7.090s] [01m[K/home/wellyowo/locobot_sim/locobot_ws/src/ThirdParty/rplidar_ros/sdk/src/dataunpacker/unpacker/../dataunpacker.h:54:66:[m[K [01;35m[Kwarning: [m[Kunused parameter ‘[01m[KcustomCode[m[K’ [[01;35m[K-Wunused-parameter[m[K]
[7.090s]    54 |         virtual void onCustomSampleDataDecoded(_u8 ansType, [01;35m[K_u32 customCode[m[K, const void* data, size_t size) {}
[7.090s]       |                                                             [01;35m[K~~~~~^~~~~~~~~~[m[K
[7.090s] [01m[K/home/wellyowo/locobot_sim/locobot_ws/src/ThirdParty/rplidar_ros/sdk/src/dataunpacker/unpacker/../dataunpacker.h:54:90:[m[K [01;35m[Kwarning: [m[Kunused parameter ‘[01m[Kdata[m[K’ [[01;35m[K-Wunused-parameter[m[K]
[7.090s]    54 |         virtual void onCustomSampleDataDecoded(_u8 ansType, _u32 customCode, [01;35m[Kconst void* data[m[K, size_t size) {}
[7.090s]       |                                                                              [01;35m[K~~~~~~~~~~~~^~~~[m[K
[7.090s] [01m[K/home/wellyowo/locobot_sim/locobot_ws/src/ThirdParty/rplidar_ros/sdk/src/dataunpacker/unpacker/../dataunpacker.h:54:103:[m[K [01;35m[Kwarning: [m[Kunused parameter ‘[01m[Ksize[m[K’ [[01;35m[K-Wunused-parameter[m[K]
[7.090s]    54 |         virtual void onCustomSampleDataDecoded(_u8 ansType, _u32 customCode, const void* data, [01;35m[Ksize_t size[m[K) {}
[7.090s]       |                                                                                                [01;35m[K~~~~~~~^~~~[m[K
[7.090s] [01m[K/home/wellyowo/locobot_sim/locobot_ws/src/ThirdParty/rplidar_ros/sdk/src/dataunpacker/unpacker/../dataunpacker.h:[m[K In member function ‘[01m[Kvirtual void sl::internal::LIDARSampleDataListener::onDecodingError(int, _u8, const void*, size_t)[m[K’:
[7.090s] [01m[K/home/wellyowo/locobot_sim/locobot_ws/src/ThirdParty/rplidar_ros/sdk/src/dataunpacker/unpacker/../dataunpacker.h:56:42:[m[K [01;35m[Kwarning: [m[Kunused parameter ‘[01m[KerrMsg[m[K’ [[01;35m[K-Wunused-parameter[m[K]
[7.091s]    56 |         virtual void onDecodingError([01;35m[Kint errMsg[m[K, _u8 ansType, const void* payload, size_t size) {}
[7.091s]       |                                      [01;35m[K~~~~^~~~~~[m[K
[7.091s] [01m[K/home/wellyowo/locobot_sim/locobot_ws/src/ThirdParty/rplidar_ros/sdk/src/dataunpacker/unpacker/../dataunpacker.h:56:54:[m[K [01;35m[Kwarning: [m[Kunused parameter ‘[01m[KansType[m[K’ [[01;35m[K-Wunused-parameter[m[K]
[7.091s]    56 |         virtual void onDecodingError(int errMsg, [01;35m[K_u8 ansType[m[K, const void* payload, size_t size) {}
[7.091s]       |                                                  [01;35m[K~~~~^~~~~~~[m[K
[7.091s] [01m[K/home/wellyowo/locobot_sim/locobot_ws/src/ThirdParty/rplidar_ros/sdk/src/dataunpacker/unpacker/../dataunpacker.h:56:75:[m[K [01;35m[Kwarning: [m[Kunused parameter ‘[01m[Kpayload[m[K’ [[01;35m[K-Wunused-parameter[m[K]
[7.091s]    56 |         virtual void onDecodingError(int errMsg, _u8 ansType, [01;35m[Kconst void* payload[m[K, size_t size) {}
[7.091s]       |                                                               [01;35m[K~~~~~~~~~~~~^~~~~~~[m[K
[7.091s] [01m[K/home/wellyowo/locobot_sim/locobot_ws/src/ThirdParty/rplidar_ros/sdk/src/dataunpacker/unpacker/../dataunpacker.h:56:91:[m[K [01;35m[Kwarning: [m[Kunused parameter ‘[01m[Ksize[m[K’ [[01;35m[K-Wunused-parameter[m[K]
[7.091s]    56 |         virtual void onDecodingError(int errMsg, _u8 ansType, const void* payload, [01;35m[Ksize_t size[m[K) {}
[7.091s]       |                                                                                    [01;35m[K~~~~~~~^~~~[m[K
[7.106s] In file included from [01m[K/home/wellyowo/locobot_sim/locobot_ws/src/ThirdParty/rplidar_ros/./sdk/include/rplidar_protocol.h:36[m[K,
[7.107s]                  from [01m[K/home/wellyowo/locobot_sim/locobot_ws/src/ThirdParty/rplidar_ros/./sdk/include/rplidar.h:39[m[K,
[7.107s]                  from [01m[K/home/wellyowo/locobot_sim/locobot_ws/src/ThirdParty/rplidar_ros/./sdk/src/sdkcommon.h:49[m[K,
[7.107s]                  from [01m[K/home/wellyowo/locobot_sim/locobot_ws/src/ThirdParty/rplidar_ros/sdk/src/dataunpacker/unpacker/../dataunnpacker_commondef.h:41[m[K,
[7.107s]                  from [01m[K/home/wellyowo/locobot_sim/locobot_ws/src/ThirdParty/rplidar_ros/sdk/src/dataunpacker/unpacker/handler_hqnode.cpp:39[m[K:
[7.107s] [01m[K/home/wellyowo/locobot_sim/locobot_ws/src/ThirdParty/rplidar_ros/./sdk/include/sl_lidar_protocol.h:66:16:[m[K [01;35m[Kwarning: [m[KISO C++ forbids zero-size array ‘[01m[Kdata[m[K’ [[01;35m[K-Wpedantic[m[K]
[7.107s]    66 |     sl_u8 data[[01;35m[K0[m[K];
[7.107s]       |                [01;35m[K^[m[K
[7.126s] In file included from [01m[K/home/wellyowo/locobot_sim/locobot_ws/src/ThirdParty/rplidar_ros/./sdk/include/rplidar_cmd.h:36[m[K,
[7.126s]                  from [01m[K/home/wellyowo/locobot_sim/locobot_ws/src/ThirdParty/rplidar_ros/./sdk/include/rplidar.h:40[m[K,
[7.127s]                  from [01m[K/home/wellyowo/locobot_sim/locobot_ws/src/ThirdParty/rplidar_ros/./sdk/src/sdkcommon.h:49[m[K,
[7.127s]                  from [01m[K/home/wellyowo/locobot_sim/locobot_ws/src/ThirdParty/rplidar_ros/sdk/src/dataunpacker/unpacker/../dataunnpacker_commondef.h:41[m[K,
[7.127s]                  from [01m[K/home/wellyowo/locobot_sim/locobot_ws/src/ThirdParty/rplidar_ros/sdk/src/dataunpacker/unpacker/handler_hqnode.cpp:39[m[K:
[7.127s] [01m[K/home/wellyowo/locobot_sim/locobot_ws/src/ThirdParty/rplidar_ros/./sdk/include/sl_lidar_cmd.h:324:20:[m[K [01;35m[Kwarning: [m[KISO C++ forbids zero-size array ‘[01m[Kpayload[m[K’ [[01;35m[K-Wpedantic[m[K]
[7.127s]   324 |     sl_u8  payload[[01;35m[K0[m[K];
[7.127s]       |                    [01;35m[K^[m[K
[7.130s] [01m[K/home/wellyowo/locobot_sim/locobot_ws/src/ThirdParty/rplidar_ros/sdk/src/dataunpacker/unpacker/handler_capsules.cpp:[m[K In member function ‘[01m[Kvoid sl::internal::unpacker::UnpackerHandler_DenseCapsuleNode::_onScanNodeDenseCapsuleData(rplidar_response_dense_capsule_measurement_nodes_t&, sl::internal::LIDARSampleDataUnpackerInner*)[m[K’:
[7.130s] [01m[K/home/wellyowo/locobot_sim/locobot_ws/src/ThirdParty/rplidar_ros/sdk/src/dataunpacker/unpacker/handler_capsules.cpp:763:30:[m[K [01;35m[Kwarning: [m[Ktype qualifiers ignored on cast result type [[01;35m[K-Wignored-qualifiers[m[K]
[7.130s]   763 |             const int dist = [01;35m[Kstatic_cast<const int>(_cached_previous_dense_capsuledata.cabins[pos].distance)[m[K;
[7.130s]       |                              [01;35m[K^~~~~~~~~~~~~~~~~~~~~~~~~~~~~~~~~~~~~~~~~~~~~~~~~~~~~~~~~~~~~~~~~~~~~~~~~~~~~~~[m[K
[7.160s] In file included from [01m[K/home/wellyowo/locobot_sim/locobot_ws/src/ThirdParty/rplidar_ros/./sdk/include/rplidar_protocol.h:36[m[K,
[7.160s]                  from [01m[K/home/wellyowo/locobot_sim/locobot_ws/src/ThirdParty/rplidar_ros/./sdk/include/rplidar.h:39[m[K,
[7.160s]                  from [01m[K/home/wellyowo/locobot_sim/locobot_ws/src/ThirdParty/rplidar_ros/./sdk/src/sdkcommon.h:49[m[K,
[7.160s]                  from [01m[K/home/wellyowo/locobot_sim/locobot_ws/src/ThirdParty/rplidar_ros/sdk/src/arch/linux/net_socket.cpp:10[m[K:
[7.160s] [01m[K/home/wellyowo/locobot_sim/locobot_ws/src/ThirdParty/rplidar_ros/./sdk/include/sl_lidar_protocol.h:66:16:[m[K [01;35m[Kwarning: [m[KISO C++ forbids zero-size array ‘[01m[Kdata[m[K’ [[01;35m[K-Wpedantic[m[K]
[7.160s]    66 |     sl_u8 data[[01;35m[K0[m[K];
[7.160s]       |                [01;35m[K^[m[K
[7.160s] In file included from [01m[K/home/wellyowo/locobot_sim/locobot_ws/src/ThirdParty/rplidar_ros/./sdk/include/rplidar_cmd.h:36[m[K,
[7.160s]                  from [01m[K/home/wellyowo/locobot_sim/locobot_ws/src/ThirdParty/rplidar_ros/./sdk/include/rplidar.h:40[m[K,
[7.160s]                  from [01m[K/home/wellyowo/locobot_sim/locobot_ws/src/ThirdParty/rplidar_ros/./sdk/src/sdkcommon.h:49[m[K,
[7.160s]                  from [01m[K/home/wellyowo/locobot_sim/locobot_ws/src/ThirdParty/rplidar_ros/sdk/src/arch/linux/net_socket.cpp:10[m[K:
[7.160s] [01m[K/home/wellyowo/locobot_sim/locobot_ws/src/ThirdParty/rplidar_ros/./sdk/include/sl_lidar_cmd.h:324:20:[m[K [01;35m[Kwarning: [m[KISO C++ forbids zero-size array ‘[01m[Kpayload[m[K’ [[01;35m[K-Wpedantic[m[K]
[7.160s]   324 |     sl_u8  payload[[01;35m[K0[m[K];
[7.161s]       |                    [01;35m[K^[m[K
[7.224s] In file included from [01m[K/home/wellyowo/locobot_sim/locobot_ws/src/ThirdParty/rplidar_ros/./sdk/include/rplidar_protocol.h:36[m[K,
[7.224s]                  from [01m[K/home/wellyowo/locobot_sim/locobot_ws/src/ThirdParty/rplidar_ros/./sdk/include/rplidar.h:39[m[K,
[7.224s]                  from [01m[K/home/wellyowo/locobot_sim/locobot_ws/src/ThirdParty/rplidar_ros/./sdk/src/sdkcommon.h:49[m[K,
[7.224s]                  from [01m[K/home/wellyowo/locobot_sim/locobot_ws/src/ThirdParty/rplidar_ros/sdk/src/dataunpacker/unpacker/../dataunnpacker_commondef.h:41[m[K,
[7.224s]                  from [01m[K/home/wellyowo/locobot_sim/locobot_ws/src/ThirdParty/rplidar_ros/sdk/src/dataunpacker/unpacker/handler_normalnode.cpp:39[m[K:
[7.224s] [01m[K/home/wellyowo/locobot_sim/locobot_ws/src/ThirdParty/rplidar_ros/./sdk/include/sl_lidar_protocol.h:66:16:[m[K [01;35m[Kwarning: [m[KISO C++ forbids zero-size array ‘[01m[Kdata[m[K’ [[01;35m[K-Wpedantic[m[K]
[7.224s]    66 |     sl_u8 data[[01;35m[K0[m[K];
[7.224s]       |                [01;35m[K^[m[K
[7.225s] In file included from [01m[K/home/wellyowo/locobot_sim/locobot_ws/src/ThirdParty/rplidar_ros/./sdk/include/rplidar_cmd.h:36[m[K,
[7.225s]                  from [01m[K/home/wellyowo/locobot_sim/locobot_ws/src/ThirdParty/rplidar_ros/./sdk/include/rplidar.h:40[m[K,
[7.225s]                  from [01m[K/home/wellyowo/locobot_sim/locobot_ws/src/ThirdParty/rplidar_ros/./sdk/src/sdkcommon.h:49[m[K,
[7.225s]                  from [01m[K/home/wellyowo/locobot_sim/locobot_ws/src/ThirdParty/rplidar_ros/sdk/src/dataunpacker/unpacker/../dataunnpacker_commondef.h:41[m[K,
[7.225s]                  from [01m[K/home/wellyowo/locobot_sim/locobot_ws/src/ThirdParty/rplidar_ros/sdk/src/dataunpacker/unpacker/handler_normalnode.cpp:39[m[K:
[7.225s] [01m[K/home/wellyowo/locobot_sim/locobot_ws/src/ThirdParty/rplidar_ros/./sdk/include/sl_lidar_cmd.h:324:20:[m[K [01;35m[Kwarning: [m[KISO C++ forbids zero-size array ‘[01m[Kpayload[m[K’ [[01;35m[K-Wpedantic[m[K]
[7.225s]   324 |     sl_u8  payload[[01;35m[K0[m[K];
[7.225s]       |                    [01;35m[K^[m[K
[7.474s] In file included from [01m[K/home/wellyowo/locobot_sim/locobot_ws/src/ThirdParty/rplidar_ros/./sdk/src/arch/linux/arch_linux.h:42[m[K,
[7.474s]                  from [01m[K/home/wellyowo/locobot_sim/locobot_ws/src/ThirdParty/rplidar_ros/./sdk/src/sdkcommon.h:41[m[K,
[7.474s]                  from [01m[K/home/wellyowo/locobot_sim/locobot_ws/src/ThirdParty/rplidar_ros/sdk/src/arch/linux/net_socket.cpp:10[m[K:
[7.474s] [01m[K/home/wellyowo/locobot_sim/locobot_ws/src/ThirdParty/rplidar_ros/sdk/src/arch/linux/net_socket.cpp:[m[K In member function ‘[01m[Kvirtual u_result rp::arch::net::DGramSocketImpl::sendTo(const rp::net::SocketAddress*, const void*, size_t)[m[K’:
[7.474s] [01m[K/home/wellyowo/locobot_sim/locobot_ws/src/ThirdParty/rplidar_ros/sdk/src/arch/linux/net_socket.cpp:733:24:[m[K [01;35m[Kwarning: [m[Kcomparison of integer expressions of different signedness: ‘[01m[Kint[m[K’ and ‘[01m[Ksize_t[m[K’ {aka ‘[01m[Klong unsigned int[m[K’} [[01;35m[K-Wsign-compare[m[K]
[7.475s]   733 |             assert([01;35m[Kans == len[m[K);
[7.475s]       |                    [01;35m[K~~~~^~~~~~[m[K
[7.504s] In file included from [01m[K/home/wellyowo/locobot_sim/locobot_ws/src/ThirdParty/rplidar_ros/./sdk/include/rplidar_protocol.h:36[m[K,
[7.504s]                  from [01m[K/home/wellyowo/locobot_sim/locobot_ws/src/ThirdParty/rplidar_ros/./sdk/include/rplidar.h:39[m[K,
[7.504s]                  from [01m[K/home/wellyowo/locobot_sim/locobot_ws/src/ThirdParty/rplidar_ros/./sdk/src/sdkcommon.h:49[m[K,
[7.504s]                  from [01m[K/home/wellyowo/locobot_sim/locobot_ws/src/ThirdParty/rplidar_ros/sdk/src/dataunpacker/dataunnpacker_commondef.h:41[m[K,
[7.504s]                  from [01m[K/home/wellyowo/locobot_sim/locobot_ws/src/ThirdParty/rplidar_ros/sdk/src/dataunpacker/dataunpacker.cpp:39[m[K:
[7.504s] [01m[K/home/wellyowo/locobot_sim/locobot_ws/src/ThirdParty/rplidar_ros/./sdk/include/sl_lidar_protocol.h:66:16:[m[K [01;35m[Kwarning: [m[KISO C++ forbids zero-size array ‘[01m[Kdata[m[K’ [[01;35m[K-Wpedantic[m[K]
[7.504s]    66 |     sl_u8 data[[01;35m[K0[m[K];
[7.504s]       |                [01;35m[K^[m[K
[7.506s] In file included from [01m[K/home/wellyowo/locobot_sim/locobot_ws/src/ThirdParty/rplidar_ros/sdk/src/dataunpacker/unpacker/handler_hqnode.cpp:40[m[K:
[7.506s] [01m[K/home/wellyowo/locobot_sim/locobot_ws/src/ThirdParty/rplidar_ros/sdk/src/dataunpacker/unpacker/../dataunpacker.h:[m[K In member function ‘[01m[Kvirtual void sl::internal::LIDARSampleDataListener::onCustomSampleDataDecoded(_u8, _u32, const void*, size_t)[m[K’:
[7.506s] [01m[K/home/wellyowo/locobot_sim/locobot_ws/src/ThirdParty/rplidar_ros/sdk/src/dataunpacker/unpacker/../dataunpacker.h:54:52:[m[K [01;35m[Kwarning: [m[Kunused parameter ‘[01m[KansType[m[K’ [[01;35m[K-Wunused-parameter[m[K]
[7.506s]    54 |         virtual void onCustomSampleDataDecoded([01;35m[K_u8 ansType[m[K, _u32 customCode, const void* data, size_t size) {}
[7.507s]       |                                                [01;35m[K~~~~^~~~~~~[m[K
[7.507s] [01m[K/home/wellyowo/locobot_sim/locobot_ws/src/ThirdParty/rplidar_ros/sdk/src/dataunpacker/unpacker/../dataunpacker.h:54:66:[m[K [01;35m[Kwarning: [m[Kunused parameter ‘[01m[KcustomCode[m[K’ [[01;35m[K-Wunused-parameter[m[K]
[7.507s]    54 |         virtual void onCustomSampleDataDecoded(_u8 ansType, [01;35m[K_u32 customCode[m[K, const void* data, size_t size) {}
[7.507s]       |                                                             [01;35m[K~~~~~^~~~~~~~~~[m[K
[7.507s] [01m[K/home/wellyowo/locobot_sim/locobot_ws/src/ThirdParty/rplidar_ros/sdk/src/dataunpacker/unpacker/../dataunpacker.h:54:90:[m[K [01;35m[Kwarning: [m[Kunused parameter ‘[01m[Kdata[m[K’ [[01;35m[K-Wunused-parameter[m[K]
[7.507s]    54 |         virtual void onCustomSampleDataDecoded(_u8 ansType, _u32 customCode, [01;35m[Kconst void* data[m[K, size_t size) {}
[7.508s]       |                                                                              [01;35m[K~~~~~~~~~~~~^~~~[m[K
[7.508s] [01m[K/home/wellyowo/locobot_sim/locobot_ws/src/ThirdParty/rplidar_ros/sdk/src/dataunpacker/unpacker/../dataunpacker.h:54:103:[m[K [01;35m[Kwarning: [m[Kunused parameter ‘[01m[Ksize[m[K’ [[01;35m[K-Wunused-parameter[m[K]
[7.508s]    54 |         virtual void onCustomSampleDataDecoded(_u8 ansType, _u32 customCode, const void* data, [01;35m[Ksize_t size[m[K) {}
[7.508s]       |                                                                                                [01;35m[K~~~~~~~^~~~[m[K
[7.508s] [01m[K/home/wellyowo/locobot_sim/locobot_ws/src/ThirdParty/rplidar_ros/sdk/src/dataunpacker/unpacker/../dataunpacker.h:[m[K In member function ‘[01m[Kvirtual void sl::internal::LIDARSampleDataListener::onDecodingError(int, _u8, const void*, size_t)[m[K’:
[7.508s] [01m[K/home/wellyowo/locobot_sim/locobot_ws/src/ThirdParty/rplidar_ros/sdk/src/dataunpacker/unpacker/../dataunpacker.h:56:42:[m[K [01;35m[Kwarning: [m[Kunused parameter ‘[01m[KerrMsg[m[K’ [[01;35m[K-Wunused-parameter[m[K]
[7.508s]    56 |         virtual void onDecodingError([01;35m[Kint errMsg[m[K, _u8 ansType, const void* payload, size_t size) {}
[7.508s]       |                                      [01;35m[K~~~~^~~~~~[m[K
[7.509s] [01m[K/home/wellyowo/locobot_sim/locobot_ws/src/ThirdParty/rplidar_ros/sdk/src/dataunpacker/unpacker/../dataunpacker.h:56:54:[m[K [01;35m[Kwarning: [m[Kunused parameter ‘[01m[KansType[m[K’ [[01;35m[K-Wunused-parameter[m[K]
[7.509s]    56 |         virtual void onDecodingError(int errMsg, [01;35m[K_u8 ansType[m[K, const void* payload, size_t size) {}
[7.509s]       |                                                  [01;35m[K~~~~^~~~~~~[m[K
[7.509s] [01m[K/home/wellyowo/locobot_sim/locobot_ws/src/ThirdParty/rplidar_ros/sdk/src/dataunpacker/unpacker/../dataunpacker.h:56:75:[m[K [01;35m[Kwarning: [m[Kunused parameter ‘[01m[Kpayload[m[K’ [[01;35m[K-Wunused-parameter[m[K]
[7.509s]    56 |         virtual void onDecodingError(int errMsg, _u8 ansType, [01;35m[Kconst void* payload[m[K, size_t size) {}
[7.509s]       |                                                               [01;35m[K~~~~~~~~~~~~^~~~~~~[m[K
[7.509s] [01m[K/home/wellyowo/locobot_sim/locobot_ws/src/ThirdParty/rplidar_ros/sdk/src/dataunpacker/unpacker/../dataunpacker.h:56:91:[m[K [01;35m[Kwarning: [m[Kunused parameter ‘[01m[Ksize[m[K’ [[01;35m[K-Wunused-parameter[m[K]
[7.511s]    56 |         virtual void onDecodingError(int errMsg, _u8 ansType, const void* payload, [01;35m[Ksize_t size[m[K) {}
[7.511s]       |                                                                                    [01;35m[K~~~~~~~^~~~[m[K
[7.511s] In file included from [01m[K/home/wellyowo/locobot_sim/locobot_ws/src/ThirdParty/rplidar_ros/./sdk/include/rplidar_cmd.h:36[m[K,
[7.511s]                  from [01m[K/home/wellyowo/locobot_sim/locobot_ws/src/ThirdParty/rplidar_ros/./sdk/include/rplidar.h:40[m[K,
[7.511s]                  from [01m[K/home/wellyowo/locobot_sim/locobot_ws/src/ThirdParty/rplidar_ros/./sdk/src/sdkcommon.h:49[m[K,
[7.511s]                  from [01m[K/home/wellyowo/locobot_sim/locobot_ws/src/ThirdParty/rplidar_ros/sdk/src/dataunpacker/dataunnpacker_commondef.h:41[m[K,
[7.511s]                  from [01m[K/home/wellyowo/locobot_sim/locobot_ws/src/ThirdParty/rplidar_ros/sdk/src/dataunpacker/dataunpacker.cpp:39[m[K:
[7.511s] [01m[K/home/wellyowo/locobot_sim/locobot_ws/src/ThirdParty/rplidar_ros/./sdk/include/sl_lidar_cmd.h:324:20:[m[K [01;35m[Kwarning: [m[KISO C++ forbids zero-size array ‘[01m[Kpayload[m[K’ [[01;35m[K-Wpedantic[m[K]
[7.511s]   324 |     sl_u8  payload[[01;35m[K0[m[K];
[7.511s]       |                    [01;35m[K^[m[K
[7.520s] In file included from [01m[K/home/wellyowo/locobot_sim/locobot_ws/src/ThirdParty/rplidar_ros/sdk/src/dataunpacker/unpacker/handler_normalnode.cpp:40[m[K:
[7.523s] [01m[K/home/wellyowo/locobot_sim/locobot_ws/src/ThirdParty/rplidar_ros/sdk/src/dataunpacker/unpacker/../dataunpacker.h:[m[K In member function ‘[01m[Kvirtual void sl::internal::LIDARSampleDataListener::onCustomSampleDataDecoded(_u8, _u32, const void*, size_t)[m[K’:
[7.523s] [01m[K/home/wellyowo/locobot_sim/locobot_ws/src/ThirdParty/rplidar_ros/sdk/src/dataunpacker/unpacker/../dataunpacker.h:54:52:[m[K [01;35m[Kwarning: [m[Kunused parameter ‘[01m[KansType[m[K’ [[01;35m[K-Wunused-parameter[m[K]
[7.523s]    54 |         virtual void onCustomSampleDataDecoded([01;35m[K_u8 ansType[m[K, _u32 customCode, const void* data, size_t size) {}
[7.523s]       |                                                [01;35m[K~~~~^~~~~~~[m[K
[7.524s] [01m[K/home/wellyowo/locobot_sim/locobot_ws/src/ThirdParty/rplidar_ros/sdk/src/dataunpacker/unpacker/../dataunpacker.h:54:66:[m[K [01;35m[Kwarning: [m[Kunused parameter ‘[01m[KcustomCode[m[K’ [[01;35m[K-Wunused-parameter[m[K]
[7.524s]    54 |         virtual void onCustomSampleDataDecoded(_u8 ansType, [01;35m[K_u32 customCode[m[K, const void* data, size_t size) {}
[7.524s]       |                                                             [01;35m[K~~~~~^~~~~~~~~~[m[K
[7.524s] [01m[K/home/wellyowo/locobot_sim/locobot_ws/src/ThirdParty/rplidar_ros/sdk/src/dataunpacker/unpacker/../dataunpacker.h:54:90:[m[K [01;35m[Kwarning: [m[Kunused parameter ‘[01m[Kdata[m[K’ [[01;35m[K-Wunused-parameter[m[K]
[7.524s]    54 |         virtual void onCustomSampleDataDecoded(_u8 ansType, _u32 customCode, [01;35m[Kconst void* data[m[K, size_t size) {}
[7.524s]       |                                                                              [01;35m[K~~~~~~~~~~~~^~~~[m[K
[7.524s] [01m[K/home/wellyowo/locobot_sim/locobot_ws/src/ThirdParty/rplidar_ros/sdk/src/dataunpacker/unpacker/../dataunpacker.h:54:103:[m[K [01;35m[Kwarning: [m[Kunused parameter ‘[01m[Ksize[m[K’ [[01;35m[K-Wunused-parameter[m[K]
[7.524s]    54 |         virtual void onCustomSampleDataDecoded(_u8 ansType, _u32 customCode, const void* data, [01;35m[Ksize_t size[m[K) {}
[7.524s]       |                                                                                                [01;35m[K~~~~~~~^~~~[m[K
[7.524s] [01m[K/home/wellyowo/locobot_sim/locobot_ws/src/ThirdParty/rplidar_ros/sdk/src/dataunpacker/unpacker/../dataunpacker.h:[m[K In member function ‘[01m[Kvirtual void sl::internal::LIDARSampleDataListener::onDecodingError(int, _u8, const void*, size_t)[m[K’:
[7.524s] [01m[K/home/wellyowo/locobot_sim/locobot_ws/src/ThirdParty/rplidar_ros/sdk/src/dataunpacker/unpacker/../dataunpacker.h:56:42:[m[K [01;35m[Kwarning: [m[Kunused parameter ‘[01m[KerrMsg[m[K’ [[01;35m[K-Wunused-parameter[m[K]
[7.524s]    56 |         virtual void onDecodingError([01;35m[Kint errMsg[m[K, _u8 ansType, const void* payload, size_t size) {}
[7.524s]       |                                      [01;35m[K~~~~^~~~~~[m[K
[7.524s] [01m[K/home/wellyowo/locobot_sim/locobot_ws/src/ThirdParty/rplidar_ros/sdk/src/dataunpacker/unpacker/../dataunpacker.h:56:54:[m[K [01;35m[Kwarning: [m[Kunused parameter ‘[01m[KansType[m[K’ [[01;35m[K-Wunused-parameter[m[K]
[7.524s]    56 |         virtual void onDecodingError(int errMsg, [01;35m[K_u8 ansType[m[K, const void* payload, size_t size) {}
[7.525s]       |                                                  [01;35m[K~~~~^~~~~~~[m[K
[7.525s] [01m[K/home/wellyowo/locobot_sim/locobot_ws/src/ThirdParty/rplidar_ros/sdk/src/dataunpacker/unpacker/../dataunpacker.h:56:75:[m[K [01;35m[Kwarning: [m[Kunused parameter ‘[01m[Kpayload[m[K’ [[01;35m[K-Wunused-parameter[m[K]
[7.525s]    56 |         virtual void onDecodingError(int errMsg, _u8 ansType, [01;35m[Kconst void* payload[m[K, size_t size) {}
[7.525s]       |                                                               [01;35m[K~~~~~~~~~~~~^~~~~~~[m[K
[7.525s] [01m[K/home/wellyowo/locobot_sim/locobot_ws/src/ThirdParty/rplidar_ros/sdk/src/dataunpacker/unpacker/../dataunpacker.h:56:91:[m[K [01;35m[Kwarning: [m[Kunused parameter ‘[01m[Ksize[m[K’ [[01;35m[K-Wunused-parameter[m[K]
[7.525s]    56 |         virtual void onDecodingError(int errMsg, _u8 ansType, const void* payload, [01;35m[Ksize_t size[m[K) {}
[7.525s]       |                                                                                    [01;35m[K~~~~~~~^~~~[m[K
[7.664s] In file included from [01m[K/home/wellyowo/locobot_sim/locobot_ws/src/ThirdParty/rplidar_ros/./sdk/include/rplidar_protocol.h:36[m[K,
[7.664s]                  from [01m[K/home/wellyowo/locobot_sim/locobot_ws/src/ThirdParty/rplidar_ros/./sdk/include/rplidar.h:39[m[K,
[7.664s]                  from [01m[K/home/wellyowo/locobot_sim/locobot_ws/src/ThirdParty/rplidar_ros/./sdk/src/sdkcommon.h:49[m[K,
[7.664s]                  from [01m[K/home/wellyowo/locobot_sim/locobot_ws/src/ThirdParty/rplidar_ros/sdk/src/dataunpacker/dataunnpacker_commondef.h:41[m[K,
[7.664s]                  from [01m[K/home/wellyowo/locobot_sim/locobot_ws/src/ThirdParty/rplidar_ros/sdk/src/dataunpacker/dataunpacker.cpp:39[m[K:
[7.664s] [01m[K/home/wellyowo/locobot_sim/locobot_ws/src/ThirdParty/rplidar_ros/./sdk/include/sl_lidar_protocol.h:66:16:[m[K [01;35m[Kwarning: [m[KISO C++ forbids zero-size array ‘[01m[Kdata[m[K’ [[01;35m[K-Wpedantic[m[K]
[7.664s]    66 |     sl_u8 data[[01;35m[K0[m[K];
[7.664s]       |                [01;35m[K^[m[K
[7.678s] In file included from [01m[K/home/wellyowo/locobot_sim/locobot_ws/src/ThirdParty/rplidar_ros/./sdk/include/rplidar_cmd.h:36[m[K,
[7.678s]                  from [01m[K/home/wellyowo/locobot_sim/locobot_ws/src/ThirdParty/rplidar_ros/./sdk/include/rplidar.h:40[m[K,
[7.678s]                  from [01m[K/home/wellyowo/locobot_sim/locobot_ws/src/ThirdParty/rplidar_ros/./sdk/src/sdkcommon.h:49[m[K,
[7.678s]                  from [01m[K/home/wellyowo/locobot_sim/locobot_ws/src/ThirdParty/rplidar_ros/sdk/src/dataunpacker/dataunnpacker_commondef.h:41[m[K,
[7.682s]                  from [01m[K/home/wellyowo/locobot_sim/locobot_ws/src/ThirdParty/rplidar_ros/sdk/src/dataunpacker/dataunpacker.cpp:39[m[K:
[7.682s] [01m[K/home/wellyowo/locobot_sim/locobot_ws/src/ThirdParty/rplidar_ros/./sdk/include/sl_lidar_cmd.h:324:20:[m[K [01;35m[Kwarning: [m[KISO C++ forbids zero-size array ‘[01m[Kpayload[m[K’ [[01;35m[K-Wpedantic[m[K]
[7.683s]   324 |     sl_u8  payload[[01;35m[K0[m[K];
[7.683s]       |                    [01;35m[K^[m[K
[7.695s] [ 50%] [32mBuilding CXX object CMakeFiles/rplidar_node.dir/sdk/src/rplidar_driver.cpp.o[0m
[7.743s] [ 52%] [32mBuilding CXX object CMakeFiles/rplidar_node.dir/sdk/src/sl_async_transceiver.cpp.o[0m
[7.786s] [ 55%] [32mBuilding CXX object CMakeFiles/rplidar_composition.dir/sdk/src/hal/thread.cpp.o[0m
[7.928s] In file included from [01m[K/home/wellyowo/locobot_sim/locobot_ws/src/ThirdParty/rplidar_ros/sdk/src/dataunpacker/unpacker/handler_capsules.cpp:40[m[K:
[7.929s] [01m[K/home/wellyowo/locobot_sim/locobot_ws/src/ThirdParty/rplidar_ros/sdk/src/dataunpacker/unpacker/../dataunpacker.h:[m[K In member function ‘[01m[Kvirtual void sl::internal::LIDARSampleDataListener::onCustomSampleDataDecoded(_u8, _u32, const void*, size_t)[m[K’:
[7.929s] [01m[K/home/wellyowo/locobot_sim/locobot_ws/src/ThirdParty/rplidar_ros/sdk/src/dataunpacker/unpacker/../dataunpacker.h:54:52:[m[K [01;35m[Kwarning: [m[Kunused parameter ‘[01m[KansType[m[K’ [[01;35m[K-Wunused-parameter[m[K]
[7.929s]    54 |         virtual void onCustomSampleDataDecoded([01;35m[K_u8 ansType[m[K, _u32 customCode, const void* data, size_t size) {}
[7.929s]       |                                                [01;35m[K~~~~^~~~~~~[m[K
[7.929s] [01m[K/home/wellyowo/locobot_sim/locobot_ws/src/ThirdParty/rplidar_ros/sdk/src/dataunpacker/unpacker/../dataunpacker.h:54:66:[m[K [01;35m[Kwarning: [m[Kunused parameter ‘[01m[KcustomCode[m[K’ [[01;35m[K-Wunused-parameter[m[K]
[7.929s]    54 |         virtual void onCustomSampleDataDecoded(_u8 ansType, [01;35m[K_u32 customCode[m[K, const void* data, size_t size) {}
[7.929s]       |                                                             [01;35m[K~~~~~^~~~~~~~~~[m[K
[7.929s] [01m[K/home/wellyowo/locobot_sim/locobot_ws/src/ThirdParty/rplidar_ros/sdk/src/dataunpacker/unpacker/../dataunpacker.h:54:90:[m[K [01;35m[Kwarning: [m[Kunused parameter ‘[01m[Kdata[m[K’ [[01;35m[K-Wunused-parameter[m[K]
[7.929s]    54 |         virtual void onCustomSampleDataDecoded(_u8 ansType, _u32 customCode, [01;35m[Kconst void* data[m[K, size_t size) {}
[7.929s]       |                                                                              [01;35m[K~~~~~~~~~~~~^~~~[m[K
[7.929s] [01m[K/home/wellyowo/locobot_sim/locobot_ws/src/ThirdParty/rplidar_ros/sdk/src/dataunpacker/unpacker/../dataunpacker.h:54:103:[m[K [01;35m[Kwarning: [m[Kunused parameter ‘[01m[Ksize[m[K’ [[01;35m[K-Wunused-parameter[m[K]
[7.929s]    54 |         virtual void onCustomSampleDataDecoded(_u8 ansType, _u32 customCode, const void* data, [01;35m[Ksize_t size[m[K) {}
[7.930s]       |                                                                                                [01;35m[K~~~~~~~^~~~[m[K
[7.930s] [01m[K/home/wellyowo/locobot_sim/locobot_ws/src/ThirdParty/rplidar_ros/sdk/src/dataunpacker/unpacker/../dataunpacker.h:[m[K In member function ‘[01m[Kvirtual void sl::internal::LIDARSampleDataListener::onDecodingError(int, _u8, const void*, size_t)[m[K’:
[7.930s] [01m[K/home/wellyowo/locobot_sim/locobot_ws/src/ThirdParty/rplidar_ros/sdk/src/dataunpacker/unpacker/../dataunpacker.h:56:42:[m[K [01;35m[Kwarning: [m[Kunused parameter ‘[01m[KerrMsg[m[K’ [[01;35m[K-Wunused-parameter[m[K]
[7.930s]    56 |         virtual void onDecodingError([01;35m[Kint errMsg[m[K, _u8 ansType, const void* payload, size_t size) {}
[7.930s]       |                                      [01;35m[K~~~~^~~~~~[m[K
[7.930s] [01m[K/home/wellyowo/locobot_sim/locobot_ws/src/ThirdParty/rplidar_ros/sdk/src/dataunpacker/unpacker/../dataunpacker.h:56:54:[m[K [01;35m[Kwarning: [m[Kunused parameter ‘[01m[KansType[m[K’ [[01;35m[K-Wunused-parameter[m[K]
[7.930s]    56 |         virtual void onDecodingError(int errMsg, [01;35m[K_u8 ansType[m[K, const void* payload, size_t size) {}
[7.930s]       |                                                  [01;35m[K~~~~^~~~~~~[m[K
[7.930s] [01m[K/home/wellyowo/locobot_sim/locobot_ws/src/ThirdParty/rplidar_ros/sdk/src/dataunpacker/unpacker/../dataunpacker.h:56:75:[m[K [01;35m[Kwarning: [m[Kunused parameter ‘[01m[Kpayload[m[K’ [[01;35m[K-Wunused-parameter[m[K]
[7.930s]    56 |         virtual void onDecodingError(int errMsg, _u8 ansType, [01;35m[Kconst void* payload[m[K, size_t size) {}
[7.930s]       |                                                               [01;35m[K~~~~~~~~~~~~^~~~~~~[m[K
[7.930s] [01m[K/home/wellyowo/locobot_sim/locobot_ws/src/ThirdParty/rplidar_ros/sdk/src/dataunpacker/unpacker/../dataunpacker.h:56:91:[m[K [01;35m[Kwarning: [m[Kunused parameter ‘[01m[Ksize[m[K’ [[01;35m[K-Wunused-parameter[m[K]
[7.930s]    56 |         virtual void onDecodingError(int errMsg, _u8 ansType, const void* payload, [01;35m[Ksize_t size[m[K) {}
[7.930s]       |                                                                                    [01;35m[K~~~~~~~^~~~[m[K
[7.947s] [01m[K/home/wellyowo/locobot_sim/locobot_ws/src/ThirdParty/rplidar_ros/sdk/src/dataunpacker/unpacker/handler_capsules.cpp:[m[K In member function ‘[01m[Kvoid sl::internal::unpacker::UnpackerHandler_DenseCapsuleNode::_onScanNodeDenseCapsuleData(rplidar_response_dense_capsule_measurement_nodes_t&, sl::internal::LIDARSampleDataUnpackerInner*)[m[K’:
[7.947s] [01m[K/home/wellyowo/locobot_sim/locobot_ws/src/ThirdParty/rplidar_ros/sdk/src/dataunpacker/unpacker/handler_capsules.cpp:763:30:[m[K [01;35m[Kwarning: [m[Ktype qualifiers ignored on cast result type [[01;35m[K-Wignored-qualifiers[m[K]
[7.947s]   763 |             const int dist = [01;35m[Kstatic_cast<const int>(_cached_previous_dense_capsuledata.cabins[pos].distance)[m[K;
[7.947s]       |                              [01;35m[K^~~~~~~~~~~~~~~~~~~~~~~~~~~~~~~~~~~~~~~~~~~~~~~~~~~~~~~~~~~~~~~~~~~~~~~~~~~~~~~[m[K
[8.070s] In file included from [01m[K/home/wellyowo/locobot_sim/locobot_ws/src/ThirdParty/rplidar_ros/sdk/src/dataunpacker/unpacker/handler_hqnode.cpp:40[m[K:
[8.070s] [01m[K/home/wellyowo/locobot_sim/locobot_ws/src/ThirdParty/rplidar_ros/sdk/src/dataunpacker/unpacker/../dataunpacker.h:[m[K In member function ‘[01m[Kvirtual void sl::internal::LIDARSampleDataListener::onCustomSampleDataDecoded(_u8, _u32, const void*, size_t)[m[K’:
[8.070s] [01m[K/home/wellyowo/locobot_sim/locobot_ws/src/ThirdParty/rplidar_ros/sdk/src/dataunpacker/unpacker/../dataunpacker.h:54:52:[m[K [01;35m[Kwarning: [m[Kunused parameter ‘[01m[KansType[m[K’ [[01;35m[K-Wunused-parameter[m[K]
[8.070s]    54 |         virtual void onCustomSampleDataDecoded([01;35m[K_u8 ansType[m[K, _u32 customCode, const void* data, size_t size) {}
[8.070s]       |                                                [01;35m[K~~~~^~~~~~~[m[K
[8.070s] [01m[K/home/wellyowo/locobot_sim/locobot_ws/src/ThirdParty/rplidar_ros/sdk/src/dataunpacker/unpacker/../dataunpacker.h:54:66:[m[K [01;35m[Kwarning: [m[Kunused parameter ‘[01m[KcustomCode[m[K’ [[01;35m[K-Wunused-parameter[m[K]
[8.070s]    54 |         virtual void onCustomSampleDataDecoded(_u8 ansType, [01;35m[K_u32 customCode[m[K, const void* data, size_t size) {}
[8.070s]       |                                                             [01;35m[K~~~~~^~~~~~~~~~[m[K
[8.070s] [01m[K/home/wellyowo/locobot_sim/locobot_ws/src/ThirdParty/rplidar_ros/sdk/src/dataunpacker/unpacker/../dataunpacker.h:54:90:[m[K [01;35m[Kwarning: [m[Kunused parameter ‘[01m[Kdata[m[K’ [[01;35m[K-Wunused-parameter[m[K]
[8.070s]    54 |         virtual void onCustomSampleDataDecoded(_u8 ansType, _u32 customCode, [01;35m[Kconst void* data[m[K, size_t size) {}
[8.070s]       |                                                                              [01;35m[K~~~~~~~~~~~~^~~~[m[K
[8.071s] [01m[K/home/wellyowo/locobot_sim/locobot_ws/src/ThirdParty/rplidar_ros/sdk/src/dataunpacker/unpacker/../dataunpacker.h:54:103:[m[K [01;35m[Kwarning: [m[Kunused parameter ‘[01m[Ksize[m[K’ [[01;35m[K-Wunused-parameter[m[K]
[8.071s]    54 |         virtual void onCustomSampleDataDecoded(_u8 ansType, _u32 customCode, const void* data, [01;35m[Ksize_t size[m[K) {}
[8.071s]       |                                                                                                [01;35m[K~~~~~~~^~~~[m[K
[8.071s] [01m[K/home/wellyowo/locobot_sim/locobot_ws/src/ThirdParty/rplidar_ros/sdk/src/dataunpacker/unpacker/../dataunpacker.h:[m[K In member function ‘[01m[Kvirtual void sl::internal::LIDARSampleDataListener::onDecodingError(int, _u8, const void*, size_t)[m[K’:
[8.071s] [01m[K/home/wellyowo/locobot_sim/locobot_ws/src/ThirdParty/rplidar_ros/sdk/src/dataunpacker/unpacker/../dataunpacker.h:56:42:[m[K [01;35m[Kwarning: [m[Kunused parameter ‘[01m[KerrMsg[m[K’ [[01;35m[K-Wunused-parameter[m[K]
[8.071s]    56 |         virtual void onDecodingError([01;35m[Kint errMsg[m[K, _u8 ansType, const void* payload, size_t size) {}
[8.071s]       |                                      [01;35m[K~~~~^~~~~~[m[K
[8.071s] [01m[K/home/wellyowo/locobot_sim/locobot_ws/src/ThirdParty/rplidar_ros/sdk/src/dataunpacker/unpacker/../dataunpacker.h:56:54:[m[K [01;35m[Kwarning: [m[Kunused parameter ‘[01m[KansType[m[K’ [[01;35m[K-Wunused-parameter[m[K]
[8.071s]    56 |         virtual void onDecodingError(int errMsg, [01;35m[K_u8 ansType[m[K, const void* payload, size_t size) {}
[8.071s]       |                                                  [01;35m[K~~~~^~~~~~~[m[K
[8.071s] [01m[K/home/wellyowo/locobot_sim/locobot_ws/src/ThirdParty/rplidar_ros/sdk/src/dataunpacker/unpacker/../dataunpacker.h:56:75:[m[K [01;35m[Kwarning: [m[Kunused parameter ‘[01m[Kpayload[m[K’ [[01;35m[K-Wunused-parameter[m[K]
[8.071s]    56 |         virtual void onDecodingError(int errMsg, _u8 ansType, [01;35m[Kconst void* payload[m[K, size_t size) {}
[8.071s]       |                                                               [01;35m[K~~~~~~~~~~~~^~~~~~~[m[K
[8.071s] [01m[K/home/wellyowo/locobot_sim/locobot_ws/src/ThirdParty/rplidar_ros/sdk/src/dataunpacker/unpacker/../dataunpacker.h:56:91:[m[K [01;35m[Kwarning: [m[Kunused parameter ‘[01m[Ksize[m[K’ [[01;35m[K-Wunused-parameter[m[K]
[8.071s]    56 |         virtual void onDecodingError(int errMsg, _u8 ansType, const void* payload, [01;35m[Ksize_t size[m[K) {}
[8.071s]       |                                                                                    [01;35m[K~~~~~~~^~~~[m[K
[8.075s] [ 57%] [32mBuilding CXX object CMakeFiles/rplidar_node.dir/sdk/src/sl_crc.cpp.o[0m
[8.092s] [01m[K/home/wellyowo/locobot_sim/locobot_ws/src/ThirdParty/rplidar_ros/sdk/src/arch/linux/net_serial.cpp:[m[K In member function ‘[01m[Kbool rp::arch::net::raw_serial::open(const char*, uint32_t, uint32_t)[m[K’:
[8.092s] [01m[K/home/wellyowo/locobot_sim/locobot_ws/src/ThirdParty/rplidar_ros/sdk/src/arch/linux/net_serial.cpp:97:74:[m[K [01;35m[Kwarning: [m[Kunused parameter ‘[01m[Kflags[m[K’ [[01;35m[K-Wunused-parameter[m[K]
[8.092s]    97 | bool raw_serial::open(const char * portname, uint32_t baudrate, [01;35m[Kuint32_t flags[m[K)
[8.092s]       |                                                                 [01;35m[K~~~~~~~~~^~~~~[m[K
[8.092s] [01m[K/home/wellyowo/locobot_sim/locobot_ws/src/ThirdParty/rplidar_ros/sdk/src/arch/linux/net_serial.cpp:[m[K In member function ‘[01m[Kvirtual void rp::arch::net::raw_serial::flush(_u32)[m[K’:
[8.093s] [01m[K/home/wellyowo/locobot_sim/locobot_ws/src/ThirdParty/rplidar_ros/sdk/src/arch/linux/net_serial.cpp:281:30:[m[K [01;35m[Kwarning: [m[Kunused parameter ‘[01m[Kflags[m[K’ [[01;35m[K-Wunused-parameter[m[K]
[8.093s]   281 | void raw_serial::flush( [01;35m[K_u32 flags[m[K)
[8.093s]       |                         [01;35m[K~~~~~^~~~~[m[K
[8.093s] [01m[K/home/wellyowo/locobot_sim/locobot_ws/src/ThirdParty/rplidar_ros/sdk/src/arch/linux/net_serial.cpp:[m[K In member function ‘[01m[Kvirtual int rp::arch::net::raw_serial::waitforsent(_u32, size_t*)[m[K’:
[8.093s] [01m[K/home/wellyowo/locobot_sim/locobot_ws/src/ThirdParty/rplidar_ros/sdk/src/arch/linux/net_serial.cpp:286:34:[m[K [01;35m[Kwarning: [m[Kunused parameter ‘[01m[Ktimeout[m[K’ [[01;35m[K-Wunused-parameter[m[K]
[8.093s]   286 | int raw_serial::waitforsent([01;35m[K_u32 timeout[m[K, size_t * returned_size)
[8.093s]       |                             [01;35m[K~~~~~^~~~~~~[m[K
[8.093s] [01m[K/home/wellyowo/locobot_sim/locobot_ws/src/ThirdParty/rplidar_ros/sdk/src/arch/linux/net_serial.cpp:[m[K In member function ‘[01m[Kvirtual int rp::arch::net::raw_serial::waitforrecv(_u32, size_t*)[m[K’:
[8.093s] [01m[K/home/wellyowo/locobot_sim/locobot_ws/src/ThirdParty/rplidar_ros/sdk/src/arch/linux/net_serial.cpp:292:34:[m[K [01;35m[Kwarning: [m[Kunused parameter ‘[01m[Ktimeout[m[K’ [[01;35m[K-Wunused-parameter[m[K]
[8.093s]   292 | int raw_serial::waitforrecv([01;35m[K_u32 timeout[m[K, size_t * returned_size)
[8.093s]       |                             [01;35m[K~~~~~^~~~~~~[m[K
[8.095s] [01m[K/home/wellyowo/locobot_sim/locobot_ws/src/ThirdParty/rplidar_ros/sdk/src/arch/linux/net_serial.cpp:[m[K In member function ‘[01m[Kvirtual void rp::arch::net::raw_serial::cancelOperation()[m[K’:
[8.095s] [01m[K/home/wellyowo/locobot_sim/locobot_ws/src/ThirdParty/rplidar_ros/sdk/src/arch/linux/net_serial.cpp:427:5:[m[K [01;35m[Kwarning: [m[Kvalue computed is not used [[01;35m[K-Wunused-value[m[K]
[8.095s]   427 |     [01;35m[K(int)::write(_selfpipe[1], "x", 1)[m[K;
[8.095s]       |     [01;35m[K^~~~~~~~~~~~~~~~~~~~~~~~~~~~~~~~~~[m[K
[8.129s] In file included from [01m[K/home/wellyowo/locobot_sim/locobot_ws/src/ThirdParty/rplidar_ros/./sdk/include/sl_lidar_cmd.h:41[m[K,
[8.131s]                  from [01m[K/home/wellyowo/locobot_sim/locobot_ws/src/ThirdParty/rplidar_ros/./sdk/include/sl_crc.h:36[m[K,
[8.131s]                  from [01m[K/home/wellyowo/locobot_sim/locobot_ws/src/ThirdParty/rplidar_ros/sdk/src/sl_crc.cpp:33[m[K:
[8.131s] [01m[K/home/wellyowo/locobot_sim/locobot_ws/src/ThirdParty/rplidar_ros/./sdk/include/sl_lidar_protocol.h:66:16:[m[K [01;35m[Kwarning: [m[KISO C++ forbids zero-size array ‘[01m[Kdata[m[K’ [[01;35m[K-Wpedantic[m[K]
[8.131s]    66 |     sl_u8 data[[01;35m[K0[m[K];
[8.131s]       |                [01;35m[K^[m[K
[8.134s] In file included from [01m[K/home/wellyowo/locobot_sim/locobot_ws/src/ThirdParty/rplidar_ros/./sdk/include/sl_crc.h:36[m[K,
[8.134s]                  from [01m[K/home/wellyowo/locobot_sim/locobot_ws/src/ThirdParty/rplidar_ros/sdk/src/sl_crc.cpp:33[m[K:
[8.134s] [01m[K/home/wellyowo/locobot_sim/locobot_ws/src/ThirdParty/rplidar_ros/./sdk/include/sl_lidar_cmd.h:324:20:[m[K [01;35m[Kwarning: [m[KISO C++ forbids zero-size array ‘[01m[Kpayload[m[K’ [[01;35m[K-Wpedantic[m[K]
[8.134s]   324 |     sl_u8  payload[[01;35m[K0[m[K];
[8.135s]       |                    [01;35m[K^[m[K
[8.142s] In file included from [01m[K/home/wellyowo/locobot_sim/locobot_ws/src/ThirdParty/rplidar_ros/./sdk/include/rplidar_protocol.h:36[m[K,
[8.142s]                  from [01m[K/home/wellyowo/locobot_sim/locobot_ws/src/ThirdParty/rplidar_ros/./sdk/include/rplidar.h:39[m[K,
[8.143s]                  from [01m[K/home/wellyowo/locobot_sim/locobot_ws/src/ThirdParty/rplidar_ros/./sdk/src/sdkcommon.h:49[m[K,
[8.143s]                  from [01m[K/home/wellyowo/locobot_sim/locobot_ws/src/ThirdParty/rplidar_ros/sdk/src/hal/thread.cpp:35[m[K:
[8.143s] [01m[K/home/wellyowo/locobot_sim/locobot_ws/src/ThirdParty/rplidar_ros/./sdk/include/sl_lidar_protocol.h:66:16:[m[K [01;35m[Kwarning: [m[KISO C++ forbids zero-size array ‘[01m[Kdata[m[K’ [[01;35m[K-Wpedantic[m[K]
[8.143s]    66 |     sl_u8 data[[01;35m[K0[m[K];
[8.143s]       |                [01;35m[K^[m[K
[8.143s] In file included from [01m[K/home/wellyowo/locobot_sim/locobot_ws/src/ThirdParty/rplidar_ros/./sdk/include/rplidar_cmd.h:36[m[K,
[8.143s]                  from [01m[K/home/wellyowo/locobot_sim/locobot_ws/src/ThirdParty/rplidar_ros/./sdk/include/rplidar.h:40[m[K,
[8.143s]                  from [01m[K/home/wellyowo/locobot_sim/locobot_ws/src/ThirdParty/rplidar_ros/./sdk/src/sdkcommon.h:49[m[K,
[8.143s]                  from [01m[K/home/wellyowo/locobot_sim/locobot_ws/src/ThirdParty/rplidar_ros/sdk/src/hal/thread.cpp:35[m[K:
[8.143s] [01m[K/home/wellyowo/locobot_sim/locobot_ws/src/ThirdParty/rplidar_ros/./sdk/include/sl_lidar_cmd.h:324:20:[m[K [01;35m[Kwarning: [m[KISO C++ forbids zero-size array ‘[01m[Kpayload[m[K’ [[01;35m[K-Wpedantic[m[K]
[8.143s]   324 |     sl_u8  payload[[01;35m[K0[m[K];
[8.143s]       |                    [01;35m[K^[m[K
[8.210s] [ 60%] [32mBuilding CXX object CMakeFiles/rplidar_node.dir/sdk/src/sl_lidar_driver.cpp.o[0m
[8.257s] In file included from [01m[K/home/wellyowo/locobot_sim/locobot_ws/src/ThirdParty/rplidar_ros/./sdk/include/rplidar_protocol.h:36[m[K,
[8.258s]                  from [01m[K/home/wellyowo/locobot_sim/locobot_ws/src/ThirdParty/rplidar_ros/./sdk/include/rplidar.h:39[m[K,
[8.258s]                  from [01m[K/home/wellyowo/locobot_sim/locobot_ws/src/ThirdParty/rplidar_ros/sdk/src/sdkcommon.h:49[m[K,
[8.258s]                  from [01m[K/home/wellyowo/locobot_sim/locobot_ws/src/ThirdParty/rplidar_ros/sdk/src/rplidar_driver.cpp:33[m[K:
[8.258s] [01m[K/home/wellyowo/locobot_sim/locobot_ws/src/ThirdParty/rplidar_ros/./sdk/include/sl_lidar_protocol.h:66:16:[m[K [01;35m[Kwarning: [m[KISO C++ forbids zero-size array ‘[01m[Kdata[m[K’ [[01;35m[K-Wpedantic[m[K]
[8.258s]    66 |     sl_u8 data[[01;35m[K0[m[K];
[8.258s]       |                [01;35m[K^[m[K
[8.258s] In file included from [01m[K/home/wellyowo/locobot_sim/locobot_ws/src/ThirdParty/rplidar_ros/./sdk/include/rplidar_cmd.h:36[m[K,
[8.258s]                  from [01m[K/home/wellyowo/locobot_sim/locobot_ws/src/ThirdParty/rplidar_ros/./sdk/include/rplidar.h:40[m[K,
[8.258s]                  from [01m[K/home/wellyowo/locobot_sim/locobot_ws/src/ThirdParty/rplidar_ros/sdk/src/sdkcommon.h:49[m[K,
[8.258s]                  from [01m[K/home/wellyowo/locobot_sim/locobot_ws/src/ThirdParty/rplidar_ros/sdk/src/rplidar_driver.cpp:33[m[K:
[8.258s] [01m[K/home/wellyowo/locobot_sim/locobot_ws/src/ThirdParty/rplidar_ros/./sdk/include/sl_lidar_cmd.h:324:20:[m[K [01;35m[Kwarning: [m[KISO C++ forbids zero-size array ‘[01m[Kpayload[m[K’ [[01;35m[K-Wpedantic[m[K]
[8.258s]   324 |     sl_u8  payload[[01;35m[K0[m[K];
[8.258s]       |                    [01;35m[K^[m[K
[8.298s] In file included from [01m[K/home/wellyowo/locobot_sim/locobot_ws/src/ThirdParty/rplidar_ros/sdk/src/hal/thread.cpp:43[m[K:
[8.298s] [01m[K/home/wellyowo/locobot_sim/locobot_ws/src/ThirdParty/rplidar_ros/./sdk/src/arch/linux/thread.hpp:[m[K In static member function ‘[01m[Kstatic rp::hal::Thread rp::hal::Thread::create(thread_proc_t, void*)[m[K’:
[8.298s] [01m[K/home/wellyowo/locobot_sim/locobot_ws/src/ThirdParty/rplidar_ros/./sdk/src/arch/linux/thread.hpp:52:57:[m[K [01;35m[Kwarning: [m[Kcast between incompatible function types from ‘[01m[Kthread_proc_t[m[K’ {aka ‘[01m[Klong unsigned int (*)(void*)[m[K’} to ‘[01m[Kvoid* (*)(void*)[m[K’ [[01;35m[K-Wcast-function-type[m[K]
[8.298s]    52 |     pthread_create((pthread_t *)&newborn._handle, NULL, [01;35m[K(void * (*)(void *))proc[m[K, data);
[8.298s]       |                                                         [01;35m[K^~~~~~~~~~~~~~~~~~~~~~~~[m[K
[8.302s] In file included from [01m[K/home/wellyowo/locobot_sim/locobot_ws/src/ThirdParty/rplidar_ros/./sdk/include/rplidar_protocol.h:36[m[K,
[8.302s]                  from [01m[K/home/wellyowo/locobot_sim/locobot_ws/src/ThirdParty/rplidar_ros/./sdk/include/rplidar.h:39[m[K,
[8.302s]                  from [01m[K/home/wellyowo/locobot_sim/locobot_ws/src/ThirdParty/rplidar_ros/./sdk/src/sdkcommon.h:49[m[K,
[8.302s]                  from [01m[K/home/wellyowo/locobot_sim/locobot_ws/src/ThirdParty/rplidar_ros/sdk/src/dataunpacker/unpacker/../dataunnpacker_commondef.h:41[m[K,
[8.302s]                  from [01m[K/home/wellyowo/locobot_sim/locobot_ws/src/ThirdParty/rplidar_ros/sdk/src/dataunpacker/unpacker/handler_normalnode.cpp:39[m[K:
[8.302s] [01m[K/home/wellyowo/locobot_sim/locobot_ws/src/ThirdParty/rplidar_ros/./sdk/include/sl_lidar_protocol.h:66:16:[m[K [01;35m[Kwarning: [m[KISO C++ forbids zero-size array ‘[01m[Kdata[m[K’ [[01;35m[K-Wpedantic[m[K]
[8.302s]    66 |     sl_u8 data[[01;35m[K0[m[K];
[8.304s]       |                [01;35m[K^[m[K
[8.305s] In file included from [01m[K/home/wellyowo/locobot_sim/locobot_ws/src/ThirdParty/rplidar_ros/./sdk/include/rplidar_cmd.h:36[m[K,
[8.305s]                  from [01m[K/home/wellyowo/locobot_sim/locobot_ws/src/ThirdParty/rplidar_ros/./sdk/include/rplidar.h:40[m[K,
[8.305s]                  from [01m[K/home/wellyowo/locobot_sim/locobot_ws/src/ThirdParty/rplidar_ros/./sdk/src/sdkcommon.h:49[m[K,
[8.305s]                  from [01m[K/home/wellyowo/locobot_sim/locobot_ws/src/ThirdParty/rplidar_ros/sdk/src/dataunpacker/unpacker/../dataunnpacker_commondef.h:41[m[K,
[8.305s]                  from [01m[K/home/wellyowo/locobot_sim/locobot_ws/src/ThirdParty/rplidar_ros/sdk/src/dataunpacker/unpacker/handler_normalnode.cpp:39[m[K:
[8.305s] [01m[K/home/wellyowo/locobot_sim/locobot_ws/src/ThirdParty/rplidar_ros/./sdk/include/sl_lidar_cmd.h:324:20:[m[K [01;35m[Kwarning: [m[KISO C++ forbids zero-size array ‘[01m[Kpayload[m[K’ [[01;35m[K-Wpedantic[m[K]
[8.305s]   324 |     sl_u8  payload[[01;35m[K0[m[K];
[8.305s]       |                    [01;35m[K^[m[K
[8.310s] [01m[K/home/wellyowo/locobot_sim/locobot_ws/src/ThirdParty/rplidar_ros/./sdk/src/arch/linux/thread.hpp:[m[K In member function ‘[01m[Ku_result rp::hal::Thread::join(long unsigned int)[m[K’:
[8.311s] [01m[K/home/wellyowo/locobot_sim/locobot_ws/src/ThirdParty/rplidar_ros/./sdk/src/arch/linux/thread.hpp:176:37:[m[K [01;35m[Kwarning: [m[Kunused parameter ‘[01m[Ktimeout[m[K’ [[01;35m[K-Wunused-parameter[m[K]
[8.311s]   176 | u_result Thread::join([01;35m[Kunsigned long timeout[m[K)
[8.311s]       |                       [01;35m[K~~~~~~~~~~~~~~^~~~~~~[m[K
[8.370s] [ 63%] [32mBuilding CXX object CMakeFiles/rplidar_composition.dir/sdk/src/rplidar_driver.cpp.o[0m
[8.470s] [01m[K/home/wellyowo/locobot_sim/locobot_ws/src/ThirdParty/rplidar_ros/sdk/src/rplidar_driver.cpp:[m[K In member function ‘[01m[Ku_result rp::standalone::rplidar::RPlidarDriver::connect(const char*, _u32, _u32)[m[K’:
[8.470s] [01m[K/home/wellyowo/locobot_sim/locobot_ws/src/ThirdParty/rplidar_ros/sdk/src/rplidar_driver.cpp:67:77:[m[K [01;35m[Kwarning: [m[Kunused parameter ‘[01m[Kflag[m[K’ [[01;35m[K-Wunused-parameter[m[K]
[8.470s]    67 |     u_result RPlidarDriver::connect(const char *path, _u32 portOrBaud, [01;35m[K_u32 flag[m[K)
[8.470s]       |                                                                        [01;35m[K~~~~~^~~~[m[K
[8.470s] [01m[K/home/wellyowo/locobot_sim/locobot_ws/src/ThirdParty/rplidar_ros/sdk/src/rplidar_driver.cpp:[m[K In member function ‘[01m[Ku_result rp::standalone::rplidar::RPlidarDriver::reset(_u32)[m[K’:
[8.470s] [01m[K/home/wellyowo/locobot_sim/locobot_ws/src/ThirdParty/rplidar_ros/sdk/src/rplidar_driver.cpp:101:40:[m[K [01;35m[Kwarning: [m[Kunused parameter ‘[01m[Ktimeout[m[K’ [[01;35m[K-Wunused-parameter[m[K]
[8.470s]   101 |     u_result RPlidarDriver::reset([01;35m[K_u32 timeout[m[K)
[8.470s]       |                                   [01;35m[K~~~~~^~~~~~~[m[K
[8.471s] [01m[K/home/wellyowo/locobot_sim/locobot_ws/src/ThirdParty/rplidar_ros/sdk/src/rplidar_driver.cpp:[m[K In member function ‘[01m[Ku_result rp::standalone::rplidar::RPlidarDriver::getScanDataWithInterval(rplidar_response_measurement_node_t*, size_t&)[m[K’:
[8.471s] [01m[K/home/wellyowo/locobot_sim/locobot_ws/src/ThirdParty/rplidar_ros/sdk/src/rplidar_driver.cpp:180:91:[m[K [01;35m[Kwarning: [m[Kunused parameter ‘[01m[Knodebuffer[m[K’ [[01;35m[K-Wunused-parameter[m[K]
[8.471s]   180 |     u_result RPlidarDriver::getScanDataWithInterval([01;35m[Krplidar_response_measurement_node_t * nodebuffer[m[K, size_t & count)
[8.471s]       |                                                     [01;35m[K~~~~~~~~~~~~~~~~~~~~~~~~~~~~~~~~~~~~~~^~~~~~~~~~[m[K
[8.471s] [01m[K/home/wellyowo/locobot_sim/locobot_ws/src/ThirdParty/rplidar_ros/sdk/src/rplidar_driver.cpp:180:112:[m[K [01;35m[Kwarning: [m[Kunused parameter ‘[01m[Kcount[m[K’ [[01;35m[K-Wunused-parameter[m[K]
[8.471s]   180 |     u_result RPlidarDriver::getScanDataWithInterval(rplidar_response_measurement_node_t * nodebuffer, [01;35m[Ksize_t & count[m[K)
[8.471s]       |                                                                                                       [01;35m[K~~~~~~~~~^~~~~[m[K
[8.640s] [ 65%] [32mBuilding CXX object CMakeFiles/rplidar_node.dir/sdk/src/sl_lidarprotocol_codec.cpp.o[0m
[8.674s] [ 68%] [32mBuilding CXX object CMakeFiles/rplidar_node.dir/sdk/src/sl_serial_channel.cpp.o[0m
[8.688s] [ 71%] [32mBuilding CXX object CMakeFiles/rplidar_node.dir/sdk/src/sl_tcp_channel.cpp.o[0m
[8.733s] [ 73%] [32mBuilding CXX object CMakeFiles/rplidar_composition.dir/sdk/src/sl_async_transceiver.cpp.o[0m
[8.878s] [ 76%] [32mBuilding CXX object CMakeFiles/rplidar_node.dir/sdk/src/sl_udp_channel.cpp.o[0m
[9.095s] In file included from [01m[K/home/wellyowo/locobot_sim/locobot_ws/src/ThirdParty/rplidar_ros/sdk/src/dataunpacker/dataunpacker.cpp:40[m[K:
[9.095s] [01m[K/home/wellyowo/locobot_sim/locobot_ws/src/ThirdParty/rplidar_ros/sdk/src/dataunpacker/dataunpacker.h:[m[K In member function ‘[01m[Kvirtual void sl::internal::LIDARSampleDataListener::onCustomSampleDataDecoded(_u8, _u32, const void*, size_t)[m[K’:
[9.095s] [01m[K/home/wellyowo/locobot_sim/locobot_ws/src/ThirdParty/rplidar_ros/sdk/src/dataunpacker/dataunpacker.h:54:52:[m[K [01;35m[Kwarning: [m[Kunused parameter ‘[01m[KansType[m[K’ [[01;35m[K-Wunused-parameter[m[K]
[9.095s]    54 |         virtual void onCustomSampleDataDecoded([01;35m[K_u8 ansType[m[K, _u32 customCode, const void* data, size_t size) {}
[9.095s]       |                                                [01;35m[K~~~~^~~~~~~[m[K
[9.095s] [01m[K/home/wellyowo/locobot_sim/locobot_ws/src/ThirdParty/rplidar_ros/sdk/src/dataunpacker/dataunpacker.h:54:66:[m[K [01;35m[Kwarning: [m[Kunused parameter ‘[01m[KcustomCode[m[K’ [[01;35m[K-Wunused-parameter[m[K]
[9.095s]    54 |         virtual void onCustomSampleDataDecoded(_u8 ansType, [01;35m[K_u32 customCode[m[K, const void* data, size_t size) {}
[9.095s]       |                                                             [01;35m[K~~~~~^~~~~~~~~~[m[K
[9.095s] [01m[K/home/wellyowo/locobot_sim/locobot_ws/src/ThirdParty/rplidar_ros/sdk/src/dataunpacker/dataunpacker.h:54:90:[m[K [01;35m[Kwarning: [m[Kunused parameter ‘[01m[Kdata[m[K’ [[01;35m[K-Wunused-parameter[m[K]
[9.095s]    54 |         virtual void onCustomSampleDataDecoded(_u8 ansType, _u32 customCode, [01;35m[Kconst void* data[m[K, size_t size) {}
[9.095s]       |                                                                              [01;35m[K~~~~~~~~~~~~^~~~[m[K
[9.095s] [01m[K/home/wellyowo/locobot_sim/locobot_ws/src/ThirdParty/rplidar_ros/sdk/src/dataunpacker/dataunpacker.h:54:103:[m[K [01;35m[Kwarning: [m[Kunused parameter ‘[01m[Ksize[m[K’ [[01;35m[K-Wunused-parameter[m[K]
[9.095s]    54 |         virtual void onCustomSampleDataDecoded(_u8 ansType, _u32 customCode, const void* data, [01;35m[Ksize_t size[m[K) {}
[9.096s]       |                                                                                                [01;35m[K~~~~~~~^~~~[m[K
[9.096s] [01m[K/home/wellyowo/locobot_sim/locobot_ws/src/ThirdParty/rplidar_ros/sdk/src/dataunpacker/dataunpacker.h:[m[K In member function ‘[01m[Kvirtual void sl::internal::LIDARSampleDataListener::onDecodingError(int, _u8, const void*, size_t)[m[K’:
[9.096s] [01m[K/home/wellyowo/locobot_sim/locobot_ws/src/ThirdParty/rplidar_ros/sdk/src/dataunpacker/dataunpacker.h:56:42:[m[K [01;35m[Kwarning: [m[Kunused parameter ‘[01m[KerrMsg[m[K’ [[01;35m[K-Wunused-parameter[m[K]
[9.096s]    56 |         virtual void onDecodingError([01;35m[Kint errMsg[m[K, _u8 ansType, const void* payload, size_t size) {}
[9.096s]       |                                      [01;35m[K~~~~^~~~~~[m[K
[9.096s] [01m[K/home/wellyowo/locobot_sim/locobot_ws/src/ThirdParty/rplidar_ros/sdk/src/dataunpacker/dataunpacker.h:56:54:[m[K [01;35m[Kwarning: [m[Kunused parameter ‘[01m[KansType[m[K’ [[01;35m[K-Wunused-parameter[m[K]
[9.096s]    56 |         virtual void onDecodingError(int errMsg, [01;35m[K_u8 ansType[m[K, const void* payload, size_t size) {}
[9.096s]       |                                                  [01;35m[K~~~~^~~~~~~[m[K
[9.096s] [01m[K/home/wellyowo/locobot_sim/locobot_ws/src/ThirdParty/rplidar_ros/sdk/src/dataunpacker/dataunpacker.h:56:75:[m[K [01;35m[Kwarning: [m[Kunused parameter ‘[01m[Kpayload[m[K’ [[01;35m[K-Wunused-parameter[m[K]
[9.096s]    56 |         virtual void onDecodingError(int errMsg, _u8 ansType, [01;35m[Kconst void* payload[m[K, size_t size) {}
[9.096s]       |                                                               [01;35m[K~~~~~~~~~~~~^~~~~~~[m[K
[9.096s] [01m[K/home/wellyowo/locobot_sim/locobot_ws/src/ThirdParty/rplidar_ros/sdk/src/dataunpacker/dataunpacker.h:56:91:[m[K [01;35m[Kwarning: [m[Kunused parameter ‘[01m[Ksize[m[K’ [[01;35m[K-Wunused-parameter[m[K]
[9.096s]    56 |         virtual void onDecodingError(int errMsg, _u8 ansType, const void* payload, [01;35m[Ksize_t size[m[K) {}
[9.096s]       |                                                                                    [01;35m[K~~~~~~~^~~~[m[K
[9.299s] In file included from [01m[K/home/wellyowo/locobot_sim/locobot_ws/src/ThirdParty/rplidar_ros/sdk/src/dataunpacker/dataunpacker.cpp:40[m[K:
[9.300s] [01m[K/home/wellyowo/locobot_sim/locobot_ws/src/ThirdParty/rplidar_ros/sdk/src/dataunpacker/dataunpacker.h:[m[K In member function ‘[01m[Kvirtual void sl::internal::LIDARSampleDataListener::onCustomSampleDataDecoded(_u8, _u32, const void*, size_t)[m[K’:
[9.300s] [01m[K/home/wellyowo/locobot_sim/locobot_ws/src/ThirdParty/rplidar_ros/sdk/src/dataunpacker/dataunpacker.h:54:52:[m[K [01;35m[Kwarning: [m[Kunused parameter ‘[01m[KansType[m[K’ [[01;35m[K-Wunused-parameter[m[K]
[9.300s]    54 |         virtual void onCustomSampleDataDecoded([01;35m[K_u8 ansType[m[K, _u32 customCode, const void* data, size_t size) {}
[9.300s]       |                                                [01;35m[K~~~~^~~~~~~[m[K
[9.300s] [01m[K/home/wellyowo/locobot_sim/locobot_ws/src/ThirdParty/rplidar_ros/sdk/src/dataunpacker/dataunpacker.h:54:66:[m[K [01;35m[Kwarning: [m[Kunused parameter ‘[01m[KcustomCode[m[K’ [[01;35m[K-Wunused-parameter[m[K]
[9.300s]    54 |         virtual void onCustomSampleDataDecoded(_u8 ansType, [01;35m[K_u32 customCode[m[K, const void* data, size_t size) {}
[9.300s]       |                                                             [01;35m[K~~~~~^~~~~~~~~~[m[K
[9.300s] [01m[K/home/wellyowo/locobot_sim/locobot_ws/src/ThirdParty/rplidar_ros/sdk/src/dataunpacker/dataunpacker.h:54:90:[m[K [01;35m[Kwarning: [m[Kunused parameter ‘[01m[Kdata[m[K’ [[01;35m[K-Wunused-parameter[m[K]
[9.300s]    54 |         virtual void onCustomSampleDataDecoded(_u8 ansType, _u32 customCode, [01;35m[Kconst void* data[m[K, size_t size) {}
[9.300s]       |                                                                              [01;35m[K~~~~~~~~~~~~^~~~[m[K
[9.300s] [01m[K/home/wellyowo/locobot_sim/locobot_ws/src/ThirdParty/rplidar_ros/sdk/src/dataunpacker/dataunpacker.h:54:103:[m[K [01;35m[Kwarning: [m[Kunused parameter ‘[01m[Ksize[m[K’ [[01;35m[K-Wunused-parameter[m[K]
[9.300s]    54 |         virtual void onCustomSampleDataDecoded(_u8 ansType, _u32 customCode, const void* data, [01;35m[Ksize_t size[m[K) {}
[9.301s]       |                                                                                                [01;35m[K~~~~~~~^~~~[m[K
[9.301s] [01m[K/home/wellyowo/locobot_sim/locobot_ws/src/ThirdParty/rplidar_ros/sdk/src/dataunpacker/dataunpacker.h:[m[K In member function ‘[01m[Kvirtual void sl::internal::LIDARSampleDataListener::onDecodingError(int, _u8, const void*, size_t)[m[K’:
[9.301s] [01m[K/home/wellyowo/locobot_sim/locobot_ws/src/ThirdParty/rplidar_ros/sdk/src/dataunpacker/dataunpacker.h:56:42:[m[K [01;35m[Kwarning: [m[Kunused parameter ‘[01m[KerrMsg[m[K’ [[01;35m[K-Wunused-parameter[m[K]
[9.301s]    56 |         virtual void onDecodingError([01;35m[Kint errMsg[m[K, _u8 ansType, const void* payload, size_t size) {}
[9.301s]       |                                      [01;35m[K~~~~^~~~~~[m[K
[9.301s] [01m[K/home/wellyowo/locobot_sim/locobot_ws/src/ThirdParty/rplidar_ros/sdk/src/dataunpacker/dataunpacker.h:56:54:[m[K [01;35m[Kwarning: [m[Kunused parameter ‘[01m[KansType[m[K’ [[01;35m[K-Wunused-parameter[m[K]
[9.301s]    56 |         virtual void onDecodingError(int errMsg, [01;35m[K_u8 ansType[m[K, const void* payload, size_t size) {}
[9.301s]       |                                                  [01;35m[K~~~~^~~~~~~[m[K
[9.301s] [01m[K/home/wellyowo/locobot_sim/locobot_ws/src/ThirdParty/rplidar_ros/sdk/src/dataunpacker/dataunpacker.h:56:75:[m[K [01;35m[Kwarning: [m[Kunused parameter ‘[01m[Kpayload[m[K’ [[01;35m[K-Wunused-parameter[m[K]
[9.301s]    56 |         virtual void onDecodingError(int errMsg, _u8 ansType, [01;35m[Kconst void* payload[m[K, size_t size) {}
[9.301s]       |                                                               [01;35m[K~~~~~~~~~~~~^~~~~~~[m[K
[9.301s] [01m[K/home/wellyowo/locobot_sim/locobot_ws/src/ThirdParty/rplidar_ros/sdk/src/dataunpacker/dataunpacker.h:56:91:[m[K [01;35m[Kwarning: [m[Kunused parameter ‘[01m[Ksize[m[K’ [[01;35m[K-Wunused-parameter[m[K]
[9.301s]    56 |         virtual void onDecodingError(int errMsg, _u8 ansType, const void* payload, [01;35m[Ksize_t size[m[K) {}
[9.301s]       |                                                                                    [01;35m[K~~~~~~~^~~~[m[K
[9.486s] [01m[K/home/wellyowo/locobot_sim/locobot_ws/src/ThirdParty/rplidar_ros/sdk/src/arch/linux/net_serial.cpp:[m[K In member function ‘[01m[Kbool rp::arch::net::raw_serial::open(const char*, uint32_t, uint32_t)[m[K’:
[9.487s] [01m[K/home/wellyowo/locobot_sim/locobot_ws/src/ThirdParty/rplidar_ros/sdk/src/arch/linux/net_serial.cpp:97:74:[m[K [01;35m[Kwarning: [m[Kunused parameter ‘[01m[Kflags[m[K’ [[01;35m[K-Wunused-parameter[m[K]
[9.487s]    97 | bool raw_serial::open(const char * portname, uint32_t baudrate, [01;35m[Kuint32_t flags[m[K)
[9.487s]       |                                                                 [01;35m[K~~~~~~~~~^~~~~[m[K
[9.487s] [01m[K/home/wellyowo/locobot_sim/locobot_ws/src/ThirdParty/rplidar_ros/sdk/src/arch/linux/net_serial.cpp:[m[K In member function ‘[01m[Kvirtual void rp::arch::net::raw_serial::flush(_u32)[m[K’:
[9.487s] [01m[K/home/wellyowo/locobot_sim/locobot_ws/src/ThirdParty/rplidar_ros/sdk/src/arch/linux/net_serial.cpp:281:30:[m[K [01;35m[Kwarning: [m[Kunused parameter ‘[01m[Kflags[m[K’ [[01;35m[K-Wunused-parameter[m[K]
[9.487s]   281 | void raw_serial::flush( [01;35m[K_u32 flags[m[K)
[9.487s]       |                         [01;35m[K~~~~~^~~~~[m[K
[9.487s] [01m[K/home/wellyowo/locobot_sim/locobot_ws/src/ThirdParty/rplidar_ros/sdk/src/arch/linux/net_serial.cpp:[m[K In member function ‘[01m[Kvirtual int rp::arch::net::raw_serial::waitforsent(_u32, size_t*)[m[K’:
[9.487s] [01m[K/home/wellyowo/locobot_sim/locobot_ws/src/ThirdParty/rplidar_ros/sdk/src/arch/linux/net_serial.cpp:286:34:[m[K [01;35m[Kwarning: [m[Kunused parameter ‘[01m[Ktimeout[m[K’ [[01;35m[K-Wunused-parameter[m[K]
[9.487s]   286 | int raw_serial::waitforsent([01;35m[K_u32 timeout[m[K, size_t * returned_size)
[9.487s]       |                             [01;35m[K~~~~~^~~~~~~[m[K
[9.487s] [01m[K/home/wellyowo/locobot_sim/locobot_ws/src/ThirdParty/rplidar_ros/sdk/src/arch/linux/net_serial.cpp:[m[K In member function ‘[01m[Kvirtual int rp::arch::net::raw_serial::waitforrecv(_u32, size_t*)[m[K’:
[9.487s] [01m[K/home/wellyowo/locobot_sim/locobot_ws/src/ThirdParty/rplidar_ros/sdk/src/arch/linux/net_serial.cpp:292:34:[m[K [01;35m[Kwarning: [m[Kunused parameter ‘[01m[Ktimeout[m[K’ [[01;35m[K-Wunused-parameter[m[K]
[9.487s]   292 | int raw_serial::waitforrecv([01;35m[K_u32 timeout[m[K, size_t * returned_size)
[9.487s]       |                             [01;35m[K~~~~~^~~~~~~[m[K
[9.492s] [01m[K/home/wellyowo/locobot_sim/locobot_ws/src/ThirdParty/rplidar_ros/sdk/src/arch/linux/net_serial.cpp:[m[K In member function ‘[01m[Kvirtual void rp::arch::net::raw_serial::cancelOperation()[m[K’:
[9.492s] [01m[K/home/wellyowo/locobot_sim/locobot_ws/src/ThirdParty/rplidar_ros/sdk/src/arch/linux/net_serial.cpp:427:5:[m[K [01;35m[Kwarning: [m[Kvalue computed is not used [[01;35m[K-Wunused-value[m[K]
[9.492s]   427 |     [01;35m[K(int)::write(_selfpipe[1], "x", 1)[m[K;
[9.492s]       |     [01;35m[K^~~~~~~~~~~~~~~~~~~~~~~~~~~~~~~~~~[m[K
[9.492s] In file included from [01m[K/home/wellyowo/locobot_sim/locobot_ws/src/ThirdParty/rplidar_ros/sdk/src/dataunpacker/unpacker/handler_normalnode.cpp:40[m[K:
[9.492s] [01m[K/home/wellyowo/locobot_sim/locobot_ws/src/ThirdParty/rplidar_ros/sdk/src/dataunpacker/unpacker/../dataunpacker.h:[m[K In member function ‘[01m[Kvirtual void sl::internal::LIDARSampleDataListener::onCustomSampleDataDecoded(_u8, _u32, const void*, size_t)[m[K’:
[9.492s] [01m[K/home/wellyowo/locobot_sim/locobot_ws/src/ThirdParty/rplidar_ros/sdk/src/dataunpacker/unpacker/../dataunpacker.h:54:52:[m[K [01;35m[Kwarning: [m[Kunused parameter ‘[01m[KansType[m[K’ [[01;35m[K-Wunused-parameter[m[K]
[9.492s]    54 |         virtual void onCustomSampleDataDecoded([01;35m[K_u8 ansType[m[K, _u32 customCode, const void* data, size_t size) {}
[9.492s]       |                                                [01;35m[K~~~~^~~~~~~[m[K
[9.492s] [01m[K/home/wellyowo/locobot_sim/locobot_ws/src/ThirdParty/rplidar_ros/sdk/src/dataunpacker/unpacker/../dataunpacker.h:54:66:[m[K [01;35m[Kwarning: [m[Kunused parameter ‘[01m[KcustomCode[m[K’ [[01;35m[K-Wunused-parameter[m[K]
[9.492s]    54 |         virtual void onCustomSampleDataDecoded(_u8 ansType, [01;35m[K_u32 customCode[m[K, const void* data, size_t size) {}
[9.492s]       |                                                             [01;35m[K~~~~~^~~~~~~~~~[m[K
[9.493s] [01m[K/home/wellyowo/locobot_sim/locobot_ws/src/ThirdParty/rplidar_ros/sdk/src/dataunpacker/unpacker/../dataunpacker.h:54:90:[m[K [01;35m[Kwarning: [m[Kunused parameter ‘[01m[Kdata[m[K’ [[01;35m[K-Wunused-parameter[m[K]
[9.493s]    54 |         virtual void onCustomSampleDataDecoded(_u8 ansType, _u32 customCode, [01;35m[Kconst void* data[m[K, size_t size) {}
[9.493s]       |                                                                              [01;35m[K~~~~~~~~~~~~^~~~[m[K
[9.493s] [01m[K/home/wellyowo/locobot_sim/locobot_ws/src/ThirdParty/rplidar_ros/sdk/src/dataunpacker/unpacker/../dataunpacker.h:54:103:[m[K [01;35m[Kwarning: [m[Kunused parameter ‘[01m[Ksize[m[K’ [[01;35m[K-Wunused-parameter[m[K]
[9.493s]    54 |         virtual void onCustomSampleDataDecoded(_u8 ansType, _u32 customCode, const void* data, [01;35m[Ksize_t size[m[K) {}
[9.493s]       |                                                                                                [01;35m[K~~~~~~~^~~~[m[K
[9.493s] [01m[K/home/wellyowo/locobot_sim/locobot_ws/src/ThirdParty/rplidar_ros/sdk/src/dataunpacker/unpacker/../dataunpacker.h:[m[K In member function ‘[01m[Kvirtual void sl::internal::LIDARSampleDataListener::onDecodingError(int, _u8, const void*, size_t)[m[K’:
[9.493s] [01m[K/home/wellyowo/locobot_sim/locobot_ws/src/ThirdParty/rplidar_ros/sdk/src/dataunpacker/unpacker/../dataunpacker.h:56:42:[m[K [01;35m[Kwarning: [m[Kunused parameter ‘[01m[KerrMsg[m[K’ [[01;35m[K-Wunused-parameter[m[K]
[9.493s]    56 |         virtual void onDecodingError([01;35m[Kint errMsg[m[K, _u8 ansType, const void* payload, size_t size) {}
[9.493s]       |                                      [01;35m[K~~~~^~~~~~[m[K
[9.493s] [01m[K/home/wellyowo/locobot_sim/locobot_ws/src/ThirdParty/rplidar_ros/sdk/src/dataunpacker/unpacker/../dataunpacker.h:56:54:[m[K [01;35m[Kwarning: [m[Kunused parameter ‘[01m[KansType[m[K’ [[01;35m[K-Wunused-parameter[m[K]
[9.493s]    56 |         virtual void onDecodingError(int errMsg, [01;35m[K_u8 ansType[m[K, const void* payload, size_t size) {}
[9.493s]       |                                                  [01;35m[K~~~~^~~~~~~[m[K
[9.493s] [01m[K/home/wellyowo/locobot_sim/locobot_ws/src/ThirdParty/rplidar_ros/sdk/src/dataunpacker/unpacker/../dataunpacker.h:56:75:[m[K [01;35m[Kwarning: [m[Kunused parameter ‘[01m[Kpayload[m[K’ [[01;35m[K-Wunused-parameter[m[K]
[9.493s]    56 |         virtual void onDecodingError(int errMsg, _u8 ansType, [01;35m[Kconst void* payload[m[K, size_t size) {}
[9.493s]       |                                                               [01;35m[K~~~~~~~~~~~~^~~~~~~[m[K
[9.493s] [01m[K/home/wellyowo/locobot_sim/locobot_ws/src/ThirdParty/rplidar_ros/sdk/src/dataunpacker/unpacker/../dataunpacker.h:56:91:[m[K [01;35m[Kwarning: [m[Kunused parameter ‘[01m[Ksize[m[K’ [[01;35m[K-Wunused-parameter[m[K]
[9.494s]    56 |         virtual void onDecodingError(int errMsg, _u8 ansType, const void* payload, [01;35m[Ksize_t size[m[K) {}
[9.494s]       |                                                                                    [01;35m[K~~~~~~~^~~~[m[K
[9.564s] In file included from [01m[K/home/wellyowo/locobot_sim/locobot_ws/src/ThirdParty/rplidar_ros/./sdk/include/rplidar_protocol.h:36[m[K,
[9.566s]                  from [01m[K/home/wellyowo/locobot_sim/locobot_ws/src/ThirdParty/rplidar_ros/./sdk/include/rplidar.h:39[m[K,
[9.566s]                  from [01m[K/home/wellyowo/locobot_sim/locobot_ws/src/ThirdParty/rplidar_ros/sdk/src/sdkcommon.h:49[m[K,
[9.566s]                  from [01m[K/home/wellyowo/locobot_sim/locobot_ws/src/ThirdParty/rplidar_ros/sdk/src/sl_lidarprotocol_codec.cpp:35[m[K:
[9.566s] [01m[K/home/wellyowo/locobot_sim/locobot_ws/src/ThirdParty/rplidar_ros/./sdk/include/sl_lidar_protocol.h:66:16:[m[K [01;35m[Kwarning: [m[KISO C++ forbids zero-size array ‘[01m[Kdata[m[K’ [[01;35m[K-Wpedantic[m[K]
[9.566s]    66 |     sl_u8 data[[01;35m[K0[m[K];
[9.566s]       |                [01;35m[K^[m[K
[9.566s] In file included from [01m[K/home/wellyowo/locobot_sim/locobot_ws/src/ThirdParty/rplidar_ros/./sdk/include/rplidar_cmd.h:36[m[K,
[9.566s]                  from [01m[K/home/wellyowo/locobot_sim/locobot_ws/src/ThirdParty/rplidar_ros/./sdk/include/rplidar.h:40[m[K,
[9.566s]                  from [01m[K/home/wellyowo/locobot_sim/locobot_ws/src/ThirdParty/rplidar_ros/sdk/src/sdkcommon.h:49[m[K,
[9.566s]                  from [01m[K/home/wellyowo/locobot_sim/locobot_ws/src/ThirdParty/rplidar_ros/sdk/src/sl_lidarprotocol_codec.cpp:35[m[K:
[9.566s] [01m[K/home/wellyowo/locobot_sim/locobot_ws/src/ThirdParty/rplidar_ros/./sdk/include/sl_lidar_cmd.h:324:20:[m[K [01;35m[Kwarning: [m[KISO C++ forbids zero-size array ‘[01m[Kpayload[m[K’ [[01;35m[K-Wpedantic[m[K]
[9.566s]   324 |     sl_u8  payload[[01;35m[K0[m[K];
[9.567s]       |                    [01;35m[K^[m[K
[9.789s] [ 78%] [32mBuilding CXX object CMakeFiles/rplidar_composition.dir/sdk/src/sl_crc.cpp.o[0m
[9.830s] In file included from [01m[K/home/wellyowo/locobot_sim/locobot_ws/src/ThirdParty/rplidar_ros/./sdk/include/sl_lidar_cmd.h:41[m[K,
[9.830s]                  from [01m[K/home/wellyowo/locobot_sim/locobot_ws/src/ThirdParty/rplidar_ros/./sdk/include/sl_crc.h:36[m[K,
[9.830s]                  from [01m[K/home/wellyowo/locobot_sim/locobot_ws/src/ThirdParty/rplidar_ros/sdk/src/sl_crc.cpp:33[m[K:
[9.831s] [01m[K/home/wellyowo/locobot_sim/locobot_ws/src/ThirdParty/rplidar_ros/./sdk/include/sl_lidar_protocol.h:66:16:[m[K [01;35m[Kwarning: [m[KISO C++ forbids zero-size array ‘[01m[Kdata[m[K’ [[01;35m[K-Wpedantic[m[K]
[9.831s]    66 |     sl_u8 data[[01;35m[K0[m[K];
[9.831s]       |                [01;35m[K^[m[K
[9.831s] In file included from [01m[K/home/wellyowo/locobot_sim/locobot_ws/src/ThirdParty/rplidar_ros/./sdk/include/sl_crc.h:36[m[K,
[9.831s]                  from [01m[K/home/wellyowo/locobot_sim/locobot_ws/src/ThirdParty/rplidar_ros/sdk/src/sl_crc.cpp:33[m[K:
[9.831s] [01m[K/home/wellyowo/locobot_sim/locobot_ws/src/ThirdParty/rplidar_ros/./sdk/include/sl_lidar_cmd.h:324:20:[m[K [01;35m[Kwarning: [m[KISO C++ forbids zero-size array ‘[01m[Kpayload[m[K’ [[01;35m[K-Wpedantic[m[K]
[9.831s]   324 |     sl_u8  payload[[01;35m[K0[m[K];
[9.831s]       |                    [01;35m[K^[m[K
[9.913s] [ 81%] [32mBuilding CXX object CMakeFiles/rplidar_composition.dir/sdk/src/sl_lidar_driver.cpp.o[0m
[9.943s] In file included from [01m[K/home/wellyowo/locobot_sim/locobot_ws/src/ThirdParty/rplidar_ros/./sdk/include/rplidar_protocol.h:36[m[K,
[9.943s]                  from [01m[K/home/wellyowo/locobot_sim/locobot_ws/src/ThirdParty/rplidar_ros/./sdk/include/rplidar.h:39[m[K,
[9.943s]                  from [01m[K/home/wellyowo/locobot_sim/locobot_ws/src/ThirdParty/rplidar_ros/./sdk/src/sdkcommon.h:49[m[K,
[9.943s]                  from [01m[K/home/wellyowo/locobot_sim/locobot_ws/src/ThirdParty/rplidar_ros/sdk/src/hal/thread.cpp:35[m[K:
[9.944s] [01m[K/home/wellyowo/locobot_sim/locobot_ws/src/ThirdParty/rplidar_ros/./sdk/include/sl_lidar_protocol.h:66:16:[m[K [01;35m[Kwarning: [m[KISO C++ forbids zero-size array ‘[01m[Kdata[m[K’ [[01;35m[K-Wpedantic[m[K]
[9.944s]    66 |     sl_u8 data[[01;35m[K0[m[K];
[9.944s]       |                [01;35m[K^[m[K
[9.944s] In file included from [01m[K/home/wellyowo/locobot_sim/locobot_ws/src/ThirdParty/rplidar_ros/./sdk/include/rplidar_cmd.h:36[m[K,
[9.944s]                  from [01m[K/home/wellyowo/locobot_sim/locobot_ws/src/ThirdParty/rplidar_ros/./sdk/include/rplidar.h:40[m[K,
[9.944s]                  from [01m[K/home/wellyowo/locobot_sim/locobot_ws/src/ThirdParty/rplidar_ros/./sdk/src/sdkcommon.h:49[m[K,
[9.944s]                  from [01m[K/home/wellyowo/locobot_sim/locobot_ws/src/ThirdParty/rplidar_ros/sdk/src/hal/thread.cpp:35[m[K:
[9.944s] [01m[K/home/wellyowo/locobot_sim/locobot_ws/src/ThirdParty/rplidar_ros/./sdk/include/sl_lidar_cmd.h:324:20:[m[K [01;35m[Kwarning: [m[KISO C++ forbids zero-size array ‘[01m[Kpayload[m[K’ [[01;35m[K-Wpedantic[m[K]
[9.944s]   324 |     sl_u8  payload[[01;35m[K0[m[K];
[9.944s]       |                    [01;35m[K^[m[K
[10.055s] In file included from [01m[K/home/wellyowo/locobot_sim/locobot_ws/src/ThirdParty/rplidar_ros/sdk/src/sl_lidarprotocol_codec.cpp:49[m[K:
[10.055s] [01m[K/home/wellyowo/locobot_sim/locobot_ws/src/ThirdParty/rplidar_ros/sdk/src/sl_async_transceiver.h:[m[K In member function ‘[01m[Kvirtual void sl::internal::IAsyncProtocolCodec::onChannelError(u_result)[m[K’:
[10.055s] [01m[K/home/wellyowo/locobot_sim/locobot_ws/src/ThirdParty/rplidar_ros/sdk/src/sl_async_transceiver.h:90:48:[m[K [01;35m[Kwarning: [m[Kunused parameter ‘[01m[KerrCode[m[K’ [[01;35m[K-Wunused-parameter[m[K]
[10.055s]    90 |         virtual void   onChannelError([01;35m[Ku_result errCode[m[K) {}
[10.055s]       |                                       [01;35m[K~~~~~~~~~^~~~~~~[m[K
[10.232s] In file included from [01m[K/home/wellyowo/locobot_sim/locobot_ws/src/ThirdParty/rplidar_ros/./sdk/include/sl_lidar_cmd.h:41[m[K,
[10.233s]                  from [01m[K/home/wellyowo/locobot_sim/locobot_ws/src/ThirdParty/rplidar_ros/./sdk/include/sl_lidar_driver.h:54[m[K,
[10.233s]                  from [01m[K/home/wellyowo/locobot_sim/locobot_ws/src/ThirdParty/rplidar_ros/sdk/src/sl_serial_channel.cpp:33[m[K:
[10.233s] [01m[K/home/wellyowo/locobot_sim/locobot_ws/src/ThirdParty/rplidar_ros/./sdk/include/sl_lidar_protocol.h:66:16:[m[K [01;35m[Kwarning: [m[KISO C++ forbids zero-size array ‘[01m[Kdata[m[K’ [[01;35m[K-Wpedantic[m[K]
[10.233s]    66 |     sl_u8 data[[01;35m[K0[m[K];
[10.233s]       |                [01;35m[K^[m[K
[10.233s] In file included from [01m[K/home/wellyowo/locobot_sim/locobot_ws/src/ThirdParty/rplidar_ros/./sdk/include/sl_lidar_driver.h:54[m[K,
[10.233s]                  from [01m[K/home/wellyowo/locobot_sim/locobot_ws/src/ThirdParty/rplidar_ros/sdk/src/sl_serial_channel.cpp:33[m[K:
[10.233s] [01m[K/home/wellyowo/locobot_sim/locobot_ws/src/ThirdParty/rplidar_ros/./sdk/include/sl_lidar_cmd.h:324:20:[m[K [01;35m[Kwarning: [m[KISO C++ forbids zero-size array ‘[01m[Kpayload[m[K’ [[01;35m[K-Wpedantic[m[K]
[10.233s]   324 |     sl_u8  payload[[01;35m[K0[m[K];
[10.233s]       |                    [01;35m[K^[m[K
[10.295s] [ 84%] [32mBuilding CXX object CMakeFiles/rplidar_composition.dir/sdk/src/sl_lidarprotocol_codec.cpp.o[0m
[10.322s] In file included from [01m[K/home/wellyowo/locobot_sim/locobot_ws/src/ThirdParty/rplidar_ros/sdk/src/hal/thread.cpp:43[m[K:
[10.323s] [01m[K/home/wellyowo/locobot_sim/locobot_ws/src/ThirdParty/rplidar_ros/./sdk/src/arch/linux/thread.hpp:[m[K In static member function ‘[01m[Kstatic rp::hal::Thread rp::hal::Thread::create(thread_proc_t, void*)[m[K’:
[10.323s] [01m[K/home/wellyowo/locobot_sim/locobot_ws/src/ThirdParty/rplidar_ros/./sdk/src/arch/linux/thread.hpp:52:57:[m[K [01;35m[Kwarning: [m[Kcast between incompatible function types from ‘[01m[Kthread_proc_t[m[K’ {aka ‘[01m[Klong unsigned int (*)(void*)[m[K’} to ‘[01m[Kvoid* (*)(void*)[m[K’ [[01;35m[K-Wcast-function-type[m[K]
[10.323s]    52 |     pthread_create((pthread_t *)&newborn._handle, NULL, [01;35m[K(void * (*)(void *))proc[m[K, data);
[10.323s]       |                                                         [01;35m[K^~~~~~~~~~~~~~~~~~~~~~~~[m[K
[10.330s] [01m[K/home/wellyowo/locobot_sim/locobot_ws/src/ThirdParty/rplidar_ros/./sdk/src/arch/linux/thread.hpp:[m[K In member function ‘[01m[Ku_result rp::hal::Thread::join(long unsigned int)[m[K’:
[10.331s] [01m[K/home/wellyowo/locobot_sim/locobot_ws/src/ThirdParty/rplidar_ros/./sdk/src/arch/linux/thread.hpp:176:37:[m[K [01;35m[Kwarning: [m[Kunused parameter ‘[01m[Ktimeout[m[K’ [[01;35m[K-Wunused-parameter[m[K]
[10.331s]   176 | u_result Thread::join([01;35m[Kunsigned long timeout[m[K)
[10.331s]       |                       [01;35m[K~~~~~~~~~~~~~~^~~~~~~[m[K
[10.373s] [ 86%] [32mBuilding CXX object CMakeFiles/rplidar_composition.dir/sdk/src/sl_serial_channel.cpp.o[0m
[10.417s] In file included from [01m[K/home/wellyowo/locobot_sim/locobot_ws/src/ThirdParty/rplidar_ros/./sdk/include/rplidar_protocol.h:36[m[K,
[10.417s]                  from [01m[K/home/wellyowo/locobot_sim/locobot_ws/src/ThirdParty/rplidar_ros/./sdk/include/rplidar.h:39[m[K,
[10.417s]                  from [01m[K/home/wellyowo/locobot_sim/locobot_ws/src/ThirdParty/rplidar_ros/sdk/src/sdkcommon.h:49[m[K,
[10.418s]                  from [01m[K/home/wellyowo/locobot_sim/locobot_ws/src/ThirdParty/rplidar_ros/sdk/src/sl_lidar_driver.cpp:33[m[K:
[10.418s] [01m[K/home/wellyowo/locobot_sim/locobot_ws/src/ThirdParty/rplidar_ros/./sdk/include/sl_lidar_protocol.h:66:16:[m[K [01;35m[Kwarning: [m[KISO C++ forbids zero-size array ‘[01m[Kdata[m[K’ [[01;35m[K-Wpedantic[m[K]
[10.418s]    66 |     sl_u8 data[[01;35m[K0[m[K];
[10.418s]       |                [01;35m[K^[m[K
[10.422s] In file included from [01m[K/home/wellyowo/locobot_sim/locobot_ws/src/ThirdParty/rplidar_ros/./sdk/include/rplidar_cmd.h:36[m[K,
[10.422s]                  from [01m[K/home/wellyowo/locobot_sim/locobot_ws/src/ThirdParty/rplidar_ros/./sdk/include/rplidar.h:40[m[K,
[10.425s]                  from [01m[K/home/wellyowo/locobot_sim/locobot_ws/src/ThirdParty/rplidar_ros/sdk/src/sdkcommon.h:49[m[K,
[10.426s]                  from [01m[K/home/wellyowo/locobot_sim/locobot_ws/src/ThirdParty/rplidar_ros/sdk/src/sl_lidar_driver.cpp:33[m[K:
[10.426s] [01m[K/home/wellyowo/locobot_sim/locobot_ws/src/ThirdParty/rplidar_ros/./sdk/include/sl_lidar_cmd.h:324:20:[m[K [01;35m[Kwarning: [m[KISO C++ forbids zero-size array ‘[01m[Kpayload[m[K’ [[01;35m[K-Wpedantic[m[K]
[10.426s]   324 |     sl_u8  payload[[01;35m[K0[m[K];
[10.426s]       |                    [01;35m[K^[m[K
[10.484s] In file included from [01m[K/home/wellyowo/locobot_sim/locobot_ws/src/ThirdParty/rplidar_ros/./sdk/include/sl_lidar_cmd.h:41[m[K,
[10.484s]                  from [01m[K/home/wellyowo/locobot_sim/locobot_ws/src/ThirdParty/rplidar_ros/./sdk/include/sl_lidar_driver.h:54[m[K,
[10.485s]                  from [01m[K/home/wellyowo/locobot_sim/locobot_ws/src/ThirdParty/rplidar_ros/sdk/src/sl_udp_channel.cpp:33[m[K:
[10.485s] [01m[K/home/wellyowo/locobot_sim/locobot_ws/src/ThirdParty/rplidar_ros/./sdk/include/sl_lidar_protocol.h:66:16:[m[K [01;35m[Kwarning: [m[KISO C++ forbids zero-size array ‘[01m[Kdata[m[K’ [[01;35m[K-Wpedantic[m[K]
[10.485s]    66 |     sl_u8 data[[01;35m[K0[m[K];
[10.485s]       |                [01;35m[K^[m[K
[10.485s] In file included from [01m[K/home/wellyowo/locobot_sim/locobot_ws/src/ThirdParty/rplidar_ros/./sdk/include/sl_lidar_driver.h:54[m[K,
[10.485s]                  from [01m[K/home/wellyowo/locobot_sim/locobot_ws/src/ThirdParty/rplidar_ros/sdk/src/sl_udp_channel.cpp:33[m[K:
[10.485s] [01m[K/home/wellyowo/locobot_sim/locobot_ws/src/ThirdParty/rplidar_ros/./sdk/include/sl_lidar_cmd.h:324:20:[m[K [01;35m[Kwarning: [m[KISO C++ forbids zero-size array ‘[01m[Kpayload[m[K’ [[01;35m[K-Wpedantic[m[K]
[10.485s]   324 |     sl_u8  payload[[01;35m[K0[m[K];
[10.485s]       |                    [01;35m[K^[m[K
[10.494s] [ 89%] [32mBuilding CXX object CMakeFiles/rplidar_composition.dir/sdk/src/sl_tcp_channel.cpp.o[0m
[10.497s] In file included from [01m[K/home/wellyowo/locobot_sim/locobot_ws/src/ThirdParty/rplidar_ros/./sdk/include/sl_lidar_cmd.h:41[m[K,
[10.497s]                  from [01m[K/home/wellyowo/locobot_sim/locobot_ws/src/ThirdParty/rplidar_ros/./sdk/include/sl_lidar_driver.h:54[m[K,
[10.497s]                  from [01m[K/home/wellyowo/locobot_sim/locobot_ws/src/ThirdParty/rplidar_ros/sdk/src/sl_tcp_channel.cpp:33[m[K:
[10.497s] [01m[K/home/wellyowo/locobot_sim/locobot_ws/src/ThirdParty/rplidar_ros/./sdk/include/sl_lidar_protocol.h:66:16:[m[K [01;35m[Kwarning: [m[KISO C++ forbids zero-size array ‘[01m[Kdata[m[K’ [[01;35m[K-Wpedantic[m[K]
[10.497s]    66 |     sl_u8 data[[01;35m[K0[m[K];
[10.497s]       |                [01;35m[K^[m[K
[10.506s] In file included from [01m[K/home/wellyowo/locobot_sim/locobot_ws/src/ThirdParty/rplidar_ros/./sdk/include/sl_lidar_driver.h:54[m[K,
[10.506s]                  from [01m[K/home/wellyowo/locobot_sim/locobot_ws/src/ThirdParty/rplidar_ros/sdk/src/sl_tcp_channel.cpp:33[m[K:
[10.506s] [01m[K/home/wellyowo/locobot_sim/locobot_ws/src/ThirdParty/rplidar_ros/./sdk/include/sl_lidar_cmd.h:324:20:[m[K [01;35m[Kwarning: [m[KISO C++ forbids zero-size array ‘[01m[Kpayload[m[K’ [[01;35m[K-Wpedantic[m[K]
[10.506s]   324 |     sl_u8  payload[[01;35m[K0[m[K];
[10.506s]       |                    [01;35m[K^[m[K
[10.513s] [01m[K/home/wellyowo/locobot_sim/locobot_ws/src/ThirdParty/rplidar_ros/sdk/src/sl_udp_channel.cpp:[m[K In member function ‘[01m[Kvoid sl::UdpChannel::setStatus(_u32)[m[K’:
[10.514s] [01m[K/home/wellyowo/locobot_sim/locobot_ws/src/ThirdParty/rplidar_ros/sdk/src/sl_udp_channel.cpp:112:29:[m[K [01;35m[Kwarning: [m[Kunused parameter ‘[01m[Kflag[m[K’ [[01;35m[K-Wunused-parameter[m[K]
[10.514s]   112 |         void setStatus([01;35m[K_u32 flag[m[K){}
[10.514s]       |                        [01;35m[K~~~~~^~~~[m[K
[10.523s] [01m[K/home/wellyowo/locobot_sim/locobot_ws/src/ThirdParty/rplidar_ros/sdk/src/sl_tcp_channel.cpp:[m[K In member function ‘[01m[Kvoid sl::TcpChannel::setStatus(_u32)[m[K’:
[10.523s] [01m[K/home/wellyowo/locobot_sim/locobot_ws/src/ThirdParty/rplidar_ros/sdk/src/sl_tcp_channel.cpp:109:29:[m[K [01;35m[Kwarning: [m[Kunused parameter ‘[01m[Kflag[m[K’ [[01;35m[K-Wunused-parameter[m[K]
[10.523s]   109 |         void setStatus([01;35m[K_u32 flag[m[K){}
[10.523s]       |                        [01;35m[K~~~~~^~~~[m[K
[10.575s] [ 92%] [32mBuilding CXX object CMakeFiles/rplidar_composition.dir/sdk/src/sl_udp_channel.cpp.o[0m
[10.598s] In file included from [01m[K/home/wellyowo/locobot_sim/locobot_ws/src/ThirdParty/rplidar_ros/./sdk/include/rplidar_protocol.h:36[m[K,
[10.601s]                  from [01m[K/home/wellyowo/locobot_sim/locobot_ws/src/ThirdParty/rplidar_ros/./sdk/include/rplidar.h:39[m[K,
[10.601s]                  from [01m[K/home/wellyowo/locobot_sim/locobot_ws/src/ThirdParty/rplidar_ros/sdk/src/sdkcommon.h:49[m[K,
[10.601s]                  from [01m[K/home/wellyowo/locobot_sim/locobot_ws/src/ThirdParty/rplidar_ros/sdk/src/sl_async_transceiver.cpp:35[m[K:
[10.601s] [01m[K/home/wellyowo/locobot_sim/locobot_ws/src/ThirdParty/rplidar_ros/./sdk/include/sl_lidar_protocol.h:66:16:[m[K [01;35m[Kwarning: [m[KISO C++ forbids zero-size array ‘[01m[Kdata[m[K’ [[01;35m[K-Wpedantic[m[K]
[10.601s]    66 |     sl_u8 data[[01;35m[K0[m[K];
[10.602s]       |                [01;35m[K^[m[K
[10.602s] In file included from [01m[K/home/wellyowo/locobot_sim/locobot_ws/src/ThirdParty/rplidar_ros/./sdk/include/rplidar_cmd.h:36[m[K,
[10.602s]                  from [01m[K/home/wellyowo/locobot_sim/locobot_ws/src/ThirdParty/rplidar_ros/./sdk/include/rplidar.h:40[m[K,
[10.602s]                  from [01m[K/home/wellyowo/locobot_sim/locobot_ws/src/ThirdParty/rplidar_ros/sdk/src/sdkcommon.h:49[m[K,
[10.602s]                  from [01m[K/home/wellyowo/locobot_sim/locobot_ws/src/ThirdParty/rplidar_ros/sdk/src/sl_async_transceiver.cpp:35[m[K:
[10.602s] [01m[K/home/wellyowo/locobot_sim/locobot_ws/src/ThirdParty/rplidar_ros/./sdk/include/sl_lidar_cmd.h:324:20:[m[K [01;35m[Kwarning: [m[KISO C++ forbids zero-size array ‘[01m[Kpayload[m[K’ [[01;35m[K-Wpedantic[m[K]
[10.602s]   324 |     sl_u8  payload[[01;35m[K0[m[K];
[10.602s]       |                    [01;35m[K^[m[K
[10.614s] In file included from [01m[K/home/wellyowo/locobot_sim/locobot_ws/src/ThirdParty/rplidar_ros/./sdk/include/rplidar_protocol.h:36[m[K,
[10.614s]                  from [01m[K/home/wellyowo/locobot_sim/locobot_ws/src/ThirdParty/rplidar_ros/./sdk/include/rplidar.h:39[m[K,
[10.614s]                  from [01m[K/home/wellyowo/locobot_sim/locobot_ws/src/ThirdParty/rplidar_ros/sdk/src/sdkcommon.h:49[m[K,
[10.614s]                  from [01m[K/home/wellyowo/locobot_sim/locobot_ws/src/ThirdParty/rplidar_ros/sdk/src/rplidar_driver.cpp:33[m[K:
[10.614s] [01m[K/home/wellyowo/locobot_sim/locobot_ws/src/ThirdParty/rplidar_ros/./sdk/include/sl_lidar_protocol.h:66:16:[m[K [01;35m[Kwarning: [m[KISO C++ forbids zero-size array ‘[01m[Kdata[m[K’ [[01;35m[K-Wpedantic[m[K]
[10.614s]    66 |     sl_u8 data[[01;35m[K0[m[K];
[10.614s]       |                [01;35m[K^[m[K
[10.614s] In file included from [01m[K/home/wellyowo/locobot_sim/locobot_ws/src/ThirdParty/rplidar_ros/./sdk/include/rplidar_cmd.h:36[m[K,
[10.614s]                  from [01m[K/home/wellyowo/locobot_sim/locobot_ws/src/ThirdParty/rplidar_ros/./sdk/include/rplidar.h:40[m[K,
[10.614s]                  from [01m[K/home/wellyowo/locobot_sim/locobot_ws/src/ThirdParty/rplidar_ros/sdk/src/sdkcommon.h:49[m[K,
[10.614s]                  from [01m[K/home/wellyowo/locobot_sim/locobot_ws/src/ThirdParty/rplidar_ros/sdk/src/rplidar_driver.cpp:33[m[K:
[10.614s] [01m[K/home/wellyowo/locobot_sim/locobot_ws/src/ThirdParty/rplidar_ros/./sdk/include/sl_lidar_cmd.h:324:20:[m[K [01;35m[Kwarning: [m[KISO C++ forbids zero-size array ‘[01m[Kpayload[m[K’ [[01;35m[K-Wpedantic[m[K]
[10.615s]   324 |     sl_u8  payload[[01;35m[K0[m[K];
[10.615s]       |                    [01;35m[K^[m[K
[10.835s] In file included from [01m[K/home/wellyowo/locobot_sim/locobot_ws/src/ThirdParty/rplidar_ros/./sdk/include/sl_lidar_cmd.h:41[m[K,
[10.836s]                  from [01m[K/home/wellyowo/locobot_sim/locobot_ws/src/ThirdParty/rplidar_ros/./sdk/include/sl_lidar_driver.h:54[m[K,
[10.836s]                  from [01m[K/home/wellyowo/locobot_sim/locobot_ws/src/ThirdParty/rplidar_ros/sdk/src/sl_serial_channel.cpp:33[m[K:
[10.836s] [01m[K/home/wellyowo/locobot_sim/locobot_ws/src/ThirdParty/rplidar_ros/./sdk/include/sl_lidar_protocol.h:66:16:[m[K [01;35m[Kwarning: [m[KISO C++ forbids zero-size array ‘[01m[Kdata[m[K’ [[01;35m[K-Wpedantic[m[K]
[10.836s]    66 |     sl_u8 data[[01;35m[K0[m[K];
[10.836s]       |                [01;35m[K^[m[K
[10.836s] In file included from [01m[K/home/wellyowo/locobot_sim/locobot_ws/src/ThirdParty/rplidar_ros/./sdk/include/sl_lidar_driver.h:54[m[K,
[10.836s]                  from [01m[K/home/wellyowo/locobot_sim/locobot_ws/src/ThirdParty/rplidar_ros/sdk/src/sl_serial_channel.cpp:33[m[K:
[10.836s] [01m[K/home/wellyowo/locobot_sim/locobot_ws/src/ThirdParty/rplidar_ros/./sdk/include/sl_lidar_cmd.h:324:20:[m[K [01;35m[Kwarning: [m[KISO C++ forbids zero-size array ‘[01m[Kpayload[m[K’ [[01;35m[K-Wpedantic[m[K]
[10.836s]   324 |     sl_u8  payload[[01;35m[K0[m[K];
[10.836s]       |                    [01;35m[K^[m[K
[11.210s] In file included from [01m[K/home/wellyowo/locobot_sim/locobot_ws/src/ThirdParty/rplidar_ros/./sdk/include/rplidar_protocol.h:36[m[K,
[11.210s]                  from [01m[K/home/wellyowo/locobot_sim/locobot_ws/src/ThirdParty/rplidar_ros/./sdk/include/rplidar.h:39[m[K,
[11.210s]                  from [01m[K/home/wellyowo/locobot_sim/locobot_ws/src/ThirdParty/rplidar_ros/sdk/src/sdkcommon.h:49[m[K,
[11.210s]                  from [01m[K/home/wellyowo/locobot_sim/locobot_ws/src/ThirdParty/rplidar_ros/sdk/src/sl_async_transceiver.cpp:35[m[K:
[11.210s] [01m[K/home/wellyowo/locobot_sim/locobot_ws/src/ThirdParty/rplidar_ros/./sdk/include/sl_lidar_protocol.h:66:16:[m[K [01;35m[Kwarning: [m[KISO C++ forbids zero-size array ‘[01m[Kdata[m[K’ [[01;35m[K-Wpedantic[m[K]
[11.210s]    66 |     sl_u8 data[[01;35m[K0[m[K];
[11.210s]       |                [01;35m[K^[m[K
[11.233s] In file included from [01m[K/home/wellyowo/locobot_sim/locobot_ws/src/ThirdParty/rplidar_ros/./sdk/include/rplidar_cmd.h:36[m[K,
[11.233s]                  from [01m[K/home/wellyowo/locobot_sim/locobot_ws/src/ThirdParty/rplidar_ros/./sdk/include/rplidar.h:40[m[K,
[11.233s]                  from [01m[K/home/wellyowo/locobot_sim/locobot_ws/src/ThirdParty/rplidar_ros/sdk/src/sdkcommon.h:49[m[K,
[11.233s]                  from [01m[K/home/wellyowo/locobot_sim/locobot_ws/src/ThirdParty/rplidar_ros/sdk/src/sl_async_transceiver.cpp:35[m[K:
[11.233s] [01m[K/home/wellyowo/locobot_sim/locobot_ws/src/ThirdParty/rplidar_ros/./sdk/include/sl_lidar_cmd.h:324:20:[m[K [01;35m[Kwarning: [m[KISO C++ forbids zero-size array ‘[01m[Kpayload[m[K’ [[01;35m[K-Wpedantic[m[K]
[11.233s]   324 |     sl_u8  payload[[01;35m[K0[m[K];
[11.233s]       |                    [01;35m[K^[m[K
[11.379s] In file included from [01m[K/home/wellyowo/locobot_sim/locobot_ws/src/ThirdParty/rplidar_ros/./sdk/include/sl_lidar_cmd.h:41[m[K,
[11.380s]                  from [01m[K/home/wellyowo/locobot_sim/locobot_ws/src/ThirdParty/rplidar_ros/./sdk/include/sl_lidar_driver.h:54[m[K,
[11.380s]                  from [01m[K/home/wellyowo/locobot_sim/locobot_ws/src/ThirdParty/rplidar_ros/sdk/src/sl_tcp_channel.cpp:33[m[K:
[11.380s] [01m[K/home/wellyowo/locobot_sim/locobot_ws/src/ThirdParty/rplidar_ros/./sdk/include/sl_lidar_protocol.h:66:16:[m[K [01;35m[Kwarning: [m[KISO C++ forbids zero-size array ‘[01m[Kdata[m[K’ [[01;35m[K-Wpedantic[m[K]
[11.380s]    66 |     sl_u8 data[[01;35m[K0[m[K];
[11.380s]       |                [01;35m[K^[m[K
[11.380s] In file included from [01m[K/home/wellyowo/locobot_sim/locobot_ws/src/ThirdParty/rplidar_ros/./sdk/include/sl_lidar_driver.h:54[m[K,
[11.380s]                  from [01m[K/home/wellyowo/locobot_sim/locobot_ws/src/ThirdParty/rplidar_ros/sdk/src/sl_tcp_channel.cpp:33[m[K:
[11.380s] [01m[K/home/wellyowo/locobot_sim/locobot_ws/src/ThirdParty/rplidar_ros/./sdk/include/sl_lidar_cmd.h:324:20:[m[K [01;35m[Kwarning: [m[KISO C++ forbids zero-size array ‘[01m[Kpayload[m[K’ [[01;35m[K-Wpedantic[m[K]
[11.380s]   324 |     sl_u8  payload[[01;35m[K0[m[K];
[11.380s]       |                    [01;35m[K^[m[K
[11.387s] [01m[K/home/wellyowo/locobot_sim/locobot_ws/src/ThirdParty/rplidar_ros/sdk/src/sl_tcp_channel.cpp:[m[K In member function ‘[01m[Kvoid sl::TcpChannel::setStatus(_u32)[m[K’:
[11.388s] [01m[K/home/wellyowo/locobot_sim/locobot_ws/src/ThirdParty/rplidar_ros/sdk/src/sl_tcp_channel.cpp:109:29:[m[K [01;35m[Kwarning: [m[Kunused parameter ‘[01m[Kflag[m[K’ [[01;35m[K-Wunused-parameter[m[K]
[11.388s]   109 |         void setStatus([01;35m[K_u32 flag[m[K){}
[11.388s]       |                        [01;35m[K~~~~~^~~~[m[K
[11.496s] In file included from [01m[K/home/wellyowo/locobot_sim/locobot_ws/src/ThirdParty/rplidar_ros/./sdk/include/rplidar_protocol.h:36[m[K,
[11.496s]                  from [01m[K/home/wellyowo/locobot_sim/locobot_ws/src/ThirdParty/rplidar_ros/./sdk/include/rplidar.h:39[m[K,
[11.497s]                  from [01m[K/home/wellyowo/locobot_sim/locobot_ws/src/ThirdParty/rplidar_ros/sdk/src/sdkcommon.h:49[m[K,
[11.497s]                  from [01m[K/home/wellyowo/locobot_sim/locobot_ws/src/ThirdParty/rplidar_ros/sdk/src/sl_lidar_driver.cpp:33[m[K:
[11.498s] [01m[K/home/wellyowo/locobot_sim/locobot_ws/src/ThirdParty/rplidar_ros/./sdk/include/sl_lidar_protocol.h:66:16:[m[K [01;35m[Kwarning: [m[KISO C++ forbids zero-size array ‘[01m[Kdata[m[K’ [[01;35m[K-Wpedantic[m[K]
[11.498s]    66 |     sl_u8 data[[01;35m[K0[m[K];
[11.498s]       |                [01;35m[K^[m[K
[11.508s] In file included from [01m[K/home/wellyowo/locobot_sim/locobot_ws/src/ThirdParty/rplidar_ros/./sdk/include/rplidar_cmd.h:36[m[K,
[11.509s]                  from [01m[K/home/wellyowo/locobot_sim/locobot_ws/src/ThirdParty/rplidar_ros/./sdk/include/rplidar.h:40[m[K,
[11.509s]                  from [01m[K/home/wellyowo/locobot_sim/locobot_ws/src/ThirdParty/rplidar_ros/sdk/src/sdkcommon.h:49[m[K,
[11.509s]                  from [01m[K/home/wellyowo/locobot_sim/locobot_ws/src/ThirdParty/rplidar_ros/sdk/src/sl_lidar_driver.cpp:33[m[K:
[11.509s] [01m[K/home/wellyowo/locobot_sim/locobot_ws/src/ThirdParty/rplidar_ros/./sdk/include/sl_lidar_cmd.h:324:20:[m[K [01;35m[Kwarning: [m[KISO C++ forbids zero-size array ‘[01m[Kpayload[m[K’ [[01;35m[K-Wpedantic[m[K]
[11.509s]   324 |     sl_u8  payload[[01;35m[K0[m[K];
[11.509s]       |                    [01;35m[K^[m[K
[11.565s] In file included from [01m[K/home/wellyowo/locobot_sim/locobot_ws/src/ThirdParty/rplidar_ros/sdk/src/sl_async_transceiver.cpp:44[m[K:
[11.565s] [01m[K/home/wellyowo/locobot_sim/locobot_ws/src/ThirdParty/rplidar_ros/sdk/src/sl_async_transceiver.h:[m[K In member function ‘[01m[Kvirtual void sl::internal::IAsyncProtocolCodec::onChannelError(u_result)[m[K’:
[11.566s] [01m[K/home/wellyowo/locobot_sim/locobot_ws/src/ThirdParty/rplidar_ros/sdk/src/sl_async_transceiver.h:90:48:[m[K [01;35m[Kwarning: [m[Kunused parameter ‘[01m[KerrCode[m[K’ [[01;35m[K-Wunused-parameter[m[K]
[11.566s]    90 |         virtual void   onChannelError([01;35m[Ku_result errCode[m[K) {}
[11.566s]       |                                       [01;35m[K~~~~~~~~~^~~~~~~[m[K
[11.661s] In file included from [01m[K/home/wellyowo/locobot_sim/locobot_ws/src/ThirdParty/rplidar_ros/./sdk/include/sl_lidar_cmd.h:41[m[K,
[11.662s]                  from [01m[K/home/wellyowo/locobot_sim/locobot_ws/src/ThirdParty/rplidar_ros/./sdk/include/sl_lidar_driver.h:54[m[K,
[11.662s]                  from [01m[K/home/wellyowo/locobot_sim/locobot_ws/src/ThirdParty/rplidar_ros/sdk/src/sl_udp_channel.cpp:33[m[K:
[11.662s] [01m[K/home/wellyowo/locobot_sim/locobot_ws/src/ThirdParty/rplidar_ros/./sdk/include/sl_lidar_protocol.h:66:16:[m[K [01;35m[Kwarning: [m[KISO C++ forbids zero-size array ‘[01m[Kdata[m[K’ [[01;35m[K-Wpedantic[m[K]
[11.662s]    66 |     sl_u8 data[[01;35m[K0[m[K];
[11.662s]       |                [01;35m[K^[m[K
[11.662s] In file included from [01m[K/home/wellyowo/locobot_sim/locobot_ws/src/ThirdParty/rplidar_ros/./sdk/include/sl_lidar_driver.h:54[m[K,
[11.665s]                  from [01m[K/home/wellyowo/locobot_sim/locobot_ws/src/ThirdParty/rplidar_ros/sdk/src/sl_udp_channel.cpp:33[m[K:
[11.665s] [01m[K/home/wellyowo/locobot_sim/locobot_ws/src/ThirdParty/rplidar_ros/./sdk/include/sl_lidar_cmd.h:324:20:[m[K [01;35m[Kwarning: [m[KISO C++ forbids zero-size array ‘[01m[Kpayload[m[K’ [[01;35m[K-Wpedantic[m[K]
[11.665s]   324 |     sl_u8  payload[[01;35m[K0[m[K];
[11.666s]       |                    [01;35m[K^[m[K
[11.689s] [01m[K/home/wellyowo/locobot_sim/locobot_ws/src/ThirdParty/rplidar_ros/sdk/src/sl_udp_channel.cpp:[m[K In member function ‘[01m[Kvoid sl::UdpChannel::setStatus(_u32)[m[K’:
[11.690s] [01m[K/home/wellyowo/locobot_sim/locobot_ws/src/ThirdParty/rplidar_ros/sdk/src/sl_udp_channel.cpp:112:29:[m[K [01;35m[Kwarning: [m[Kunused parameter ‘[01m[Kflag[m[K’ [[01;35m[K-Wunused-parameter[m[K]
[11.690s]   112 |         void setStatus([01;35m[K_u32 flag[m[K){}
[11.690s]       |                        [01;35m[K~~~~~^~~~[m[K
[11.883s] [01m[K/home/wellyowo/locobot_sim/locobot_ws/src/ThirdParty/rplidar_ros/sdk/src/rplidar_driver.cpp:[m[K In member function ‘[01m[Ku_result rp::standalone::rplidar::RPlidarDriver::connect(const char*, _u32, _u32)[m[K’:
[11.883s] [01m[K/home/wellyowo/locobot_sim/locobot_ws/src/ThirdParty/rplidar_ros/sdk/src/rplidar_driver.cpp:67:77:[m[K [01;35m[Kwarning: [m[Kunused parameter ‘[01m[Kflag[m[K’ [[01;35m[K-Wunused-parameter[m[K]
[11.883s]    67 |     u_result RPlidarDriver::connect(const char *path, _u32 portOrBaud, [01;35m[K_u32 flag[m[K)
[11.883s]       |                                                                        [01;35m[K~~~~~^~~~[m[K
[11.883s] [01m[K/home/wellyowo/locobot_sim/locobot_ws/src/ThirdParty/rplidar_ros/sdk/src/rplidar_driver.cpp:[m[K In member function ‘[01m[Ku_result rp::standalone::rplidar::RPlidarDriver::reset(_u32)[m[K’:
[11.884s] [01m[K/home/wellyowo/locobot_sim/locobot_ws/src/ThirdParty/rplidar_ros/sdk/src/rplidar_driver.cpp:101:40:[m[K [01;35m[Kwarning: [m[Kunused parameter ‘[01m[Ktimeout[m[K’ [[01;35m[K-Wunused-parameter[m[K]
[11.884s]   101 |     u_result RPlidarDriver::reset([01;35m[K_u32 timeout[m[K)
[11.884s]       |                                   [01;35m[K~~~~~^~~~~~~[m[K
[11.884s] [01m[K/home/wellyowo/locobot_sim/locobot_ws/src/ThirdParty/rplidar_ros/sdk/src/rplidar_driver.cpp:[m[K In member function ‘[01m[Ku_result rp::standalone::rplidar::RPlidarDriver::getScanDataWithInterval(rplidar_response_measurement_node_t*, size_t&)[m[K’:
[11.884s] [01m[K/home/wellyowo/locobot_sim/locobot_ws/src/ThirdParty/rplidar_ros/sdk/src/rplidar_driver.cpp:180:91:[m[K [01;35m[Kwarning: [m[Kunused parameter ‘[01m[Knodebuffer[m[K’ [[01;35m[K-Wunused-parameter[m[K]
[11.884s]   180 |     u_result RPlidarDriver::getScanDataWithInterval([01;35m[Krplidar_response_measurement_node_t * nodebuffer[m[K, size_t & count)
[11.884s]       |                                                     [01;35m[K~~~~~~~~~~~~~~~~~~~~~~~~~~~~~~~~~~~~~~^~~~~~~~~~[m[K
[11.884s] [01m[K/home/wellyowo/locobot_sim/locobot_ws/src/ThirdParty/rplidar_ros/sdk/src/rplidar_driver.cpp:180:112:[m[K [01;35m[Kwarning: [m[Kunused parameter ‘[01m[Kcount[m[K’ [[01;35m[K-Wunused-parameter[m[K]
[11.884s]   180 |     u_result RPlidarDriver::getScanDataWithInterval(rplidar_response_measurement_node_t * nodebuffer, [01;35m[Ksize_t & count[m[K)
[11.884s]       |                                                                                                       [01;35m[K~~~~~~~~~^~~~~[m[K
[11.980s] In file included from [01m[K/home/wellyowo/locobot_sim/locobot_ws/src/ThirdParty/rplidar_ros/./sdk/include/rplidar_protocol.h:36[m[K,
[11.981s]                  from [01m[K/home/wellyowo/locobot_sim/locobot_ws/src/ThirdParty/rplidar_ros/./sdk/include/rplidar.h:39[m[K,
[11.981s]                  from [01m[K/home/wellyowo/locobot_sim/locobot_ws/src/ThirdParty/rplidar_ros/sdk/src/sdkcommon.h:49[m[K,
[11.981s]                  from [01m[K/home/wellyowo/locobot_sim/locobot_ws/src/ThirdParty/rplidar_ros/sdk/src/sl_lidarprotocol_codec.cpp:35[m[K:
[11.981s] [01m[K/home/wellyowo/locobot_sim/locobot_ws/src/ThirdParty/rplidar_ros/./sdk/include/sl_lidar_protocol.h:66:16:[m[K [01;35m[Kwarning: [m[KISO C++ forbids zero-size array ‘[01m[Kdata[m[K’ [[01;35m[K-Wpedantic[m[K]
[11.981s]    66 |     sl_u8 data[[01;35m[K0[m[K];
[11.981s]       |                [01;35m[K^[m[K
[11.981s] In file included from [01m[K/home/wellyowo/locobot_sim/locobot_ws/src/ThirdParty/rplidar_ros/./sdk/include/rplidar_cmd.h:36[m[K,
[11.981s]                  from [01m[K/home/wellyowo/locobot_sim/locobot_ws/src/ThirdParty/rplidar_ros/./sdk/include/rplidar.h:40[m[K,
[11.981s]                  from [01m[K/home/wellyowo/locobot_sim/locobot_ws/src/ThirdParty/rplidar_ros/sdk/src/sdkcommon.h:49[m[K,
[11.981s]                  from [01m[K/home/wellyowo/locobot_sim/locobot_ws/src/ThirdParty/rplidar_ros/sdk/src/sl_lidarprotocol_codec.cpp:35[m[K:
[11.981s] [01m[K/home/wellyowo/locobot_sim/locobot_ws/src/ThirdParty/rplidar_ros/./sdk/include/sl_lidar_cmd.h:324:20:[m[K [01;35m[Kwarning: [m[KISO C++ forbids zero-size array ‘[01m[Kpayload[m[K’ [[01;35m[K-Wpedantic[m[K]
[11.981s]   324 |     sl_u8  payload[[01;35m[K0[m[K];
[11.981s]       |                    [01;35m[K^[m[K
[12.067s] In file included from [01m[K/home/wellyowo/locobot_sim/locobot_ws/src/ThirdParty/rplidar_ros/sdk/src/sl_async_transceiver.cpp:44[m[K:
[12.067s] [01m[K/home/wellyowo/locobot_sim/locobot_ws/src/ThirdParty/rplidar_ros/sdk/src/sl_async_transceiver.h:[m[K In member function ‘[01m[Kvirtual void sl::internal::IAsyncProtocolCodec::onChannelError(u_result)[m[K’:
[12.067s] [01m[K/home/wellyowo/locobot_sim/locobot_ws/src/ThirdParty/rplidar_ros/sdk/src/sl_async_transceiver.h:90:48:[m[K [01;35m[Kwarning: [m[Kunused parameter ‘[01m[KerrCode[m[K’ [[01;35m[K-Wunused-parameter[m[K]
[12.068s]    90 |         virtual void   onChannelError([01;35m[Ku_result errCode[m[K) {}
[12.068s]       |                                       [01;35m[K~~~~~~~~~^~~~~~~[m[K
[12.119s] In file included from [01m[K/home/wellyowo/locobot_sim/locobot_ws/src/ThirdParty/rplidar_ros/sdk/src/sl_lidar_driver.cpp:50[m[K:
[12.119s] [01m[K/home/wellyowo/locobot_sim/locobot_ws/src/ThirdParty/rplidar_ros/sdk/src/dataunpacker/dataunpacker.h:[m[K In member function ‘[01m[Kvirtual void sl::internal::LIDARSampleDataListener::onCustomSampleDataDecoded(_u8, _u32, const void*, size_t)[m[K’:
[12.119s] [01m[K/home/wellyowo/locobot_sim/locobot_ws/src/ThirdParty/rplidar_ros/sdk/src/dataunpacker/dataunpacker.h:54:52:[m[K [01;35m[Kwarning: [m[Kunused parameter ‘[01m[KansType[m[K’ [[01;35m[K-Wunused-parameter[m[K]
[12.119s]    54 |         virtual void onCustomSampleDataDecoded([01;35m[K_u8 ansType[m[K, _u32 customCode, const void* data, size_t size) {}
[12.119s]       |                                                [01;35m[K~~~~^~~~~~~[m[K
[12.119s] [01m[K/home/wellyowo/locobot_sim/locobot_ws/src/ThirdParty/rplidar_ros/sdk/src/dataunpacker/dataunpacker.h:54:66:[m[K [01;35m[Kwarning: [m[Kunused parameter ‘[01m[KcustomCode[m[K’ [[01;35m[K-Wunused-parameter[m[K]
[12.119s]    54 |         virtual void onCustomSampleDataDecoded(_u8 ansType, [01;35m[K_u32 customCode[m[K, const void* data, size_t size) {}
[12.119s]       |                                                             [01;35m[K~~~~~^~~~~~~~~~[m[K
[12.119s] [01m[K/home/wellyowo/locobot_sim/locobot_ws/src/ThirdParty/rplidar_ros/sdk/src/dataunpacker/dataunpacker.h:54:90:[m[K [01;35m[Kwarning: [m[Kunused parameter ‘[01m[Kdata[m[K’ [[01;35m[K-Wunused-parameter[m[K]
[12.119s]    54 |         virtual void onCustomSampleDataDecoded(_u8 ansType, _u32 customCode, [01;35m[Kconst void* data[m[K, size_t size) {}
[12.119s]       |                                                                              [01;35m[K~~~~~~~~~~~~^~~~[m[K
[12.119s] [01m[K/home/wellyowo/locobot_sim/locobot_ws/src/ThirdParty/rplidar_ros/sdk/src/dataunpacker/dataunpacker.h:54:103:[m[K [01;35m[Kwarning: [m[Kunused parameter ‘[01m[Ksize[m[K’ [[01;35m[K-Wunused-parameter[m[K]
[12.119s]    54 |         virtual void onCustomSampleDataDecoded(_u8 ansType, _u32 customCode, const void* data, [01;35m[Ksize_t size[m[K) {}
[12.120s]       |                                                                                                [01;35m[K~~~~~~~^~~~[m[K
[12.120s] [01m[K/home/wellyowo/locobot_sim/locobot_ws/src/ThirdParty/rplidar_ros/sdk/src/dataunpacker/dataunpacker.h:[m[K In member function ‘[01m[Kvirtual void sl::internal::LIDARSampleDataListener::onDecodingError(int, _u8, const void*, size_t)[m[K’:
[12.120s] [01m[K/home/wellyowo/locobot_sim/locobot_ws/src/ThirdParty/rplidar_ros/sdk/src/dataunpacker/dataunpacker.h:56:42:[m[K [01;35m[Kwarning: [m[Kunused parameter ‘[01m[KerrMsg[m[K’ [[01;35m[K-Wunused-parameter[m[K]
[12.120s]    56 |         virtual void onDecodingError([01;35m[Kint errMsg[m[K, _u8 ansType, const void* payload, size_t size) {}
[12.120s]       |                                      [01;35m[K~~~~^~~~~~[m[K
[12.120s] [01m[K/home/wellyowo/locobot_sim/locobot_ws/src/ThirdParty/rplidar_ros/sdk/src/dataunpacker/dataunpacker.h:56:54:[m[K [01;35m[Kwarning: [m[Kunused parameter ‘[01m[KansType[m[K’ [[01;35m[K-Wunused-parameter[m[K]
[12.120s]    56 |         virtual void onDecodingError(int errMsg, [01;35m[K_u8 ansType[m[K, const void* payload, size_t size) {}
[12.120s]       |                                                  [01;35m[K~~~~^~~~~~~[m[K
[12.120s] [01m[K/home/wellyowo/locobot_sim/locobot_ws/src/ThirdParty/rplidar_ros/sdk/src/dataunpacker/dataunpacker.h:56:75:[m[K [01;35m[Kwarning: [m[Kunused parameter ‘[01m[Kpayload[m[K’ [[01;35m[K-Wunused-parameter[m[K]
[12.120s]    56 |         virtual void onDecodingError(int errMsg, _u8 ansType, [01;35m[Kconst void* payload[m[K, size_t size) {}
[12.120s]       |                                                               [01;35m[K~~~~~~~~~~~~^~~~~~~[m[K
[12.120s] [01m[K/home/wellyowo/locobot_sim/locobot_ws/src/ThirdParty/rplidar_ros/sdk/src/dataunpacker/dataunpacker.h:56:91:[m[K [01;35m[Kwarning: [m[Kunused parameter ‘[01m[Ksize[m[K’ [[01;35m[K-Wunused-parameter[m[K]
[12.120s]    56 |         virtual void onDecodingError(int errMsg, _u8 ansType, const void* payload, [01;35m[Ksize_t size[m[K) {}
[12.121s]       |                                                                                    [01;35m[K~~~~~~~^~~~[m[K
[12.187s] In file included from [01m[K/home/wellyowo/locobot_sim/locobot_ws/src/ThirdParty/rplidar_ros/sdk/src/sl_lidar_driver.cpp:51[m[K:
[12.188s] [01m[K/home/wellyowo/locobot_sim/locobot_ws/src/ThirdParty/rplidar_ros/sdk/src/sl_async_transceiver.h:[m[K In member function ‘[01m[Kvirtual void sl::internal::IAsyncProtocolCodec::onChannelError(u_result)[m[K’:
[12.188s] [01m[K/home/wellyowo/locobot_sim/locobot_ws/src/ThirdParty/rplidar_ros/sdk/src/sl_async_transceiver.h:90:48:[m[K [01;35m[Kwarning: [m[Kunused parameter ‘[01m[KerrCode[m[K’ [[01;35m[K-Wunused-parameter[m[K]
[12.188s]    90 |         virtual void   onChannelError([01;35m[Ku_result errCode[m[K) {}
[12.188s]       |                                       [01;35m[K~~~~~~~~~^~~~~~~[m[K
[12.352s] [01m[K/home/wellyowo/locobot_sim/locobot_ws/src/ThirdParty/rplidar_ros/sdk/src/sl_lidar_driver.cpp:[m[K In member function ‘[01m[Kvirtual sl_result sl::SlamtecLidarDriver::reset(sl_u32)[m[K’:
[12.352s] [01m[K/home/wellyowo/locobot_sim/locobot_ws/src/ThirdParty/rplidar_ros/sdk/src/sl_lidar_driver.cpp:511:32:[m[K [01;35m[Kwarning: [m[Kunused parameter ‘[01m[KtimeoutInMs[m[K’ [[01;35m[K-Wunused-parameter[m[K]
[12.352s]   511 |         sl_result reset([01;35m[Ksl_u32 timeoutInMs = DEFAULT_TIMEOUT[m[K)
[12.352s]       |                         [01;35m[K~~~~~~~^~~~~~~~~~~~~~~~~~~~~~~~~~~~~[m[K
[12.391s] [01m[K/home/wellyowo/locobot_sim/locobot_ws/src/ThirdParty/rplidar_ros/sdk/src/sl_lidar_driver.cpp:[m[K In member function ‘[01m[Kvirtual sl_result sl::SlamtecLidarDriver::startScan(bool, bool, sl_u32, sl::LidarScanMode*)[m[K’:
[12.391s] [01m[K/home/wellyowo/locobot_sim/locobot_ws/src/ThirdParty/rplidar_ros/sdk/src/sl_lidar_driver.cpp:586:69:[m[K [01;35m[Kwarning: [m[Kunused parameter ‘[01m[Koptions[m[K’ [[01;35m[K-Wunused-parameter[m[K]
[12.391s]   586 |         sl_result startScan(bool force, bool useTypicalScan, [01;35m[Ksl_u32 options = 0[m[K, LidarScanMode* outUsedScanMode = nullptr)
[12.391s]       |                                                              [01;35m[K~~~~~~~^~~~~~~~~~~[m[K
[12.402s] [01m[K/home/wellyowo/locobot_sim/locobot_ws/src/ThirdParty/rplidar_ros/sdk/src/sl_lidar_driver.cpp:[m[K In member function ‘[01m[Kvirtual sl_result sl::SlamtecLidarDriver::stop(sl_u32)[m[K’:
[12.403s] [01m[K/home/wellyowo/locobot_sim/locobot_ws/src/ThirdParty/rplidar_ros/sdk/src/sl_lidar_driver.cpp:763:31:[m[K [01;35m[Kwarning: [m[Kunused parameter ‘[01m[Ktimeout[m[K’ [[01;35m[K-Wunused-parameter[m[K]
[12.403s]   763 |         sl_result stop([01;35m[Ksl_u32 timeout = DEFAULT_TIMEOUT[m[K)
[12.403s]       |                        [01;35m[K~~~~~~~^~~~~~~~~~~~~~~~~~~~~~~~~[m[K
[12.407s] [01m[K/home/wellyowo/locobot_sim/locobot_ws/src/ThirdParty/rplidar_ros/sdk/src/sl_lidar_driver.cpp:[m[K In member function ‘[01m[Kvirtual sl_result sl::SlamtecLidarDriver::getFrequency(const sl::LidarScanMode&, const sl_lidar_response_measurement_node_hq_t*, size_t, float&)[m[K’:
[12.409s] [01m[K/home/wellyowo/locobot_sim/locobot_ws/src/ThirdParty/rplidar_ros/sdk/src/sl_lidar_driver.cpp:880:110:[m[K [01;35m[Kwarning: [m[Kunused parameter ‘[01m[Knodes[m[K’ [[01;35m[K-Wunused-parameter[m[K]
[12.409s]   880 |         sl_result getFrequency(const LidarScanMode& scanMode, [01;35m[Kconst sl_lidar_response_measurement_node_hq_t* nodes[m[K, size_t count, float& frequency)
[12.409s]       |                                                               [01;35m[K~~~~~~~~~~~~~~~~~~~~~~~~~~~~~~~~~~~~~~~~~~~~~~~^~~~~[m[K
[12.423s] [01m[K/home/wellyowo/locobot_sim/locobot_ws/src/ThirdParty/rplidar_ros/sdk/src/sl_lidar_driver.cpp:[m[K In member function ‘[01m[Kvirtual sl_result sl::SlamtecLidarDriver::getMotorInfo(sl::LidarMotorInfo&, sl_u32)[m[K’:
[12.423s] [01m[K/home/wellyowo/locobot_sim/locobot_ws/src/ThirdParty/rplidar_ros/sdk/src/sl_lidar_driver.cpp:1023:66:[m[K [01;35m[Kwarning: [m[Kunused parameter ‘[01m[KtimeoutInMs[m[K’ [[01;35m[K-Wunused-parameter[m[K]
[12.423s]  1023 |         sl_result getMotorInfo(LidarMotorInfo &motorInfo, [01;35m[Ksl_u32 timeoutInMs[m[K)
[12.423s]       |                                                           [01;35m[K~~~~~~~^~~~~~~~~~~[m[K
[12.436s] [01m[K/home/wellyowo/locobot_sim/locobot_ws/src/ThirdParty/rplidar_ros/sdk/src/sl_lidar_driver.cpp:[m[K In member function ‘[01m[Ku_result sl::SlamtecLidarDriver::getScanModeCount(sl_u16&, sl_u32)[m[K’:
[12.436s] [01m[K/home/wellyowo/locobot_sim/locobot_ws/src/ThirdParty/rplidar_ros/sdk/src/sl_lidar_driver.cpp:1199:61:[m[K [01;35m[Kwarning: [m[Kunused parameter ‘[01m[KtimeoutInMs[m[K’ [[01;35m[K-Wunused-parameter[m[K]
[12.436s]  1199 |         u_result getScanModeCount(sl_u16& modeCount, [01;35m[Ksl_u32 timeoutInMs = DEFAULT_TIMEOUT[m[K)
[12.436s]       |                                                      [01;35m[K~~~~~~~^~~~~~~~~~~~~~~~~~~~~~~~~~~~~[m[K
[12.782s] /home/wellyowo/locobot_sim/locobot_ws/src/ThirdParty/rplidar_ros/sdk/src/sl_lidar_driver.cpp: In instantiation of ‘[01m[Kvoid sl::RawSampleNodeHolder<T>::pushNode(_u64, const T*) [with T = sl_lidar_response_measurement_node_hq_t; _u64 = long unsigned int][m[K’:
[12.782s] [01m[K/home/wellyowo/locobot_sim/locobot_ws/src/ThirdParty/rplidar_ros/sdk/src/sl_lidar_driver.cpp:1648:42:[m[K   required from here
[12.782s] [01m[K/home/wellyowo/locobot_sim/locobot_ws/src/ThirdParty/rplidar_ros/sdk/src/sl_lidar_driver.cpp:202:28:[m[K [01;35m[Kwarning: [m[Kunused parameter ‘[01m[Ktimestamp_uS[m[K’ [[01;35m[K-Wunused-parameter[m[K]
[12.782s]   202 |         void pushNode([01;35m[K_u64 timestamp_uS[m[K, const T* node)
[12.783s]       |                       [01;35m[K~~~~~^~~~~~~~~~~~[m[K
[12.866s] In file included from [01m[K/home/wellyowo/locobot_sim/locobot_ws/src/ThirdParty/rplidar_ros/sdk/src/sl_lidarprotocol_codec.cpp:49[m[K:
[12.866s] [01m[K/home/wellyowo/locobot_sim/locobot_ws/src/ThirdParty/rplidar_ros/sdk/src/sl_async_transceiver.h:[m[K In member function ‘[01m[Kvirtual void sl::internal::IAsyncProtocolCodec::onChannelError(u_result)[m[K’:
[12.866s] [01m[K/home/wellyowo/locobot_sim/locobot_ws/src/ThirdParty/rplidar_ros/sdk/src/sl_async_transceiver.h:90:48:[m[K [01;35m[Kwarning: [m[Kunused parameter ‘[01m[KerrCode[m[K’ [[01;35m[K-Wunused-parameter[m[K]
[12.866s]    90 |         virtual void   onChannelError([01;35m[Ku_result errCode[m[K) {}
[12.866s]       |                                       [01;35m[K~~~~~~~~~^~~~~~~[m[K
[13.088s] In file included from [01m[K/home/wellyowo/locobot_sim/locobot_ws/src/ThirdParty/rplidar_ros/sdk/src/sl_lidar_driver.cpp:50[m[K:
[13.088s] [01m[K/home/wellyowo/locobot_sim/locobot_ws/src/ThirdParty/rplidar_ros/sdk/src/dataunpacker/dataunpacker.h:[m[K In member function ‘[01m[Kvirtual void sl::internal::LIDARSampleDataListener::onCustomSampleDataDecoded(_u8, _u32, const void*, size_t)[m[K’:
[13.088s] [01m[K/home/wellyowo/locobot_sim/locobot_ws/src/ThirdParty/rplidar_ros/sdk/src/dataunpacker/dataunpacker.h:54:52:[m[K [01;35m[Kwarning: [m[Kunused parameter ‘[01m[KansType[m[K’ [[01;35m[K-Wunused-parameter[m[K]
[13.088s]    54 |         virtual void onCustomSampleDataDecoded([01;35m[K_u8 ansType[m[K, _u32 customCode, const void* data, size_t size) {}
[13.088s]       |                                                [01;35m[K~~~~^~~~~~~[m[K
[13.088s] [01m[K/home/wellyowo/locobot_sim/locobot_ws/src/ThirdParty/rplidar_ros/sdk/src/dataunpacker/dataunpacker.h:54:66:[m[K [01;35m[Kwarning: [m[Kunused parameter ‘[01m[KcustomCode[m[K’ [[01;35m[K-Wunused-parameter[m[K]
[13.088s]    54 |         virtual void onCustomSampleDataDecoded(_u8 ansType, [01;35m[K_u32 customCode[m[K, const void* data, size_t size) {}
[13.088s]       |                                                             [01;35m[K~~~~~^~~~~~~~~~[m[K
[13.089s] [01m[K/home/wellyowo/locobot_sim/locobot_ws/src/ThirdParty/rplidar_ros/sdk/src/dataunpacker/dataunpacker.h:54:90:[m[K [01;35m[Kwarning: [m[Kunused parameter ‘[01m[Kdata[m[K’ [[01;35m[K-Wunused-parameter[m[K]
[13.089s]    54 |         virtual void onCustomSampleDataDecoded(_u8 ansType, _u32 customCode, [01;35m[Kconst void* data[m[K, size_t size) {}
[13.089s]       |                                                                              [01;35m[K~~~~~~~~~~~~^~~~[m[K
[13.089s] [01m[K/home/wellyowo/locobot_sim/locobot_ws/src/ThirdParty/rplidar_ros/sdk/src/dataunpacker/dataunpacker.h:54:103:[m[K [01;35m[Kwarning: [m[Kunused parameter ‘[01m[Ksize[m[K’ [[01;35m[K-Wunused-parameter[m[K]
[13.089s]    54 |         virtual void onCustomSampleDataDecoded(_u8 ansType, _u32 customCode, const void* data, [01;35m[Ksize_t size[m[K) {}
[13.089s]       |                                                                                                [01;35m[K~~~~~~~^~~~[m[K
[13.101s] [01m[K/home/wellyowo/locobot_sim/locobot_ws/src/ThirdParty/rplidar_ros/sdk/src/dataunpacker/dataunpacker.h:[m[K In member function ‘[01m[Kvirtual void sl::internal::LIDARSampleDataListener::onDecodingError(int, _u8, const void*, size_t)[m[K’:
[13.101s] [01m[K/home/wellyowo/locobot_sim/locobot_ws/src/ThirdParty/rplidar_ros/sdk/src/dataunpacker/dataunpacker.h:56:42:[m[K [01;35m[Kwarning: [m[Kunused parameter ‘[01m[KerrMsg[m[K’ [[01;35m[K-Wunused-parameter[m[K]
[13.101s]    56 |         virtual void onDecodingError([01;35m[Kint errMsg[m[K, _u8 ansType, const void* payload, size_t size) {}
[13.102s]       |                                      [01;35m[K~~~~^~~~~~[m[K
[13.102s] [01m[K/home/wellyowo/locobot_sim/locobot_ws/src/ThirdParty/rplidar_ros/sdk/src/dataunpacker/dataunpacker.h:56:54:[m[K [01;35m[Kwarning: [m[Kunused parameter ‘[01m[KansType[m[K’ [[01;35m[K-Wunused-parameter[m[K]
[13.102s]    56 |         virtual void onDecodingError(int errMsg, [01;35m[K_u8 ansType[m[K, const void* payload, size_t size) {}
[13.102s]       |                                                  [01;35m[K~~~~^~~~~~~[m[K
[13.102s] [01m[K/home/wellyowo/locobot_sim/locobot_ws/src/ThirdParty/rplidar_ros/sdk/src/dataunpacker/dataunpacker.h:56:75:[m[K [01;35m[Kwarning: [m[Kunused parameter ‘[01m[Kpayload[m[K’ [[01;35m[K-Wunused-parameter[m[K]
[13.102s]    56 |         virtual void onDecodingError(int errMsg, _u8 ansType, [01;35m[Kconst void* payload[m[K, size_t size) {}
[13.102s]       |                                                               [01;35m[K~~~~~~~~~~~~^~~~~~~[m[K
[13.102s] [01m[K/home/wellyowo/locobot_sim/locobot_ws/src/ThirdParty/rplidar_ros/sdk/src/dataunpacker/dataunpacker.h:56:91:[m[K [01;35m[Kwarning: [m[Kunused parameter ‘[01m[Ksize[m[K’ [[01;35m[K-Wunused-parameter[m[K]
[13.102s]    56 |         virtual void onDecodingError(int errMsg, _u8 ansType, const void* payload, [01;35m[Ksize_t size[m[K) {}
[13.102s]       |                                                                                    [01;35m[K~~~~~~~^~~~[m[K
[13.144s] In file included from [01m[K/home/wellyowo/locobot_sim/locobot_ws/src/ThirdParty/rplidar_ros/sdk/src/sl_lidar_driver.cpp:51[m[K:
[13.144s] [01m[K/home/wellyowo/locobot_sim/locobot_ws/src/ThirdParty/rplidar_ros/sdk/src/sl_async_transceiver.h:[m[K In member function ‘[01m[Kvirtual void sl::internal::IAsyncProtocolCodec::onChannelError(u_result)[m[K’:
[13.145s] [01m[K/home/wellyowo/locobot_sim/locobot_ws/src/ThirdParty/rplidar_ros/sdk/src/sl_async_transceiver.h:90:48:[m[K [01;35m[Kwarning: [m[Kunused parameter ‘[01m[KerrCode[m[K’ [[01;35m[K-Wunused-parameter[m[K]
[13.145s]    90 |         virtual void   onChannelError([01;35m[Ku_result errCode[m[K) {}
[13.145s]       |                                       [01;35m[K~~~~~~~~~^~~~~~~[m[K
[13.385s] [01m[K/home/wellyowo/locobot_sim/locobot_ws/src/ThirdParty/rplidar_ros/sdk/src/sl_lidar_driver.cpp:[m[K In member function ‘[01m[Kvirtual sl_result sl::SlamtecLidarDriver::reset(sl_u32)[m[K’:
[13.385s] [01m[K/home/wellyowo/locobot_sim/locobot_ws/src/ThirdParty/rplidar_ros/sdk/src/sl_lidar_driver.cpp:511:32:[m[K [01;35m[Kwarning: [m[Kunused parameter ‘[01m[KtimeoutInMs[m[K’ [[01;35m[K-Wunused-parameter[m[K]
[13.385s]   511 |         sl_result reset([01;35m[Ksl_u32 timeoutInMs = DEFAULT_TIMEOUT[m[K)
[13.386s]       |                         [01;35m[K~~~~~~~^~~~~~~~~~~~~~~~~~~~~~~~~~~~~[m[K
[13.392s] [01m[K/home/wellyowo/locobot_sim/locobot_ws/src/ThirdParty/rplidar_ros/sdk/src/sl_lidar_driver.cpp:[m[K In member function ‘[01m[Kvirtual sl_result sl::SlamtecLidarDriver::startScan(bool, bool, sl_u32, sl::LidarScanMode*)[m[K’:
[13.392s] [01m[K/home/wellyowo/locobot_sim/locobot_ws/src/ThirdParty/rplidar_ros/sdk/src/sl_lidar_driver.cpp:586:69:[m[K [01;35m[Kwarning: [m[Kunused parameter ‘[01m[Koptions[m[K’ [[01;35m[K-Wunused-parameter[m[K]
[13.392s]   586 |         sl_result startScan(bool force, bool useTypicalScan, [01;35m[Ksl_u32 options = 0[m[K, LidarScanMode* outUsedScanMode = nullptr)
[13.392s]       |                                                              [01;35m[K~~~~~~~^~~~~~~~~~~[m[K
[13.395s] [01m[K/home/wellyowo/locobot_sim/locobot_ws/src/ThirdParty/rplidar_ros/sdk/src/sl_lidar_driver.cpp:[m[K In member function ‘[01m[Kvirtual sl_result sl::SlamtecLidarDriver::stop(sl_u32)[m[K’:
[13.395s] [01m[K/home/wellyowo/locobot_sim/locobot_ws/src/ThirdParty/rplidar_ros/sdk/src/sl_lidar_driver.cpp:763:31:[m[K [01;35m[Kwarning: [m[Kunused parameter ‘[01m[Ktimeout[m[K’ [[01;35m[K-Wunused-parameter[m[K]
[13.395s]   763 |         sl_result stop([01;35m[Ksl_u32 timeout = DEFAULT_TIMEOUT[m[K)
[13.395s]       |                        [01;35m[K~~~~~~~^~~~~~~~~~~~~~~~~~~~~~~~~[m[K
[13.402s] [01m[K/home/wellyowo/locobot_sim/locobot_ws/src/ThirdParty/rplidar_ros/sdk/src/sl_lidar_driver.cpp:[m[K In member function ‘[01m[Kvirtual sl_result sl::SlamtecLidarDriver::getFrequency(const sl::LidarScanMode&, const sl_lidar_response_measurement_node_hq_t*, size_t, float&)[m[K’:
[13.402s] [01m[K/home/wellyowo/locobot_sim/locobot_ws/src/ThirdParty/rplidar_ros/sdk/src/sl_lidar_driver.cpp:880:110:[m[K [01;35m[Kwarning: [m[Kunused parameter ‘[01m[Knodes[m[K’ [[01;35m[K-Wunused-parameter[m[K]
[13.402s]   880 |         sl_result getFrequency(const LidarScanMode& scanMode, [01;35m[Kconst sl_lidar_response_measurement_node_hq_t* nodes[m[K, size_t count, float& frequency)
[13.402s]       |                                                               [01;35m[K~~~~~~~~~~~~~~~~~~~~~~~~~~~~~~~~~~~~~~~~~~~~~~~^~~~~[m[K
[13.402s] [01m[K/home/wellyowo/locobot_sim/locobot_ws/src/ThirdParty/rplidar_ros/sdk/src/sl_lidar_driver.cpp:[m[K In member function ‘[01m[Kvirtual sl_result sl::SlamtecLidarDriver::getMotorInfo(sl::LidarMotorInfo&, sl_u32)[m[K’:
[13.402s] [01m[K/home/wellyowo/locobot_sim/locobot_ws/src/ThirdParty/rplidar_ros/sdk/src/sl_lidar_driver.cpp:1023:66:[m[K [01;35m[Kwarning: [m[Kunused parameter ‘[01m[KtimeoutInMs[m[K’ [[01;35m[K-Wunused-parameter[m[K]
[13.402s]  1023 |         sl_result getMotorInfo(LidarMotorInfo &motorInfo, [01;35m[Ksl_u32 timeoutInMs[m[K)
[13.402s]       |                                                           [01;35m[K~~~~~~~^~~~~~~~~~~[m[K
[13.412s] [01m[K/home/wellyowo/locobot_sim/locobot_ws/src/ThirdParty/rplidar_ros/sdk/src/sl_lidar_driver.cpp:[m[K In member function ‘[01m[Ku_result sl::SlamtecLidarDriver::getScanModeCount(sl_u16&, sl_u32)[m[K’:
[13.412s] [01m[K/home/wellyowo/locobot_sim/locobot_ws/src/ThirdParty/rplidar_ros/sdk/src/sl_lidar_driver.cpp:1199:61:[m[K [01;35m[Kwarning: [m[Kunused parameter ‘[01m[KtimeoutInMs[m[K’ [[01;35m[K-Wunused-parameter[m[K]
[13.412s]  1199 |         u_result getScanModeCount(sl_u16& modeCount, [01;35m[Ksl_u32 timeoutInMs = DEFAULT_TIMEOUT[m[K)
[13.412s]       |                                                      [01;35m[K~~~~~~~^~~~~~~~~~~~~~~~~~~~~~~~~~~~~[m[K
[13.463s] /home/wellyowo/locobot_sim/locobot_ws/src/ThirdParty/rplidar_ros/sdk/src/sl_lidar_driver.cpp: In instantiation of ‘[01m[Kvoid sl::RawSampleNodeHolder<T>::pushNode(_u64, const T*) [with T = sl_lidar_response_measurement_node_hq_t; _u64 = long unsigned int][m[K’:
[13.463s] [01m[K/home/wellyowo/locobot_sim/locobot_ws/src/ThirdParty/rplidar_ros/sdk/src/sl_lidar_driver.cpp:1648:42:[m[K   required from here
[13.463s] [01m[K/home/wellyowo/locobot_sim/locobot_ws/src/ThirdParty/rplidar_ros/sdk/src/sl_lidar_driver.cpp:202:28:[m[K [01;35m[Kwarning: [m[Kunused parameter ‘[01m[Ktimestamp_uS[m[K’ [[01;35m[K-Wunused-parameter[m[K]
[13.463s]   202 |         void pushNode([01;35m[K_u64 timestamp_uS[m[K, const T* node)
[13.463s]       |                       [01;35m[K~~~~~^~~~~~~~~~~~[m[K
[13.675s] [01m[K/home/wellyowo/locobot_sim/locobot_ws/src/ThirdParty/rplidar_ros/sdk/src/sl_lidar_driver.cpp:[m[K At global scope:
[13.676s] [01m[K/home/wellyowo/locobot_sim/locobot_ws/src/ThirdParty/rplidar_ros/sdk/src/sl_lidar_driver.cpp:83:17:[m[K [01;35m[Kwarning: [m[K‘[01m[Kvoid sl::convert(const sl_lidar_response_measurement_node_hq_t&, sl_lidar_response_measurement_node_t&)[m[K’ defined but not used [[01;35m[K-Wunused-function[m[K]
[13.676s]    83 |     static void [01;35m[Kconvert[m[K(const sl_lidar_response_measurement_node_hq_t& from, sl_lidar_response_measurement_node_t& to)
[13.676s]       |                 [01;35m[K^~~~~~~[m[K
[13.676s] [01m[K/home/wellyowo/locobot_sim/locobot_ws/src/ThirdParty/rplidar_ros/sdk/src/sl_lidar_driver.cpp:75:17:[m[K [01;35m[Kwarning: [m[K‘[01m[Kvoid sl::convert(const sl_lidar_response_measurement_node_t&, sl_lidar_response_measurement_node_hq_t&)[m[K’ defined but not used [[01;35m[K-Wunused-function[m[K]
[13.676s]    75 |     static void [01;35m[Kconvert[m[K(const sl_lidar_response_measurement_node_t& from, sl_lidar_response_measurement_node_hq_t& to)
[13.676s]       |                 [01;35m[K^~~~~~~[m[K
[13.676s] [01m[K/home/wellyowo/locobot_sim/locobot_ws/src/ThirdParty/rplidar_ros/sdk/src/sl_lidar_driver.cpp:70:17:[m[K [01;35m[Kwarning: [m[K‘[01m[Kvoid sl::printDeprecationWarn(const char*, const char*)[m[K’ defined but not used [[01;35m[K-Wunused-function[m[K]
[13.677s]    70 |     static void [01;35m[KprintDeprecationWarn[m[K(const char* fn, const char* replacement)
[13.677s]       |                 [01;35m[K^~~~~~~~~~~~~~~~~~~~[m[K
[13.845s] [01m[K/home/wellyowo/locobot_sim/locobot_ws/src/ThirdParty/rplidar_ros/sdk/src/sl_lidar_driver.cpp:[m[K At global scope:
[13.846s] [01m[K/home/wellyowo/locobot_sim/locobot_ws/src/ThirdParty/rplidar_ros/sdk/src/sl_lidar_driver.cpp:83:17:[m[K [01;35m[Kwarning: [m[K‘[01m[Kvoid sl::convert(const sl_lidar_response_measurement_node_hq_t&, sl_lidar_response_measurement_node_t&)[m[K’ defined but not used [[01;35m[K-Wunused-function[m[K]
[13.846s]    83 |     static void [01;35m[Kconvert[m[K(const sl_lidar_response_measurement_node_hq_t& from, sl_lidar_response_measurement_node_t& to)
[13.846s]       |                 [01;35m[K^~~~~~~[m[K
[13.846s] [01m[K/home/wellyowo/locobot_sim/locobot_ws/src/ThirdParty/rplidar_ros/sdk/src/sl_lidar_driver.cpp:75:17:[m[K [01;35m[Kwarning: [m[K‘[01m[Kvoid sl::convert(const sl_lidar_response_measurement_node_t&, sl_lidar_response_measurement_node_hq_t&)[m[K’ defined but not used [[01;35m[K-Wunused-function[m[K]
[13.846s]    75 |     static void [01;35m[Kconvert[m[K(const sl_lidar_response_measurement_node_t& from, sl_lidar_response_measurement_node_hq_t& to)
[13.846s]       |                 [01;35m[K^~~~~~~[m[K
[13.846s] [01m[K/home/wellyowo/locobot_sim/locobot_ws/src/ThirdParty/rplidar_ros/sdk/src/sl_lidar_driver.cpp:70:17:[m[K [01;35m[Kwarning: [m[K‘[01m[Kvoid sl::printDeprecationWarn(const char*, const char*)[m[K’ defined but not used [[01;35m[K-Wunused-function[m[K]
[13.846s]    70 |     static void [01;35m[KprintDeprecationWarn[m[K(const char* fn, const char* replacement)
[13.846s]       |                 [01;35m[K^~~~~~~~~~~~~~~~~~~~[m[K
[22.508s] In file included from [01m[K/home/wellyowo/locobot_sim/locobot_ws/src/ThirdParty/rplidar_ros/./sdk/include/sl_lidar_cmd.h:41[m[K,
[22.509s]                  from [01m[K/home/wellyowo/locobot_sim/locobot_ws/src/ThirdParty/rplidar_ros/./sdk/include/sl_lidar_driver.h:54[m[K,
[22.509s]                  from [01m[K/home/wellyowo/locobot_sim/locobot_ws/src/ThirdParty/rplidar_ros/./sdk/include/sl_lidar.h:36[m[K,
[22.509s]                  from [01m[K/home/wellyowo/locobot_sim/locobot_ws/src/ThirdParty/rplidar_ros/src/rplidar_node.cpp:38[m[K:
[22.509s] [01m[K/home/wellyowo/locobot_sim/locobot_ws/src/ThirdParty/rplidar_ros/./sdk/include/sl_lidar_protocol.h:66:16:[m[K [01;35m[Kwarning: [m[KISO C++ forbids zero-size array ‘[01m[Kdata[m[K’ [[01;35m[K-Wpedantic[m[K]
[22.509s]    66 |     sl_u8 data[[01;35m[K0[m[K];
[22.509s]       |                [01;35m[K^[m[K
[22.509s] In file included from [01m[K/home/wellyowo/locobot_sim/locobot_ws/src/ThirdParty/rplidar_ros/./sdk/include/sl_lidar_driver.h:54[m[K,
[22.509s]                  from [01m[K/home/wellyowo/locobot_sim/locobot_ws/src/ThirdParty/rplidar_ros/./sdk/include/sl_lidar.h:36[m[K,
[22.509s]                  from [01m[K/home/wellyowo/locobot_sim/locobot_ws/src/ThirdParty/rplidar_ros/src/rplidar_node.cpp:38[m[K:
[22.509s] [01m[K/home/wellyowo/locobot_sim/locobot_ws/src/ThirdParty/rplidar_ros/./sdk/include/sl_lidar_cmd.h:324:20:[m[K [01;35m[Kwarning: [m[KISO C++ forbids zero-size array ‘[01m[Kpayload[m[K’ [[01;35m[K-Wpedantic[m[K]
[22.509s]   324 |     sl_u8  payload[[01;35m[K0[m[K];
[22.509s]       |                    [01;35m[K^[m[K
[26.259s] In file included from [01m[K/home/wellyowo/locobot_sim/locobot_ws/src/ThirdParty/rplidar_ros/./sdk/include/sl_lidar_cmd.h:41[m[K,
[26.259s]                  from [01m[K/home/wellyowo/locobot_sim/locobot_ws/src/ThirdParty/rplidar_ros/./sdk/include/sl_lidar_driver.h:54[m[K,
[26.260s]                  from [01m[K/home/wellyowo/locobot_sim/locobot_ws/src/ThirdParty/rplidar_ros/./sdk/include/sl_lidar.h:36[m[K,
[26.260s]                  from [01m[K/home/wellyowo/locobot_sim/locobot_ws/src/ThirdParty/rplidar_ros/src/rplidar_node.cpp:38[m[K:
[26.260s] [01m[K/home/wellyowo/locobot_sim/locobot_ws/src/ThirdParty/rplidar_ros/./sdk/include/sl_lidar_protocol.h:66:16:[m[K [01;35m[Kwarning: [m[KISO C++ forbids zero-size array ‘[01m[Kdata[m[K’ [[01;35m[K-Wpedantic[m[K]
[26.260s]    66 |     sl_u8 data[[01;35m[K0[m[K];
[26.260s]       |                [01;35m[K^[m[K
[26.263s] In file included from [01m[K/home/wellyowo/locobot_sim/locobot_ws/src/ThirdParty/rplidar_ros/./sdk/include/sl_lidar_driver.h:54[m[K,
[26.263s]                  from [01m[K/home/wellyowo/locobot_sim/locobot_ws/src/ThirdParty/rplidar_ros/./sdk/include/sl_lidar.h:36[m[K,
[26.263s]                  from [01m[K/home/wellyowo/locobot_sim/locobot_ws/src/ThirdParty/rplidar_ros/src/rplidar_node.cpp:38[m[K:
[26.264s] [01m[K/home/wellyowo/locobot_sim/locobot_ws/src/ThirdParty/rplidar_ros/./sdk/include/sl_lidar_cmd.h:324:20:[m[K [01;35m[Kwarning: [m[KISO C++ forbids zero-size array ‘[01m[Kpayload[m[K’ [[01;35m[K-Wpedantic[m[K]
[26.264s]   324 |     sl_u8  payload[[01;35m[K0[m[K];
[26.264s]       |                    [01;35m[K^[m[K
[36.186s] [ 94%] [32m[1mLinking CXX executable rplidar_composition[0m
[37.091s] [ 94%] Built target rplidar_composition
[37.322s] [ 97%] [32m[1mLinking CXX executable rplidar_node[0m
[38.129s] [ 97%] Built target rplidar_node
[56.833s] [100%] [32m[1mLinking CXX executable rplidar_client[0m
[59.894s] [100%] Built target rplidar_client
[59.937s] Invoked command in '/home/wellyowo/locobot_sim/locobot_ws/src/build/rplidar_ros' returned '0': CMAKE_PREFIX_PATH=/opt/ros/humble /usr/bin/cmake --build /home/wellyowo/locobot_sim/locobot_ws/src/build/rplidar_ros -- -j16 -l16
[59.940s] Invoking command in '/home/wellyowo/locobot_sim/locobot_ws/src/build/rplidar_ros': CMAKE_PREFIX_PATH=/opt/ros/humble /usr/bin/cmake --install /home/wellyowo/locobot_sim/locobot_ws/src/build/rplidar_ros
[66.036s] -- Install configuration: ""
[66.036s] -- Installing: /home/wellyowo/locobot_sim/locobot_ws/src/install/rplidar_ros/share/rplidar_ros/launch
[66.036s] -- Installing: /home/wellyowo/locobot_sim/locobot_ws/src/install/rplidar_ros/share/rplidar_ros/launch/rplidar_a2m12_launch.py
[66.036s] -- Installing: /home/wellyowo/locobot_sim/locobot_ws/src/install/rplidar_ros/share/rplidar_ros/launch/view_rplidar_s1_launch.py
[66.036s] -- Installing: /home/wellyowo/locobot_sim/locobot_ws/src/install/rplidar_ros/share/rplidar_ros/launch/view_rplidar_s1_tcp_launch.py
[66.037s] -- Installing: /home/wellyowo/locobot_sim/locobot_ws/src/install/rplidar_ros/share/rplidar_ros/launch/rplidar_t1_launch.py
[66.037s] -- Installing: /home/wellyowo/locobot_sim/locobot_ws/src/install/rplidar_ros/share/rplidar_ros/launch/view_rplidar_s2_launch.py
[66.037s] -- Installing: /home/wellyowo/locobot_sim/locobot_ws/src/install/rplidar_ros/share/rplidar_ros/launch/rplidar_a2m8_launch.py
[66.037s] -- Installing: /home/wellyowo/locobot_sim/locobot_ws/src/install/rplidar_ros/share/rplidar_ros/launch/rplidar_s2_launch.py
[66.037s] -- Installing: /home/wellyowo/locobot_sim/locobot_ws/src/install/rplidar_ros/share/rplidar_ros/launch/rplidar_s1_launch.py
[66.037s] -- Installing: /home/wellyowo/locobot_sim/locobot_ws/src/install/rplidar_ros/share/rplidar_ros/launch/rplidar_a2m7_launch.py
[66.037s] -- Installing: /home/wellyowo/locobot_sim/locobot_ws/src/install/rplidar_ros/share/rplidar_ros/launch/rplidar_a1_launch.py
[66.037s] -- Installing: /home/wellyowo/locobot_sim/locobot_ws/src/install/rplidar_ros/share/rplidar_ros/launch/rplidar_a3_launch.py
[66.037s] -- Installing: /home/wellyowo/locobot_sim/locobot_ws/src/install/rplidar_ros/share/rplidar_ros/launch/view_rplidar_s3_launch.py
[66.037s] -- Installing: /home/wellyowo/locobot_sim/locobot_ws/src/install/rplidar_ros/share/rplidar_ros/launch/view_rplidar_a1_launch.py
[66.037s] -- Installing: /home/wellyowo/locobot_sim/locobot_ws/src/install/rplidar_ros/share/rplidar_ros/launch/rplidar_s2e_launch.py
[66.037s] -- Installing: /home/wellyowo/locobot_sim/locobot_ws/src/install/rplidar_ros/share/rplidar_ros/launch/view_rplidar_t1_launch.py
[66.037s] -- Installing: /home/wellyowo/locobot_sim/locobot_ws/src/install/rplidar_ros/share/rplidar_ros/launch/view_rplidar_c1_launch.py
[66.037s] -- Installing: /home/wellyowo/locobot_sim/locobot_ws/src/install/rplidar_ros/share/rplidar_ros/launch/rplidar_s1_tcp_launch.py
[66.037s] -- Installing: /home/wellyowo/locobot_sim/locobot_ws/src/install/rplidar_ros/share/rplidar_ros/launch/rplidar_s3_launch.py
[66.037s] -- Installing: /home/wellyowo/locobot_sim/locobot_ws/src/install/rplidar_ros/share/rplidar_ros/launch/rplidar_c1_launch.py
[66.038s] -- Installing: /home/wellyowo/locobot_sim/locobot_ws/src/install/rplidar_ros/share/rplidar_ros/launch/view_rplidar_s2e_launch.py
[66.038s] -- Installing: /home/wellyowo/locobot_sim/locobot_ws/src/install/rplidar_ros/share/rplidar_ros/launch/view_rplidar_a2m8_launch.py
[66.038s] -- Installing: /home/wellyowo/locobot_sim/locobot_ws/src/install/rplidar_ros/share/rplidar_ros/launch/view_rplidar_a3_launch.py
[66.038s] -- Installing: /home/wellyowo/locobot_sim/locobot_ws/src/install/rplidar_ros/share/rplidar_ros/launch/view_rplidar_a2m7_launch.py
[66.038s] -- Installing: /home/wellyowo/locobot_sim/locobot_ws/src/install/rplidar_ros/share/rplidar_ros/launch/view_rplidar_a2m12_launch.py
[66.038s] -- Installing: /home/wellyowo/locobot_sim/locobot_ws/src/install/rplidar_ros/share/rplidar_ros/rviz
[66.038s] -- Installing: /home/wellyowo/locobot_sim/locobot_ws/src/install/rplidar_ros/share/rplidar_ros/rviz/rplidar_ros.rviz
[66.041s] -- Installing: /home/wellyowo/locobot_sim/locobot_ws/src/install/rplidar_ros/lib/rplidar_ros/rplidar_node
[66.042s] -- Set runtime path of "/home/wellyowo/locobot_sim/locobot_ws/src/install/rplidar_ros/lib/rplidar_ros/rplidar_node" to ""
[66.042s] -- Installing: /home/wellyowo/locobot_sim/locobot_ws/src/install/rplidar_ros/lib/rplidar_ros/rplidar_composition
[66.042s] -- Set runtime path of "/home/wellyowo/locobot_sim/locobot_ws/src/install/rplidar_ros/lib/rplidar_ros/rplidar_composition" to ""
[66.042s] -- Installing: /home/wellyowo/locobot_sim/locobot_ws/src/install/rplidar_ros/lib/rplidar_ros/rplidar_client
[66.042s] -- Set runtime path of "/home/wellyowo/locobot_sim/locobot_ws/src/install/rplidar_ros/lib/rplidar_ros/rplidar_client" to ""
[66.042s] -- Installing: /home/wellyowo/locobot_sim/locobot_ws/src/install/rplidar_ros/share/ament_index/resource_index/package_run_dependencies/rplidar_ros
[66.042s] -- Installing: /home/wellyowo/locobot_sim/locobot_ws/src/install/rplidar_ros/share/ament_index/resource_index/parent_prefix_path/rplidar_ros
[66.042s] -- Installing: /home/wellyowo/locobot_sim/locobot_ws/src/install/rplidar_ros/share/rplidar_ros/environment/ament_prefix_path.sh
[66.042s] -- Installing: /home/wellyowo/locobot_sim/locobot_ws/src/install/rplidar_ros/share/rplidar_ros/environment/ament_prefix_path.dsv
[66.042s] -- Installing: /home/wellyowo/locobot_sim/locobot_ws/src/install/rplidar_ros/share/rplidar_ros/environment/path.sh
[66.042s] -- Installing: /home/wellyowo/locobot_sim/locobot_ws/src/install/rplidar_ros/share/rplidar_ros/environment/path.dsv
[66.042s] -- Installing: /home/wellyowo/locobot_sim/locobot_ws/src/install/rplidar_ros/share/rplidar_ros/local_setup.bash
[66.042s] -- Installing: /home/wellyowo/locobot_sim/locobot_ws/src/install/rplidar_ros/share/rplidar_ros/local_setup.sh
[66.042s] -- Installing: /home/wellyowo/locobot_sim/locobot_ws/src/install/rplidar_ros/share/rplidar_ros/local_setup.zsh
[66.042s] -- Installing: /home/wellyowo/locobot_sim/locobot_ws/src/install/rplidar_ros/share/rplidar_ros/local_setup.dsv
[66.042s] -- Installing: /home/wellyowo/locobot_sim/locobot_ws/src/install/rplidar_ros/share/rplidar_ros/package.dsv
[66.042s] -- Installing: /home/wellyowo/locobot_sim/locobot_ws/src/install/rplidar_ros/share/ament_index/resource_index/packages/rplidar_ros
[66.042s] -- Installing: /home/wellyowo/locobot_sim/locobot_ws/src/install/rplidar_ros/share/rplidar_ros/cmake/ament_cmake_export_dependencies-extras.cmake
[66.043s] -- Installing: /home/wellyowo/locobot_sim/locobot_ws/src/install/rplidar_ros/share/rplidar_ros/cmake/ament_cmake_export_include_directories-extras.cmake
[66.043s] -- Installing: /home/wellyowo/locobot_sim/locobot_ws/src/install/rplidar_ros/share/rplidar_ros/cmake/rplidar_rosConfig.cmake
[66.043s] -- Installing: /home/wellyowo/locobot_sim/locobot_ws/src/install/rplidar_ros/share/rplidar_ros/cmake/rplidar_rosConfig-version.cmake
[66.043s] -- Installing: /home/wellyowo/locobot_sim/locobot_ws/src/install/rplidar_ros/share/rplidar_ros/package.xml
[66.268s] Invoked command in '/home/wellyowo/locobot_sim/locobot_ws/src/build/rplidar_ros' returned '0': CMAKE_PREFIX_PATH=/opt/ros/humble /usr/bin/cmake --install /home/wellyowo/locobot_sim/locobot_ws/src/build/rplidar_ros
