[0.212s] Invoking command in '/home/wellyowo/locobot_sim/locobot_ws/build/rplidar_ros': CMAKE_PREFIX_PATH=/opt/ros/humble /usr/bin/cmake /home/wellyowo/locobot_sim/locobot_ws/src/ThirdParty/rplidar_ros -DBUILD_TESTING=OFF -DCMAKE_PREFIX_PATH= -DAMENT_CMAKE_SYMLINK_INSTALL=1 -DCMAKE_INSTALL_PREFIX=/home/wellyowo/locobot_sim/locobot_ws/install/rplidar_ros
[1.506s] -- The C compiler identification is GNU 11.4.0
[1.506s] -- The CXX compiler identification is GNU 11.4.0
[1.506s] -- Detecting C compiler ABI info
[1.507s] -- Detecting C compiler ABI info - done
[1.507s] -- Check for working C compiler: /usr/bin/cc - skipped
[1.507s] -- Detecting C compile features
[1.507s] -- Detecting C compile features - done
[1.507s] -- Detecting CXX compiler ABI info
[1.507s] -- Detecting CXX compiler ABI info - done
[1.507s] -- Check for working CXX compiler: /usr/bin/c++ - skipped
[1.507s] -- Detecting CXX compile features
[1.507s] -- Detecting CXX compile features - done
[1.507s] -- Found ament_cmake: 1.3.11 (/opt/ros/humble/share/ament_cmake/cmake)
[1.507s] -- Found Python3: /usr/bin/python3 (found version "3.10.12") found components: Interpreter 
[1.508s] -- Override CMake install command with custom implementation using symlinks instead of copying resources
[1.508s] -- Found rclcpp: 16.0.12 (/opt/ros/humble/share/rclcpp/cmake)
[1.765s] -- Found rosidl_generator_c: 3.1.6 (/opt/ros/humble/share/rosidl_generator_c/cmake)
[1.797s] -- Found rosidl_adapter: 3.1.6 (/opt/ros/humble/share/rosidl_adapter/cmake)
[1.828s] -- Found rosidl_generator_cpp: 3.1.6 (/opt/ros/humble/share/rosidl_generator_cpp/cmake)
[1.930s] -- Using all available rosidl_typesupport_c: rosidl_typesupport_fastrtps_c;rosidl_typesupport_introspection_c
[2.023s] -- Using all available rosidl_typesupport_cpp: rosidl_typesupport_fastrtps_cpp;rosidl_typesupport_introspection_cpp
[2.185s] -- Found rmw_implementation_cmake: 6.1.2 (/opt/ros/humble/share/rmw_implementation_cmake/cmake)
[2.196s] -- Found rmw_fastrtps_cpp: 6.2.7 (/opt/ros/humble/share/rmw_fastrtps_cpp/cmake)
[2.504s] -- Found OpenSSL: /usr/lib/x86_64-linux-gnu/libcrypto.so (found version "3.0.2")  
[2.604s] -- Found FastRTPS: /opt/ros/humble/include  
[2.745s] -- Using RMW implementation 'rmw_fastrtps_cpp' as default
[2.768s] -- Looking for pthread.h
[2.987s] -- Looking for pthread.h - found
[2.988s] -- Performing Test CMAKE_HAVE_LIBC_PTHREAD
[3.267s] -- Performing Test CMAKE_HAVE_LIBC_PTHREAD - Success
[3.272s] -- Found Threads: TRUE  
[3.461s] -- Found sensor_msgs: 4.9.0 (/opt/ros/humble/share/sensor_msgs/cmake)
[3.551s] -- Found std_srvs: 4.9.0 (/opt/ros/humble/share/std_srvs/cmake)
[3.726s] -- Configuring done
[3.800s] -- Generating done
[3.819s] -- Build files have been written to: /home/wellyowo/locobot_sim/locobot_ws/build/rplidar_ros
[3.857s] Invoked command in '/home/wellyowo/locobot_sim/locobot_ws/build/rplidar_ros' returned '0': CMAKE_PREFIX_PATH=/opt/ros/humble /usr/bin/cmake /home/wellyowo/locobot_sim/locobot_ws/src/ThirdParty/rplidar_ros -DBUILD_TESTING=OFF -DCMAKE_PREFIX_PATH= -DAMENT_CMAKE_SYMLINK_INSTALL=1 -DCMAKE_INSTALL_PREFIX=/home/wellyowo/locobot_sim/locobot_ws/install/rplidar_ros
[3.858s] Invoking command in '/home/wellyowo/locobot_sim/locobot_ws/build/rplidar_ros': CMAKE_PREFIX_PATH=/opt/ros/humble /usr/bin/cmake --build /home/wellyowo/locobot_sim/locobot_ws/build/rplidar_ros -- -j16 -l16
[4.537s] [  2%] [32mBuilding CXX object CMakeFiles/rplidar_client.dir/src/rplidar_client.cpp.o[0m
[4.537s] [  5%] [32mBuilding CXX object CMakeFiles/rplidar_node.dir/sdk/src/arch/linux/net_serial.cpp.o[0m
[4.537s] [  7%] [32mBuilding CXX object CMakeFiles/rplidar_node.dir/src/rplidar_node.cpp.o[0m
[4.537s] [ 10%] [32mBuilding CXX object CMakeFiles/rplidar_node.dir/sdk/src/dataunpacker/dataunpacker.cpp.o[0m
[4.537s] [ 13%] [32mBuilding CXX object CMakeFiles/rplidar_node.dir/sdk/src/arch/linux/net_socket.cpp.o[0m
[4.543s] [ 15%] [32mBuilding CXX object CMakeFiles/rplidar_node.dir/sdk/src/dataunpacker/unpacker/handler_capsules.cpp.o[0m
[4.544s] [ 18%] [32mBuilding CXX object CMakeFiles/rplidar_composition.dir/src/rplidar_node.cpp.o[0m
[4.544s] [ 23%] [32mBuilding CXX object CMakeFiles/rplidar_node.dir/sdk/src/arch/linux/timer.cpp.o[0m
[4.544s] [ 23%] [32mBuilding CXX object CMakeFiles/rplidar_node.dir/sdk/src/dataunpacker/unpacker/handler_hqnode.cpp.o[0m
[4.545s] [ 26%] [32mBuilding CXX object CMakeFiles/rplidar_composition.dir/sdk/src/arch/linux/net_serial.cpp.o[0m
[4.545s] [ 28%] [32mBuilding CXX object CMakeFiles/rplidar_node.dir/sdk/src/hal/thread.cpp.o[0m
[4.545s] [ 31%] [32mBuilding CXX object CMakeFiles/rplidar_node.dir/sdk/src/dataunpacker/unpacker/handler_normalnode.cpp.o[0m
[4.545s] [ 34%] [32mBuilding CXX object CMakeFiles/rplidar_node.dir/sdk/src/rplidar_driver.cpp.o[0m
[4.545s] [ 36%] [32mBuilding CXX object CMakeFiles/rplidar_composition.dir/sdk/src/arch/linux/net_socket.cpp.o[0m
[4.545s] [ 39%] [32mBuilding CXX object CMakeFiles/rplidar_composition.dir/sdk/src/arch/linux/timer.cpp.o[0m
[4.545s] [ 42%] [32mBuilding CXX object CMakeFiles/rplidar_composition.dir/sdk/src/dataunpacker/dataunpacker.cpp.o[0m
[5.017s] In file included from [01m[K/home/wellyowo/locobot_sim/locobot_ws/src/ThirdParty/rplidar_ros/./sdk/include/rplidar_protocol.h:36[m[K,
[5.018s]                  from [01m[K/home/wellyowo/locobot_sim/locobot_ws/src/ThirdParty/rplidar_ros/./sdk/include/rplidar.h:39[m[K,
[5.018s]                  from [01m[K/home/wellyowo/locobot_sim/locobot_ws/src/ThirdParty/rplidar_ros/./sdk/src/sdkcommon.h:49[m[K,
[5.018s]                  from [01m[K/home/wellyowo/locobot_sim/locobot_ws/src/ThirdParty/rplidar_ros/sdk/src/dataunpacker/dataunnpacker_commondef.h:41[m[K,
[5.019s]                  from [01m[K/home/wellyowo/locobot_sim/locobot_ws/src/ThirdParty/rplidar_ros/sdk/src/dataunpacker/dataunpacker.cpp:39[m[K:
[5.020s] [01m[K/home/wellyowo/locobot_sim/locobot_ws/src/ThirdParty/rplidar_ros/./sdk/include/sl_lidar_protocol.h:66:16:[m[K [01;35m[Kwarning: [m[KISO C++ forbids zero-size array ‘[01m[Kdata[m[K’ [[01;35m[K-Wpedantic[m[K]
[5.020s]    66 |     sl_u8 data[[01;35m[K0[m[K];
[5.021s]       |                [01;35m[K^[m[K
[5.027s] In file included from [01m[K/home/wellyowo/locobot_sim/locobot_ws/src/ThirdParty/rplidar_ros/./sdk/include/rplidar_cmd.h:36[m[K,
[5.027s]                  from [01m[K/home/wellyowo/locobot_sim/locobot_ws/src/ThirdParty/rplidar_ros/./sdk/include/rplidar.h:40[m[K,
[5.028s]                  from [01m[K/home/wellyowo/locobot_sim/locobot_ws/src/ThirdParty/rplidar_ros/./sdk/src/sdkcommon.h:49[m[K,
[5.028s]                  from [01m[K/home/wellyowo/locobot_sim/locobot_ws/src/ThirdParty/rplidar_ros/sdk/src/dataunpacker/dataunnpacker_commondef.h:41[m[K,
[5.028s]                  from [01m[K/home/wellyowo/locobot_sim/locobot_ws/src/ThirdParty/rplidar_ros/sdk/src/dataunpacker/dataunpacker.cpp:39[m[K:
[5.028s] [01m[K/home/wellyowo/locobot_sim/locobot_ws/src/ThirdParty/rplidar_ros/./sdk/include/sl_lidar_cmd.h:324:20:[m[K [01;35m[Kwarning: [m[KISO C++ forbids zero-size array ‘[01m[Kpayload[m[K’ [[01;35m[K-Wpedantic[m[K]
[5.028s]   324 |     sl_u8  payload[[01;35m[K0[m[K];
[5.028s]       |                    [01;35m[K^[m[K
[5.381s] [ 44%] [32mBuilding CXX object CMakeFiles/rplidar_node.dir/sdk/src/sl_async_transceiver.cpp.o[0m
[5.892s] In file included from [01m[K/home/wellyowo/locobot_sim/locobot_ws/src/ThirdParty/rplidar_ros/./sdk/include/rplidar_protocol.h:36[m[K,
[5.893s]                  from [01m[K/home/wellyowo/locobot_sim/locobot_ws/src/ThirdParty/rplidar_ros/./sdk/include/rplidar.h:39[m[K,
[5.893s]                  from [01m[K/home/wellyowo/locobot_sim/locobot_ws/src/ThirdParty/rplidar_ros/./sdk/src/sdkcommon.h:49[m[K,
[5.893s]                  from [01m[K/home/wellyowo/locobot_sim/locobot_ws/src/ThirdParty/rplidar_ros/sdk/src/hal/thread.cpp:35[m[K:
[5.893s] [01m[K/home/wellyowo/locobot_sim/locobot_ws/src/ThirdParty/rplidar_ros/./sdk/include/sl_lidar_protocol.h:66:16:[m[K [01;35m[Kwarning: [m[KISO C++ forbids zero-size array ‘[01m[Kdata[m[K’ [[01;35m[K-Wpedantic[m[K]
[5.893s]    66 |     sl_u8 data[[01;35m[K0[m[K];
[5.893s]       |                [01;35m[K^[m[K
[5.893s] In file included from [01m[K/home/wellyowo/locobot_sim/locobot_ws/src/ThirdParty/rplidar_ros/./sdk/include/rplidar_cmd.h:36[m[K,
[5.893s]                  from [01m[K/home/wellyowo/locobot_sim/locobot_ws/src/ThirdParty/rplidar_ros/./sdk/include/rplidar.h:40[m[K,
[5.894s]                  from [01m[K/home/wellyowo/locobot_sim/locobot_ws/src/ThirdParty/rplidar_ros/./sdk/src/sdkcommon.h:49[m[K,
[5.894s]                  from [01m[K/home/wellyowo/locobot_sim/locobot_ws/src/ThirdParty/rplidar_ros/sdk/src/hal/thread.cpp:35[m[K:
[5.894s] [01m[K/home/wellyowo/locobot_sim/locobot_ws/src/ThirdParty/rplidar_ros/./sdk/include/sl_lidar_cmd.h:324:20:[m[K [01;35m[Kwarning: [m[KISO C++ forbids zero-size array ‘[01m[Kpayload[m[K’ [[01;35m[K-Wpedantic[m[K]
[5.894s]   324 |     sl_u8  payload[[01;35m[K0[m[K];
[5.894s]       |                    [01;35m[K^[m[K
[5.968s] In file included from [01m[K/home/wellyowo/locobot_sim/locobot_ws/src/ThirdParty/rplidar_ros/sdk/src/hal/thread.cpp:43[m[K:
[5.969s] [01m[K/home/wellyowo/locobot_sim/locobot_ws/src/ThirdParty/rplidar_ros/./sdk/src/arch/linux/thread.hpp:[m[K In static member function ‘[01m[Kstatic rp::hal::Thread rp::hal::Thread::create(thread_proc_t, void*)[m[K’:
[5.969s] [01m[K/home/wellyowo/locobot_sim/locobot_ws/src/ThirdParty/rplidar_ros/./sdk/src/arch/linux/thread.hpp:52:57:[m[K [01;35m[Kwarning: [m[Kcast between incompatible function types from ‘[01m[Kthread_proc_t[m[K’ {aka ‘[01m[Klong unsigned int (*)(void*)[m[K’} to ‘[01m[Kvoid* (*)(void*)[m[K’ [[01;35m[K-Wcast-function-type[m[K]
[5.969s]    52 |     pthread_create((pthread_t *)&newborn._handle, NULL, [01;35m[K(void * (*)(void *))proc[m[K, data);
[5.969s]       |                                                         [01;35m[K^~~~~~~~~~~~~~~~~~~~~~~~[m[K
[5.975s] [01m[K/home/wellyowo/locobot_sim/locobot_ws/src/ThirdParty/rplidar_ros/./sdk/src/arch/linux/thread.hpp:[m[K In member function ‘[01m[Ku_result rp::hal::Thread::join(long unsigned int)[m[K’:
[5.975s] [01m[K/home/wellyowo/locobot_sim/locobot_ws/src/ThirdParty/rplidar_ros/./sdk/src/arch/linux/thread.hpp:176:37:[m[K [01;35m[Kwarning: [m[Kunused parameter ‘[01m[Ktimeout[m[K’ [[01;35m[K-Wunused-parameter[m[K]
[5.975s]   176 | u_result Thread::join([01;35m[Kunsigned long timeout[m[K)
[5.975s]       |                       [01;35m[K~~~~~~~~~~~~~~^~~~~~~[m[K
[6.028s] In file included from [01m[K/home/wellyowo/locobot_sim/locobot_ws/src/ThirdParty/rplidar_ros/./sdk/include/rplidar_protocol.h:36[m[K,
[6.029s]                  from [01m[K/home/wellyowo/locobot_sim/locobot_ws/src/ThirdParty/rplidar_ros/./sdk/include/rplidar.h:39[m[K,
[6.029s]                  from [01m[K/home/wellyowo/locobot_sim/locobot_ws/src/ThirdParty/rplidar_ros/./sdk/src/sdkcommon.h:49[m[K,
[6.029s]                  from [01m[K/home/wellyowo/locobot_sim/locobot_ws/src/ThirdParty/rplidar_ros/sdk/src/arch/linux/net_socket.cpp:10[m[K:
[6.029s] [01m[K/home/wellyowo/locobot_sim/locobot_ws/src/ThirdParty/rplidar_ros/./sdk/include/sl_lidar_protocol.h:66:16:[m[K [01;35m[Kwarning: [m[KISO C++ forbids zero-size array ‘[01m[Kdata[m[K’ [[01;35m[K-Wpedantic[m[K]
[6.029s]    66 |     sl_u8 data[[01;35m[K0[m[K];
[6.030s]       |                [01;35m[K^[m[K
[6.030s] In file included from [01m[K/home/wellyowo/locobot_sim/locobot_ws/src/ThirdParty/rplidar_ros/./sdk/include/rplidar_cmd.h:36[m[K,
[6.030s]                  from [01m[K/home/wellyowo/locobot_sim/locobot_ws/src/ThirdParty/rplidar_ros/./sdk/include/rplidar.h:40[m[K,
[6.030s]                  from [01m[K/home/wellyowo/locobot_sim/locobot_ws/src/ThirdParty/rplidar_ros/./sdk/src/sdkcommon.h:49[m[K,
[6.030s]                  from [01m[K/home/wellyowo/locobot_sim/locobot_ws/src/ThirdParty/rplidar_ros/sdk/src/arch/linux/net_socket.cpp:10[m[K:
[6.031s] [01m[K/home/wellyowo/locobot_sim/locobot_ws/src/ThirdParty/rplidar_ros/./sdk/include/sl_lidar_cmd.h:324:20:[m[K [01;35m[Kwarning: [m[KISO C++ forbids zero-size array ‘[01m[Kpayload[m[K’ [[01;35m[K-Wpedantic[m[K]
[6.031s]   324 |     sl_u8  payload[[01;35m[K0[m[K];
[6.033s]       |                    [01;35m[K^[m[K
[6.076s] In file included from [01m[K/home/wellyowo/locobot_sim/locobot_ws/src/ThirdParty/rplidar_ros/sdk/src/dataunpacker/dataunpacker.cpp:40[m[K:
[6.077s] [01m[K/home/wellyowo/locobot_sim/locobot_ws/src/ThirdParty/rplidar_ros/sdk/src/dataunpacker/dataunpacker.h:[m[K In member function ‘[01m[Kvirtual void sl::internal::LIDARSampleDataListener::onCustomSampleDataDecoded(_u8, _u32, const void*, size_t)[m[K’:
[6.077s] [01m[K/home/wellyowo/locobot_sim/locobot_ws/src/ThirdParty/rplidar_ros/sdk/src/dataunpacker/dataunpacker.h:54:52:[m[K [01;35m[Kwarning: [m[Kunused parameter ‘[01m[KansType[m[K’ [[01;35m[K-Wunused-parameter[m[K]
[6.077s]    54 |         virtual void onCustomSampleDataDecoded([01;35m[K_u8 ansType[m[K, _u32 customCode, const void* data, size_t size) {}
[6.077s]       |                                                [01;35m[K~~~~^~~~~~~[m[K
[6.077s] [01m[K/home/wellyowo/locobot_sim/locobot_ws/src/ThirdParty/rplidar_ros/sdk/src/dataunpacker/dataunpacker.h:54:66:[m[K [01;35m[Kwarning: [m[Kunused parameter ‘[01m[KcustomCode[m[K’ [[01;35m[K-Wunused-parameter[m[K]
[6.078s]    54 |         virtual void onCustomSampleDataDecoded(_u8 ansType, [01;35m[K_u32 customCode[m[K, const void* data, size_t size) {}
[6.078s]       |                                                             [01;35m[K~~~~~^~~~~~~~~~[m[K
[6.078s] [01m[K/home/wellyowo/locobot_sim/locobot_ws/src/ThirdParty/rplidar_ros/sdk/src/dataunpacker/dataunpacker.h:54:90:[m[K [01;35m[Kwarning: [m[Kunused parameter ‘[01m[Kdata[m[K’ [[01;35m[K-Wunused-parameter[m[K]
[6.078s]    54 |         virtual void onCustomSampleDataDecoded(_u8 ansType, _u32 customCode, [01;35m[Kconst void* data[m[K, size_t size) {}
[6.078s]       |                                                                              [01;35m[K~~~~~~~~~~~~^~~~[m[K
[6.078s] [01m[K/home/wellyowo/locobot_sim/locobot_ws/src/ThirdParty/rplidar_ros/sdk/src/dataunpacker/dataunpacker.h:54:103:[m[K [01;35m[Kwarning: [m[Kunused parameter ‘[01m[Ksize[m[K’ [[01;35m[K-Wunused-parameter[m[K]
[6.079s]    54 |         virtual void onCustomSampleDataDecoded(_u8 ansType, _u32 customCode, const void* data, [01;35m[Ksize_t size[m[K) {}
[6.079s]       |                                                                                                [01;35m[K~~~~~~~^~~~[m[K
[6.079s] [01m[K/home/wellyowo/locobot_sim/locobot_ws/src/ThirdParty/rplidar_ros/sdk/src/dataunpacker/dataunpacker.h:[m[K In member function ‘[01m[Kvirtual void sl::internal::LIDARSampleDataListener::onDecodingError(int, _u8, const void*, size_t)[m[K’:
[6.079s] [01m[K/home/wellyowo/locobot_sim/locobot_ws/src/ThirdParty/rplidar_ros/sdk/src/dataunpacker/dataunpacker.h:56:42:[m[K [01;35m[Kwarning: [m[Kunused parameter ‘[01m[KerrMsg[m[K’ [[01;35m[K-Wunused-parameter[m[K]
[6.080s]    56 |         virtual void onDecodingError([01;35m[Kint errMsg[m[K, _u8 ansType, const void* payload, size_t size) {}
[6.080s]       |                                      [01;35m[K~~~~^~~~~~[m[K
[6.080s] [01m[K/home/wellyowo/locobot_sim/locobot_ws/src/ThirdParty/rplidar_ros/sdk/src/dataunpacker/dataunpacker.h:56:54:[m[K [01;35m[Kwarning: [m[Kunused parameter ‘[01m[KansType[m[K’ [[01;35m[K-Wunused-parameter[m[K]
[6.081s]    56 |         virtual void onDecodingError(int errMsg, [01;35m[K_u8 ansType[m[K, const void* payload, size_t size) {}
[6.081s]       |                                                  [01;35m[K~~~~^~~~~~~[m[K
[6.084s] [01m[K/home/wellyowo/locobot_sim/locobot_ws/src/ThirdParty/rplidar_ros/sdk/src/dataunpacker/dataunpacker.h:56:75:[m[K [01;35m[Kwarning: [m[Kunused parameter ‘[01m[Kpayload[m[K’ [[01;35m[K-Wunused-parameter[m[K]
[6.084s]    56 |         virtual void onDecodingError(int errMsg, _u8 ansType, [01;35m[Kconst void* payload[m[K, size_t size) {}
[6.085s]       |                                                               [01;35m[K~~~~~~~~~~~~^~~~~~~[m[K
[6.085s] [01m[K/home/wellyowo/locobot_sim/locobot_ws/src/ThirdParty/rplidar_ros/sdk/src/dataunpacker/dataunpacker.h:56:91:[m[K [01;35m[Kwarning: [m[Kunused parameter ‘[01m[Ksize[m[K’ [[01;35m[K-Wunused-parameter[m[K]
[6.085s]    56 |         virtual void onDecodingError(int errMsg, _u8 ansType, const void* payload, [01;35m[Ksize_t size[m[K) {}
[6.086s]       |                                                                                    [01;35m[K~~~~~~~^~~~[m[K
[6.106s] In file included from [01m[K/home/wellyowo/locobot_sim/locobot_ws/src/ThirdParty/rplidar_ros/./sdk/include/rplidar_protocol.h:36[m[K,
[6.108s]                  from [01m[K/home/wellyowo/locobot_sim/locobot_ws/src/ThirdParty/rplidar_ros/./sdk/include/rplidar.h:39[m[K,
[6.108s]                  from [01m[K/home/wellyowo/locobot_sim/locobot_ws/src/ThirdParty/rplidar_ros/./sdk/src/sdkcommon.h:49[m[K,
[6.108s]                  from [01m[K/home/wellyowo/locobot_sim/locobot_ws/src/ThirdParty/rplidar_ros/sdk/src/dataunpacker/unpacker/../dataunnpacker_commondef.h:41[m[K,
[6.109s]                  from [01m[K/home/wellyowo/locobot_sim/locobot_ws/src/ThirdParty/rplidar_ros/sdk/src/dataunpacker/unpacker/handler_hqnode.cpp:39[m[K:
[6.109s] [01m[K/home/wellyowo/locobot_sim/locobot_ws/src/ThirdParty/rplidar_ros/./sdk/include/sl_lidar_protocol.h:66:16:[m[K [01;35m[Kwarning: [m[KISO C++ forbids zero-size array ‘[01m[Kdata[m[K’ [[01;35m[K-Wpedantic[m[K]
[6.110s]    66 |     sl_u8 data[[01;35m[K0[m[K];
[6.111s]       |                [01;35m[K^[m[K
[6.111s] In file included from [01m[K/home/wellyowo/locobot_sim/locobot_ws/src/ThirdParty/rplidar_ros/./sdk/include/rplidar_cmd.h:36[m[K,
[6.112s]                  from [01m[K/home/wellyowo/locobot_sim/locobot_ws/src/ThirdParty/rplidar_ros/./sdk/include/rplidar.h:40[m[K,
[6.112s]                  from [01m[K/home/wellyowo/locobot_sim/locobot_ws/src/ThirdParty/rplidar_ros/./sdk/src/sdkcommon.h:49[m[K,
[6.112s]                  from [01m[K/home/wellyowo/locobot_sim/locobot_ws/src/ThirdParty/rplidar_ros/sdk/src/dataunpacker/unpacker/../dataunnpacker_commondef.h:41[m[K,
[6.116s]                  from [01m[K/home/wellyowo/locobot_sim/locobot_ws/src/ThirdParty/rplidar_ros/sdk/src/dataunpacker/unpacker/handler_hqnode.cpp:39[m[K:
[6.117s] [01m[K/home/wellyowo/locobot_sim/locobot_ws/src/ThirdParty/rplidar_ros/./sdk/include/sl_lidar_cmd.h:324:20:[m[K [01;35m[Kwarning: [m[KISO C++ forbids zero-size array ‘[01m[Kpayload[m[K’ [[01;35m[K-Wpedantic[m[K]
[6.117s]   324 |     sl_u8  payload[[01;35m[K0[m[K];
[6.117s]       |                    [01;35m[K^[m[K
[6.158s] [ 47%] [32mBuilding CXX object CMakeFiles/rplidar_node.dir/sdk/src/sl_crc.cpp.o[0m
[6.196s] In file included from [01m[K/home/wellyowo/locobot_sim/locobot_ws/src/ThirdParty/rplidar_ros/./sdk/include/sl_lidar_cmd.h:41[m[K,
[6.201s]                  from [01m[K/home/wellyowo/locobot_sim/locobot_ws/src/ThirdParty/rplidar_ros/./sdk/include/sl_crc.h:36[m[K,
[6.204s]                  from [01m[K/home/wellyowo/locobot_sim/locobot_ws/src/ThirdParty/rplidar_ros/sdk/src/sl_crc.cpp:33[m[K:
[6.204s] [01m[K/home/wellyowo/locobot_sim/locobot_ws/src/ThirdParty/rplidar_ros/./sdk/include/sl_lidar_protocol.h:66:16:[m[K [01;35m[Kwarning: [m[KISO C++ forbids zero-size array ‘[01m[Kdata[m[K’ [[01;35m[K-Wpedantic[m[K]
[6.204s]    66 |     sl_u8 data[[01;35m[K0[m[K];
[6.204s]       |                [01;35m[K^[m[K
[6.204s] In file included from [01m[K/home/wellyowo/locobot_sim/locobot_ws/src/ThirdParty/rplidar_ros/./sdk/include/sl_crc.h:36[m[K,
[6.204s]                  from [01m[K/home/wellyowo/locobot_sim/locobot_ws/src/ThirdParty/rplidar_ros/sdk/src/sl_crc.cpp:33[m[K:
[6.205s] [01m[K/home/wellyowo/locobot_sim/locobot_ws/src/ThirdParty/rplidar_ros/./sdk/include/sl_lidar_cmd.h:324:20:[m[K [01;35m[Kwarning: [m[KISO C++ forbids zero-size array ‘[01m[Kpayload[m[K’ [[01;35m[K-Wpedantic[m[K]
[6.205s]   324 |     sl_u8  payload[[01;35m[K0[m[K];
[6.205s]       |                    [01;35m[K^[m[K
[6.231s] [ 50%] [32mBuilding CXX object CMakeFiles/rplidar_composition.dir/sdk/src/dataunpacker/unpacker/handler_capsules.cpp.o[0m
[6.251s] In file included from [01m[K/home/wellyowo/locobot_sim/locobot_ws/src/ThirdParty/rplidar_ros/./sdk/src/arch/linux/arch_linux.h:42[m[K,
[6.252s]                  from [01m[K/home/wellyowo/locobot_sim/locobot_ws/src/ThirdParty/rplidar_ros/./sdk/src/sdkcommon.h:41[m[K,
[6.252s]                  from [01m[K/home/wellyowo/locobot_sim/locobot_ws/src/ThirdParty/rplidar_ros/sdk/src/arch/linux/net_socket.cpp:10[m[K:
[6.252s] [01m[K/home/wellyowo/locobot_sim/locobot_ws/src/ThirdParty/rplidar_ros/sdk/src/arch/linux/net_socket.cpp:[m[K In member function ‘[01m[Kvirtual u_result rp::arch::net::DGramSocketImpl::sendTo(const rp::net::SocketAddress*, const void*, size_t)[m[K’:
[6.252s] [01m[K/home/wellyowo/locobot_sim/locobot_ws/src/ThirdParty/rplidar_ros/sdk/src/arch/linux/net_socket.cpp:733:24:[m[K [01;35m[Kwarning: [m[Kcomparison of integer expressions of different signedness: ‘[01m[Kint[m[K’ and ‘[01m[Ksize_t[m[K’ {aka ‘[01m[Klong unsigned int[m[K’} [[01;35m[K-Wsign-compare[m[K]
[6.253s]   733 |             assert([01;35m[Kans == len[m[K);
[6.253s]       |                    [01;35m[K~~~~^~~~~~[m[K
[6.311s] In file included from [01m[K/home/wellyowo/locobot_sim/locobot_ws/src/ThirdParty/rplidar_ros/./sdk/include/rplidar_protocol.h:36[m[K,
[6.312s]                  from [01m[K/home/wellyowo/locobot_sim/locobot_ws/src/ThirdParty/rplidar_ros/./sdk/include/rplidar.h:39[m[K,
[6.312s]                  from [01m[K/home/wellyowo/locobot_sim/locobot_ws/src/ThirdParty/rplidar_ros/./sdk/src/sdkcommon.h:49[m[K,
[6.312s]                  from [01m[K/home/wellyowo/locobot_sim/locobot_ws/src/ThirdParty/rplidar_ros/sdk/src/arch/linux/net_socket.cpp:10[m[K:
[6.312s] [01m[K/home/wellyowo/locobot_sim/locobot_ws/src/ThirdParty/rplidar_ros/./sdk/include/sl_lidar_protocol.h:66:16:[m[K [01;35m[Kwarning: [m[KISO C++ forbids zero-size array ‘[01m[Kdata[m[K’ [[01;35m[K-Wpedantic[m[K]
[6.312s]    66 |     sl_u8 data[[01;35m[K0[m[K];
[6.313s]       |                [01;35m[K^[m[K
[6.316s] In file included from [01m[K/home/wellyowo/locobot_sim/locobot_ws/src/ThirdParty/rplidar_ros/./sdk/include/rplidar_cmd.h:36[m[K,
[6.316s]                  from [01m[K/home/wellyowo/locobot_sim/locobot_ws/src/ThirdParty/rplidar_ros/./sdk/include/rplidar.h:40[m[K,
[6.316s]                  from [01m[K/home/wellyowo/locobot_sim/locobot_ws/src/ThirdParty/rplidar_ros/./sdk/src/sdkcommon.h:49[m[K,
[6.316s]                  from [01m[K/home/wellyowo/locobot_sim/locobot_ws/src/ThirdParty/rplidar_ros/sdk/src/arch/linux/net_socket.cpp:10[m[K:
[6.316s] [01m[K/home/wellyowo/locobot_sim/locobot_ws/src/ThirdParty/rplidar_ros/./sdk/include/sl_lidar_cmd.h:324:20:[m[K [01;35m[Kwarning: [m[KISO C++ forbids zero-size array ‘[01m[Kpayload[m[K’ [[01;35m[K-Wpedantic[m[K]
[6.316s]   324 |     sl_u8  payload[[01;35m[K0[m[K];
[6.317s]       |                    [01;35m[K^[m[K
[6.718s] In file included from [01m[K/home/wellyowo/locobot_sim/locobot_ws/src/ThirdParty/rplidar_ros/./sdk/src/arch/linux/arch_linux.h:42[m[K,
[6.718s]                  from [01m[K/home/wellyowo/locobot_sim/locobot_ws/src/ThirdParty/rplidar_ros/./sdk/src/sdkcommon.h:41[m[K,
[6.719s]                  from [01m[K/home/wellyowo/locobot_sim/locobot_ws/src/ThirdParty/rplidar_ros/sdk/src/arch/linux/net_socket.cpp:10[m[K:
[6.722s] [01m[K/home/wellyowo/locobot_sim/locobot_ws/src/ThirdParty/rplidar_ros/sdk/src/arch/linux/net_socket.cpp:[m[K In member function ‘[01m[Kvirtual u_result rp::arch::net::DGramSocketImpl::sendTo(const rp::net::SocketAddress*, const void*, size_t)[m[K’:
[6.723s] [01m[K/home/wellyowo/locobot_sim/locobot_ws/src/ThirdParty/rplidar_ros/sdk/src/arch/linux/net_socket.cpp:733:24:[m[K [01;35m[Kwarning: [m[Kcomparison of integer expressions of different signedness: ‘[01m[Kint[m[K’ and ‘[01m[Ksize_t[m[K’ {aka ‘[01m[Klong unsigned int[m[K’} [[01;35m[K-Wsign-compare[m[K]
[6.723s]   733 |             assert([01;35m[Kans == len[m[K);
[6.723s]       |                    [01;35m[K~~~~^~~~~~[m[K
[6.791s] [ 52%] [32mBuilding CXX object CMakeFiles/rplidar_composition.dir/sdk/src/dataunpacker/unpacker/handler_hqnode.cpp.o[0m
[6.904s] [01m[K/home/wellyowo/locobot_sim/locobot_ws/src/ThirdParty/rplidar_ros/sdk/src/arch/linux/net_serial.cpp:[m[K In member function ‘[01m[Kbool rp::arch::net::raw_serial::open(const char*, uint32_t, uint32_t)[m[K’:
[6.904s] [01m[K/home/wellyowo/locobot_sim/locobot_ws/src/ThirdParty/rplidar_ros/sdk/src/arch/linux/net_serial.cpp:97:74:[m[K [01;35m[Kwarning: [m[Kunused parameter ‘[01m[Kflags[m[K’ [[01;35m[K-Wunused-parameter[m[K]
[6.904s]    97 | bool raw_serial::open(const char * portname, uint32_t baudrate, [01;35m[Kuint32_t flags[m[K)
[6.905s]       |                                                                 [01;35m[K~~~~~~~~~^~~~~[m[K
[6.906s] [01m[K/home/wellyowo/locobot_sim/locobot_ws/src/ThirdParty/rplidar_ros/sdk/src/arch/linux/net_serial.cpp:[m[K In member function ‘[01m[Kvirtual void rp::arch::net::raw_serial::flush(_u32)[m[K’:
[6.906s] [01m[K/home/wellyowo/locobot_sim/locobot_ws/src/ThirdParty/rplidar_ros/sdk/src/arch/linux/net_serial.cpp:281:30:[m[K [01;35m[Kwarning: [m[Kunused parameter ‘[01m[Kflags[m[K’ [[01;35m[K-Wunused-parameter[m[K]
[6.906s]   281 | void raw_serial::flush( [01;35m[K_u32 flags[m[K)
[6.906s]       |                         [01;35m[K~~~~~^~~~~[m[K
[6.907s] [01m[K/home/wellyowo/locobot_sim/locobot_ws/src/ThirdParty/rplidar_ros/sdk/src/arch/linux/net_serial.cpp:[m[K In member function ‘[01m[Kvirtual int rp::arch::net::raw_serial::waitforsent(_u32, size_t*)[m[K’:
[6.907s] [01m[K/home/wellyowo/locobot_sim/locobot_ws/src/ThirdParty/rplidar_ros/sdk/src/arch/linux/net_serial.cpp:286:34:[m[K [01;35m[Kwarning: [m[Kunused parameter ‘[01m[Ktimeout[m[K’ [[01;35m[K-Wunused-parameter[m[K]
[6.907s]   286 | int raw_serial::waitforsent([01;35m[K_u32 timeout[m[K, size_t * returned_size)
[6.908s]       |                             [01;35m[K~~~~~^~~~~~~[m[K
[6.908s] [01m[K/home/wellyowo/locobot_sim/locobot_ws/src/ThirdParty/rplidar_ros/sdk/src/arch/linux/net_serial.cpp:[m[K In member function ‘[01m[Kvirtual int rp::arch::net::raw_serial::waitforrecv(_u32, size_t*)[m[K’:
[6.908s] [01m[K/home/wellyowo/locobot_sim/locobot_ws/src/ThirdParty/rplidar_ros/sdk/src/arch/linux/net_serial.cpp:292:34:[m[K [01;35m[Kwarning: [m[Kunused parameter ‘[01m[Ktimeout[m[K’ [[01;35m[K-Wunused-parameter[m[K]
[6.908s]   292 | int raw_serial::waitforrecv([01;35m[K_u32 timeout[m[K, size_t * returned_size)
[6.911s]       |                             [01;35m[K~~~~~^~~~~~~[m[K
[6.911s] [01m[K/home/wellyowo/locobot_sim/locobot_ws/src/ThirdParty/rplidar_ros/sdk/src/arch/linux/net_serial.cpp:[m[K In member function ‘[01m[Kvirtual void rp::arch::net::raw_serial::cancelOperation()[m[K’:
[6.911s] [01m[K/home/wellyowo/locobot_sim/locobot_ws/src/ThirdParty/rplidar_ros/sdk/src/arch/linux/net_serial.cpp:427:5:[m[K [01;35m[Kwarning: [m[Kvalue computed is not used [[01;35m[K-Wunused-value[m[K]
[6.911s]   427 |     [01;35m[K(int)::write(_selfpipe[1], "x", 1)[m[K;
[6.911s]       |     [01;35m[K^~~~~~~~~~~~~~~~~~~~~~~~~~~~~~~~~~[m[K
[6.943s] In file included from [01m[K/home/wellyowo/locobot_sim/locobot_ws/src/ThirdParty/rplidar_ros/./sdk/include/rplidar_protocol.h:36[m[K,
[6.944s]                  from [01m[K/home/wellyowo/locobot_sim/locobot_ws/src/ThirdParty/rplidar_ros/./sdk/include/rplidar.h:39[m[K,
[6.946s]                  from [01m[K/home/wellyowo/locobot_sim/locobot_ws/src/ThirdParty/rplidar_ros/./sdk/src/sdkcommon.h:49[m[K,
[6.946s]                  from [01m[K/home/wellyowo/locobot_sim/locobot_ws/src/ThirdParty/rplidar_ros/sdk/src/dataunpacker/unpacker/../dataunnpacker_commondef.h:41[m[K,
[6.946s]                  from [01m[K/home/wellyowo/locobot_sim/locobot_ws/src/ThirdParty/rplidar_ros/sdk/src/dataunpacker/unpacker/handler_capsules.cpp:39[m[K:
[6.946s] [01m[K/home/wellyowo/locobot_sim/locobot_ws/src/ThirdParty/rplidar_ros/./sdk/include/sl_lidar_protocol.h:66:16:[m[K [01;35m[Kwarning: [m[KISO C++ forbids zero-size array ‘[01m[Kdata[m[K’ [[01;35m[K-Wpedantic[m[K]
[6.946s]    66 |     sl_u8 data[[01;35m[K0[m[K];
[6.947s]       |                [01;35m[K^[m[K
[6.947s] In file included from [01m[K/home/wellyowo/locobot_sim/locobot_ws/src/ThirdParty/rplidar_ros/./sdk/include/rplidar_cmd.h:36[m[K,
[6.947s]                  from [01m[K/home/wellyowo/locobot_sim/locobot_ws/src/ThirdParty/rplidar_ros/./sdk/include/rplidar.h:40[m[K,
[6.947s]                  from [01m[K/home/wellyowo/locobot_sim/locobot_ws/src/ThirdParty/rplidar_ros/./sdk/src/sdkcommon.h:49[m[K,
[6.947s]                  from [01m[K/home/wellyowo/locobot_sim/locobot_ws/src/ThirdParty/rplidar_ros/sdk/src/dataunpacker/unpacker/../dataunnpacker_commondef.h:41[m[K,
[6.951s]                  from [01m[K/home/wellyowo/locobot_sim/locobot_ws/src/ThirdParty/rplidar_ros/sdk/src/dataunpacker/unpacker/handler_capsules.cpp:39[m[K:
[6.951s] [01m[K/home/wellyowo/locobot_sim/locobot_ws/src/ThirdParty/rplidar_ros/./sdk/include/sl_lidar_cmd.h:324:20:[m[K [01;35m[Kwarning: [m[KISO C++ forbids zero-size array ‘[01m[Kpayload[m[K’ [[01;35m[K-Wpedantic[m[K]
[6.951s]   324 |     sl_u8  payload[[01;35m[K0[m[K];
[6.952s]       |                    [01;35m[K^[m[K
[6.952s] In file included from [01m[K/home/wellyowo/locobot_sim/locobot_ws/src/ThirdParty/rplidar_ros/./sdk/include/rplidar_protocol.h:36[m[K,
[6.952s]                  from [01m[K/home/wellyowo/locobot_sim/locobot_ws/src/ThirdParty/rplidar_ros/./sdk/include/rplidar.h:39[m[K,
[6.952s]                  from [01m[K/home/wellyowo/locobot_sim/locobot_ws/src/ThirdParty/rplidar_ros/sdk/src/sdkcommon.h:49[m[K,
[6.952s]                  from [01m[K/home/wellyowo/locobot_sim/locobot_ws/src/ThirdParty/rplidar_ros/sdk/src/rplidar_driver.cpp:33[m[K:
[6.952s] [01m[K/home/wellyowo/locobot_sim/locobot_ws/src/ThirdParty/rplidar_ros/./sdk/include/sl_lidar_protocol.h:66:16:[m[K [01;35m[Kwarning: [m[KISO C++ forbids zero-size array ‘[01m[Kdata[m[K’ [[01;35m[K-Wpedantic[m[K]
[6.952s]    66 |     sl_u8 data[[01;35m[K0[m[K];
[6.953s]       |                [01;35m[K^[m[K
[6.953s] In file included from [01m[K/home/wellyowo/locobot_sim/locobot_ws/src/ThirdParty/rplidar_ros/./sdk/include/rplidar_cmd.h:36[m[K,
[6.953s]                  from [01m[K/home/wellyowo/locobot_sim/locobot_ws/src/ThirdParty/rplidar_ros/./sdk/include/rplidar.h:40[m[K,
[6.953s]                  from [01m[K/home/wellyowo/locobot_sim/locobot_ws/src/ThirdParty/rplidar_ros/sdk/src/sdkcommon.h:49[m[K,
[6.953s]                  from [01m[K/home/wellyowo/locobot_sim/locobot_ws/src/ThirdParty/rplidar_ros/sdk/src/rplidar_driver.cpp:33[m[K:
[6.953s] [01m[K/home/wellyowo/locobot_sim/locobot_ws/src/ThirdParty/rplidar_ros/./sdk/include/sl_lidar_cmd.h:324:20:[m[K [01;35m[Kwarning: [m[KISO C++ forbids zero-size array ‘[01m[Kpayload[m[K’ [[01;35m[K-Wpedantic[m[K]
[6.953s]   324 |     sl_u8  payload[[01;35m[K0[m[K];
[6.956s]       |                    [01;35m[K^[m[K
[7.109s] In file included from [01m[K/home/wellyowo/locobot_sim/locobot_ws/src/ThirdParty/rplidar_ros/sdk/src/dataunpacker/unpacker/handler_hqnode.cpp:40[m[K:
[7.109s] [01m[K/home/wellyowo/locobot_sim/locobot_ws/src/ThirdParty/rplidar_ros/sdk/src/dataunpacker/unpacker/../dataunpacker.h:[m[K In member function ‘[01m[Kvirtual void sl::internal::LIDARSampleDataListener::onCustomSampleDataDecoded(_u8, _u32, const void*, size_t)[m[K’:
[7.110s] [01m[K/home/wellyowo/locobot_sim/locobot_ws/src/ThirdParty/rplidar_ros/sdk/src/dataunpacker/unpacker/../dataunpacker.h:54:52:[m[K [01;35m[Kwarning: [m[Kunused parameter ‘[01m[KansType[m[K’ [[01;35m[K-Wunused-parameter[m[K]
[7.110s]    54 |         virtual void onCustomSampleDataDecoded([01;35m[K_u8 ansType[m[K, _u32 customCode, const void* data, size_t size) {}
[7.110s]       |                                                [01;35m[K~~~~^~~~~~~[m[K
[7.110s] [01m[K/home/wellyowo/locobot_sim/locobot_ws/src/ThirdParty/rplidar_ros/sdk/src/dataunpacker/unpacker/../dataunpacker.h:54:66:[m[K [01;35m[Kwarning: [m[Kunused parameter ‘[01m[KcustomCode[m[K’ [[01;35m[K-Wunused-parameter[m[K]
[7.110s]    54 |         virtual void onCustomSampleDataDecoded(_u8 ansType, [01;35m[K_u32 customCode[m[K, const void* data, size_t size) {}
[7.110s]       |                                                             [01;35m[K~~~~~^~~~~~~~~~[m[K
[7.110s] [01m[K/home/wellyowo/locobot_sim/locobot_ws/src/ThirdParty/rplidar_ros/sdk/src/dataunpacker/unpacker/../dataunpacker.h:54:90:[m[K [01;35m[Kwarning: [m[Kunused parameter ‘[01m[Kdata[m[K’ [[01;35m[K-Wunused-parameter[m[K]
[7.114s]    54 |         virtual void onCustomSampleDataDecoded(_u8 ansType, _u32 customCode, [01;35m[Kconst void* data[m[K, size_t size) {}
[7.118s]       |                                                                              [01;35m[K~~~~~~~~~~~~^~~~[m[K
[7.118s] [01m[K/home/wellyowo/locobot_sim/locobot_ws/src/ThirdParty/rplidar_ros/sdk/src/dataunpacker/unpacker/../dataunpacker.h:54:103:[m[K [01;35m[Kwarning: [m[Kunused parameter ‘[01m[Ksize[m[K’ [[01;35m[K-Wunused-parameter[m[K]
[7.118s]    54 |         virtual void onCustomSampleDataDecoded(_u8 ansType, _u32 customCode, const void* data, [01;35m[Ksize_t size[m[K) {}
[7.118s]       |                                                                                                [01;35m[K~~~~~~~^~~~[m[K
[7.118s] [01m[K/home/wellyowo/locobot_sim/locobot_ws/src/ThirdParty/rplidar_ros/sdk/src/dataunpacker/unpacker/../dataunpacker.h:[m[K In member function ‘[01m[Kvirtual void sl::internal::LIDARSampleDataListener::onDecodingError(int, _u8, const void*, size_t)[m[K’:
[7.118s] [01m[K/home/wellyowo/locobot_sim/locobot_ws/src/ThirdParty/rplidar_ros/sdk/src/dataunpacker/unpacker/../dataunpacker.h:56:42:[m[K [01;35m[Kwarning: [m[Kunused parameter ‘[01m[KerrMsg[m[K’ [[01;35m[K-Wunused-parameter[m[K]
[7.118s]    56 |         virtual void onDecodingError([01;35m[Kint errMsg[m[K, _u8 ansType, const void* payload, size_t size) {}
[7.118s]       |                                      [01;35m[K~~~~^~~~~~[m[K
[7.119s] [01m[K/home/wellyowo/locobot_sim/locobot_ws/src/ThirdParty/rplidar_ros/sdk/src/dataunpacker/unpacker/../dataunpacker.h:56:54:[m[K [01;35m[Kwarning: [m[Kunused parameter ‘[01m[KansType[m[K’ [[01;35m[K-Wunused-parameter[m[K]
[7.119s]    56 |         virtual void onDecodingError(int errMsg, [01;35m[K_u8 ansType[m[K, const void* payload, size_t size) {}
[7.119s]       |                                                  [01;35m[K~~~~^~~~~~~[m[K
[7.119s] [01m[K/home/wellyowo/locobot_sim/locobot_ws/src/ThirdParty/rplidar_ros/sdk/src/dataunpacker/unpacker/../dataunpacker.h:56:75:[m[K [01;35m[Kwarning: [m[Kunused parameter ‘[01m[Kpayload[m[K’ [[01;35m[K-Wunused-parameter[m[K]
[7.119s]    56 |         virtual void onDecodingError(int errMsg, _u8 ansType, [01;35m[Kconst void* payload[m[K, size_t size) {}
[7.119s]       |                                                               [01;35m[K~~~~~~~~~~~~^~~~~~~[m[K
[7.119s] [01m[K/home/wellyowo/locobot_sim/locobot_ws/src/ThirdParty/rplidar_ros/sdk/src/dataunpacker/unpacker/../dataunpacker.h:56:91:[m[K [01;35m[Kwarning: [m[Kunused parameter ‘[01m[Ksize[m[K’ [[01;35m[K-Wunused-parameter[m[K]
[7.119s]    56 |         virtual void onDecodingError(int errMsg, _u8 ansType, const void* payload, [01;35m[Ksize_t size[m[K) {}
[7.119s]       |                                                                                    [01;35m[K~~~~~~~^~~~[m[K
[7.179s] [ 55%] [32mBuilding CXX object CMakeFiles/rplidar_node.dir/sdk/src/sl_lidar_driver.cpp.o[0m
[7.195s] [ 57%] [32mBuilding CXX object CMakeFiles/rplidar_composition.dir/sdk/src/dataunpacker/unpacker/handler_normalnode.cpp.o[0m
[7.242s] In file included from [01m[K/home/wellyowo/locobot_sim/locobot_ws/src/ThirdParty/rplidar_ros/./sdk/include/rplidar_protocol.h:36[m[K,
[7.242s]                  from [01m[K/home/wellyowo/locobot_sim/locobot_ws/src/ThirdParty/rplidar_ros/./sdk/include/rplidar.h:39[m[K,
[7.242s]                  from [01m[K/home/wellyowo/locobot_sim/locobot_ws/src/ThirdParty/rplidar_ros/./sdk/src/sdkcommon.h:49[m[K,
[7.253s]                  from [01m[K/home/wellyowo/locobot_sim/locobot_ws/src/ThirdParty/rplidar_ros/sdk/src/dataunpacker/unpacker/../dataunnpacker_commondef.h:41[m[K,
[7.253s]                  from [01m[K/home/wellyowo/locobot_sim/locobot_ws/src/ThirdParty/rplidar_ros/sdk/src/dataunpacker/unpacker/handler_capsules.cpp:39[m[K:
[7.254s] [01m[K/home/wellyowo/locobot_sim/locobot_ws/src/ThirdParty/rplidar_ros/./sdk/include/sl_lidar_protocol.h:66:16:[m[K [01;35m[Kwarning: [m[KISO C++ forbids zero-size array ‘[01m[Kdata[m[K’ [[01;35m[K-Wpedantic[m[K]
[7.254s]    66 |     sl_u8 data[[01;35m[K0[m[K];
[7.264s]       |                [01;35m[K^[m[K
[7.265s] In file included from [01m[K/home/wellyowo/locobot_sim/locobot_ws/src/ThirdParty/rplidar_ros/./sdk/include/rplidar_cmd.h:36[m[K,
[7.265s]                  from [01m[K/home/wellyowo/locobot_sim/locobot_ws/src/ThirdParty/rplidar_ros/./sdk/include/rplidar.h:40[m[K,
[7.265s]                  from [01m[K/home/wellyowo/locobot_sim/locobot_ws/src/ThirdParty/rplidar_ros/./sdk/src/sdkcommon.h:49[m[K,
[7.265s]                  from [01m[K/home/wellyowo/locobot_sim/locobot_ws/src/ThirdParty/rplidar_ros/sdk/src/dataunpacker/unpacker/../dataunnpacker_commondef.h:41[m[K,
[7.265s]                  from [01m[K/home/wellyowo/locobot_sim/locobot_ws/src/ThirdParty/rplidar_ros/sdk/src/dataunpacker/unpacker/handler_capsules.cpp:39[m[K:
[7.266s] [01m[K/home/wellyowo/locobot_sim/locobot_ws/src/ThirdParty/rplidar_ros/./sdk/include/sl_lidar_cmd.h:324:20:[m[K [01;35m[Kwarning: [m[KISO C++ forbids zero-size array ‘[01m[Kpayload[m[K’ [[01;35m[K-Wpedantic[m[K]
[7.266s]   324 |     sl_u8  payload[[01;35m[K0[m[K];
[7.266s]       |                    [01;35m[K^[m[K
[7.266s] In file included from [01m[K/home/wellyowo/locobot_sim/locobot_ws/src/ThirdParty/rplidar_ros/sdk/src/dataunpacker/unpacker/handler_capsules.cpp:40[m[K:
[7.266s] [01m[K/home/wellyowo/locobot_sim/locobot_ws/src/ThirdParty/rplidar_ros/sdk/src/dataunpacker/unpacker/../dataunpacker.h:[m[K In member function ‘[01m[Kvirtual void sl::internal::LIDARSampleDataListener::onCustomSampleDataDecoded(_u8, _u32, const void*, size_t)[m[K’:
[7.267s] [01m[K/home/wellyowo/locobot_sim/locobot_ws/src/ThirdParty/rplidar_ros/sdk/src/dataunpacker/unpacker/../dataunpacker.h:54:52:[m[K [01;35m[Kwarning: [m[Kunused parameter ‘[01m[KansType[m[K’ [[01;35m[K-Wunused-parameter[m[K]
[7.267s]    54 |         virtual void onCustomSampleDataDecoded([01;35m[K_u8 ansType[m[K, _u32 customCode, const void* data, size_t size) {}
[7.269s]       |                                                [01;35m[K~~~~^~~~~~~[m[K
[7.269s] [01m[K/home/wellyowo/locobot_sim/locobot_ws/src/ThirdParty/rplidar_ros/sdk/src/dataunpacker/unpacker/../dataunpacker.h:54:66:[m[K [01;35m[Kwarning: [m[Kunused parameter ‘[01m[KcustomCode[m[K’ [[01;35m[K-Wunused-parameter[m[K]
[7.269s]    54 |         virtual void onCustomSampleDataDecoded(_u8 ansType, [01;35m[K_u32 customCode[m[K, const void* data, size_t size) {}
[7.269s]       |                                                             [01;35m[K~~~~~^~~~~~~~~~[m[K
[7.269s] [01m[K/home/wellyowo/locobot_sim/locobot_ws/src/ThirdParty/rplidar_ros/sdk/src/dataunpacker/unpacker/../dataunpacker.h:54:90:[m[K [01;35m[Kwarning: [m[Kunused parameter ‘[01m[Kdata[m[K’ [[01;35m[K-Wunused-parameter[m[K]
[7.270s]    54 |         virtual void onCustomSampleDataDecoded(_u8 ansType, _u32 customCode, [01;35m[Kconst void* data[m[K, size_t size) {}
[7.270s]       |                                                                              [01;35m[K~~~~~~~~~~~~^~~~[m[K
[7.270s] [01m[K/home/wellyowo/locobot_sim/locobot_ws/src/ThirdParty/rplidar_ros/sdk/src/dataunpacker/unpacker/../dataunpacker.h:54:103:[m[K [01;35m[Kwarning: [m[Kunused parameter ‘[01m[Ksize[m[K’ [[01;35m[K-Wunused-parameter[m[K]
[7.270s]    54 |         virtual void onCustomSampleDataDecoded(_u8 ansType, _u32 customCode, const void* data, [01;35m[Ksize_t size[m[K) {}
[7.273s]       |                                                                                                [01;35m[K~~~~~~~^~~~[m[K
[7.273s] [01m[K/home/wellyowo/locobot_sim/locobot_ws/src/ThirdParty/rplidar_ros/sdk/src/dataunpacker/unpacker/../dataunpacker.h:[m[K In member function ‘[01m[Kvirtual void sl::internal::LIDARSampleDataListener::onDecodingError(int, _u8, const void*, size_t)[m[K’:
[7.274s] [01m[K/home/wellyowo/locobot_sim/locobot_ws/src/ThirdParty/rplidar_ros/sdk/src/dataunpacker/unpacker/../dataunpacker.h:56:42:[m[K [01;35m[Kwarning: [m[Kunused parameter ‘[01m[KerrMsg[m[K’ [[01;35m[K-Wunused-parameter[m[K]
[7.274s]    56 |         virtual void onDecodingError([01;35m[Kint errMsg[m[K, _u8 ansType, const void* payload, size_t size) {}
[7.274s]       |                                      [01;35m[K~~~~^~~~~~[m[K
[7.275s] [01m[K/home/wellyowo/locobot_sim/locobot_ws/src/ThirdParty/rplidar_ros/sdk/src/dataunpacker/unpacker/../dataunpacker.h:56:54:[m[K [01;35m[Kwarning: [m[Kunused parameter ‘[01m[KansType[m[K’ [[01;35m[K-Wunused-parameter[m[K]
[7.275s]    56 |         virtual void onDecodingError(int errMsg, [01;35m[K_u8 ansType[m[K, const void* payload, size_t size) {}
[7.275s]       |                                                  [01;35m[K~~~~^~~~~~~[m[K
[7.276s] [01m[K/home/wellyowo/locobot_sim/locobot_ws/src/ThirdParty/rplidar_ros/sdk/src/dataunpacker/unpacker/../dataunpacker.h:56:75:[m[K [01;35m[Kwarning: [m[Kunused parameter ‘[01m[Kpayload[m[K’ [[01;35m[K-Wunused-parameter[m[K]
[7.276s]    56 |         virtual void onDecodingError(int errMsg, _u8 ansType, [01;35m[Kconst void* payload[m[K, size_t size) {}
[7.276s]       |                                                               [01;35m[K~~~~~~~~~~~~^~~~~~~[m[K
[7.277s] [01m[K/home/wellyowo/locobot_sim/locobot_ws/src/ThirdParty/rplidar_ros/sdk/src/dataunpacker/unpacker/../dataunpacker.h:56:91:[m[K [01;35m[Kwarning: [m[Kunused parameter ‘[01m[Ksize[m[K’ [[01;35m[K-Wunused-parameter[m[K]
[7.277s]    56 |         virtual void onDecodingError(int errMsg, _u8 ansType, const void* payload, [01;35m[Ksize_t size[m[K) {}
[7.277s]       |                                                                                    [01;35m[K~~~~~~~^~~~[m[K
[7.277s] [01m[K/home/wellyowo/locobot_sim/locobot_ws/src/ThirdParty/rplidar_ros/sdk/src/dataunpacker/unpacker/handler_capsules.cpp:[m[K In member function ‘[01m[Kvoid sl::internal::unpacker::UnpackerHandler_DenseCapsuleNode::_onScanNodeDenseCapsuleData(rplidar_response_dense_capsule_measurement_nodes_t&, sl::internal::LIDARSampleDataUnpackerInner*)[m[K’:
[7.278s] [01m[K/home/wellyowo/locobot_sim/locobot_ws/src/ThirdParty/rplidar_ros/sdk/src/dataunpacker/unpacker/handler_capsules.cpp:763:30:[m[K [01;35m[Kwarning: [m[Ktype qualifiers ignored on cast result type [[01;35m[K-Wignored-qualifiers[m[K]
[7.278s]   763 |             const int dist = [01;35m[Kstatic_cast<const int>(_cached_previous_dense_capsuledata.cabins[pos].distance)[m[K;
[7.278s]       |                              [01;35m[K^~~~~~~~~~~~~~~~~~~~~~~~~~~~~~~~~~~~~~~~~~~~~~~~~~~~~~~~~~~~~~~~~~~~~~~~~~~~~~~[m[K
[7.312s] In file included from [01m[K/home/wellyowo/locobot_sim/locobot_ws/src/ThirdParty/rplidar_ros/./sdk/include/rplidar_protocol.h:36[m[K,
[7.313s]                  from [01m[K/home/wellyowo/locobot_sim/locobot_ws/src/ThirdParty/rplidar_ros/./sdk/include/rplidar.h:39[m[K,
[7.313s]                  from [01m[K/home/wellyowo/locobot_sim/locobot_ws/src/ThirdParty/rplidar_ros/./sdk/src/sdkcommon.h:49[m[K,
[7.313s]                  from [01m[K/home/wellyowo/locobot_sim/locobot_ws/src/ThirdParty/rplidar_ros/sdk/src/dataunpacker/dataunnpacker_commondef.h:41[m[K,
[7.313s]                  from [01m[K/home/wellyowo/locobot_sim/locobot_ws/src/ThirdParty/rplidar_ros/sdk/src/dataunpacker/dataunpacker.cpp:39[m[K:
[7.313s] [01m[K/home/wellyowo/locobot_sim/locobot_ws/src/ThirdParty/rplidar_ros/./sdk/include/sl_lidar_protocol.h:66:16:[m[K [01;35m[Kwarning: [m[KISO C++ forbids zero-size array ‘[01m[Kdata[m[K’ [[01;35m[K-Wpedantic[m[K]
[7.313s]    66 |     sl_u8 data[[01;35m[K0[m[K];
[7.313s]       |                [01;35m[K^[m[K
[7.314s] In file included from [01m[K/home/wellyowo/locobot_sim/locobot_ws/src/ThirdParty/rplidar_ros/./sdk/include/rplidar_cmd.h:36[m[K,
[7.314s]                  from [01m[K/home/wellyowo/locobot_sim/locobot_ws/src/ThirdParty/rplidar_ros/./sdk/include/rplidar.h:40[m[K,
[7.314s]                  from [01m[K/home/wellyowo/locobot_sim/locobot_ws/src/ThirdParty/rplidar_ros/./sdk/src/sdkcommon.h:49[m[K,
[7.314s]                  from [01m[K/home/wellyowo/locobot_sim/locobot_ws/src/ThirdParty/rplidar_ros/sdk/src/dataunpacker/dataunnpacker_commondef.h:41[m[K,
[7.314s]                  from [01m[K/home/wellyowo/locobot_sim/locobot_ws/src/ThirdParty/rplidar_ros/sdk/src/dataunpacker/dataunpacker.cpp:39[m[K:
[7.315s] [01m[K/home/wellyowo/locobot_sim/locobot_ws/src/ThirdParty/rplidar_ros/./sdk/include/sl_lidar_cmd.h:324:20:[m[K [01;35m[Kwarning: [m[KISO C++ forbids zero-size array ‘[01m[Kpayload[m[K’ [[01;35m[K-Wpedantic[m[K]
[7.315s]   324 |     sl_u8  payload[[01;35m[K0[m[K];
[7.315s]       |                    [01;35m[K^[m[K
[7.442s] In file included from [01m[K/home/wellyowo/locobot_sim/locobot_ws/src/ThirdParty/rplidar_ros/./sdk/include/rplidar_protocol.h:36[m[K,
[7.443s]                  from [01m[K/home/wellyowo/locobot_sim/locobot_ws/src/ThirdParty/rplidar_ros/./sdk/include/rplidar.h:39[m[K,
[7.443s]                  from [01m[K/home/wellyowo/locobot_sim/locobot_ws/src/ThirdParty/rplidar_ros/./sdk/src/sdkcommon.h:49[m[K,
[7.443s]                  from [01m[K/home/wellyowo/locobot_sim/locobot_ws/src/ThirdParty/rplidar_ros/sdk/src/dataunpacker/unpacker/../dataunnpacker_commondef.h:41[m[K,
[7.443s]                  from [01m[K/home/wellyowo/locobot_sim/locobot_ws/src/ThirdParty/rplidar_ros/sdk/src/dataunpacker/unpacker/handler_hqnode.cpp:39[m[K:
[7.443s] [01m[K/home/wellyowo/locobot_sim/locobot_ws/src/ThirdParty/rplidar_ros/./sdk/include/sl_lidar_protocol.h:66:16:[m[K [01;35m[Kwarning: [m[KISO C++ forbids zero-size array ‘[01m[Kdata[m[K’ [[01;35m[K-Wpedantic[m[K]
[7.443s]    66 |     sl_u8 data[[01;35m[K0[m[K];
[7.443s]       |                [01;35m[K^[m[K
[7.444s] In file included from [01m[K/home/wellyowo/locobot_sim/locobot_ws/src/ThirdParty/rplidar_ros/./sdk/include/rplidar_cmd.h:36[m[K,
[7.444s]                  from [01m[K/home/wellyowo/locobot_sim/locobot_ws/src/ThirdParty/rplidar_ros/./sdk/include/rplidar.h:40[m[K,
[7.444s]                  from [01m[K/home/wellyowo/locobot_sim/locobot_ws/src/ThirdParty/rplidar_ros/./sdk/src/sdkcommon.h:49[m[K,
[7.444s]                  from [01m[K/home/wellyowo/locobot_sim/locobot_ws/src/ThirdParty/rplidar_ros/sdk/src/dataunpacker/unpacker/../dataunnpacker_commondef.h:41[m[K,
[7.444s]                  from [01m[K/home/wellyowo/locobot_sim/locobot_ws/src/ThirdParty/rplidar_ros/sdk/src/dataunpacker/unpacker/handler_hqnode.cpp:39[m[K:
[7.444s] [01m[K/home/wellyowo/locobot_sim/locobot_ws/src/ThirdParty/rplidar_ros/./sdk/include/sl_lidar_cmd.h:324:20:[m[K [01;35m[Kwarning: [m[KISO C++ forbids zero-size array ‘[01m[Kpayload[m[K’ [[01;35m[K-Wpedantic[m[K]
[7.444s]   324 |     sl_u8  payload[[01;35m[K0[m[K];
[7.444s]       |                    [01;35m[K^[m[K
[7.469s] [ 60%] [32mBuilding CXX object CMakeFiles/rplidar_node.dir/sdk/src/sl_lidarprotocol_codec.cpp.o[0m
[7.510s] [ 63%] [32mBuilding CXX object CMakeFiles/rplidar_composition.dir/sdk/src/hal/thread.cpp.o[0m
[7.539s] In file included from [01m[K/home/wellyowo/locobot_sim/locobot_ws/src/ThirdParty/rplidar_ros/./sdk/include/rplidar_protocol.h:36[m[K,
[7.539s]                  from [01m[K/home/wellyowo/locobot_sim/locobot_ws/src/ThirdParty/rplidar_ros/./sdk/include/rplidar.h:39[m[K,
[7.539s]                  from [01m[K/home/wellyowo/locobot_sim/locobot_ws/src/ThirdParty/rplidar_ros/./sdk/src/sdkcommon.h:49[m[K,
[7.539s]                  from [01m[K/home/wellyowo/locobot_sim/locobot_ws/src/ThirdParty/rplidar_ros/sdk/src/dataunpacker/unpacker/../dataunnpacker_commondef.h:41[m[K,
[7.539s]                  from [01m[K/home/wellyowo/locobot_sim/locobot_ws/src/ThirdParty/rplidar_ros/sdk/src/dataunpacker/unpacker/handler_normalnode.cpp:39[m[K:
[7.540s] [01m[K/home/wellyowo/locobot_sim/locobot_ws/src/ThirdParty/rplidar_ros/./sdk/include/sl_lidar_protocol.h:66:16:[m[K [01;35m[Kwarning: [m[KISO C++ forbids zero-size array ‘[01m[Kdata[m[K’ [[01;35m[K-Wpedantic[m[K]
[7.540s]    66 |     sl_u8 data[[01;35m[K0[m[K];
[7.540s]       |                [01;35m[K^[m[K
[7.540s] In file included from [01m[K/home/wellyowo/locobot_sim/locobot_ws/src/ThirdParty/rplidar_ros/./sdk/include/rplidar_cmd.h:36[m[K,
[7.540s]                  from [01m[K/home/wellyowo/locobot_sim/locobot_ws/src/ThirdParty/rplidar_ros/./sdk/include/rplidar.h:40[m[K,
[7.540s]                  from [01m[K/home/wellyowo/locobot_sim/locobot_ws/src/ThirdParty/rplidar_ros/./sdk/src/sdkcommon.h:49[m[K,
[7.540s]                  from [01m[K/home/wellyowo/locobot_sim/locobot_ws/src/ThirdParty/rplidar_ros/sdk/src/dataunpacker/unpacker/../dataunnpacker_commondef.h:41[m[K,
[7.540s]                  from [01m[K/home/wellyowo/locobot_sim/locobot_ws/src/ThirdParty/rplidar_ros/sdk/src/dataunpacker/unpacker/handler_normalnode.cpp:39[m[K:
[7.540s] [01m[K/home/wellyowo/locobot_sim/locobot_ws/src/ThirdParty/rplidar_ros/./sdk/include/sl_lidar_cmd.h:324:20:[m[K [01;35m[Kwarning: [m[KISO C++ forbids zero-size array ‘[01m[Kpayload[m[K’ [[01;35m[K-Wpedantic[m[K]
[7.540s]   324 |     sl_u8  payload[[01;35m[K0[m[K];
[7.540s]       |                    [01;35m[K^[m[K
[7.549s] [ 65%] [32mBuilding CXX object CMakeFiles/rplidar_node.dir/sdk/src/sl_serial_channel.cpp.o[0m
[7.554s] [ 68%] [32mBuilding CXX object CMakeFiles/rplidar_composition.dir/sdk/src/rplidar_driver.cpp.o[0m
[7.622s] In file included from [01m[K/home/wellyowo/locobot_sim/locobot_ws/src/ThirdParty/rplidar_ros/./sdk/include/rplidar_protocol.h:36[m[K,
[7.623s]                  from [01m[K/home/wellyowo/locobot_sim/locobot_ws/src/ThirdParty/rplidar_ros/./sdk/include/rplidar.h:39[m[K,
[7.627s]                  from [01m[K/home/wellyowo/locobot_sim/locobot_ws/src/ThirdParty/rplidar_ros/sdk/src/sdkcommon.h:49[m[K,
[7.627s]                  from [01m[K/home/wellyowo/locobot_sim/locobot_ws/src/ThirdParty/rplidar_ros/sdk/src/sl_async_transceiver.cpp:35[m[K:
[7.627s] [01m[K/home/wellyowo/locobot_sim/locobot_ws/src/ThirdParty/rplidar_ros/./sdk/include/sl_lidar_protocol.h:66:16:[m[K [01;35m[Kwarning: [m[KISO C++ forbids zero-size array ‘[01m[Kdata[m[K’ [[01;35m[K-Wpedantic[m[K]
[7.627s]    66 |     sl_u8 data[[01;35m[K0[m[K];
[7.628s]       |                [01;35m[K^[m[K
[7.641s] In file included from [01m[K/home/wellyowo/locobot_sim/locobot_ws/src/ThirdParty/rplidar_ros/./sdk/include/rplidar_cmd.h:36[m[K,
[7.641s]                  from [01m[K/home/wellyowo/locobot_sim/locobot_ws/src/ThirdParty/rplidar_ros/./sdk/include/rplidar.h:40[m[K,
[7.641s]                  from [01m[K/home/wellyowo/locobot_sim/locobot_ws/src/ThirdParty/rplidar_ros/sdk/src/sdkcommon.h:49[m[K,
[7.641s]                  from [01m[K/home/wellyowo/locobot_sim/locobot_ws/src/ThirdParty/rplidar_ros/sdk/src/sl_async_transceiver.cpp:35[m[K:
[7.642s] [01m[K/home/wellyowo/locobot_sim/locobot_ws/src/ThirdParty/rplidar_ros/./sdk/include/sl_lidar_cmd.h:324:20:[m[K [01;35m[Kwarning: [m[KISO C++ forbids zero-size array ‘[01m[Kpayload[m[K’ [[01;35m[K-Wpedantic[m[K]
[7.645s]   324 |     sl_u8  payload[[01;35m[K0[m[K];
[7.645s]       |                    [01;35m[K^[m[K
[7.713s] In file included from [01m[K/home/wellyowo/locobot_sim/locobot_ws/src/ThirdParty/rplidar_ros/sdk/src/dataunpacker/unpacker/handler_hqnode.cpp:40[m[K:
[7.713s] [01m[K/home/wellyowo/locobot_sim/locobot_ws/src/ThirdParty/rplidar_ros/sdk/src/dataunpacker/unpacker/../dataunpacker.h:[m[K In member function ‘[01m[Kvirtual void sl::internal::LIDARSampleDataListener::onCustomSampleDataDecoded(_u8, _u32, const void*, size_t)[m[K’:
[7.713s] [01m[K/home/wellyowo/locobot_sim/locobot_ws/src/ThirdParty/rplidar_ros/sdk/src/dataunpacker/unpacker/../dataunpacker.h:54:52:[m[K [01;35m[Kwarning: [m[Kunused parameter ‘[01m[KansType[m[K’ [[01;35m[K-Wunused-parameter[m[K]
[7.714s]    54 |         virtual void onCustomSampleDataDecoded([01;35m[K_u8 ansType[m[K, _u32 customCode, const void* data, size_t size) {}
[7.714s]       |                                                [01;35m[K~~~~^~~~~~~[m[K
[7.714s] [01m[K/home/wellyowo/locobot_sim/locobot_ws/src/ThirdParty/rplidar_ros/sdk/src/dataunpacker/unpacker/../dataunpacker.h:54:66:[m[K [01;35m[Kwarning: [m[Kunused parameter ‘[01m[KcustomCode[m[K’ [[01;35m[K-Wunused-parameter[m[K]
[7.714s]    54 |         virtual void onCustomSampleDataDecoded(_u8 ansType, [01;35m[K_u32 customCode[m[K, const void* data, size_t size) {}
[7.714s]       |                                                             [01;35m[K~~~~~^~~~~~~~~~[m[K
[7.715s] [01m[K/home/wellyowo/locobot_sim/locobot_ws/src/ThirdParty/rplidar_ros/sdk/src/dataunpacker/unpacker/../dataunpacker.h:54:90:[m[K [01;35m[Kwarning: [m[Kunused parameter ‘[01m[Kdata[m[K’ [[01;35m[K-Wunused-parameter[m[K]
[7.715s]    54 |         virtual void onCustomSampleDataDecoded(_u8 ansType, _u32 customCode, [01;35m[Kconst void* data[m[K, size_t size) {}
[7.715s]       |                                                                              [01;35m[K~~~~~~~~~~~~^~~~[m[K
[7.715s] [01m[K/home/wellyowo/locobot_sim/locobot_ws/src/ThirdParty/rplidar_ros/sdk/src/dataunpacker/unpacker/../dataunpacker.h:54:103:[m[K [01;35m[Kwarning: [m[Kunused parameter ‘[01m[Ksize[m[K’ [[01;35m[K-Wunused-parameter[m[K]
[7.715s]    54 |         virtual void onCustomSampleDataDecoded(_u8 ansType, _u32 customCode, const void* data, [01;35m[Ksize_t size[m[K) {}
[7.715s]       |                                                                                                [01;35m[K~~~~~~~^~~~[m[K
[7.716s] [01m[K/home/wellyowo/locobot_sim/locobot_ws/src/ThirdParty/rplidar_ros/sdk/src/dataunpacker/unpacker/../dataunpacker.h:[m[K In member function ‘[01m[Kvirtual void sl::internal::LIDARSampleDataListener::onDecodingError(int, _u8, const void*, size_t)[m[K’:
[7.716s] [01m[K/home/wellyowo/locobot_sim/locobot_ws/src/ThirdParty/rplidar_ros/sdk/src/dataunpacker/unpacker/../dataunpacker.h:56:42:[m[K [01;35m[Kwarning: [m[Kunused parameter ‘[01m[KerrMsg[m[K’ [[01;35m[K-Wunused-parameter[m[K]
[7.716s]    56 |         virtual void onDecodingError([01;35m[Kint errMsg[m[K, _u8 ansType, const void* payload, size_t size) {}
[7.716s]       |                                      [01;35m[K~~~~^~~~~~[m[K
[7.716s] [01m[K/home/wellyowo/locobot_sim/locobot_ws/src/ThirdParty/rplidar_ros/sdk/src/dataunpacker/unpacker/../dataunpacker.h:56:54:[m[K [01;35m[Kwarning: [m[Kunused parameter ‘[01m[KansType[m[K’ [[01;35m[K-Wunused-parameter[m[K]
[7.716s]    56 |         virtual void onDecodingError(int errMsg, [01;35m[K_u8 ansType[m[K, const void* payload, size_t size) {}
[7.716s]       |                                                  [01;35m[K~~~~^~~~~~~[m[K
[7.717s] [01m[K/home/wellyowo/locobot_sim/locobot_ws/src/ThirdParty/rplidar_ros/sdk/src/dataunpacker/unpacker/../dataunpacker.h:56:75:[m[K [01;35m[Kwarning: [m[Kunused parameter ‘[01m[Kpayload[m[K’ [[01;35m[K-Wunused-parameter[m[K]
[7.717s]    56 |         virtual void onDecodingError(int errMsg, _u8 ansType, [01;35m[Kconst void* payload[m[K, size_t size) {}
[7.720s]       |                                                               [01;35m[K~~~~~~~~~~~~^~~~~~~[m[K
[7.720s] [01m[K/home/wellyowo/locobot_sim/locobot_ws/src/ThirdParty/rplidar_ros/sdk/src/dataunpacker/unpacker/../dataunpacker.h:56:91:[m[K [01;35m[Kwarning: [m[Kunused parameter ‘[01m[Ksize[m[K’ [[01;35m[K-Wunused-parameter[m[K]
[7.720s]    56 |         virtual void onDecodingError(int errMsg, _u8 ansType, const void* payload, [01;35m[Ksize_t size[m[K) {}
[7.720s]       |                                                                                    [01;35m[K~~~~~~~^~~~[m[K
[7.943s] [ 71%] [32mBuilding CXX object CMakeFiles/rplidar_node.dir/sdk/src/sl_tcp_channel.cpp.o[0m
[7.986s] In file included from [01m[K/home/wellyowo/locobot_sim/locobot_ws/src/ThirdParty/rplidar_ros/./sdk/include/rplidar_protocol.h:36[m[K,
[7.987s]                  from [01m[K/home/wellyowo/locobot_sim/locobot_ws/src/ThirdParty/rplidar_ros/./sdk/include/rplidar.h:39[m[K,
[7.989s]                  from [01m[K/home/wellyowo/locobot_sim/locobot_ws/src/ThirdParty/rplidar_ros/sdk/src/sdkcommon.h:49[m[K,
[7.989s]                  from [01m[K/home/wellyowo/locobot_sim/locobot_ws/src/ThirdParty/rplidar_ros/sdk/src/sl_lidar_driver.cpp:33[m[K:
[7.989s] [01m[K/home/wellyowo/locobot_sim/locobot_ws/src/ThirdParty/rplidar_ros/./sdk/include/sl_lidar_protocol.h:66:16:[m[K [01;35m[Kwarning: [m[KISO C++ forbids zero-size array ‘[01m[Kdata[m[K’ [[01;35m[K-Wpedantic[m[K]
[7.989s]    66 |     sl_u8 data[[01;35m[K0[m[K];
[7.990s]       |                [01;35m[K^[m[K
[7.990s] In file included from [01m[K/home/wellyowo/locobot_sim/locobot_ws/src/ThirdParty/rplidar_ros/./sdk/include/rplidar_cmd.h:36[m[K,
[7.990s]                  from [01m[K/home/wellyowo/locobot_sim/locobot_ws/src/ThirdParty/rplidar_ros/./sdk/include/rplidar.h:40[m[K,
[7.990s]                  from [01m[K/home/wellyowo/locobot_sim/locobot_ws/src/ThirdParty/rplidar_ros/sdk/src/sdkcommon.h:49[m[K,
[7.990s]                  from [01m[K/home/wellyowo/locobot_sim/locobot_ws/src/ThirdParty/rplidar_ros/sdk/src/sl_lidar_driver.cpp:33[m[K:
[7.990s] [01m[K/home/wellyowo/locobot_sim/locobot_ws/src/ThirdParty/rplidar_ros/./sdk/include/sl_lidar_cmd.h:324:20:[m[K [01;35m[Kwarning: [m[KISO C++ forbids zero-size array ‘[01m[Kpayload[m[K’ [[01;35m[K-Wpedantic[m[K]
[7.990s]   324 |     sl_u8  payload[[01;35m[K0[m[K];
[7.991s]       |                    [01;35m[K^[m[K
[8.048s] [01m[K/home/wellyowo/locobot_sim/locobot_ws/src/ThirdParty/rplidar_ros/sdk/src/rplidar_driver.cpp:[m[K In member function ‘[01m[Ku_result rp::standalone::rplidar::RPlidarDriver::connect(const char*, _u32, _u32)[m[K’:
[8.048s] [01m[K/home/wellyowo/locobot_sim/locobot_ws/src/ThirdParty/rplidar_ros/sdk/src/rplidar_driver.cpp:67:77:[m[K [01;35m[Kwarning: [m[Kunused parameter ‘[01m[Kflag[m[K’ [[01;35m[K-Wunused-parameter[m[K]
[8.049s]    67 |     u_result RPlidarDriver::connect(const char *path, _u32 portOrBaud, [01;35m[K_u32 flag[m[K)
[8.049s]       |                                                                        [01;35m[K~~~~~^~~~[m[K
[8.049s] [01m[K/home/wellyowo/locobot_sim/locobot_ws/src/ThirdParty/rplidar_ros/sdk/src/rplidar_driver.cpp:[m[K In member function ‘[01m[Ku_result rp::standalone::rplidar::RPlidarDriver::reset(_u32)[m[K’:
[8.049s] [01m[K/home/wellyowo/locobot_sim/locobot_ws/src/ThirdParty/rplidar_ros/sdk/src/rplidar_driver.cpp:101:40:[m[K [01;35m[Kwarning: [m[Kunused parameter ‘[01m[Ktimeout[m[K’ [[01;35m[K-Wunused-parameter[m[K]
[8.050s]   101 |     u_result RPlidarDriver::reset([01;35m[K_u32 timeout[m[K)
[8.050s]       |                                   [01;35m[K~~~~~^~~~~~~[m[K
[8.052s] [01m[K/home/wellyowo/locobot_sim/locobot_ws/src/ThirdParty/rplidar_ros/sdk/src/rplidar_driver.cpp:[m[K In member function ‘[01m[Ku_result rp::standalone::rplidar::RPlidarDriver::getScanDataWithInterval(rplidar_response_measurement_node_t*, size_t&)[m[K’:
[8.052s] [01m[K/home/wellyowo/locobot_sim/locobot_ws/src/ThirdParty/rplidar_ros/sdk/src/rplidar_driver.cpp:180:91:[m[K [01;35m[Kwarning: [m[Kunused parameter ‘[01m[Knodebuffer[m[K’ [[01;35m[K-Wunused-parameter[m[K]
[8.052s]   180 |     u_result RPlidarDriver::getScanDataWithInterval([01;35m[Krplidar_response_measurement_node_t * nodebuffer[m[K, size_t & count)
[8.052s]       |                                                     [01;35m[K~~~~~~~~~~~~~~~~~~~~~~~~~~~~~~~~~~~~~~^~~~~~~~~~[m[K
[8.052s] [01m[K/home/wellyowo/locobot_sim/locobot_ws/src/ThirdParty/rplidar_ros/sdk/src/rplidar_driver.cpp:180:112:[m[K [01;35m[Kwarning: [m[Kunused parameter ‘[01m[Kcount[m[K’ [[01;35m[K-Wunused-parameter[m[K]
[8.053s]   180 |     u_result RPlidarDriver::getScanDataWithInterval(rplidar_response_measurement_node_t * nodebuffer, [01;35m[Ksize_t & count[m[K)
[8.053s]       |                                                                                                       [01;35m[K~~~~~~~~~^~~~~[m[K
[8.076s] [01m[K/home/wellyowo/locobot_sim/locobot_ws/src/ThirdParty/rplidar_ros/sdk/src/arch/linux/net_serial.cpp:[m[K In member function ‘[01m[Kbool rp::arch::net::raw_serial::open(const char*, uint32_t, uint32_t)[m[K’:
[8.080s] [01m[K/home/wellyowo/locobot_sim/locobot_ws/src/ThirdParty/rplidar_ros/sdk/src/arch/linux/net_serial.cpp:97:74:[m[K [01;35m[Kwarning: [m[Kunused parameter ‘[01m[Kflags[m[K’ [[01;35m[K-Wunused-parameter[m[K]
[8.080s]    97 | bool raw_serial::open(const char * portname, uint32_t baudrate, [01;35m[Kuint32_t flags[m[K)
[8.080s]       |                                                                 [01;35m[K~~~~~~~~~^~~~~[m[K
[8.080s] [01m[K/home/wellyowo/locobot_sim/locobot_ws/src/ThirdParty/rplidar_ros/sdk/src/arch/linux/net_serial.cpp:[m[K In member function ‘[01m[Kvirtual void rp::arch::net::raw_serial::flush(_u32)[m[K’:
[8.080s] [01m[K/home/wellyowo/locobot_sim/locobot_ws/src/ThirdParty/rplidar_ros/sdk/src/arch/linux/net_serial.cpp:281:30:[m[K [01;35m[Kwarning: [m[Kunused parameter ‘[01m[Kflags[m[K’ [[01;35m[K-Wunused-parameter[m[K]
[8.080s]   281 | void raw_serial::flush( [01;35m[K_u32 flags[m[K)
[8.081s]       |                         [01;35m[K~~~~~^~~~~[m[K
[8.081s] [01m[K/home/wellyowo/locobot_sim/locobot_ws/src/ThirdParty/rplidar_ros/sdk/src/arch/linux/net_serial.cpp:[m[K In member function ‘[01m[Kvirtual int rp::arch::net::raw_serial::waitforsent(_u32, size_t*)[m[K’:
[8.081s] [01m[K/home/wellyowo/locobot_sim/locobot_ws/src/ThirdParty/rplidar_ros/sdk/src/arch/linux/net_serial.cpp:286:34:[m[K [01;35m[Kwarning: [m[Kunused parameter ‘[01m[Ktimeout[m[K’ [[01;35m[K-Wunused-parameter[m[K]
[8.081s]   286 | int raw_serial::waitforsent([01;35m[K_u32 timeout[m[K, size_t * returned_size)
[8.081s]       |                             [01;35m[K~~~~~^~~~~~~[m[K
[8.083s] [01m[K/home/wellyowo/locobot_sim/locobot_ws/src/ThirdParty/rplidar_ros/sdk/src/arch/linux/net_serial.cpp:[m[K In member function ‘[01m[Kvirtual int rp::arch::net::raw_serial::waitforrecv(_u32, size_t*)[m[K’:
[8.083s] [01m[K/home/wellyowo/locobot_sim/locobot_ws/src/ThirdParty/rplidar_ros/sdk/src/arch/linux/net_serial.cpp:292:34:[m[K [01;35m[Kwarning: [m[Kunused parameter ‘[01m[Ktimeout[m[K’ [[01;35m[K-Wunused-parameter[m[K]
[8.083s]   292 | int raw_serial::waitforrecv([01;35m[K_u32 timeout[m[K, size_t * returned_size)
[8.084s]       |                             [01;35m[K~~~~~^~~~~~~[m[K
[8.085s] In file included from [01m[K/home/wellyowo/locobot_sim/locobot_ws/src/ThirdParty/rplidar_ros/./sdk/include/sl_lidar_cmd.h:41[m[K,
[8.085s]                  from [01m[K/home/wellyowo/locobot_sim/locobot_ws/src/ThirdParty/rplidar_ros/./sdk/include/sl_lidar_driver.h:54[m[K,
[8.085s]                  from [01m[K/home/wellyowo/locobot_sim/locobot_ws/src/ThirdParty/rplidar_ros/sdk/src/sl_serial_channel.cpp:33[m[K:
[8.085s] [01m[K/home/wellyowo/locobot_sim/locobot_ws/src/ThirdParty/rplidar_ros/./sdk/include/sl_lidar_protocol.h:66:16:[m[K [01;35m[Kwarning: [m[KISO C++ forbids zero-size array ‘[01m[Kdata[m[K’ [[01;35m[K-Wpedantic[m[K]
[8.086s]    66 |     sl_u8 data[[01;35m[K0[m[K];
[8.086s]       |                [01;35m[K^[m[K
[8.087s] In file included from [01m[K/home/wellyowo/locobot_sim/locobot_ws/src/ThirdParty/rplidar_ros/./sdk/include/sl_lidar_driver.h:54[m[K,
[8.087s]                  from [01m[K/home/wellyowo/locobot_sim/locobot_ws/src/ThirdParty/rplidar_ros/sdk/src/sl_serial_channel.cpp:33[m[K:
[8.088s] [01m[K/home/wellyowo/locobot_sim/locobot_ws/src/ThirdParty/rplidar_ros/./sdk/include/sl_lidar_cmd.h:324:20:[m[K [01;35m[Kwarning: [m[KISO C++ forbids zero-size array ‘[01m[Kpayload[m[K’ [[01;35m[K-Wpedantic[m[K]
[8.088s]   324 |     sl_u8  payload[[01;35m[K0[m[K];
[8.088s]       |                    [01;35m[K^[m[K
[8.099s] [01m[K/home/wellyowo/locobot_sim/locobot_ws/src/ThirdParty/rplidar_ros/sdk/src/arch/linux/net_serial.cpp:[m[K In member function ‘[01m[Kvirtual void rp::arch::net::raw_serial::cancelOperation()[m[K’:
[8.100s] [01m[K/home/wellyowo/locobot_sim/locobot_ws/src/ThirdParty/rplidar_ros/sdk/src/arch/linux/net_serial.cpp:427:5:[m[K [01;35m[Kwarning: [m[Kvalue computed is not used [[01;35m[K-Wunused-value[m[K]
[8.101s]   427 |     [01;35m[K(int)::write(_selfpipe[1], "x", 1)[m[K;
[8.101s]       |     [01;35m[K^~~~~~~~~~~~~~~~~~~~~~~~~~~~~~~~~~[m[K
[8.230s] [ 73%] [32mBuilding CXX object CMakeFiles/rplidar_node.dir/sdk/src/sl_udp_channel.cpp.o[0m
[8.273s] In file included from [01m[K/home/wellyowo/locobot_sim/locobot_ws/src/ThirdParty/rplidar_ros/./sdk/include/rplidar_protocol.h:36[m[K,
[8.273s]                  from [01m[K/home/wellyowo/locobot_sim/locobot_ws/src/ThirdParty/rplidar_ros/./sdk/include/rplidar.h:39[m[K,
[8.273s]                  from [01m[K/home/wellyowo/locobot_sim/locobot_ws/src/ThirdParty/rplidar_ros/sdk/src/sdkcommon.h:49[m[K,
[8.273s]                  from [01m[K/home/wellyowo/locobot_sim/locobot_ws/src/ThirdParty/rplidar_ros/sdk/src/sl_lidarprotocol_codec.cpp:35[m[K:
[8.273s] [01m[K/home/wellyowo/locobot_sim/locobot_ws/src/ThirdParty/rplidar_ros/./sdk/include/sl_lidar_protocol.h:66:16:[m[K [01;35m[Kwarning: [m[KISO C++ forbids zero-size array ‘[01m[Kdata[m[K’ [[01;35m[K-Wpedantic[m[K]
[8.274s]    66 |     sl_u8 data[[01;35m[K0[m[K];
[8.274s]       |                [01;35m[K^[m[K
[8.274s] In file included from [01m[K/home/wellyowo/locobot_sim/locobot_ws/src/ThirdParty/rplidar_ros/./sdk/include/rplidar_cmd.h:36[m[K,
[8.274s]                  from [01m[K/home/wellyowo/locobot_sim/locobot_ws/src/ThirdParty/rplidar_ros/./sdk/include/rplidar.h:40[m[K,
[8.274s]                  from [01m[K/home/wellyowo/locobot_sim/locobot_ws/src/ThirdParty/rplidar_ros/sdk/src/sdkcommon.h:49[m[K,
[8.274s]                  from [01m[K/home/wellyowo/locobot_sim/locobot_ws/src/ThirdParty/rplidar_ros/sdk/src/sl_lidarprotocol_codec.cpp:35[m[K:
[8.274s] [01m[K/home/wellyowo/locobot_sim/locobot_ws/src/ThirdParty/rplidar_ros/./sdk/include/sl_lidar_cmd.h:324:20:[m[K [01;35m[Kwarning: [m[KISO C++ forbids zero-size array ‘[01m[Kpayload[m[K’ [[01;35m[K-Wpedantic[m[K]
[8.274s]   324 |     sl_u8  payload[[01;35m[K0[m[K];
[8.274s]       |                    [01;35m[K^[m[K
[8.306s] In file included from [01m[K/home/wellyowo/locobot_sim/locobot_ws/src/ThirdParty/rplidar_ros/sdk/src/sl_lidar_driver.cpp:50[m[K:
[8.306s] [01m[K/home/wellyowo/locobot_sim/locobot_ws/src/ThirdParty/rplidar_ros/sdk/src/dataunpacker/dataunpacker.h:[m[K In member function ‘[01m[Kvirtual void sl::internal::LIDARSampleDataListener::onCustomSampleDataDecoded(_u8, _u32, const void*, size_t)[m[K’:
[8.307s] [01m[K/home/wellyowo/locobot_sim/locobot_ws/src/ThirdParty/rplidar_ros/sdk/src/dataunpacker/dataunpacker.h:54:52:[m[K [01;35m[Kwarning: [m[Kunused parameter ‘[01m[KansType[m[K’ [[01;35m[K-Wunused-parameter[m[K]
[8.307s]    54 |         virtual void onCustomSampleDataDecoded([01;35m[K_u8 ansType[m[K, _u32 customCode, const void* data, size_t size) {}
[8.307s]       |                                                [01;35m[K~~~~^~~~~~~[m[K
[8.307s] [01m[K/home/wellyowo/locobot_sim/locobot_ws/src/ThirdParty/rplidar_ros/sdk/src/dataunpacker/dataunpacker.h:54:66:[m[K [01;35m[Kwarning: [m[Kunused parameter ‘[01m[KcustomCode[m[K’ [[01;35m[K-Wunused-parameter[m[K]
[8.307s]    54 |         virtual void onCustomSampleDataDecoded(_u8 ansType, [01;35m[K_u32 customCode[m[K, const void* data, size_t size) {}
[8.307s]       |                                                             [01;35m[K~~~~~^~~~~~~~~~[m[K
[8.307s] [01m[K/home/wellyowo/locobot_sim/locobot_ws/src/ThirdParty/rplidar_ros/sdk/src/dataunpacker/dataunpacker.h:54:90:[m[K [01;35m[Kwarning: [m[Kunused parameter ‘[01m[Kdata[m[K’ [[01;35m[K-Wunused-parameter[m[K]
[8.307s]    54 |         virtual void onCustomSampleDataDecoded(_u8 ansType, _u32 customCode, [01;35m[Kconst void* data[m[K, size_t size) {}
[8.307s]       |                                                                              [01;35m[K~~~~~~~~~~~~^~~~[m[K
[8.307s] [01m[K/home/wellyowo/locobot_sim/locobot_ws/src/ThirdParty/rplidar_ros/sdk/src/dataunpacker/dataunpacker.h:54:103:[m[K [01;35m[Kwarning: [m[Kunused parameter ‘[01m[Ksize[m[K’ [[01;35m[K-Wunused-parameter[m[K]
[8.308s]    54 |         virtual void onCustomSampleDataDecoded(_u8 ansType, _u32 customCode, const void* data, [01;35m[Ksize_t size[m[K) {}
[8.308s]       |                                                                                                [01;35m[K~~~~~~~^~~~[m[K
[8.308s] [01m[K/home/wellyowo/locobot_sim/locobot_ws/src/ThirdParty/rplidar_ros/sdk/src/dataunpacker/dataunpacker.h:[m[K In member function ‘[01m[Kvirtual void sl::internal::LIDARSampleDataListener::onDecodingError(int, _u8, const void*, size_t)[m[K’:
[8.308s] [01m[K/home/wellyowo/locobot_sim/locobot_ws/src/ThirdParty/rplidar_ros/sdk/src/dataunpacker/dataunpacker.h:56:42:[m[K [01;35m[Kwarning: [m[Kunused parameter ‘[01m[KerrMsg[m[K’ [[01;35m[K-Wunused-parameter[m[K]
[8.312s]    56 |         virtual void onDecodingError([01;35m[Kint errMsg[m[K, _u8 ansType, const void* payload, size_t size) {}
[8.313s]       |                                      [01;35m[K~~~~^~~~~~[m[K
[8.313s] [01m[K/home/wellyowo/locobot_sim/locobot_ws/src/ThirdParty/rplidar_ros/sdk/src/dataunpacker/dataunpacker.h:56:54:[m[K [01;35m[Kwarning: [m[Kunused parameter ‘[01m[KansType[m[K’ [[01;35m[K-Wunused-parameter[m[K]
[8.313s]    56 |         virtual void onDecodingError(int errMsg, [01;35m[K_u8 ansType[m[K, const void* payload, size_t size) {}
[8.313s]       |                                                  [01;35m[K~~~~^~~~~~~[m[K
[8.321s] [01m[K/home/wellyowo/locobot_sim/locobot_ws/src/ThirdParty/rplidar_ros/sdk/src/dataunpacker/dataunpacker.h:56:75:[m[K [01;35m[Kwarning: [m[Kunused parameter ‘[01m[Kpayload[m[K’ [[01;35m[K-Wunused-parameter[m[K]
[8.321s]    56 |         virtual void onDecodingError(int errMsg, _u8 ansType, [01;35m[Kconst void* payload[m[K, size_t size) {}
[8.321s]       |                                                               [01;35m[K~~~~~~~~~~~~^~~~~~~[m[K
[8.322s] [01m[K/home/wellyowo/locobot_sim/locobot_ws/src/ThirdParty/rplidar_ros/sdk/src/dataunpacker/dataunpacker.h:56:91:[m[K [01;35m[Kwarning: [m[Kunused parameter ‘[01m[Ksize[m[K’ [[01;35m[K-Wunused-parameter[m[K]
[8.322s]    56 |         virtual void onDecodingError(int errMsg, _u8 ansType, const void* payload, [01;35m[Ksize_t size[m[K) {}
[8.322s]       |                                                                                    [01;35m[K~~~~~~~^~~~[m[K
[8.322s] In file included from [01m[K/home/wellyowo/locobot_sim/locobot_ws/src/ThirdParty/rplidar_ros/sdk/src/sl_lidar_driver.cpp:51[m[K:
[8.322s] [01m[K/home/wellyowo/locobot_sim/locobot_ws/src/ThirdParty/rplidar_ros/sdk/src/sl_async_transceiver.h:[m[K In member function ‘[01m[Kvirtual void sl::internal::IAsyncProtocolCodec::onChannelError(u_result)[m[K’:
[8.322s] [01m[K/home/wellyowo/locobot_sim/locobot_ws/src/ThirdParty/rplidar_ros/sdk/src/sl_async_transceiver.h:90:48:[m[K [01;35m[Kwarning: [m[Kunused parameter ‘[01m[KerrCode[m[K’ [[01;35m[K-Wunused-parameter[m[K]
[8.322s]    90 |         virtual void   onChannelError([01;35m[Ku_result errCode[m[K) {}
[8.322s]       |                                       [01;35m[K~~~~~~~~~^~~~~~~[m[K
[8.357s] [01m[K/home/wellyowo/locobot_sim/locobot_ws/src/ThirdParty/rplidar_ros/sdk/src/sl_lidar_driver.cpp:[m[K In member function ‘[01m[Kvirtual sl_result sl::SlamtecLidarDriver::reset(sl_u32)[m[K’:
[8.357s] [01m[K/home/wellyowo/locobot_sim/locobot_ws/src/ThirdParty/rplidar_ros/sdk/src/sl_lidar_driver.cpp:511:32:[m[K [01;35m[Kwarning: [m[Kunused parameter ‘[01m[KtimeoutInMs[m[K’ [[01;35m[K-Wunused-parameter[m[K]
[8.358s]   511 |         sl_result reset([01;35m[Ksl_u32 timeoutInMs = DEFAULT_TIMEOUT[m[K)
[8.358s]       |                         [01;35m[K~~~~~~~^~~~~~~~~~~~~~~~~~~~~~~~~~~~~[m[K
[8.361s] [01m[K/home/wellyowo/locobot_sim/locobot_ws/src/ThirdParty/rplidar_ros/sdk/src/sl_lidar_driver.cpp:[m[K In member function ‘[01m[Kvirtual sl_result sl::SlamtecLidarDriver::startScan(bool, bool, sl_u32, sl::LidarScanMode*)[m[K’:
[8.364s] [01m[K/home/wellyowo/locobot_sim/locobot_ws/src/ThirdParty/rplidar_ros/sdk/src/sl_lidar_driver.cpp:586:69:[m[K [01;35m[Kwarning: [m[Kunused parameter ‘[01m[Koptions[m[K’ [[01;35m[K-Wunused-parameter[m[K]
[8.365s]   586 |         sl_result startScan(bool force, bool useTypicalScan, [01;35m[Ksl_u32 options = 0[m[K, LidarScanMode* outUsedScanMode = nullptr)
[8.365s]       |                                                              [01;35m[K~~~~~~~^~~~~~~~~~~[m[K
[8.366s] [01m[K/home/wellyowo/locobot_sim/locobot_ws/src/ThirdParty/rplidar_ros/sdk/src/sl_lidar_driver.cpp:[m[K In member function ‘[01m[Kvirtual sl_result sl::SlamtecLidarDriver::stop(sl_u32)[m[K’:
[8.366s] [01m[K/home/wellyowo/locobot_sim/locobot_ws/src/ThirdParty/rplidar_ros/sdk/src/sl_lidar_driver.cpp:763:31:[m[K [01;35m[Kwarning: [m[Kunused parameter ‘[01m[Ktimeout[m[K’ [[01;35m[K-Wunused-parameter[m[K]
[8.366s]   763 |         sl_result stop([01;35m[Ksl_u32 timeout = DEFAULT_TIMEOUT[m[K)
[8.366s]       |                        [01;35m[K~~~~~~~^~~~~~~~~~~~~~~~~~~~~~~~~[m[K
[8.366s] [01m[K/home/wellyowo/locobot_sim/locobot_ws/src/ThirdParty/rplidar_ros/sdk/src/sl_lidar_driver.cpp:[m[K In member function ‘[01m[Kvirtual sl_result sl::SlamtecLidarDriver::getFrequency(const sl::LidarScanMode&, const sl_lidar_response_measurement_node_hq_t*, size_t, float&)[m[K’:
[8.366s] [01m[K/home/wellyowo/locobot_sim/locobot_ws/src/ThirdParty/rplidar_ros/sdk/src/sl_lidar_driver.cpp:880:110:[m[K [01;35m[Kwarning: [m[Kunused parameter ‘[01m[Knodes[m[K’ [[01;35m[K-Wunused-parameter[m[K]
[8.366s]   880 |         sl_result getFrequency(const LidarScanMode& scanMode, [01;35m[Kconst sl_lidar_response_measurement_node_hq_t* nodes[m[K, size_t count, float& frequency)
[8.366s]       |                                                               [01;35m[K~~~~~~~~~~~~~~~~~~~~~~~~~~~~~~~~~~~~~~~~~~~~~~~^~~~~[m[K
[8.380s] [01m[K/home/wellyowo/locobot_sim/locobot_ws/src/ThirdParty/rplidar_ros/sdk/src/sl_lidar_driver.cpp:[m[K In member function ‘[01m[Kvirtual sl_result sl::SlamtecLidarDriver::getMotorInfo(sl::LidarMotorInfo&, sl_u32)[m[K’:
[8.381s] [01m[K/home/wellyowo/locobot_sim/locobot_ws/src/ThirdParty/rplidar_ros/sdk/src/sl_lidar_driver.cpp:1023:66:[m[K [01;35m[Kwarning: [m[Kunused parameter ‘[01m[KtimeoutInMs[m[K’ [[01;35m[K-Wunused-parameter[m[K]
[8.381s]  1023 |         sl_result getMotorInfo(LidarMotorInfo &motorInfo, [01;35m[Ksl_u32 timeoutInMs[m[K)
[8.381s]       |                                                           [01;35m[K~~~~~~~^~~~~~~~~~~[m[K
[8.381s] [01m[K/home/wellyowo/locobot_sim/locobot_ws/src/ThirdParty/rplidar_ros/sdk/src/sl_lidar_driver.cpp:[m[K In member function ‘[01m[Ku_result sl::SlamtecLidarDriver::getScanModeCount(sl_u16&, sl_u32)[m[K’:
[8.381s] [01m[K/home/wellyowo/locobot_sim/locobot_ws/src/ThirdParty/rplidar_ros/sdk/src/sl_lidar_driver.cpp:1199:61:[m[K [01;35m[Kwarning: [m[Kunused parameter ‘[01m[KtimeoutInMs[m[K’ [[01;35m[K-Wunused-parameter[m[K]
[8.382s]  1199 |         u_result getScanModeCount(sl_u16& modeCount, [01;35m[Ksl_u32 timeoutInMs = DEFAULT_TIMEOUT[m[K)
[8.382s]       |                                                      [01;35m[K~~~~~~~^~~~~~~~~~~~~~~~~~~~~~~~~~~~~[m[K
[8.382s] In file included from [01m[K/home/wellyowo/locobot_sim/locobot_ws/src/ThirdParty/rplidar_ros/sdk/src/sl_async_transceiver.cpp:44[m[K:
[8.382s] [01m[K/home/wellyowo/locobot_sim/locobot_ws/src/ThirdParty/rplidar_ros/sdk/src/sl_async_transceiver.h:[m[K In member function ‘[01m[Kvirtual void sl::internal::IAsyncProtocolCodec::onChannelError(u_result)[m[K’:
[8.382s] [01m[K/home/wellyowo/locobot_sim/locobot_ws/src/ThirdParty/rplidar_ros/sdk/src/sl_async_transceiver.h:90:48:[m[K [01;35m[Kwarning: [m[Kunused parameter ‘[01m[KerrCode[m[K’ [[01;35m[K-Wunused-parameter[m[K]
[8.382s]    90 |         virtual void   onChannelError([01;35m[Ku_result errCode[m[K) {}
[8.382s]       |                                       [01;35m[K~~~~~~~~~^~~~~~~[m[K
[8.407s] In file included from [01m[K/home/wellyowo/locobot_sim/locobot_ws/src/ThirdParty/rplidar_ros/./sdk/include/rplidar_protocol.h:36[m[K,
[8.407s]                  from [01m[K/home/wellyowo/locobot_sim/locobot_ws/src/ThirdParty/rplidar_ros/./sdk/include/rplidar.h:39[m[K,
[8.407s]                  from [01m[K/home/wellyowo/locobot_sim/locobot_ws/src/ThirdParty/rplidar_ros/./sdk/src/sdkcommon.h:49[m[K,
[8.407s]                  from [01m[K/home/wellyowo/locobot_sim/locobot_ws/src/ThirdParty/rplidar_ros/sdk/src/dataunpacker/unpacker/../dataunnpacker_commondef.h:41[m[K,
[8.407s]                  from [01m[K/home/wellyowo/locobot_sim/locobot_ws/src/ThirdParty/rplidar_ros/sdk/src/dataunpacker/unpacker/handler_normalnode.cpp:39[m[K:
[8.408s] [01m[K/home/wellyowo/locobot_sim/locobot_ws/src/ThirdParty/rplidar_ros/./sdk/include/sl_lidar_protocol.h:66:16:[m[K [01;35m[Kwarning: [m[KISO C++ forbids zero-size array ‘[01m[Kdata[m[K’ [[01;35m[K-Wpedantic[m[K]
[8.408s]    66 |     sl_u8 data[[01;35m[K0[m[K];
[8.408s]       |                [01;35m[K^[m[K
[8.412s] In file included from [01m[K/home/wellyowo/locobot_sim/locobot_ws/src/ThirdParty/rplidar_ros/./sdk/include/rplidar_cmd.h:36[m[K,
[8.412s]                  from [01m[K/home/wellyowo/locobot_sim/locobot_ws/src/ThirdParty/rplidar_ros/./sdk/include/rplidar.h:40[m[K,
[8.412s]                  from [01m[K/home/wellyowo/locobot_sim/locobot_ws/src/ThirdParty/rplidar_ros/./sdk/src/sdkcommon.h:49[m[K,
[8.413s]                  from [01m[K/home/wellyowo/locobot_sim/locobot_ws/src/ThirdParty/rplidar_ros/sdk/src/dataunpacker/unpacker/../dataunnpacker_commondef.h:41[m[K,
[8.413s]                  from [01m[K/home/wellyowo/locobot_sim/locobot_ws/src/ThirdParty/rplidar_ros/sdk/src/dataunpacker/unpacker/handler_normalnode.cpp:39[m[K:
[8.413s] [01m[K/home/wellyowo/locobot_sim/locobot_ws/src/ThirdParty/rplidar_ros/./sdk/include/sl_lidar_cmd.h:324:20:[m[K [01;35m[Kwarning: [m[KISO C++ forbids zero-size array ‘[01m[Kpayload[m[K’ [[01;35m[K-Wpedantic[m[K]
[8.414s]   324 |     sl_u8  payload[[01;35m[K0[m[K];
[8.414s]       |                    [01;35m[K^[m[K
[8.430s] /home/wellyowo/locobot_sim/locobot_ws/src/ThirdParty/rplidar_ros/sdk/src/sl_lidar_driver.cpp: In instantiation of ‘[01m[Kvoid sl::RawSampleNodeHolder<T>::pushNode(_u64, const T*) [with T = sl_lidar_response_measurement_node_hq_t; _u64 = long unsigned int][m[K’:
[8.431s] [01m[K/home/wellyowo/locobot_sim/locobot_ws/src/ThirdParty/rplidar_ros/sdk/src/sl_lidar_driver.cpp:1648:42:[m[K   required from here
[8.431s] [01m[K/home/wellyowo/locobot_sim/locobot_ws/src/ThirdParty/rplidar_ros/sdk/src/sl_lidar_driver.cpp:202:28:[m[K [01;35m[Kwarning: [m[Kunused parameter ‘[01m[Ktimestamp_uS[m[K’ [[01;35m[K-Wunused-parameter[m[K]
[8.431s]   202 |         void pushNode([01;35m[K_u64 timestamp_uS[m[K, const T* node)
[8.431s]       |                       [01;35m[K~~~~~^~~~~~~~~~~~[m[K
[8.542s] In file included from [01m[K/home/wellyowo/locobot_sim/locobot_ws/src/ThirdParty/rplidar_ros/sdk/src/sl_lidarprotocol_codec.cpp:49[m[K:
[8.547s] [01m[K/home/wellyowo/locobot_sim/locobot_ws/src/ThirdParty/rplidar_ros/sdk/src/sl_async_transceiver.h:[m[K In member function ‘[01m[Kvirtual void sl::internal::IAsyncProtocolCodec::onChannelError(u_result)[m[K’:
[8.547s] [01m[K/home/wellyowo/locobot_sim/locobot_ws/src/ThirdParty/rplidar_ros/sdk/src/sl_async_transceiver.h:90:48:[m[K [01;35m[Kwarning: [m[Kunused parameter ‘[01m[KerrCode[m[K’ [[01;35m[K-Wunused-parameter[m[K]
[8.547s]    90 |         virtual void   onChannelError([01;35m[Ku_result errCode[m[K) {}
[8.547s]       |                                       [01;35m[K~~~~~~~~~^~~~~~~[m[K
[8.650s] [01m[K/home/wellyowo/locobot_sim/locobot_ws/src/ThirdParty/rplidar_ros/sdk/src/sl_lidar_driver.cpp:[m[K At global scope:
[8.650s] [01m[K/home/wellyowo/locobot_sim/locobot_ws/src/ThirdParty/rplidar_ros/sdk/src/sl_lidar_driver.cpp:83:17:[m[K [01;35m[Kwarning: [m[K‘[01m[Kvoid sl::convert(const sl_lidar_response_measurement_node_hq_t&, sl_lidar_response_measurement_node_t&)[m[K’ defined but not used [[01;35m[K-Wunused-function[m[K]
[8.650s]    83 |     static void [01;35m[Kconvert[m[K(const sl_lidar_response_measurement_node_hq_t& from, sl_lidar_response_measurement_node_t& to)
[8.651s]       |                 [01;35m[K^~~~~~~[m[K
[8.651s] [01m[K/home/wellyowo/locobot_sim/locobot_ws/src/ThirdParty/rplidar_ros/sdk/src/sl_lidar_driver.cpp:75:17:[m[K [01;35m[Kwarning: [m[K‘[01m[Kvoid sl::convert(const sl_lidar_response_measurement_node_t&, sl_lidar_response_measurement_node_hq_t&)[m[K’ defined but not used [[01;35m[K-Wunused-function[m[K]
[8.652s]    75 |     static void [01;35m[Kconvert[m[K(const sl_lidar_response_measurement_node_t& from, sl_lidar_response_measurement_node_hq_t& to)
[8.652s]       |                 [01;35m[K^~~~~~~[m[K
[8.652s] [01m[K/home/wellyowo/locobot_sim/locobot_ws/src/ThirdParty/rplidar_ros/sdk/src/sl_lidar_driver.cpp:70:17:[m[K [01;35m[Kwarning: [m[K‘[01m[Kvoid sl::printDeprecationWarn(const char*, const char*)[m[K’ defined but not used [[01;35m[K-Wunused-function[m[K]
[8.652s]    70 |     static void [01;35m[KprintDeprecationWarn[m[K(const char* fn, const char* replacement)
[8.652s]       |                 [01;35m[K^~~~~~~~~~~~~~~~~~~~[m[K
[8.669s] [ 76%] [32mBuilding CXX object CMakeFiles/rplidar_composition.dir/sdk/src/sl_async_transceiver.cpp.o[0m
[8.793s] [ 78%] [32mBuilding CXX object CMakeFiles/rplidar_composition.dir/sdk/src/sl_lidar_driver.cpp.o[0m
[8.830s] [ 81%] [32mBuilding CXX object CMakeFiles/rplidar_composition.dir/sdk/src/sl_crc.cpp.o[0m
[8.859s] In file included from [01m[K/home/wellyowo/locobot_sim/locobot_ws/src/ThirdParty/rplidar_ros/./sdk/include/sl_lidar_cmd.h:41[m[K,
[8.860s]                  from [01m[K/home/wellyowo/locobot_sim/locobot_ws/src/ThirdParty/rplidar_ros/./sdk/include/sl_lidar_driver.h:54[m[K,
[8.860s]                  from [01m[K/home/wellyowo/locobot_sim/locobot_ws/src/ThirdParty/rplidar_ros/sdk/src/sl_udp_channel.cpp:33[m[K:
[8.860s] [01m[K/home/wellyowo/locobot_sim/locobot_ws/src/ThirdParty/rplidar_ros/./sdk/include/sl_lidar_protocol.h:66:16:[m[K [01;35m[Kwarning: [m[KISO C++ forbids zero-size array ‘[01m[Kdata[m[K’ [[01;35m[K-Wpedantic[m[K]
[8.860s]    66 |     sl_u8 data[[01;35m[K0[m[K];
[8.860s]       |                [01;35m[K^[m[K
[8.861s] In file included from [01m[K/home/wellyowo/locobot_sim/locobot_ws/src/ThirdParty/rplidar_ros/./sdk/include/sl_lidar_driver.h:54[m[K,
[8.861s]                  from [01m[K/home/wellyowo/locobot_sim/locobot_ws/src/ThirdParty/rplidar_ros/sdk/src/sl_udp_channel.cpp:33[m[K:
[8.861s] [01m[K/home/wellyowo/locobot_sim/locobot_ws/src/ThirdParty/rplidar_ros/./sdk/include/sl_lidar_cmd.h:324:20:[m[K [01;35m[Kwarning: [m[KISO C++ forbids zero-size array ‘[01m[Kpayload[m[K’ [[01;35m[K-Wpedantic[m[K]
[8.861s]   324 |     sl_u8  payload[[01;35m[K0[m[K];
[8.861s]       |                    [01;35m[K^[m[K
[8.877s] [01m[K/home/wellyowo/locobot_sim/locobot_ws/src/ThirdParty/rplidar_ros/sdk/src/sl_udp_channel.cpp:[m[K In member function ‘[01m[Kvoid sl::UdpChannel::setStatus(_u32)[m[K’:
[8.883s] [01m[K/home/wellyowo/locobot_sim/locobot_ws/src/ThirdParty/rplidar_ros/sdk/src/sl_udp_channel.cpp:112:29:[m[K [01;35m[Kwarning: [m[Kunused parameter ‘[01m[Kflag[m[K’ [[01;35m[K-Wunused-parameter[m[K]
[8.884s]   112 |         void setStatus([01;35m[K_u32 flag[m[K){}
[8.884s]       |                        [01;35m[K~~~~~^~~~[m[K
[8.896s] In file included from [01m[K/home/wellyowo/locobot_sim/locobot_ws/src/ThirdParty/rplidar_ros/./sdk/include/sl_lidar_cmd.h:41[m[K,
[8.897s]                  from [01m[K/home/wellyowo/locobot_sim/locobot_ws/src/ThirdParty/rplidar_ros/./sdk/include/sl_crc.h:36[m[K,
[8.897s]                  from [01m[K/home/wellyowo/locobot_sim/locobot_ws/src/ThirdParty/rplidar_ros/sdk/src/sl_crc.cpp:33[m[K:
[8.897s] [01m[K/home/wellyowo/locobot_sim/locobot_ws/src/ThirdParty/rplidar_ros/./sdk/include/sl_lidar_protocol.h:66:16:[m[K [01;35m[Kwarning: [m[KISO C++ forbids zero-size array ‘[01m[Kdata[m[K’ [[01;35m[K-Wpedantic[m[K]
[8.897s]    66 |     sl_u8 data[[01;35m[K0[m[K];
[8.897s]       |                [01;35m[K^[m[K
[8.897s] In file included from [01m[K/home/wellyowo/locobot_sim/locobot_ws/src/ThirdParty/rplidar_ros/./sdk/include/sl_crc.h:36[m[K,
[8.897s]                  from [01m[K/home/wellyowo/locobot_sim/locobot_ws/src/ThirdParty/rplidar_ros/sdk/src/sl_crc.cpp:33[m[K:
[8.897s] [01m[K/home/wellyowo/locobot_sim/locobot_ws/src/ThirdParty/rplidar_ros/./sdk/include/sl_lidar_cmd.h:324:20:[m[K [01;35m[Kwarning: [m[KISO C++ forbids zero-size array ‘[01m[Kpayload[m[K’ [[01;35m[K-Wpedantic[m[K]
[8.898s]   324 |     sl_u8  payload[[01;35m[K0[m[K];
[8.898s]       |                    [01;35m[K^[m[K
[8.947s] [ 84%] [32mBuilding CXX object CMakeFiles/rplidar_composition.dir/sdk/src/sl_lidarprotocol_codec.cpp.o[0m
[9.056s] [ 86%] [32mBuilding CXX object CMakeFiles/rplidar_composition.dir/sdk/src/sl_serial_channel.cpp.o[0m
[9.063s] In file included from [01m[K/home/wellyowo/locobot_sim/locobot_ws/src/ThirdParty/rplidar_ros/sdk/src/dataunpacker/unpacker/handler_capsules.cpp:40[m[K:
[9.064s] [01m[K/home/wellyowo/locobot_sim/locobot_ws/src/ThirdParty/rplidar_ros/sdk/src/dataunpacker/unpacker/../dataunpacker.h:[m[K In member function ‘[01m[Kvirtual void sl::internal::LIDARSampleDataListener::onCustomSampleDataDecoded(_u8, _u32, const void*, size_t)[m[K’:
[9.064s] [01m[K/home/wellyowo/locobot_sim/locobot_ws/src/ThirdParty/rplidar_ros/sdk/src/dataunpacker/unpacker/../dataunpacker.h:54:52:[m[K [01;35m[Kwarning: [m[Kunused parameter ‘[01m[KansType[m[K’ [[01;35m[K-Wunused-parameter[m[K]
[9.064s]    54 |         virtual void onCustomSampleDataDecoded([01;35m[K_u8 ansType[m[K, _u32 customCode, const void* data, size_t size) {}
[9.064s]       |                                                [01;35m[K~~~~^~~~~~~[m[K
[9.065s] [01m[K/home/wellyowo/locobot_sim/locobot_ws/src/ThirdParty/rplidar_ros/sdk/src/dataunpacker/unpacker/../dataunpacker.h:54:66:[m[K [01;35m[Kwarning: [m[Kunused parameter ‘[01m[KcustomCode[m[K’ [[01;35m[K-Wunused-parameter[m[K]
[9.065s]    54 |         virtual void onCustomSampleDataDecoded(_u8 ansType, [01;35m[K_u32 customCode[m[K, const void* data, size_t size) {}
[9.065s]       |                                                             [01;35m[K~~~~~^~~~~~~~~~[m[K
[9.065s] [01m[K/home/wellyowo/locobot_sim/locobot_ws/src/ThirdParty/rplidar_ros/sdk/src/dataunpacker/unpacker/../dataunpacker.h:54:90:[m[K [01;35m[Kwarning: [m[Kunused parameter ‘[01m[Kdata[m[K’ [[01;35m[K-Wunused-parameter[m[K]
[9.065s]    54 |         virtual void onCustomSampleDataDecoded(_u8 ansType, _u32 customCode, [01;35m[Kconst void* data[m[K, size_t size) {}
[9.065s]       |                                                                              [01;35m[K~~~~~~~~~~~~^~~~[m[K
[9.065s] [01m[K/home/wellyowo/locobot_sim/locobot_ws/src/ThirdParty/rplidar_ros/sdk/src/dataunpacker/unpacker/../dataunpacker.h:54:103:[m[K [01;35m[Kwarning: [m[Kunused parameter ‘[01m[Ksize[m[K’ [[01;35m[K-Wunused-parameter[m[K]
[9.066s]    54 |         virtual void onCustomSampleDataDecoded(_u8 ansType, _u32 customCode, const void* data, [01;35m[Ksize_t size[m[K) {}
[9.066s]       |                                                                                                [01;35m[K~~~~~~~^~~~[m[K
[9.066s] [01m[K/home/wellyowo/locobot_sim/locobot_ws/src/ThirdParty/rplidar_ros/sdk/src/dataunpacker/unpacker/../dataunpacker.h:[m[K In member function ‘[01m[Kvirtual void sl::internal::LIDARSampleDataListener::onDecodingError(int, _u8, const void*, size_t)[m[K’:
[9.066s] [01m[K/home/wellyowo/locobot_sim/locobot_ws/src/ThirdParty/rplidar_ros/sdk/src/dataunpacker/unpacker/../dataunpacker.h:56:42:[m[K [01;35m[Kwarning: [m[Kunused parameter ‘[01m[KerrMsg[m[K’ [[01;35m[K-Wunused-parameter[m[K]
[9.066s]    56 |         virtual void onDecodingError([01;35m[Kint errMsg[m[K, _u8 ansType, const void* payload, size_t size) {}
[9.073s]       |                                      [01;35m[K~~~~^~~~~~[m[K
[9.073s] [01m[K/home/wellyowo/locobot_sim/locobot_ws/src/ThirdParty/rplidar_ros/sdk/src/dataunpacker/unpacker/../dataunpacker.h:56:54:[m[K [01;35m[Kwarning: [m[Kunused parameter ‘[01m[KansType[m[K’ [[01;35m[K-Wunused-parameter[m[K]
[9.075s]    56 |         virtual void onDecodingError(int errMsg, [01;35m[K_u8 ansType[m[K, const void* payload, size_t size) {}
[9.075s]       |                                                  [01;35m[K~~~~^~~~~~~[m[K
[9.075s] [01m[K/home/wellyowo/locobot_sim/locobot_ws/src/ThirdParty/rplidar_ros/sdk/src/dataunpacker/unpacker/../dataunpacker.h:56:75:[m[K [01;35m[Kwarning: [m[Kunused parameter ‘[01m[Kpayload[m[K’ [[01;35m[K-Wunused-parameter[m[K]
[9.075s]    56 |         virtual void onDecodingError(int errMsg, _u8 ansType, [01;35m[Kconst void* payload[m[K, size_t size) {}
[9.075s]       |                                                               [01;35m[K~~~~~~~~~~~~^~~~~~~[m[K
[9.079s] [01m[K/home/wellyowo/locobot_sim/locobot_ws/src/ThirdParty/rplidar_ros/sdk/src/dataunpacker/unpacker/../dataunpacker.h:56:91:[m[K [01;35m[Kwarning: [m[Kunused parameter ‘[01m[Ksize[m[K’ [[01;35m[K-Wunused-parameter[m[K]
[9.079s]    56 |         virtual void onDecodingError(int errMsg, _u8 ansType, const void* payload, [01;35m[Ksize_t size[m[K) {}
[9.079s]       |                                                                                    [01;35m[K~~~~~~~^~~~[m[K
[9.092s] In file included from [01m[K/home/wellyowo/locobot_sim/locobot_ws/src/ThirdParty/rplidar_ros/./sdk/include/sl_lidar_cmd.h:41[m[K,
[9.093s]                  from [01m[K/home/wellyowo/locobot_sim/locobot_ws/src/ThirdParty/rplidar_ros/./sdk/include/sl_lidar_driver.h:54[m[K,
[9.095s]                  from [01m[K/home/wellyowo/locobot_sim/locobot_ws/src/ThirdParty/rplidar_ros/sdk/src/sl_tcp_channel.cpp:33[m[K:
[9.095s] [01m[K/home/wellyowo/locobot_sim/locobot_ws/src/ThirdParty/rplidar_ros/./sdk/include/sl_lidar_protocol.h:66:16:[m[K [01;35m[Kwarning: [m[KISO C++ forbids zero-size array ‘[01m[Kdata[m[K’ [[01;35m[K-Wpedantic[m[K]
[9.095s]    66 |     sl_u8 data[[01;35m[K0[m[K];
[9.095s]       |                [01;35m[K^[m[K
[9.095s] In file included from [01m[K/home/wellyowo/locobot_sim/locobot_ws/src/ThirdParty/rplidar_ros/./sdk/include/sl_lidar_driver.h:54[m[K,
[9.095s]                  from [01m[K/home/wellyowo/locobot_sim/locobot_ws/src/ThirdParty/rplidar_ros/sdk/src/sl_tcp_channel.cpp:33[m[K:
[9.095s] [01m[K/home/wellyowo/locobot_sim/locobot_ws/src/ThirdParty/rplidar_ros/./sdk/include/sl_lidar_cmd.h:324:20:[m[K [01;35m[Kwarning: [m[KISO C++ forbids zero-size array ‘[01m[Kpayload[m[K’ [[01;35m[K-Wpedantic[m[K]
[9.096s]   324 |     sl_u8  payload[[01;35m[K0[m[K];
[9.096s]       |                    [01;35m[K^[m[K
[9.107s] In file included from [01m[K/home/wellyowo/locobot_sim/locobot_ws/src/ThirdParty/rplidar_ros/sdk/src/dataunpacker/unpacker/handler_normalnode.cpp:40[m[K:
[9.107s] [01m[K/home/wellyowo/locobot_sim/locobot_ws/src/ThirdParty/rplidar_ros/sdk/src/dataunpacker/unpacker/../dataunpacker.h:[m[K In member function ‘[01m[Kvirtual void sl::internal::LIDARSampleDataListener::onCustomSampleDataDecoded(_u8, _u32, const void*, size_t)[m[K’:
[9.108s] [01m[K/home/wellyowo/locobot_sim/locobot_ws/src/ThirdParty/rplidar_ros/sdk/src/dataunpacker/unpacker/../dataunpacker.h:54:52:[m[K [01;35m[Kwarning: [m[Kunused parameter ‘[01m[KansType[m[K’ [[01;35m[K-Wunused-parameter[m[K]
[9.108s]    54 |         virtual void onCustomSampleDataDecoded([01;35m[K_u8 ansType[m[K, _u32 customCode, const void* data, size_t size) {}
[9.108s]       |                                                [01;35m[K~~~~^~~~~~~[m[K
[9.108s] [01m[K/home/wellyowo/locobot_sim/locobot_ws/src/ThirdParty/rplidar_ros/sdk/src/dataunpacker/unpacker/../dataunpacker.h:54:66:[m[K [01;35m[Kwarning: [m[Kunused parameter ‘[01m[KcustomCode[m[K’ [[01;35m[K-Wunused-parameter[m[K]
[9.112s]    54 |         virtual void onCustomSampleDataDecoded(_u8 ansType, [01;35m[K_u32 customCode[m[K, const void* data, size_t size) {}
[9.112s]       |                                                             [01;35m[K~~~~~^~~~~~~~~~[m[K
[9.112s] [01m[K/home/wellyowo/locobot_sim/locobot_ws/src/ThirdParty/rplidar_ros/sdk/src/dataunpacker/unpacker/../dataunpacker.h:54:90:[m[K [01;35m[Kwarning: [m[Kunused parameter ‘[01m[Kdata[m[K’ [[01;35m[K-Wunused-parameter[m[K]
[9.113s]    54 |         virtual void onCustomSampleDataDecoded(_u8 ansType, _u32 customCode, [01;35m[Kconst void* data[m[K, size_t size) {}
[9.113s]       |                                                                              [01;35m[K~~~~~~~~~~~~^~~~[m[K
[9.113s] [01m[K/home/wellyowo/locobot_sim/locobot_ws/src/ThirdParty/rplidar_ros/sdk/src/dataunpacker/unpacker/../dataunpacker.h:54:103:[m[K [01;35m[Kwarning: [m[Kunused parameter ‘[01m[Ksize[m[K’ [[01;35m[K-Wunused-parameter[m[K]
[9.113s]    54 |         virtual void onCustomSampleDataDecoded(_u8 ansType, _u32 customCode, const void* data, [01;35m[Ksize_t size[m[K) {}
[9.117s]       |                                                                                                [01;35m[K~~~~~~~^~~~[m[K
[9.117s] [01m[K/home/wellyowo/locobot_sim/locobot_ws/src/ThirdParty/rplidar_ros/sdk/src/dataunpacker/unpacker/../dataunpacker.h:[m[K In member function ‘[01m[Kvirtual void sl::internal::LIDARSampleDataListener::onDecodingError(int, _u8, const void*, size_t)[m[K’:
[9.117s] [01m[K/home/wellyowo/locobot_sim/locobot_ws/src/ThirdParty/rplidar_ros/sdk/src/dataunpacker/unpacker/../dataunpacker.h:56:42:[m[K [01;35m[Kwarning: [m[Kunused parameter ‘[01m[KerrMsg[m[K’ [[01;35m[K-Wunused-parameter[m[K]
[9.117s]    56 |         virtual void onDecodingError([01;35m[Kint errMsg[m[K, _u8 ansType, const void* payload, size_t size) {}
[9.117s]       |                                      [01;35m[K~~~~^~~~~~[m[K
[9.117s] [01m[K/home/wellyowo/locobot_sim/locobot_ws/src/ThirdParty/rplidar_ros/sdk/src/dataunpacker/unpacker/../dataunpacker.h:56:54:[m[K [01;35m[Kwarning: [m[Kunused parameter ‘[01m[KansType[m[K’ [[01;35m[K-Wunused-parameter[m[K]
[9.117s]    56 |         virtual void onDecodingError(int errMsg, [01;35m[K_u8 ansType[m[K, const void* payload, size_t size) {}
[9.118s]       |                                                  [01;35m[K~~~~^~~~~~~[m[K
[9.122s] [01m[K/home/wellyowo/locobot_sim/locobot_ws/src/ThirdParty/rplidar_ros/sdk/src/dataunpacker/unpacker/../dataunpacker.h:56:75:[m[K [01;35m[Kwarning: [m[Kunused parameter ‘[01m[Kpayload[m[K’ [[01;35m[K-Wunused-parameter[m[K]
[9.122s]    56 |         virtual void onDecodingError(int errMsg, _u8 ansType, [01;35m[Kconst void* payload[m[K, size_t size) {}
[9.122s]       |                                                               [01;35m[K~~~~~~~~~~~~^~~~~~~[m[K
[9.122s] [01m[K/home/wellyowo/locobot_sim/locobot_ws/src/ThirdParty/rplidar_ros/sdk/src/dataunpacker/unpacker/../dataunpacker.h:56:91:[m[K [01;35m[Kwarning: [m[Kunused parameter ‘[01m[Ksize[m[K’ [[01;35m[K-Wunused-parameter[m[K]
[9.123s]    56 |         virtual void onDecodingError(int errMsg, _u8 ansType, const void* payload, [01;35m[Ksize_t size[m[K) {}
[9.123s]       |                                                                                    [01;35m[K~~~~~~~^~~~[m[K
[9.142s] [01m[K/home/wellyowo/locobot_sim/locobot_ws/src/ThirdParty/rplidar_ros/sdk/src/sl_tcp_channel.cpp:[m[K In member function ‘[01m[Kvoid sl::TcpChannel::setStatus(_u32)[m[K’:
[9.143s] [01m[K/home/wellyowo/locobot_sim/locobot_ws/src/ThirdParty/rplidar_ros/sdk/src/sl_tcp_channel.cpp:109:29:[m[K [01;35m[Kwarning: [m[Kunused parameter ‘[01m[Kflag[m[K’ [[01;35m[K-Wunused-parameter[m[K]
[9.143s]   109 |         void setStatus([01;35m[K_u32 flag[m[K){}
[9.143s]       |                        [01;35m[K~~~~~^~~~[m[K
[9.194s] [01m[K/home/wellyowo/locobot_sim/locobot_ws/src/ThirdParty/rplidar_ros/sdk/src/dataunpacker/unpacker/handler_capsules.cpp:[m[K In member function ‘[01m[Kvoid sl::internal::unpacker::UnpackerHandler_DenseCapsuleNode::_onScanNodeDenseCapsuleData(rplidar_response_dense_capsule_measurement_nodes_t&, sl::internal::LIDARSampleDataUnpackerInner*)[m[K’:
[9.194s] [01m[K/home/wellyowo/locobot_sim/locobot_ws/src/ThirdParty/rplidar_ros/sdk/src/dataunpacker/unpacker/handler_capsules.cpp:763:30:[m[K [01;35m[Kwarning: [m[Ktype qualifiers ignored on cast result type [[01;35m[K-Wignored-qualifiers[m[K]
[9.199s]   763 |             const int dist = [01;35m[Kstatic_cast<const int>(_cached_previous_dense_capsuledata.cabins[pos].distance)[m[K;
[9.199s]       |                              [01;35m[K^~~~~~~~~~~~~~~~~~~~~~~~~~~~~~~~~~~~~~~~~~~~~~~~~~~~~~~~~~~~~~~~~~~~~~~~~~~~~~~[m[K
[9.363s] [ 89%] [32mBuilding CXX object CMakeFiles/rplidar_composition.dir/sdk/src/sl_tcp_channel.cpp.o[0m
[9.398s] In file included from [01m[K/home/wellyowo/locobot_sim/locobot_ws/src/ThirdParty/rplidar_ros/sdk/src/dataunpacker/dataunpacker.cpp:40[m[K:
[9.399s] [01m[K/home/wellyowo/locobot_sim/locobot_ws/src/ThirdParty/rplidar_ros/sdk/src/dataunpacker/dataunpacker.h:[m[K In member function ‘[01m[Kvirtual void sl::internal::LIDARSampleDataListener::onCustomSampleDataDecoded(_u8, _u32, const void*, size_t)[m[K’:
[9.405s] [01m[K/home/wellyowo/locobot_sim/locobot_ws/src/ThirdParty/rplidar_ros/sdk/src/dataunpacker/dataunpacker.h:54:52:[m[K [01;35m[Kwarning: [m[Kunused parameter ‘[01m[KansType[m[K’ [[01;35m[K-Wunused-parameter[m[K]
[9.406s]    54 |         virtual void onCustomSampleDataDecoded([01;35m[K_u8 ansType[m[K, _u32 customCode, const void* data, size_t size) {}
[9.406s]       |                                                [01;35m[K~~~~^~~~~~~[m[K
[9.406s] [01m[K/home/wellyowo/locobot_sim/locobot_ws/src/ThirdParty/rplidar_ros/sdk/src/dataunpacker/dataunpacker.h:54:66:[m[K [01;35m[Kwarning: [m[Kunused parameter ‘[01m[KcustomCode[m[K’ [[01;35m[K-Wunused-parameter[m[K]
[9.406s]    54 |         virtual void onCustomSampleDataDecoded(_u8 ansType, [01;35m[K_u32 customCode[m[K, const void* data, size_t size) {}
[9.407s]       |                                                             [01;35m[K~~~~~^~~~~~~~~~[m[K
[9.407s] [01m[K/home/wellyowo/locobot_sim/locobot_ws/src/ThirdParty/rplidar_ros/sdk/src/dataunpacker/dataunpacker.h:54:90:[m[K [01;35m[Kwarning: [m[Kunused parameter ‘[01m[Kdata[m[K’ [[01;35m[K-Wunused-parameter[m[K]
[9.408s]    54 |         virtual void onCustomSampleDataDecoded(_u8 ansType, _u32 customCode, [01;35m[Kconst void* data[m[K, size_t size) {}
[9.409s]       |                                                                              [01;35m[K~~~~~~~~~~~~^~~~[m[K
[9.409s] [01m[K/home/wellyowo/locobot_sim/locobot_ws/src/ThirdParty/rplidar_ros/sdk/src/dataunpacker/dataunpacker.h:54:103:[m[K [01;35m[Kwarning: [m[Kunused parameter ‘[01m[Ksize[m[K’ [[01;35m[K-Wunused-parameter[m[K]
[9.409s]    54 |         virtual void onCustomSampleDataDecoded(_u8 ansType, _u32 customCode, const void* data, [01;35m[Ksize_t size[m[K) {}
[9.409s]       |                                                                                                [01;35m[K~~~~~~~^~~~[m[K
[9.411s] [01m[K/home/wellyowo/locobot_sim/locobot_ws/src/ThirdParty/rplidar_ros/sdk/src/dataunpacker/dataunpacker.h:[m[K In member function ‘[01m[Kvirtual void sl::internal::LIDARSampleDataListener::onDecodingError(int, _u8, const void*, size_t)[m[K’:
[9.411s] [01m[K/home/wellyowo/locobot_sim/locobot_ws/src/ThirdParty/rplidar_ros/sdk/src/dataunpacker/dataunpacker.h:56:42:[m[K [01;35m[Kwarning: [m[Kunused parameter ‘[01m[KerrMsg[m[K’ [[01;35m[K-Wunused-parameter[m[K]
[9.414s]    56 |         virtual void onDecodingError([01;35m[Kint errMsg[m[K, _u8 ansType, const void* payload, size_t size) {}
[9.415s]       |                                      [01;35m[K~~~~^~~~~~[m[K
[9.415s] [01m[K/home/wellyowo/locobot_sim/locobot_ws/src/ThirdParty/rplidar_ros/sdk/src/dataunpacker/dataunpacker.h:56:54:[m[K [01;35m[Kwarning: [m[Kunused parameter ‘[01m[KansType[m[K’ [[01;35m[K-Wunused-parameter[m[K]
[9.415s]    56 |         virtual void onDecodingError(int errMsg, [01;35m[K_u8 ansType[m[K, const void* payload, size_t size) {}
[9.415s]       |                                                  [01;35m[K~~~~^~~~~~~[m[K
[9.415s] [01m[K/home/wellyowo/locobot_sim/locobot_ws/src/ThirdParty/rplidar_ros/sdk/src/dataunpacker/dataunpacker.h:56:75:[m[K [01;35m[Kwarning: [m[Kunused parameter ‘[01m[Kpayload[m[K’ [[01;35m[K-Wunused-parameter[m[K]
[9.415s]    56 |         virtual void onDecodingError(int errMsg, _u8 ansType, [01;35m[Kconst void* payload[m[K, size_t size) {}
[9.415s]       |                                                               [01;35m[K~~~~~~~~~~~~^~~~~~~[m[K
[9.415s] [01m[K/home/wellyowo/locobot_sim/locobot_ws/src/ThirdParty/rplidar_ros/sdk/src/dataunpacker/dataunpacker.h:56:91:[m[K [01;35m[Kwarning: [m[Kunused parameter ‘[01m[Ksize[m[K’ [[01;35m[K-Wunused-parameter[m[K]
[9.415s]    56 |         virtual void onDecodingError(int errMsg, _u8 ansType, const void* payload, [01;35m[Ksize_t size[m[K) {}
[9.415s]       |                                                                                    [01;35m[K~~~~~~~^~~~[m[K
[9.504s] [ 92%] [32mBuilding CXX object CMakeFiles/rplidar_composition.dir/sdk/src/sl_udp_channel.cpp.o[0m
[9.583s] In file included from [01m[K/home/wellyowo/locobot_sim/locobot_ws/src/ThirdParty/rplidar_ros/sdk/src/dataunpacker/unpacker/handler_normalnode.cpp:40[m[K:
[9.584s] [01m[K/home/wellyowo/locobot_sim/locobot_ws/src/ThirdParty/rplidar_ros/sdk/src/dataunpacker/unpacker/../dataunpacker.h:[m[K In member function ‘[01m[Kvirtual void sl::internal::LIDARSampleDataListener::onCustomSampleDataDecoded(_u8, _u32, const void*, size_t)[m[K’:
[9.584s] [01m[K/home/wellyowo/locobot_sim/locobot_ws/src/ThirdParty/rplidar_ros/sdk/src/dataunpacker/unpacker/../dataunpacker.h:54:52:[m[K [01;35m[Kwarning: [m[Kunused parameter ‘[01m[KansType[m[K’ [[01;35m[K-Wunused-parameter[m[K]
[9.584s]    54 |         virtual void onCustomSampleDataDecoded([01;35m[K_u8 ansType[m[K, _u32 customCode, const void* data, size_t size) {}
[9.584s]       |                                                [01;35m[K~~~~^~~~~~~[m[K
[9.584s] [01m[K/home/wellyowo/locobot_sim/locobot_ws/src/ThirdParty/rplidar_ros/sdk/src/dataunpacker/unpacker/../dataunpacker.h:54:66:[m[K [01;35m[Kwarning: [m[Kunused parameter ‘[01m[KcustomCode[m[K’ [[01;35m[K-Wunused-parameter[m[K]
[9.584s]    54 |         virtual void onCustomSampleDataDecoded(_u8 ansType, [01;35m[K_u32 customCode[m[K, const void* data, size_t size) {}
[9.585s]       |                                                             [01;35m[K~~~~~^~~~~~~~~~[m[K
[9.585s] [01m[K/home/wellyowo/locobot_sim/locobot_ws/src/ThirdParty/rplidar_ros/sdk/src/dataunpacker/unpacker/../dataunpacker.h:54:90:[m[K [01;35m[Kwarning: [m[Kunused parameter ‘[01m[Kdata[m[K’ [[01;35m[K-Wunused-parameter[m[K]
[9.588s]    54 |         virtual void onCustomSampleDataDecoded(_u8 ansType, _u32 customCode, [01;35m[Kconst void* data[m[K, size_t size) {}
[9.588s]       |                                                                              [01;35m[K~~~~~~~~~~~~^~~~[m[K
[9.588s] [01m[K/home/wellyowo/locobot_sim/locobot_ws/src/ThirdParty/rplidar_ros/sdk/src/dataunpacker/unpacker/../dataunpacker.h:54:103:[m[K [01;35m[Kwarning: [m[Kunused parameter ‘[01m[Ksize[m[K’ [[01;35m[K-Wunused-parameter[m[K]
[9.588s]    54 |         virtual void onCustomSampleDataDecoded(_u8 ansType, _u32 customCode, const void* data, [01;35m[Ksize_t size[m[K) {}
[9.588s]       |                                                                                                [01;35m[K~~~~~~~^~~~[m[K
[9.589s] [01m[K/home/wellyowo/locobot_sim/locobot_ws/src/ThirdParty/rplidar_ros/sdk/src/dataunpacker/unpacker/../dataunpacker.h:[m[K In member function ‘[01m[Kvirtual void sl::internal::LIDARSampleDataListener::onDecodingError(int, _u8, const void*, size_t)[m[K’:
[9.589s] [01m[K/home/wellyowo/locobot_sim/locobot_ws/src/ThirdParty/rplidar_ros/sdk/src/dataunpacker/unpacker/../dataunpacker.h:56:42:[m[K [01;35m[Kwarning: [m[Kunused parameter ‘[01m[KerrMsg[m[K’ [[01;35m[K-Wunused-parameter[m[K]
[9.589s]    56 |         virtual void onDecodingError([01;35m[Kint errMsg[m[K, _u8 ansType, const void* payload, size_t size) {}
[9.589s]       |                                      [01;35m[K~~~~^~~~~~[m[K
[9.589s] [01m[K/home/wellyowo/locobot_sim/locobot_ws/src/ThirdParty/rplidar_ros/sdk/src/dataunpacker/unpacker/../dataunpacker.h:56:54:[m[K [01;35m[Kwarning: [m[Kunused parameter ‘[01m[KansType[m[K’ [[01;35m[K-Wunused-parameter[m[K]
[9.589s]    56 |         virtual void onDecodingError(int errMsg, [01;35m[K_u8 ansType[m[K, const void* payload, size_t size) {}
[9.589s]       |                                                  [01;35m[K~~~~^~~~~~~[m[K
[9.589s] [01m[K/home/wellyowo/locobot_sim/locobot_ws/src/ThirdParty/rplidar_ros/sdk/src/dataunpacker/unpacker/../dataunpacker.h:56:75:[m[K [01;35m[Kwarning: [m[Kunused parameter ‘[01m[Kpayload[m[K’ [[01;35m[K-Wunused-parameter[m[K]
[9.589s]    56 |         virtual void onDecodingError(int errMsg, _u8 ansType, [01;35m[Kconst void* payload[m[K, size_t size) {}
[9.589s]       |                                                               [01;35m[K~~~~~~~~~~~~^~~~~~~[m[K
[9.589s] [01m[K/home/wellyowo/locobot_sim/locobot_ws/src/ThirdParty/rplidar_ros/sdk/src/dataunpacker/unpacker/../dataunpacker.h:56:91:[m[K [01;35m[Kwarning: [m[Kunused parameter ‘[01m[Ksize[m[K’ [[01;35m[K-Wunused-parameter[m[K]
[9.589s]    56 |         virtual void onDecodingError(int errMsg, _u8 ansType, const void* payload, [01;35m[Ksize_t size[m[K) {}
[9.589s]       |                                                                                    [01;35m[K~~~~~~~^~~~[m[K
[9.773s] In file included from [01m[K/home/wellyowo/locobot_sim/locobot_ws/src/ThirdParty/rplidar_ros/./sdk/include/rplidar_protocol.h:36[m[K,
[9.774s]                  from [01m[K/home/wellyowo/locobot_sim/locobot_ws/src/ThirdParty/rplidar_ros/./sdk/include/rplidar.h:39[m[K,
[9.774s]                  from [01m[K/home/wellyowo/locobot_sim/locobot_ws/src/ThirdParty/rplidar_ros/sdk/src/sdkcommon.h:49[m[K,
[9.774s]                  from [01m[K/home/wellyowo/locobot_sim/locobot_ws/src/ThirdParty/rplidar_ros/sdk/src/sl_async_transceiver.cpp:35[m[K:
[9.774s] [01m[K/home/wellyowo/locobot_sim/locobot_ws/src/ThirdParty/rplidar_ros/./sdk/include/sl_lidar_protocol.h:66:16:[m[K [01;35m[Kwarning: [m[KISO C++ forbids zero-size array ‘[01m[Kdata[m[K’ [[01;35m[K-Wpedantic[m[K]
[9.774s]    66 |     sl_u8 data[[01;35m[K0[m[K];
[9.777s]       |                [01;35m[K^[m[K
[9.777s] In file included from [01m[K/home/wellyowo/locobot_sim/locobot_ws/src/ThirdParty/rplidar_ros/./sdk/include/rplidar_cmd.h:36[m[K,
[9.777s]                  from [01m[K/home/wellyowo/locobot_sim/locobot_ws/src/ThirdParty/rplidar_ros/./sdk/include/rplidar.h:40[m[K,
[9.777s]                  from [01m[K/home/wellyowo/locobot_sim/locobot_ws/src/ThirdParty/rplidar_ros/sdk/src/sdkcommon.h:49[m[K,
[9.777s]                  from [01m[K/home/wellyowo/locobot_sim/locobot_ws/src/ThirdParty/rplidar_ros/sdk/src/sl_async_transceiver.cpp:35[m[K:
[9.778s] [01m[K/home/wellyowo/locobot_sim/locobot_ws/src/ThirdParty/rplidar_ros/./sdk/include/sl_lidar_cmd.h:324:20:[m[K [01;35m[Kwarning: [m[KISO C++ forbids zero-size array ‘[01m[Kpayload[m[K’ [[01;35m[K-Wpedantic[m[K]
[9.778s]   324 |     sl_u8  payload[[01;35m[K0[m[K];
[9.778s]       |                    [01;35m[K^[m[K
[9.799s] In file included from [01m[K/home/wellyowo/locobot_sim/locobot_ws/src/ThirdParty/rplidar_ros/./sdk/include/rplidar_protocol.h:36[m[K,
[9.800s]                  from [01m[K/home/wellyowo/locobot_sim/locobot_ws/src/ThirdParty/rplidar_ros/./sdk/include/rplidar.h:39[m[K,
[9.800s]                  from [01m[K/home/wellyowo/locobot_sim/locobot_ws/src/ThirdParty/rplidar_ros/sdk/src/sdkcommon.h:49[m[K,
[9.803s]                  from [01m[K/home/wellyowo/locobot_sim/locobot_ws/src/ThirdParty/rplidar_ros/sdk/src/sl_lidarprotocol_codec.cpp:35[m[K:
[9.803s] [01m[K/home/wellyowo/locobot_sim/locobot_ws/src/ThirdParty/rplidar_ros/./sdk/include/sl_lidar_protocol.h:66:16:[m[K [01;35m[Kwarning: [m[KISO C++ forbids zero-size array ‘[01m[Kdata[m[K’ [[01;35m[K-Wpedantic[m[K]
[9.803s]    66 |     sl_u8 data[[01;35m[K0[m[K];
[9.803s]       |                [01;35m[K^[m[K
[9.803s] In file included from [01m[K/home/wellyowo/locobot_sim/locobot_ws/src/ThirdParty/rplidar_ros/./sdk/include/rplidar_cmd.h:36[m[K,
[9.803s]                  from [01m[K/home/wellyowo/locobot_sim/locobot_ws/src/ThirdParty/rplidar_ros/./sdk/include/rplidar.h:40[m[K,
[9.803s]                  from [01m[K/home/wellyowo/locobot_sim/locobot_ws/src/ThirdParty/rplidar_ros/sdk/src/sdkcommon.h:49[m[K,
[9.803s]                  from [01m[K/home/wellyowo/locobot_sim/locobot_ws/src/ThirdParty/rplidar_ros/sdk/src/sl_lidarprotocol_codec.cpp:35[m[K:
[9.803s] [01m[K/home/wellyowo/locobot_sim/locobot_ws/src/ThirdParty/rplidar_ros/./sdk/include/sl_lidar_cmd.h:324:20:[m[K [01;35m[Kwarning: [m[KISO C++ forbids zero-size array ‘[01m[Kpayload[m[K’ [[01;35m[K-Wpedantic[m[K]
[9.804s]   324 |     sl_u8  payload[[01;35m[K0[m[K];
[9.804s]       |                    [01;35m[K^[m[K
[10.002s] In file included from [01m[K/home/wellyowo/locobot_sim/locobot_ws/src/ThirdParty/rplidar_ros/./sdk/include/rplidar_protocol.h:36[m[K,
[10.003s]                  from [01m[K/home/wellyowo/locobot_sim/locobot_ws/src/ThirdParty/rplidar_ros/./sdk/include/rplidar.h:39[m[K,
[10.003s]                  from [01m[K/home/wellyowo/locobot_sim/locobot_ws/src/ThirdParty/rplidar_ros/./sdk/src/sdkcommon.h:49[m[K,
[10.003s]                  from [01m[K/home/wellyowo/locobot_sim/locobot_ws/src/ThirdParty/rplidar_ros/sdk/src/hal/thread.cpp:35[m[K:
[10.003s] [01m[K/home/wellyowo/locobot_sim/locobot_ws/src/ThirdParty/rplidar_ros/./sdk/include/sl_lidar_protocol.h:66:16:[m[K [01;35m[Kwarning: [m[KISO C++ forbids zero-size array ‘[01m[Kdata[m[K’ [[01;35m[K-Wpedantic[m[K]
[10.004s]    66 |     sl_u8 data[[01;35m[K0[m[K];
[10.004s]       |                [01;35m[K^[m[K
[10.004s] In file included from [01m[K/home/wellyowo/locobot_sim/locobot_ws/src/ThirdParty/rplidar_ros/./sdk/include/rplidar_cmd.h:36[m[K,
[10.004s]                  from [01m[K/home/wellyowo/locobot_sim/locobot_ws/src/ThirdParty/rplidar_ros/./sdk/include/rplidar.h:40[m[K,
[10.004s]                  from [01m[K/home/wellyowo/locobot_sim/locobot_ws/src/ThirdParty/rplidar_ros/./sdk/src/sdkcommon.h:49[m[K,
[10.005s]                  from [01m[K/home/wellyowo/locobot_sim/locobot_ws/src/ThirdParty/rplidar_ros/sdk/src/hal/thread.cpp:35[m[K:
[10.005s] [01m[K/home/wellyowo/locobot_sim/locobot_ws/src/ThirdParty/rplidar_ros/./sdk/include/sl_lidar_cmd.h:324:20:[m[K [01;35m[Kwarning: [m[KISO C++ forbids zero-size array ‘[01m[Kpayload[m[K’ [[01;35m[K-Wpedantic[m[K]
[10.005s]   324 |     sl_u8  payload[[01;35m[K0[m[K];
[10.005s]       |                    [01;35m[K^[m[K
[10.050s] In file included from [01m[K/home/wellyowo/locobot_sim/locobot_ws/src/ThirdParty/rplidar_ros/sdk/src/sl_async_transceiver.cpp:44[m[K:
[10.051s] [01m[K/home/wellyowo/locobot_sim/locobot_ws/src/ThirdParty/rplidar_ros/sdk/src/sl_async_transceiver.h:[m[K In member function ‘[01m[Kvirtual void sl::internal::IAsyncProtocolCodec::onChannelError(u_result)[m[K’:
[10.051s] [01m[K/home/wellyowo/locobot_sim/locobot_ws/src/ThirdParty/rplidar_ros/sdk/src/sl_async_transceiver.h:90:48:[m[K [01;35m[Kwarning: [m[Kunused parameter ‘[01m[KerrCode[m[K’ [[01;35m[K-Wunused-parameter[m[K]
[10.051s]    90 |         virtual void   onChannelError([01;35m[Ku_result errCode[m[K) {}
[10.051s]       |                                       [01;35m[K~~~~~~~~~^~~~~~~[m[K
[10.116s] In file included from [01m[K/home/wellyowo/locobot_sim/locobot_ws/src/ThirdParty/rplidar_ros/./sdk/include/sl_lidar_cmd.h:41[m[K,
[10.116s]                  from [01m[K/home/wellyowo/locobot_sim/locobot_ws/src/ThirdParty/rplidar_ros/./sdk/include/sl_lidar_driver.h:54[m[K,
[10.116s]                  from [01m[K/home/wellyowo/locobot_sim/locobot_ws/src/ThirdParty/rplidar_ros/sdk/src/sl_udp_channel.cpp:33[m[K:
[10.116s] [01m[K/home/wellyowo/locobot_sim/locobot_ws/src/ThirdParty/rplidar_ros/./sdk/include/sl_lidar_protocol.h:66:16:[m[K [01;35m[Kwarning: [m[KISO C++ forbids zero-size array ‘[01m[Kdata[m[K’ [[01;35m[K-Wpedantic[m[K]
[10.116s]    66 |     sl_u8 data[[01;35m[K0[m[K];
[10.117s]       |                [01;35m[K^[m[K
[10.118s] In file included from [01m[K/home/wellyowo/locobot_sim/locobot_ws/src/ThirdParty/rplidar_ros/./sdk/include/sl_lidar_driver.h:54[m[K,
[10.118s]                  from [01m[K/home/wellyowo/locobot_sim/locobot_ws/src/ThirdParty/rplidar_ros/sdk/src/sl_udp_channel.cpp:33[m[K:
[10.118s] [01m[K/home/wellyowo/locobot_sim/locobot_ws/src/ThirdParty/rplidar_ros/./sdk/include/sl_lidar_cmd.h:324:20:[m[K [01;35m[Kwarning: [m[KISO C++ forbids zero-size array ‘[01m[Kpayload[m[K’ [[01;35m[K-Wpedantic[m[K]
[10.118s]   324 |     sl_u8  payload[[01;35m[K0[m[K];
[10.118s]       |                    [01;35m[K^[m[K
[10.124s] [01m[K/home/wellyowo/locobot_sim/locobot_ws/src/ThirdParty/rplidar_ros/sdk/src/sl_udp_channel.cpp:[m[K In member function ‘[01m[Kvoid sl::UdpChannel::setStatus(_u32)[m[K’:
[10.127s] [01m[K/home/wellyowo/locobot_sim/locobot_ws/src/ThirdParty/rplidar_ros/sdk/src/sl_udp_channel.cpp:112:29:[m[K [01;35m[Kwarning: [m[Kunused parameter ‘[01m[Kflag[m[K’ [[01;35m[K-Wunused-parameter[m[K]
[10.127s]   112 |         void setStatus([01;35m[K_u32 flag[m[K){}
[10.127s]       |                        [01;35m[K~~~~~^~~~[m[K
[10.222s] In file included from [01m[K/home/wellyowo/locobot_sim/locobot_ws/src/ThirdParty/rplidar_ros/sdk/src/sl_lidarprotocol_codec.cpp:49[m[K:
[10.222s] [01m[K/home/wellyowo/locobot_sim/locobot_ws/src/ThirdParty/rplidar_ros/sdk/src/sl_async_transceiver.h:[m[K In member function ‘[01m[Kvirtual void sl::internal::IAsyncProtocolCodec::onChannelError(u_result)[m[K’:
[10.222s] [01m[K/home/wellyowo/locobot_sim/locobot_ws/src/ThirdParty/rplidar_ros/sdk/src/sl_async_transceiver.h:90:48:[m[K [01;35m[Kwarning: [m[Kunused parameter ‘[01m[KerrCode[m[K’ [[01;35m[K-Wunused-parameter[m[K]
[10.222s]    90 |         virtual void   onChannelError([01;35m[Ku_result errCode[m[K) {}
[10.222s]       |                                       [01;35m[K~~~~~~~~~^~~~~~~[m[K
[10.317s] In file included from [01m[K/home/wellyowo/locobot_sim/locobot_ws/src/ThirdParty/rplidar_ros/sdk/src/hal/thread.cpp:43[m[K:
[10.317s] [01m[K/home/wellyowo/locobot_sim/locobot_ws/src/ThirdParty/rplidar_ros/./sdk/src/arch/linux/thread.hpp:[m[K In static member function ‘[01m[Kstatic rp::hal::Thread rp::hal::Thread::create(thread_proc_t, void*)[m[K’:
[10.317s] [01m[K/home/wellyowo/locobot_sim/locobot_ws/src/ThirdParty/rplidar_ros/./sdk/src/arch/linux/thread.hpp:52:57:[m[K [01;35m[Kwarning: [m[Kcast between incompatible function types from ‘[01m[Kthread_proc_t[m[K’ {aka ‘[01m[Klong unsigned int (*)(void*)[m[K’} to ‘[01m[Kvoid* (*)(void*)[m[K’ [[01;35m[K-Wcast-function-type[m[K]
[10.317s]    52 |     pthread_create((pthread_t *)&newborn._handle, NULL, [01;35m[K(void * (*)(void *))proc[m[K, data);
[10.318s]       |                                                         [01;35m[K^~~~~~~~~~~~~~~~~~~~~~~~[m[K
[10.344s] [01m[K/home/wellyowo/locobot_sim/locobot_ws/src/ThirdParty/rplidar_ros/./sdk/src/arch/linux/thread.hpp:[m[K In member function ‘[01m[Ku_result rp::hal::Thread::join(long unsigned int)[m[K’:
[10.344s] [01m[K/home/wellyowo/locobot_sim/locobot_ws/src/ThirdParty/rplidar_ros/./sdk/src/arch/linux/thread.hpp:176:37:[m[K [01;35m[Kwarning: [m[Kunused parameter ‘[01m[Ktimeout[m[K’ [[01;35m[K-Wunused-parameter[m[K]
[10.345s]   176 | u_result Thread::join([01;35m[Kunsigned long timeout[m[K)
[10.345s]       |                       [01;35m[K~~~~~~~~~~~~~~^~~~~~~[m[K
[10.460s] In file included from [01m[K/home/wellyowo/locobot_sim/locobot_ws/src/ThirdParty/rplidar_ros/./sdk/include/sl_lidar_cmd.h:41[m[K,
[10.461s]                  from [01m[K/home/wellyowo/locobot_sim/locobot_ws/src/ThirdParty/rplidar_ros/./sdk/include/sl_lidar_driver.h:54[m[K,
[10.461s]                  from [01m[K/home/wellyowo/locobot_sim/locobot_ws/src/ThirdParty/rplidar_ros/sdk/src/sl_serial_channel.cpp:33[m[K:
[10.461s] [01m[K/home/wellyowo/locobot_sim/locobot_ws/src/ThirdParty/rplidar_ros/./sdk/include/sl_lidar_protocol.h:66:16:[m[K [01;35m[Kwarning: [m[KISO C++ forbids zero-size array ‘[01m[Kdata[m[K’ [[01;35m[K-Wpedantic[m[K]
[10.461s]    66 |     sl_u8 data[[01;35m[K0[m[K];
[10.461s]       |                [01;35m[K^[m[K
[10.472s] In file included from [01m[K/home/wellyowo/locobot_sim/locobot_ws/src/ThirdParty/rplidar_ros/./sdk/include/sl_lidar_driver.h:54[m[K,
[10.472s]                  from [01m[K/home/wellyowo/locobot_sim/locobot_ws/src/ThirdParty/rplidar_ros/sdk/src/sl_serial_channel.cpp:33[m[K:
[10.472s] [01m[K/home/wellyowo/locobot_sim/locobot_ws/src/ThirdParty/rplidar_ros/./sdk/include/sl_lidar_cmd.h:324:20:[m[K [01;35m[Kwarning: [m[KISO C++ forbids zero-size array ‘[01m[Kpayload[m[K’ [[01;35m[K-Wpedantic[m[K]
[10.472s]   324 |     sl_u8  payload[[01;35m[K0[m[K];
[10.472s]       |                    [01;35m[K^[m[K
[10.557s] In file included from [01m[K/home/wellyowo/locobot_sim/locobot_ws/src/ThirdParty/rplidar_ros/./sdk/include/rplidar_protocol.h:36[m[K,
[10.558s]                  from [01m[K/home/wellyowo/locobot_sim/locobot_ws/src/ThirdParty/rplidar_ros/./sdk/include/rplidar.h:39[m[K,
[10.558s]                  from [01m[K/home/wellyowo/locobot_sim/locobot_ws/src/ThirdParty/rplidar_ros/sdk/src/sdkcommon.h:49[m[K,
[10.558s]                  from [01m[K/home/wellyowo/locobot_sim/locobot_ws/src/ThirdParty/rplidar_ros/sdk/src/rplidar_driver.cpp:33[m[K:
[10.558s] [01m[K/home/wellyowo/locobot_sim/locobot_ws/src/ThirdParty/rplidar_ros/./sdk/include/sl_lidar_protocol.h:66:16:[m[K [01;35m[Kwarning: [m[KISO C++ forbids zero-size array ‘[01m[Kdata[m[K’ [[01;35m[K-Wpedantic[m[K]
[10.558s]    66 |     sl_u8 data[[01;35m[K0[m[K];
[10.560s]       |                [01;35m[K^[m[K
[10.563s] In file included from [01m[K/home/wellyowo/locobot_sim/locobot_ws/src/ThirdParty/rplidar_ros/./sdk/include/rplidar_cmd.h:36[m[K,
[10.563s]                  from [01m[K/home/wellyowo/locobot_sim/locobot_ws/src/ThirdParty/rplidar_ros/./sdk/include/rplidar.h:40[m[K,
[10.563s]                  from [01m[K/home/wellyowo/locobot_sim/locobot_ws/src/ThirdParty/rplidar_ros/sdk/src/sdkcommon.h:49[m[K,
[10.563s]                  from [01m[K/home/wellyowo/locobot_sim/locobot_ws/src/ThirdParty/rplidar_ros/sdk/src/rplidar_driver.cpp:33[m[K:
[10.564s] [01m[K/home/wellyowo/locobot_sim/locobot_ws/src/ThirdParty/rplidar_ros/./sdk/include/sl_lidar_cmd.h:324:20:[m[K [01;35m[Kwarning: [m[KISO C++ forbids zero-size array ‘[01m[Kpayload[m[K’ [[01;35m[K-Wpedantic[m[K]
[10.564s]   324 |     sl_u8  payload[[01;35m[K0[m[K];
[10.564s]       |                    [01;35m[K^[m[K
[10.571s] In file included from [01m[K/home/wellyowo/locobot_sim/locobot_ws/src/ThirdParty/rplidar_ros/./sdk/include/rplidar_protocol.h:36[m[K,
[10.571s]                  from [01m[K/home/wellyowo/locobot_sim/locobot_ws/src/ThirdParty/rplidar_ros/./sdk/include/rplidar.h:39[m[K,
[10.571s]                  from [01m[K/home/wellyowo/locobot_sim/locobot_ws/src/ThirdParty/rplidar_ros/sdk/src/sdkcommon.h:49[m[K,
[10.574s]                  from [01m[K/home/wellyowo/locobot_sim/locobot_ws/src/ThirdParty/rplidar_ros/sdk/src/sl_lidar_driver.cpp:33[m[K:
[10.574s] [01m[K/home/wellyowo/locobot_sim/locobot_ws/src/ThirdParty/rplidar_ros/./sdk/include/sl_lidar_protocol.h:66:16:[m[K [01;35m[Kwarning: [m[KISO C++ forbids zero-size array ‘[01m[Kdata[m[K’ [[01;35m[K-Wpedantic[m[K]
[10.574s]    66 |     sl_u8 data[[01;35m[K0[m[K];
[10.574s]       |                [01;35m[K^[m[K
[10.575s] In file included from [01m[K/home/wellyowo/locobot_sim/locobot_ws/src/ThirdParty/rplidar_ros/./sdk/include/rplidar_cmd.h:36[m[K,
[10.575s]                  from [01m[K/home/wellyowo/locobot_sim/locobot_ws/src/ThirdParty/rplidar_ros/./sdk/include/rplidar.h:40[m[K,
[10.581s]                  from [01m[K/home/wellyowo/locobot_sim/locobot_ws/src/ThirdParty/rplidar_ros/sdk/src/sdkcommon.h:49[m[K,
[10.581s]                  from [01m[K/home/wellyowo/locobot_sim/locobot_ws/src/ThirdParty/rplidar_ros/sdk/src/sl_lidar_driver.cpp:33[m[K:
[10.581s] [01m[K/home/wellyowo/locobot_sim/locobot_ws/src/ThirdParty/rplidar_ros/./sdk/include/sl_lidar_cmd.h:324:20:[m[K [01;35m[Kwarning: [m[KISO C++ forbids zero-size array ‘[01m[Kpayload[m[K’ [[01;35m[K-Wpedantic[m[K]
[10.582s]   324 |     sl_u8  payload[[01;35m[K0[m[K];
[10.582s]       |                    [01;35m[K^[m[K
[10.791s] In file included from [01m[K/home/wellyowo/locobot_sim/locobot_ws/src/ThirdParty/rplidar_ros/./sdk/include/sl_lidar_cmd.h:41[m[K,
[10.792s]                  from [01m[K/home/wellyowo/locobot_sim/locobot_ws/src/ThirdParty/rplidar_ros/./sdk/include/sl_lidar_driver.h:54[m[K,
[10.792s]                  from [01m[K/home/wellyowo/locobot_sim/locobot_ws/src/ThirdParty/rplidar_ros/sdk/src/sl_tcp_channel.cpp:33[m[K:
[10.792s] [01m[K/home/wellyowo/locobot_sim/locobot_ws/src/ThirdParty/rplidar_ros/./sdk/include/sl_lidar_protocol.h:66:16:[m[K [01;35m[Kwarning: [m[KISO C++ forbids zero-size array ‘[01m[Kdata[m[K’ [[01;35m[K-Wpedantic[m[K]
[10.792s]    66 |     sl_u8 data[[01;35m[K0[m[K];
[10.792s]       |                [01;35m[K^[m[K
[10.792s] In file included from [01m[K/home/wellyowo/locobot_sim/locobot_ws/src/ThirdParty/rplidar_ros/./sdk/include/sl_lidar_driver.h:54[m[K,
[10.792s]                  from [01m[K/home/wellyowo/locobot_sim/locobot_ws/src/ThirdParty/rplidar_ros/sdk/src/sl_tcp_channel.cpp:33[m[K:
[10.792s] [01m[K/home/wellyowo/locobot_sim/locobot_ws/src/ThirdParty/rplidar_ros/./sdk/include/sl_lidar_cmd.h:324:20:[m[K [01;35m[Kwarning: [m[KISO C++ forbids zero-size array ‘[01m[Kpayload[m[K’ [[01;35m[K-Wpedantic[m[K]
[10.792s]   324 |     sl_u8  payload[[01;35m[K0[m[K];
[10.792s]       |                    [01;35m[K^[m[K
[10.829s] [01m[K/home/wellyowo/locobot_sim/locobot_ws/src/ThirdParty/rplidar_ros/sdk/src/sl_tcp_channel.cpp:[m[K In member function ‘[01m[Kvoid sl::TcpChannel::setStatus(_u32)[m[K’:
[10.830s] [01m[K/home/wellyowo/locobot_sim/locobot_ws/src/ThirdParty/rplidar_ros/sdk/src/sl_tcp_channel.cpp:109:29:[m[K [01;35m[Kwarning: [m[Kunused parameter ‘[01m[Kflag[m[K’ [[01;35m[K-Wunused-parameter[m[K]
[10.830s]   109 |         void setStatus([01;35m[K_u32 flag[m[K){}
[10.830s]       |                        [01;35m[K~~~~~^~~~[m[K
[11.054s] In file included from [01m[K/home/wellyowo/locobot_sim/locobot_ws/src/ThirdParty/rplidar_ros/sdk/src/sl_lidar_driver.cpp:50[m[K:
[11.054s] [01m[K/home/wellyowo/locobot_sim/locobot_ws/src/ThirdParty/rplidar_ros/sdk/src/dataunpacker/dataunpacker.h:[m[K In member function ‘[01m[Kvirtual void sl::internal::LIDARSampleDataListener::onCustomSampleDataDecoded(_u8, _u32, const void*, size_t)[m[K’:
[11.054s] [01m[K/home/wellyowo/locobot_sim/locobot_ws/src/ThirdParty/rplidar_ros/sdk/src/dataunpacker/dataunpacker.h:54:52:[m[K [01;35m[Kwarning: [m[Kunused parameter ‘[01m[KansType[m[K’ [[01;35m[K-Wunused-parameter[m[K]
[11.054s]    54 |         virtual void onCustomSampleDataDecoded([01;35m[K_u8 ansType[m[K, _u32 customCode, const void* data, size_t size) {}
[11.054s]       |                                                [01;35m[K~~~~^~~~~~~[m[K
[11.054s] [01m[K/home/wellyowo/locobot_sim/locobot_ws/src/ThirdParty/rplidar_ros/sdk/src/dataunpacker/dataunpacker.h:54:66:[m[K [01;35m[Kwarning: [m[Kunused parameter ‘[01m[KcustomCode[m[K’ [[01;35m[K-Wunused-parameter[m[K]
[11.054s]    54 |         virtual void onCustomSampleDataDecoded(_u8 ansType, [01;35m[K_u32 customCode[m[K, const void* data, size_t size) {}
[11.054s]       |                                                             [01;35m[K~~~~~^~~~~~~~~~[m[K
[11.055s] [01m[K/home/wellyowo/locobot_sim/locobot_ws/src/ThirdParty/rplidar_ros/sdk/src/dataunpacker/dataunpacker.h:54:90:[m[K [01;35m[Kwarning: [m[Kunused parameter ‘[01m[Kdata[m[K’ [[01;35m[K-Wunused-parameter[m[K]
[11.055s]    54 |         virtual void onCustomSampleDataDecoded(_u8 ansType, _u32 customCode, [01;35m[Kconst void* data[m[K, size_t size) {}
[11.055s]       |                                                                              [01;35m[K~~~~~~~~~~~~^~~~[m[K
[11.055s] [01m[K/home/wellyowo/locobot_sim/locobot_ws/src/ThirdParty/rplidar_ros/sdk/src/dataunpacker/dataunpacker.h:54:103:[m[K [01;35m[Kwarning: [m[Kunused parameter ‘[01m[Ksize[m[K’ [[01;35m[K-Wunused-parameter[m[K]
[11.055s]    54 |         virtual void onCustomSampleDataDecoded(_u8 ansType, _u32 customCode, const void* data, [01;35m[Ksize_t size[m[K) {}
[11.055s]       |                                                                                                [01;35m[K~~~~~~~^~~~[m[K
[11.055s] [01m[K/home/wellyowo/locobot_sim/locobot_ws/src/ThirdParty/rplidar_ros/sdk/src/dataunpacker/dataunpacker.h:[m[K In member function ‘[01m[Kvirtual void sl::internal::LIDARSampleDataListener::onDecodingError(int, _u8, const void*, size_t)[m[K’:
[11.055s] [01m[K/home/wellyowo/locobot_sim/locobot_ws/src/ThirdParty/rplidar_ros/sdk/src/dataunpacker/dataunpacker.h:56:42:[m[K [01;35m[Kwarning: [m[Kunused parameter ‘[01m[KerrMsg[m[K’ [[01;35m[K-Wunused-parameter[m[K]
[11.055s]    56 |         virtual void onDecodingError([01;35m[Kint errMsg[m[K, _u8 ansType, const void* payload, size_t size) {}
[11.055s]       |                                      [01;35m[K~~~~^~~~~~[m[K
[11.055s] [01m[K/home/wellyowo/locobot_sim/locobot_ws/src/ThirdParty/rplidar_ros/sdk/src/dataunpacker/dataunpacker.h:56:54:[m[K [01;35m[Kwarning: [m[Kunused parameter ‘[01m[KansType[m[K’ [[01;35m[K-Wunused-parameter[m[K]
[11.055s]    56 |         virtual void onDecodingError(int errMsg, [01;35m[K_u8 ansType[m[K, const void* payload, size_t size) {}
[11.055s]       |                                                  [01;35m[K~~~~^~~~~~~[m[K
[11.056s] [01m[K/home/wellyowo/locobot_sim/locobot_ws/src/ThirdParty/rplidar_ros/sdk/src/dataunpacker/dataunpacker.h:56:75:[m[K [01;35m[Kwarning: [m[Kunused parameter ‘[01m[Kpayload[m[K’ [[01;35m[K-Wunused-parameter[m[K]
[11.056s]    56 |         virtual void onDecodingError(int errMsg, _u8 ansType, [01;35m[Kconst void* payload[m[K, size_t size) {}
[11.056s]       |                                                               [01;35m[K~~~~~~~~~~~~^~~~~~~[m[K
[11.056s] [01m[K/home/wellyowo/locobot_sim/locobot_ws/src/ThirdParty/rplidar_ros/sdk/src/dataunpacker/dataunpacker.h:56:91:[m[K [01;35m[Kwarning: [m[Kunused parameter ‘[01m[Ksize[m[K’ [[01;35m[K-Wunused-parameter[m[K]
[11.056s]    56 |         virtual void onDecodingError(int errMsg, _u8 ansType, const void* payload, [01;35m[Ksize_t size[m[K) {}
[11.056s]       |                                                                                    [01;35m[K~~~~~~~^~~~[m[K
[11.061s] In file included from [01m[K/home/wellyowo/locobot_sim/locobot_ws/src/ThirdParty/rplidar_ros/sdk/src/sl_lidar_driver.cpp:51[m[K:
[11.061s] [01m[K/home/wellyowo/locobot_sim/locobot_ws/src/ThirdParty/rplidar_ros/sdk/src/sl_async_transceiver.h:[m[K In member function ‘[01m[Kvirtual void sl::internal::IAsyncProtocolCodec::onChannelError(u_result)[m[K’:
[11.061s] [01m[K/home/wellyowo/locobot_sim/locobot_ws/src/ThirdParty/rplidar_ros/sdk/src/sl_async_transceiver.h:90:48:[m[K [01;35m[Kwarning: [m[Kunused parameter ‘[01m[KerrCode[m[K’ [[01;35m[K-Wunused-parameter[m[K]
[11.061s]    90 |         virtual void   onChannelError([01;35m[Ku_result errCode[m[K) {}
[11.062s]       |                                       [01;35m[K~~~~~~~~~^~~~~~~[m[K
[11.107s] [01m[K/home/wellyowo/locobot_sim/locobot_ws/src/ThirdParty/rplidar_ros/sdk/src/sl_lidar_driver.cpp:[m[K In member function ‘[01m[Kvirtual sl_result sl::SlamtecLidarDriver::reset(sl_u32)[m[K’:
[11.109s] [01m[K/home/wellyowo/locobot_sim/locobot_ws/src/ThirdParty/rplidar_ros/sdk/src/sl_lidar_driver.cpp:511:32:[m[K [01;35m[Kwarning: [m[Kunused parameter ‘[01m[KtimeoutInMs[m[K’ [[01;35m[K-Wunused-parameter[m[K]
[11.109s]   511 |         sl_result reset([01;35m[Ksl_u32 timeoutInMs = DEFAULT_TIMEOUT[m[K)
[11.111s]       |                         [01;35m[K~~~~~~~^~~~~~~~~~~~~~~~~~~~~~~~~~~~~[m[K
[11.116s] [01m[K/home/wellyowo/locobot_sim/locobot_ws/src/ThirdParty/rplidar_ros/sdk/src/sl_lidar_driver.cpp:[m[K In member function ‘[01m[Kvirtual sl_result sl::SlamtecLidarDriver::startScan(bool, bool, sl_u32, sl::LidarScanMode*)[m[K’:
[11.116s] [01m[K/home/wellyowo/locobot_sim/locobot_ws/src/ThirdParty/rplidar_ros/sdk/src/sl_lidar_driver.cpp:586:69:[m[K [01;35m[Kwarning: [m[Kunused parameter ‘[01m[Koptions[m[K’ [[01;35m[K-Wunused-parameter[m[K]
[11.116s]   586 |         sl_result startScan(bool force, bool useTypicalScan, [01;35m[Ksl_u32 options = 0[m[K, LidarScanMode* outUsedScanMode = nullptr)
[11.116s]       |                                                              [01;35m[K~~~~~~~^~~~~~~~~~~[m[K
[11.127s] [01m[K/home/wellyowo/locobot_sim/locobot_ws/src/ThirdParty/rplidar_ros/sdk/src/sl_lidar_driver.cpp:[m[K In member function ‘[01m[Kvirtual sl_result sl::SlamtecLidarDriver::stop(sl_u32)[m[K’:
[11.127s] [01m[K/home/wellyowo/locobot_sim/locobot_ws/src/ThirdParty/rplidar_ros/sdk/src/sl_lidar_driver.cpp:763:31:[m[K [01;35m[Kwarning: [m[Kunused parameter ‘[01m[Ktimeout[m[K’ [[01;35m[K-Wunused-parameter[m[K]
[11.127s]   763 |         sl_result stop([01;35m[Ksl_u32 timeout = DEFAULT_TIMEOUT[m[K)
[11.127s]       |                        [01;35m[K~~~~~~~^~~~~~~~~~~~~~~~~~~~~~~~~[m[K
[11.127s] [01m[K/home/wellyowo/locobot_sim/locobot_ws/src/ThirdParty/rplidar_ros/sdk/src/sl_lidar_driver.cpp:[m[K In member function ‘[01m[Kvirtual sl_result sl::SlamtecLidarDriver::getFrequency(const sl::LidarScanMode&, const sl_lidar_response_measurement_node_hq_t*, size_t, float&)[m[K’:
[11.128s] [01m[K/home/wellyowo/locobot_sim/locobot_ws/src/ThirdParty/rplidar_ros/sdk/src/sl_lidar_driver.cpp:880:110:[m[K [01;35m[Kwarning: [m[Kunused parameter ‘[01m[Knodes[m[K’ [[01;35m[K-Wunused-parameter[m[K]
[11.128s]   880 |         sl_result getFrequency(const LidarScanMode& scanMode, [01;35m[Kconst sl_lidar_response_measurement_node_hq_t* nodes[m[K, size_t count, float& frequency)
[11.128s]       |                                                               [01;35m[K~~~~~~~~~~~~~~~~~~~~~~~~~~~~~~~~~~~~~~~~~~~~~~~^~~~~[m[K
[11.128s] [01m[K/home/wellyowo/locobot_sim/locobot_ws/src/ThirdParty/rplidar_ros/sdk/src/sl_lidar_driver.cpp:[m[K In member function ‘[01m[Kvirtual sl_result sl::SlamtecLidarDriver::getMotorInfo(sl::LidarMotorInfo&, sl_u32)[m[K’:
[11.128s] [01m[K/home/wellyowo/locobot_sim/locobot_ws/src/ThirdParty/rplidar_ros/sdk/src/sl_lidar_driver.cpp:1023:66:[m[K [01;35m[Kwarning: [m[Kunused parameter ‘[01m[KtimeoutInMs[m[K’ [[01;35m[K-Wunused-parameter[m[K]
[11.128s]  1023 |         sl_result getMotorInfo(LidarMotorInfo &motorInfo, [01;35m[Ksl_u32 timeoutInMs[m[K)
[11.128s]       |                                                           [01;35m[K~~~~~~~^~~~~~~~~~~[m[K
[11.128s] [01m[K/home/wellyowo/locobot_sim/locobot_ws/src/ThirdParty/rplidar_ros/sdk/src/sl_lidar_driver.cpp:[m[K In member function ‘[01m[Ku_result sl::SlamtecLidarDriver::getScanModeCount(sl_u16&, sl_u32)[m[K’:
[11.132s] [01m[K/home/wellyowo/locobot_sim/locobot_ws/src/ThirdParty/rplidar_ros/sdk/src/sl_lidar_driver.cpp:1199:61:[m[K [01;35m[Kwarning: [m[Kunused parameter ‘[01m[KtimeoutInMs[m[K’ [[01;35m[K-Wunused-parameter[m[K]
[11.132s]  1199 |         u_result getScanModeCount(sl_u16& modeCount, [01;35m[Ksl_u32 timeoutInMs = DEFAULT_TIMEOUT[m[K)
[11.133s]       |                                                      [01;35m[K~~~~~~~^~~~~~~~~~~~~~~~~~~~~~~~~~~~~[m[K
[11.197s] /home/wellyowo/locobot_sim/locobot_ws/src/ThirdParty/rplidar_ros/sdk/src/sl_lidar_driver.cpp: In instantiation of ‘[01m[Kvoid sl::RawSampleNodeHolder<T>::pushNode(_u64, const T*) [with T = sl_lidar_response_measurement_node_hq_t; _u64 = long unsigned int][m[K’:
[11.200s] [01m[K/home/wellyowo/locobot_sim/locobot_ws/src/ThirdParty/rplidar_ros/sdk/src/sl_lidar_driver.cpp:1648:42:[m[K   required from here
[11.201s] [01m[K/home/wellyowo/locobot_sim/locobot_ws/src/ThirdParty/rplidar_ros/sdk/src/sl_lidar_driver.cpp:202:28:[m[K [01;35m[Kwarning: [m[Kunused parameter ‘[01m[Ktimestamp_uS[m[K’ [[01;35m[K-Wunused-parameter[m[K]
[11.201s]   202 |         void pushNode([01;35m[K_u64 timestamp_uS[m[K, const T* node)
[11.201s]       |                       [01;35m[K~~~~~^~~~~~~~~~~~[m[K
[11.349s] [01m[K/home/wellyowo/locobot_sim/locobot_ws/src/ThirdParty/rplidar_ros/sdk/src/rplidar_driver.cpp:[m[K In member function ‘[01m[Ku_result rp::standalone::rplidar::RPlidarDriver::connect(const char*, _u32, _u32)[m[K’:
[11.353s] [01m[K/home/wellyowo/locobot_sim/locobot_ws/src/ThirdParty/rplidar_ros/sdk/src/rplidar_driver.cpp:67:77:[m[K [01;35m[Kwarning: [m[Kunused parameter ‘[01m[Kflag[m[K’ [[01;35m[K-Wunused-parameter[m[K]
[11.353s]    67 |     u_result RPlidarDriver::connect(const char *path, _u32 portOrBaud, [01;35m[K_u32 flag[m[K)
[11.353s]       |                                                                        [01;35m[K~~~~~^~~~[m[K
[11.354s] [01m[K/home/wellyowo/locobot_sim/locobot_ws/src/ThirdParty/rplidar_ros/sdk/src/rplidar_driver.cpp:[m[K In member function ‘[01m[Ku_result rp::standalone::rplidar::RPlidarDriver::reset(_u32)[m[K’:
[11.354s] [01m[K/home/wellyowo/locobot_sim/locobot_ws/src/ThirdParty/rplidar_ros/sdk/src/rplidar_driver.cpp:101:40:[m[K [01;35m[Kwarning: [m[Kunused parameter ‘[01m[Ktimeout[m[K’ [[01;35m[K-Wunused-parameter[m[K]
[11.354s]   101 |     u_result RPlidarDriver::reset([01;35m[K_u32 timeout[m[K)
[11.354s]       |                                   [01;35m[K~~~~~^~~~~~~[m[K
[11.354s] [01m[K/home/wellyowo/locobot_sim/locobot_ws/src/ThirdParty/rplidar_ros/sdk/src/rplidar_driver.cpp:[m[K In member function ‘[01m[Ku_result rp::standalone::rplidar::RPlidarDriver::getScanDataWithInterval(rplidar_response_measurement_node_t*, size_t&)[m[K’:
[11.354s] [01m[K/home/wellyowo/locobot_sim/locobot_ws/src/ThirdParty/rplidar_ros/sdk/src/rplidar_driver.cpp:180:91:[m[K [01;35m[Kwarning: [m[Kunused parameter ‘[01m[Knodebuffer[m[K’ [[01;35m[K-Wunused-parameter[m[K]
[11.354s]   180 |     u_result RPlidarDriver::getScanDataWithInterval([01;35m[Krplidar_response_measurement_node_t * nodebuffer[m[K, size_t & count)
[11.355s]       |                                                     [01;35m[K~~~~~~~~~~~~~~~~~~~~~~~~~~~~~~~~~~~~~~^~~~~~~~~~[m[K
[11.355s] [01m[K/home/wellyowo/locobot_sim/locobot_ws/src/ThirdParty/rplidar_ros/sdk/src/rplidar_driver.cpp:180:112:[m[K [01;35m[Kwarning: [m[Kunused parameter ‘[01m[Kcount[m[K’ [[01;35m[K-Wunused-parameter[m[K]
[11.355s]   180 |     u_result RPlidarDriver::getScanDataWithInterval(rplidar_response_measurement_node_t * nodebuffer, [01;35m[Ksize_t & count[m[K)
[11.355s]       |                                                                                                       [01;35m[K~~~~~~~~~^~~~~[m[K
[11.612s] [01m[K/home/wellyowo/locobot_sim/locobot_ws/src/ThirdParty/rplidar_ros/sdk/src/sl_lidar_driver.cpp:[m[K At global scope:
[11.612s] [01m[K/home/wellyowo/locobot_sim/locobot_ws/src/ThirdParty/rplidar_ros/sdk/src/sl_lidar_driver.cpp:83:17:[m[K [01;35m[Kwarning: [m[K‘[01m[Kvoid sl::convert(const sl_lidar_response_measurement_node_hq_t&, sl_lidar_response_measurement_node_t&)[m[K’ defined but not used [[01;35m[K-Wunused-function[m[K]
[11.612s]    83 |     static void [01;35m[Kconvert[m[K(const sl_lidar_response_measurement_node_hq_t& from, sl_lidar_response_measurement_node_t& to)
[11.613s]       |                 [01;35m[K^~~~~~~[m[K
[11.613s] [01m[K/home/wellyowo/locobot_sim/locobot_ws/src/ThirdParty/rplidar_ros/sdk/src/sl_lidar_driver.cpp:75:17:[m[K [01;35m[Kwarning: [m[K‘[01m[Kvoid sl::convert(const sl_lidar_response_measurement_node_t&, sl_lidar_response_measurement_node_hq_t&)[m[K’ defined but not used [[01;35m[K-Wunused-function[m[K]
[11.613s]    75 |     static void [01;35m[Kconvert[m[K(const sl_lidar_response_measurement_node_t& from, sl_lidar_response_measurement_node_hq_t& to)
[11.613s]       |                 [01;35m[K^~~~~~~[m[K
[11.613s] [01m[K/home/wellyowo/locobot_sim/locobot_ws/src/ThirdParty/rplidar_ros/sdk/src/sl_lidar_driver.cpp:70:17:[m[K [01;35m[Kwarning: [m[K‘[01m[Kvoid sl::printDeprecationWarn(const char*, const char*)[m[K’ defined but not used [[01;35m[K-Wunused-function[m[K]
[11.613s]    70 |     static void [01;35m[KprintDeprecationWarn[m[K(const char* fn, const char* replacement)
[11.613s]       |                 [01;35m[K^~~~~~~~~~~~~~~~~~~~[m[K
[21.470s] In file included from [01m[K/home/wellyowo/locobot_sim/locobot_ws/src/ThirdParty/rplidar_ros/./sdk/include/sl_lidar_cmd.h:41[m[K,
[21.471s]                  from [01m[K/home/wellyowo/locobot_sim/locobot_ws/src/ThirdParty/rplidar_ros/./sdk/include/sl_lidar_driver.h:54[m[K,
[21.471s]                  from [01m[K/home/wellyowo/locobot_sim/locobot_ws/src/ThirdParty/rplidar_ros/./sdk/include/sl_lidar.h:36[m[K,
[21.471s]                  from [01m[K/home/wellyowo/locobot_sim/locobot_ws/src/ThirdParty/rplidar_ros/src/rplidar_node.cpp:38[m[K:
[21.471s] [01m[K/home/wellyowo/locobot_sim/locobot_ws/src/ThirdParty/rplidar_ros/./sdk/include/sl_lidar_protocol.h:66:16:[m[K [01;35m[Kwarning: [m[KISO C++ forbids zero-size array ‘[01m[Kdata[m[K’ [[01;35m[K-Wpedantic[m[K]
[21.471s]    66 |     sl_u8 data[[01;35m[K0[m[K];
[21.471s]       |                [01;35m[K^[m[K
[21.472s] In file included from [01m[K/home/wellyowo/locobot_sim/locobot_ws/src/ThirdParty/rplidar_ros/./sdk/include/sl_lidar_driver.h:54[m[K,
[21.472s]                  from [01m[K/home/wellyowo/locobot_sim/locobot_ws/src/ThirdParty/rplidar_ros/./sdk/include/sl_lidar.h:36[m[K,
[21.472s]                  from [01m[K/home/wellyowo/locobot_sim/locobot_ws/src/ThirdParty/rplidar_ros/src/rplidar_node.cpp:38[m[K:
[21.472s] [01m[K/home/wellyowo/locobot_sim/locobot_ws/src/ThirdParty/rplidar_ros/./sdk/include/sl_lidar_cmd.h:324:20:[m[K [01;35m[Kwarning: [m[KISO C++ forbids zero-size array ‘[01m[Kpayload[m[K’ [[01;35m[K-Wpedantic[m[K]
[21.472s]   324 |     sl_u8  payload[[01;35m[K0[m[K];
[21.472s]       |                    [01;35m[K^[m[K
[32.462s] In file included from [01m[K/home/wellyowo/locobot_sim/locobot_ws/src/ThirdParty/rplidar_ros/./sdk/include/sl_lidar_cmd.h:41[m[K,
[32.462s]                  from [01m[K/home/wellyowo/locobot_sim/locobot_ws/src/ThirdParty/rplidar_ros/./sdk/include/sl_lidar_driver.h:54[m[K,
[32.462s]                  from [01m[K/home/wellyowo/locobot_sim/locobot_ws/src/ThirdParty/rplidar_ros/./sdk/include/sl_lidar.h:36[m[K,
[32.462s]                  from [01m[K/home/wellyowo/locobot_sim/locobot_ws/src/ThirdParty/rplidar_ros/src/rplidar_node.cpp:38[m[K:
[32.463s] [01m[K/home/wellyowo/locobot_sim/locobot_ws/src/ThirdParty/rplidar_ros/./sdk/include/sl_lidar_protocol.h:66:16:[m[K [01;35m[Kwarning: [m[KISO C++ forbids zero-size array ‘[01m[Kdata[m[K’ [[01;35m[K-Wpedantic[m[K]
[32.463s]    66 |     sl_u8 data[[01;35m[K0[m[K];
[32.463s]       |                [01;35m[K^[m[K
[32.464s] In file included from [01m[K/home/wellyowo/locobot_sim/locobot_ws/src/ThirdParty/rplidar_ros/./sdk/include/sl_lidar_driver.h:54[m[K,
[32.464s]                  from [01m[K/home/wellyowo/locobot_sim/locobot_ws/src/ThirdParty/rplidar_ros/./sdk/include/sl_lidar.h:36[m[K,
[32.464s]                  from [01m[K/home/wellyowo/locobot_sim/locobot_ws/src/ThirdParty/rplidar_ros/src/rplidar_node.cpp:38[m[K:
[32.464s] [01m[K/home/wellyowo/locobot_sim/locobot_ws/src/ThirdParty/rplidar_ros/./sdk/include/sl_lidar_cmd.h:324:20:[m[K [01;35m[Kwarning: [m[KISO C++ forbids zero-size array ‘[01m[Kpayload[m[K’ [[01;35m[K-Wpedantic[m[K]
[32.464s]   324 |     sl_u8  payload[[01;35m[K0[m[K];
[32.468s]       |                    [01;35m[K^[m[K
[39.637s] [ 94%] [32m[1mLinking CXX executable rplidar_composition[0m
[40.723s] [ 94%] Built target rplidar_composition
[44.582s] [ 97%] [32m[1mLinking CXX executable rplidar_node[0m
[47.358s] [ 97%] Built target rplidar_node
[83.756s] [100%] [32m[1mLinking CXX executable rplidar_client[0m
[87.793s] [100%] Built target rplidar_client
[87.843s] Invoked command in '/home/wellyowo/locobot_sim/locobot_ws/build/rplidar_ros' returned '0': CMAKE_PREFIX_PATH=/opt/ros/humble /usr/bin/cmake --build /home/wellyowo/locobot_sim/locobot_ws/build/rplidar_ros -- -j16 -l16
[87.896s] Invoking command in '/home/wellyowo/locobot_sim/locobot_ws/build/rplidar_ros': CMAKE_PREFIX_PATH=/opt/ros/humble /usr/bin/cmake --install /home/wellyowo/locobot_sim/locobot_ws/build/rplidar_ros
[87.926s] -- Install configuration: ""
[87.926s] -- Execute custom install script
[87.926s] -- Symlinking: /home/wellyowo/locobot_sim/locobot_ws/install/rplidar_ros/share/rplidar_ros/launch/rplidar_a1_launch.py
[87.956s] -- Symlinking: /home/wellyowo/locobot_sim/locobot_ws/install/rplidar_ros/share/rplidar_ros/launch/rplidar_a2m12_launch.py
[87.994s] -- Symlinking: /home/wellyowo/locobot_sim/locobot_ws/install/rplidar_ros/share/rplidar_ros/launch/rplidar_a2m7_launch.py
[88.056s] -- Symlinking: /home/wellyowo/locobot_sim/locobot_ws/install/rplidar_ros/share/rplidar_ros/launch/rplidar_a2m8_launch.py
[88.077s] -- Symlinking: /home/wellyowo/locobot_sim/locobot_ws/install/rplidar_ros/share/rplidar_ros/launch/rplidar_a3_launch.py
[88.117s] -- Symlinking: /home/wellyowo/locobot_sim/locobot_ws/install/rplidar_ros/share/rplidar_ros/launch/rplidar_c1_launch.py
[88.142s] -- Symlinking: /home/wellyowo/locobot_sim/locobot_ws/install/rplidar_ros/share/rplidar_ros/launch/rplidar_s1_launch.py
[88.195s] -- Symlinking: /home/wellyowo/locobot_sim/locobot_ws/install/rplidar_ros/share/rplidar_ros/launch/rplidar_s1_tcp_launch.py
[88.212s] -- Symlinking: /home/wellyowo/locobot_sim/locobot_ws/install/rplidar_ros/share/rplidar_ros/launch/rplidar_s2_launch.py
[88.262s] -- Symlinking: /home/wellyowo/locobot_sim/locobot_ws/install/rplidar_ros/share/rplidar_ros/launch/rplidar_s2e_launch.py
[88.316s] -- Symlinking: /home/wellyowo/locobot_sim/locobot_ws/install/rplidar_ros/share/rplidar_ros/launch/rplidar_s3_launch.py
[88.373s] -- Symlinking: /home/wellyowo/locobot_sim/locobot_ws/install/rplidar_ros/share/rplidar_ros/launch/rplidar_t1_launch.py
[88.437s] -- Symlinking: /home/wellyowo/locobot_sim/locobot_ws/install/rplidar_ros/share/rplidar_ros/launch/view_rplidar_a1_launch.py
[88.491s] -- Symlinking: /home/wellyowo/locobot_sim/locobot_ws/install/rplidar_ros/share/rplidar_ros/launch/view_rplidar_a2m12_launch.py
[88.527s] -- Symlinking: /home/wellyowo/locobot_sim/locobot_ws/install/rplidar_ros/share/rplidar_ros/launch/view_rplidar_a2m7_launch.py
[88.568s] -- Symlinking: /home/wellyowo/locobot_sim/locobot_ws/install/rplidar_ros/share/rplidar_ros/launch/view_rplidar_a2m8_launch.py
[88.621s] -- Symlinking: /home/wellyowo/locobot_sim/locobot_ws/install/rplidar_ros/share/rplidar_ros/launch/view_rplidar_a3_launch.py
[88.682s] -- Symlinking: /home/wellyowo/locobot_sim/locobot_ws/install/rplidar_ros/share/rplidar_ros/launch/view_rplidar_c1_launch.py
[88.754s] -- Symlinking: /home/wellyowo/locobot_sim/locobot_ws/install/rplidar_ros/share/rplidar_ros/launch/view_rplidar_s1_launch.py
[88.785s] -- Symlinking: /home/wellyowo/locobot_sim/locobot_ws/install/rplidar_ros/share/rplidar_ros/launch/view_rplidar_s1_tcp_launch.py
[88.829s] -- Symlinking: /home/wellyowo/locobot_sim/locobot_ws/install/rplidar_ros/share/rplidar_ros/launch/view_rplidar_s2_launch.py
[88.895s] -- Symlinking: /home/wellyowo/locobot_sim/locobot_ws/install/rplidar_ros/share/rplidar_ros/launch/view_rplidar_s2e_launch.py
[88.930s] -- Symlinking: /home/wellyowo/locobot_sim/locobot_ws/install/rplidar_ros/share/rplidar_ros/launch/view_rplidar_s3_launch.py
[88.997s] -- Symlinking: /home/wellyowo/locobot_sim/locobot_ws/install/rplidar_ros/share/rplidar_ros/launch/view_rplidar_t1_launch.py
[89.055s] -- Symlinking: /home/wellyowo/locobot_sim/locobot_ws/install/rplidar_ros/share/rplidar_ros/rviz/rplidar_ros.rviz
[89.110s] -- Symlinking: /home/wellyowo/locobot_sim/locobot_ws/install/rplidar_ros/lib/rplidar_ros/rplidar_node
[89.144s] -- Symlinking: /home/wellyowo/locobot_sim/locobot_ws/install/rplidar_ros/lib/rplidar_ros/rplidar_composition
[89.195s] -- Symlinking: /home/wellyowo/locobot_sim/locobot_ws/install/rplidar_ros/lib/rplidar_ros/rplidar_client
[89.239s] -- Symlinking: /home/wellyowo/locobot_sim/locobot_ws/install/rplidar_ros/share/ament_index/resource_index/package_run_dependencies/rplidar_ros
[89.297s] -- Symlinking: /home/wellyowo/locobot_sim/locobot_ws/install/rplidar_ros/share/ament_index/resource_index/parent_prefix_path/rplidar_ros
[89.359s] -- Symlinking: /home/wellyowo/locobot_sim/locobot_ws/install/rplidar_ros/share/rplidar_ros/environment/ament_prefix_path.sh
[89.404s] -- Symlinking: /home/wellyowo/locobot_sim/locobot_ws/install/rplidar_ros/share/rplidar_ros/environment/ament_prefix_path.dsv
[89.443s] -- Symlinking: /home/wellyowo/locobot_sim/locobot_ws/install/rplidar_ros/share/rplidar_ros/environment/path.sh
[89.485s] -- Symlinking: /home/wellyowo/locobot_sim/locobot_ws/install/rplidar_ros/share/rplidar_ros/environment/path.dsv
[89.534s] -- Symlinking: /home/wellyowo/locobot_sim/locobot_ws/install/rplidar_ros/share/rplidar_ros/local_setup.bash
[89.546s] -- Symlinking: /home/wellyowo/locobot_sim/locobot_ws/install/rplidar_ros/share/rplidar_ros/local_setup.sh
[89.602s] -- Symlinking: /home/wellyowo/locobot_sim/locobot_ws/install/rplidar_ros/share/rplidar_ros/local_setup.zsh
[89.662s] -- Symlinking: /home/wellyowo/locobot_sim/locobot_ws/install/rplidar_ros/share/rplidar_ros/local_setup.dsv
[89.701s] -- Symlinking: /home/wellyowo/locobot_sim/locobot_ws/install/rplidar_ros/share/rplidar_ros/package.dsv
[89.742s] -- Symlinking: /home/wellyowo/locobot_sim/locobot_ws/install/rplidar_ros/share/ament_index/resource_index/packages/rplidar_ros
[89.776s] -- Symlinking: /home/wellyowo/locobot_sim/locobot_ws/install/rplidar_ros/share/rplidar_ros/cmake/ament_cmake_export_dependencies-extras.cmake
[89.813s] -- Symlinking: /home/wellyowo/locobot_sim/locobot_ws/install/rplidar_ros/share/rplidar_ros/cmake/ament_cmake_export_include_directories-extras.cmake
[89.852s] -- Symlinking: /home/wellyowo/locobot_sim/locobot_ws/install/rplidar_ros/share/rplidar_ros/cmake/rplidar_rosConfig.cmake
[89.889s] -- Symlinking: /home/wellyowo/locobot_sim/locobot_ws/install/rplidar_ros/share/rplidar_ros/cmake/rplidar_rosConfig-version.cmake
[89.913s] -- Symlinking: /home/wellyowo/locobot_sim/locobot_ws/install/rplidar_ros/share/rplidar_ros/package.xml
[90.008s] Invoked command in '/home/wellyowo/locobot_sim/locobot_ws/build/rplidar_ros' returned '0': CMAKE_PREFIX_PATH=/opt/ros/humble /usr/bin/cmake --install /home/wellyowo/locobot_sim/locobot_ws/build/rplidar_ros
