[0.165s] Invoking command in '/home/wellyowo/locobot_sim/locobot_ws/build/rplidar_ros': CMAKE_PREFIX_PATH=/opt/ros/humble /usr/bin/cmake /home/wellyowo/locobot_sim/locobot_ws/src/ThirdParty/rplidar_ros -DBUILD_TESTING=OFF -DCMAKE_PREFIX_PATH= -DAMENT_CMAKE_SYMLINK_INSTALL=1 -DCMAKE_INSTALL_PREFIX=/home/wellyowo/locobot_sim/locobot_ws/install/rplidar_ros
[0.255s] -- The C compiler identification is GNU 11.4.0
[0.337s] -- The CXX compiler identification is GNU 11.4.0
[0.346s] -- Detecting C compiler ABI info
[0.469s] -- Detecting C compiler ABI info - done
[0.487s] -- Check for working C compiler: /usr/bin/cc - skipped
[0.487s] -- Detecting C compile features
[0.487s] -- Detecting C compile features - done
[0.488s] -- Detecting CXX compiler ABI info
[0.612s] -- Detecting CXX compiler ABI info - done
[0.622s] -- Check for working CXX compiler: /usr/bin/c++ - skipped
[0.622s] -- Detecting CXX compile features
[0.623s] -- Detecting CXX compile features - done
[0.632s] -- Found ament_cmake: 1.3.11 (/opt/ros/humble/share/ament_cmake/cmake)
[0.851s] -- Found Python3: /usr/bin/python3 (found version "3.10.12") found components: Interpreter 
[1.141s] -- Override CMake install command with custom implementation using symlinks instead of copying resources
[1.349s] -- Found rclcpp: 16.0.12 (/opt/ros/humble/share/rclcpp/cmake)
[1.635s] -- Found rosidl_generator_c: 3.1.6 (/opt/ros/humble/share/rosidl_generator_c/cmake)
[1.664s] -- Found rosidl_adapter: 3.1.6 (/opt/ros/humble/share/rosidl_adapter/cmake)
[1.704s] -- Found rosidl_generator_cpp: 3.1.6 (/opt/ros/humble/share/rosidl_generator_cpp/cmake)
[1.755s] -- Using all available rosidl_typesupport_c: rosidl_typesupport_fastrtps_c;rosidl_typesupport_introspection_c
[1.836s] -- Using all available rosidl_typesupport_cpp: rosidl_typesupport_fastrtps_cpp;rosidl_typesupport_introspection_cpp
[2.024s] -- Found rmw_implementation_cmake: 6.1.2 (/opt/ros/humble/share/rmw_implementation_cmake/cmake)
[2.039s] -- Found rmw_fastrtps_cpp: 6.2.7 (/opt/ros/humble/share/rmw_fastrtps_cpp/cmake)
[2.278s] -- Found OpenSSL: /usr/lib/x86_64-linux-gnu/libcrypto.so (found version "3.0.2")  
[2.397s] -- Found FastRTPS: /opt/ros/humble/include  
[2.589s] -- Using RMW implementation 'rmw_fastrtps_cpp' as default
[2.616s] -- Looking for pthread.h
[2.844s] -- Looking for pthread.h - found
[2.845s] -- Performing Test CMAKE_HAVE_LIBC_PTHREAD
[3.103s] -- Performing Test CMAKE_HAVE_LIBC_PTHREAD - Success
[3.113s] -- Found Threads: TRUE  
[3.214s] -- Found sensor_msgs: 4.9.0 (/opt/ros/humble/share/sensor_msgs/cmake)
[3.253s] -- Found std_srvs: 4.9.0 (/opt/ros/humble/share/std_srvs/cmake)
[3.427s] -- Configuring done
[3.459s] -- Generating done
[3.472s] -- Build files have been written to: /home/wellyowo/locobot_sim/locobot_ws/build/rplidar_ros
[3.552s] Invoked command in '/home/wellyowo/locobot_sim/locobot_ws/build/rplidar_ros' returned '0': CMAKE_PREFIX_PATH=/opt/ros/humble /usr/bin/cmake /home/wellyowo/locobot_sim/locobot_ws/src/ThirdParty/rplidar_ros -DBUILD_TESTING=OFF -DCMAKE_PREFIX_PATH= -DAMENT_CMAKE_SYMLINK_INSTALL=1 -DCMAKE_INSTALL_PREFIX=/home/wellyowo/locobot_sim/locobot_ws/install/rplidar_ros
[3.553s] Invoking command in '/home/wellyowo/locobot_sim/locobot_ws/build/rplidar_ros': CMAKE_PREFIX_PATH=/opt/ros/humble /usr/bin/cmake --build /home/wellyowo/locobot_sim/locobot_ws/build/rplidar_ros -- -j16 -l16
[4.517s] [  2%] [32mBuilding CXX object CMakeFiles/rplidar_client.dir/src/rplidar_client.cpp.o[0m
[4.518s] [  5%] [32mBuilding CXX object CMakeFiles/rplidar_composition.dir/sdk/src/arch/linux/net_serial.cpp.o[0m
[4.518s] [  7%] [32mBuilding CXX object CMakeFiles/rplidar_node.dir/src/rplidar_node.cpp.o[0m
[4.518s] [ 10%] [32mBuilding CXX object CMakeFiles/rplidar_composition.dir/src/rplidar_node.cpp.o[0m
[4.518s] [ 13%] [32mBuilding CXX object CMakeFiles/rplidar_node.dir/sdk/src/arch/linux/net_serial.cpp.o[0m
[4.518s] [ 15%] [32mBuilding CXX object CMakeFiles/rplidar_composition.dir/sdk/src/arch/linux/timer.cpp.o[0m
[4.518s] [ 18%] [32mBuilding CXX object CMakeFiles/rplidar_node.dir/sdk/src/arch/linux/timer.cpp.o[0m
[4.518s] [ 21%] [32mBuilding CXX object CMakeFiles/rplidar_composition.dir/sdk/src/arch/linux/net_socket.cpp.o[0m
[4.519s] [ 23%] [32mBuilding CXX object CMakeFiles/rplidar_node.dir/sdk/src/dataunpacker/dataunpacker.cpp.o[0m
[4.519s] [ 26%] [32mBuilding CXX object CMakeFiles/rplidar_composition.dir/sdk/src/dataunpacker/unpacker/handler_capsules.cpp.o[0m
[4.519s] [ 28%] [32mBuilding CXX object CMakeFiles/rplidar_node.dir/sdk/src/arch/linux/net_socket.cpp.o[0m
[4.519s] [ 31%] [32mBuilding CXX object CMakeFiles/rplidar_node.dir/sdk/src/dataunpacker/unpacker/handler_hqnode.cpp.o[0m
[4.519s] [ 34%] [32mBuilding CXX object CMakeFiles/rplidar_composition.dir/sdk/src/dataunpacker/dataunpacker.cpp.o[0m
[4.519s] [ 36%] [32mBuilding CXX object CMakeFiles/rplidar_node.dir/sdk/src/dataunpacker/unpacker/handler_capsules.cpp.o[0m
[4.535s] [ 39%] [32mBuilding CXX object CMakeFiles/rplidar_composition.dir/sdk/src/dataunpacker/unpacker/handler_hqnode.cpp.o[0m
[4.536s] [ 42%] [32mBuilding CXX object CMakeFiles/rplidar_node.dir/sdk/src/dataunpacker/unpacker/handler_normalnode.cpp.o[0m
[4.538s] In file included from [01m[K/home/wellyowo/locobot_sim/locobot_ws/src/ThirdParty/rplidar_ros/./sdk/include/rplidar_protocol.h:36[m[K,
[4.538s]                  from [01m[K/home/wellyowo/locobot_sim/locobot_ws/src/ThirdParty/rplidar_ros/./sdk/include/rplidar.h:39[m[K,
[4.538s]                  from [01m[K/home/wellyowo/locobot_sim/locobot_ws/src/ThirdParty/rplidar_ros/./sdk/src/sdkcommon.h:49[m[K,
[4.538s]                  from [01m[K/home/wellyowo/locobot_sim/locobot_ws/src/ThirdParty/rplidar_ros/sdk/src/arch/linux/net_socket.cpp:10[m[K:
[4.538s] [01m[K/home/wellyowo/locobot_sim/locobot_ws/src/ThirdParty/rplidar_ros/./sdk/include/sl_lidar_protocol.h:66:16:[m[K [01;35m[Kwarning: [m[KISO C++ forbids zero-size array ‘[01m[Kdata[m[K’ [[01;35m[K-Wpedantic[m[K]
[4.539s]    66 |     sl_u8 data[[01;35m[K0[m[K];
[4.539s]       |                [01;35m[K^[m[K
[4.539s] In file included from [01m[K/home/wellyowo/locobot_sim/locobot_ws/src/ThirdParty/rplidar_ros/./sdk/include/rplidar_cmd.h:36[m[K,
[4.539s]                  from [01m[K/home/wellyowo/locobot_sim/locobot_ws/src/ThirdParty/rplidar_ros/./sdk/include/rplidar.h:40[m[K,
[4.539s]                  from [01m[K/home/wellyowo/locobot_sim/locobot_ws/src/ThirdParty/rplidar_ros/./sdk/src/sdkcommon.h:49[m[K,
[4.547s]                  from [01m[K/home/wellyowo/locobot_sim/locobot_ws/src/ThirdParty/rplidar_ros/sdk/src/arch/linux/net_socket.cpp:10[m[K:
[4.547s] [01m[K/home/wellyowo/locobot_sim/locobot_ws/src/ThirdParty/rplidar_ros/./sdk/include/sl_lidar_cmd.h:324:20:[m[K [01;35m[Kwarning: [m[KISO C++ forbids zero-size array ‘[01m[Kpayload[m[K’ [[01;35m[K-Wpedantic[m[K]
[4.547s]   324 |     sl_u8  payload[[01;35m[K0[m[K];
[4.548s]       |                    [01;35m[K^[m[K
[4.548s] In file included from [01m[K/home/wellyowo/locobot_sim/locobot_ws/src/ThirdParty/rplidar_ros/./sdk/src/arch/linux/arch_linux.h:42[m[K,
[4.548s]                  from [01m[K/home/wellyowo/locobot_sim/locobot_ws/src/ThirdParty/rplidar_ros/./sdk/src/sdkcommon.h:41[m[K,
[4.548s]                  from [01m[K/home/wellyowo/locobot_sim/locobot_ws/src/ThirdParty/rplidar_ros/sdk/src/arch/linux/net_socket.cpp:10[m[K:
[4.548s] [01m[K/home/wellyowo/locobot_sim/locobot_ws/src/ThirdParty/rplidar_ros/sdk/src/arch/linux/net_socket.cpp:[m[K In member function ‘[01m[Kvirtual u_result rp::arch::net::DGramSocketImpl::sendTo(const rp::net::SocketAddress*, const void*, size_t)[m[K’:
[4.548s] [01m[K/home/wellyowo/locobot_sim/locobot_ws/src/ThirdParty/rplidar_ros/sdk/src/arch/linux/net_socket.cpp:733:24:[m[K [01;35m[Kwarning: [m[Kcomparison of integer expressions of different signedness: ‘[01m[Kint[m[K’ and ‘[01m[Ksize_t[m[K’ {aka ‘[01m[Klong unsigned int[m[K’} [[01;35m[K-Wsign-compare[m[K]
[4.549s]   733 |             assert([01;35m[Kans == len[m[K);
[4.549s]       |                    [01;35m[K~~~~^~~~~~[m[K
[4.665s] [ 44%] [32mBuilding CXX object CMakeFiles/rplidar_node.dir/sdk/src/hal/thread.cpp.o[0m
[4.692s] In file included from [01m[K/home/wellyowo/locobot_sim/locobot_ws/src/ThirdParty/rplidar_ros/./sdk/include/rplidar_protocol.h:36[m[K,
[4.692s]                  from [01m[K/home/wellyowo/locobot_sim/locobot_ws/src/ThirdParty/rplidar_ros/./sdk/include/rplidar.h:39[m[K,
[4.692s]                  from [01m[K/home/wellyowo/locobot_sim/locobot_ws/src/ThirdParty/rplidar_ros/./sdk/src/sdkcommon.h:49[m[K,
[4.692s]                  from [01m[K/home/wellyowo/locobot_sim/locobot_ws/src/ThirdParty/rplidar_ros/sdk/src/dataunpacker/unpacker/../dataunnpacker_commondef.h:41[m[K,
[4.692s]                  from [01m[K/home/wellyowo/locobot_sim/locobot_ws/src/ThirdParty/rplidar_ros/sdk/src/dataunpacker/unpacker/handler_hqnode.cpp:39[m[K:
[4.692s] [01m[K/home/wellyowo/locobot_sim/locobot_ws/src/ThirdParty/rplidar_ros/./sdk/include/sl_lidar_protocol.h:66:16:[m[K [01;35m[Kwarning: [m[KISO C++ forbids zero-size array ‘[01m[Kdata[m[K’ [[01;35m[K-Wpedantic[m[K]
[4.724s]    66 |     sl_u8 data[[01;35m[K0[m[K];
[4.724s]       |                [01;35m[K^[m[K
[4.724s] In file included from [01m[K/home/wellyowo/locobot_sim/locobot_ws/src/ThirdParty/rplidar_ros/./sdk/include/rplidar_cmd.h:36[m[K,
[4.724s]                  from [01m[K/home/wellyowo/locobot_sim/locobot_ws/src/ThirdParty/rplidar_ros/./sdk/include/rplidar.h:40[m[K,
[4.724s]                  from [01m[K/home/wellyowo/locobot_sim/locobot_ws/src/ThirdParty/rplidar_ros/./sdk/src/sdkcommon.h:49[m[K,
[4.724s]                  from [01m[K/home/wellyowo/locobot_sim/locobot_ws/src/ThirdParty/rplidar_ros/sdk/src/dataunpacker/unpacker/../dataunnpacker_commondef.h:41[m[K,
[4.725s]                  from [01m[K/home/wellyowo/locobot_sim/locobot_ws/src/ThirdParty/rplidar_ros/sdk/src/dataunpacker/unpacker/handler_hqnode.cpp:39[m[K:
[4.725s] [01m[K/home/wellyowo/locobot_sim/locobot_ws/src/ThirdParty/rplidar_ros/./sdk/include/sl_lidar_cmd.h:324:20:[m[K [01;35m[Kwarning: [m[KISO C++ forbids zero-size array ‘[01m[Kpayload[m[K’ [[01;35m[K-Wpedantic[m[K]
[4.725s]   324 |     sl_u8  payload[[01;35m[K0[m[K];
[4.725s]       |                    [01;35m[K^[m[K
[4.933s] In file included from [01m[K/home/wellyowo/locobot_sim/locobot_ws/src/ThirdParty/rplidar_ros/./sdk/include/rplidar_protocol.h:36[m[K,
[4.933s]                  from [01m[K/home/wellyowo/locobot_sim/locobot_ws/src/ThirdParty/rplidar_ros/./sdk/include/rplidar.h:39[m[K,
[4.933s]                  from [01m[K/home/wellyowo/locobot_sim/locobot_ws/src/ThirdParty/rplidar_ros/./sdk/src/sdkcommon.h:49[m[K,
[4.933s]                  from [01m[K/home/wellyowo/locobot_sim/locobot_ws/src/ThirdParty/rplidar_ros/sdk/src/dataunpacker/unpacker/../dataunnpacker_commondef.h:41[m[K,
[4.934s]                  from [01m[K/home/wellyowo/locobot_sim/locobot_ws/src/ThirdParty/rplidar_ros/sdk/src/dataunpacker/unpacker/handler_normalnode.cpp:39[m[K:
[4.934s] [01m[K/home/wellyowo/locobot_sim/locobot_ws/src/ThirdParty/rplidar_ros/./sdk/include/sl_lidar_protocol.h:66:16:[m[K [01;35m[Kwarning: [m[KISO C++ forbids zero-size array ‘[01m[Kdata[m[K’ [[01;35m[K-Wpedantic[m[K]
[4.934s]    66 |     sl_u8 data[[01;35m[K0[m[K];
[4.934s]       |                [01;35m[K^[m[K
[4.934s] In file included from [01m[K/home/wellyowo/locobot_sim/locobot_ws/src/ThirdParty/rplidar_ros/./sdk/include/rplidar_cmd.h:36[m[K,
[4.934s]                  from [01m[K/home/wellyowo/locobot_sim/locobot_ws/src/ThirdParty/rplidar_ros/./sdk/include/rplidar.h:40[m[K,
[4.934s]                  from [01m[K/home/wellyowo/locobot_sim/locobot_ws/src/ThirdParty/rplidar_ros/./sdk/src/sdkcommon.h:49[m[K,
[4.938s]                  from [01m[K/home/wellyowo/locobot_sim/locobot_ws/src/ThirdParty/rplidar_ros/sdk/src/dataunpacker/unpacker/../dataunnpacker_commondef.h:41[m[K,
[4.938s]                  from [01m[K/home/wellyowo/locobot_sim/locobot_ws/src/ThirdParty/rplidar_ros/sdk/src/dataunpacker/unpacker/handler_normalnode.cpp:39[m[K:
[4.938s] [01m[K/home/wellyowo/locobot_sim/locobot_ws/src/ThirdParty/rplidar_ros/./sdk/include/sl_lidar_cmd.h:324:20:[m[K [01;35m[Kwarning: [m[KISO C++ forbids zero-size array ‘[01m[Kpayload[m[K’ [[01;35m[K-Wpedantic[m[K]
[4.938s]   324 |     sl_u8  payload[[01;35m[K0[m[K];
[4.938s]       |                    [01;35m[K^[m[K
[5.076s] In file included from [01m[K/home/wellyowo/locobot_sim/locobot_ws/src/ThirdParty/rplidar_ros/sdk/src/dataunpacker/unpacker/handler_hqnode.cpp:40[m[K:
[5.077s] [01m[K/home/wellyowo/locobot_sim/locobot_ws/src/ThirdParty/rplidar_ros/sdk/src/dataunpacker/unpacker/../dataunpacker.h:[m[K In member function ‘[01m[Kvirtual void sl::internal::LIDARSampleDataListener::onCustomSampleDataDecoded(_u8, _u32, const void*, size_t)[m[K’:
[5.077s] [01m[K/home/wellyowo/locobot_sim/locobot_ws/src/ThirdParty/rplidar_ros/sdk/src/dataunpacker/unpacker/../dataunpacker.h:54:52:[m[K [01;35m[Kwarning: [m[Kunused parameter ‘[01m[KansType[m[K’ [[01;35m[K-Wunused-parameter[m[K]
[5.077s]    54 |         virtual void onCustomSampleDataDecoded([01;35m[K_u8 ansType[m[K, _u32 customCode, const void* data, size_t size) {}
[5.078s]       |                                                [01;35m[K~~~~^~~~~~~[m[K
[5.078s] [01m[K/home/wellyowo/locobot_sim/locobot_ws/src/ThirdParty/rplidar_ros/sdk/src/dataunpacker/unpacker/../dataunpacker.h:54:66:[m[K [01;35m[Kwarning: [m[Kunused parameter ‘[01m[KcustomCode[m[K’ [[01;35m[K-Wunused-parameter[m[K]
[5.078s]    54 |         virtual void onCustomSampleDataDecoded(_u8 ansType, [01;35m[K_u32 customCode[m[K, const void* data, size_t size) {}
[5.078s]       |                                                             [01;35m[K~~~~~^~~~~~~~~~[m[K
[5.078s] [01m[K/home/wellyowo/locobot_sim/locobot_ws/src/ThirdParty/rplidar_ros/sdk/src/dataunpacker/unpacker/../dataunpacker.h:54:90:[m[K [01;35m[Kwarning: [m[Kunused parameter ‘[01m[Kdata[m[K’ [[01;35m[K-Wunused-parameter[m[K]
[5.078s]    54 |         virtual void onCustomSampleDataDecoded(_u8 ansType, _u32 customCode, [01;35m[Kconst void* data[m[K, size_t size) {}
[5.078s]       |                                                                              [01;35m[K~~~~~~~~~~~~^~~~[m[K
[5.078s] [01m[K/home/wellyowo/locobot_sim/locobot_ws/src/ThirdParty/rplidar_ros/sdk/src/dataunpacker/unpacker/../dataunpacker.h:54:103:[m[K [01;35m[Kwarning: [m[Kunused parameter ‘[01m[Ksize[m[K’ [[01;35m[K-Wunused-parameter[m[K]
[5.078s]    54 |         virtual void onCustomSampleDataDecoded(_u8 ansType, _u32 customCode, const void* data, [01;35m[Ksize_t size[m[K) {}
[5.078s]       |                                                                                                [01;35m[K~~~~~~~^~~~[m[K
[5.078s] [01m[K/home/wellyowo/locobot_sim/locobot_ws/src/ThirdParty/rplidar_ros/sdk/src/dataunpacker/unpacker/../dataunpacker.h:[m[K In member function ‘[01m[Kvirtual void sl::internal::LIDARSampleDataListener::onDecodingError(int, _u8, const void*, size_t)[m[K’:
[5.078s] [01m[K/home/wellyowo/locobot_sim/locobot_ws/src/ThirdParty/rplidar_ros/sdk/src/dataunpacker/unpacker/../dataunpacker.h:56:42:[m[K [01;35m[Kwarning: [m[Kunused parameter ‘[01m[KerrMsg[m[K’ [[01;35m[K-Wunused-parameter[m[K]
[5.082s]    56 |         virtual void onDecodingError([01;35m[Kint errMsg[m[K, _u8 ansType, const void* payload, size_t size) {}
[5.083s]       |                                      [01;35m[K~~~~^~~~~~[m[K
[5.083s] [01m[K/home/wellyowo/locobot_sim/locobot_ws/src/ThirdParty/rplidar_ros/sdk/src/dataunpacker/unpacker/../dataunpacker.h:56:54:[m[K [01;35m[Kwarning: [m[Kunused parameter ‘[01m[KansType[m[K’ [[01;35m[K-Wunused-parameter[m[K]
[5.083s]    56 |         virtual void onDecodingError(int errMsg, [01;35m[K_u8 ansType[m[K, const void* payload, size_t size) {}
[5.083s]       |                                                  [01;35m[K~~~~^~~~~~~[m[K
[5.083s] [01m[K/home/wellyowo/locobot_sim/locobot_ws/src/ThirdParty/rplidar_ros/sdk/src/dataunpacker/unpacker/../dataunpacker.h:56:75:[m[K [01;35m[Kwarning: [m[Kunused parameter ‘[01m[Kpayload[m[K’ [[01;35m[K-Wunused-parameter[m[K]
[5.083s]    56 |         virtual void onDecodingError(int errMsg, _u8 ansType, [01;35m[Kconst void* payload[m[K, size_t size) {}
[5.083s]       |                                                               [01;35m[K~~~~~~~~~~~~^~~~~~~[m[K
[5.083s] [01m[K/home/wellyowo/locobot_sim/locobot_ws/src/ThirdParty/rplidar_ros/sdk/src/dataunpacker/unpacker/../dataunpacker.h:56:91:[m[K [01;35m[Kwarning: [m[Kunused parameter ‘[01m[Ksize[m[K’ [[01;35m[K-Wunused-parameter[m[K]
[5.083s]    56 |         virtual void onDecodingError(int errMsg, _u8 ansType, const void* payload, [01;35m[Ksize_t size[m[K) {}
[5.083s]       |                                                                                    [01;35m[K~~~~~~~^~~~[m[K
[5.256s] In file included from [01m[K/home/wellyowo/locobot_sim/locobot_ws/src/ThirdParty/rplidar_ros/sdk/src/dataunpacker/unpacker/handler_normalnode.cpp:40[m[K:
[5.256s] [01m[K/home/wellyowo/locobot_sim/locobot_ws/src/ThirdParty/rplidar_ros/sdk/src/dataunpacker/unpacker/../dataunpacker.h:[m[K In member function ‘[01m[Kvirtual void sl::internal::LIDARSampleDataListener::onCustomSampleDataDecoded(_u8, _u32, const void*, size_t)[m[K’:
[5.256s] [01m[K/home/wellyowo/locobot_sim/locobot_ws/src/ThirdParty/rplidar_ros/sdk/src/dataunpacker/unpacker/../dataunpacker.h:54:52:[m[K [01;35m[Kwarning: [m[Kunused parameter ‘[01m[KansType[m[K’ [[01;35m[K-Wunused-parameter[m[K]
[5.256s]    54 |         virtual void onCustomSampleDataDecoded([01;35m[K_u8 ansType[m[K, _u32 customCode, const void* data, size_t size) {}
[5.256s]       |                                                [01;35m[K~~~~^~~~~~~[m[K
[5.256s] [01m[K/home/wellyowo/locobot_sim/locobot_ws/src/ThirdParty/rplidar_ros/sdk/src/dataunpacker/unpacker/../dataunpacker.h:54:66:[m[K [01;35m[Kwarning: [m[Kunused parameter ‘[01m[KcustomCode[m[K’ [[01;35m[K-Wunused-parameter[m[K]
[5.257s]    54 |         virtual void onCustomSampleDataDecoded(_u8 ansType, [01;35m[K_u32 customCode[m[K, const void* data, size_t size) {}
[5.257s]       |                                                             [01;35m[K~~~~~^~~~~~~~~~[m[K
[5.257s] [01m[K/home/wellyowo/locobot_sim/locobot_ws/src/ThirdParty/rplidar_ros/sdk/src/dataunpacker/unpacker/../dataunpacker.h:54:90:[m[K [01;35m[Kwarning: [m[Kunused parameter ‘[01m[Kdata[m[K’ [[01;35m[K-Wunused-parameter[m[K]
[5.257s]    54 |         virtual void onCustomSampleDataDecoded(_u8 ansType, _u32 customCode, [01;35m[Kconst void* data[m[K, size_t size) {}
[5.257s]       |                                                                              [01;35m[K~~~~~~~~~~~~^~~~[m[K
[5.257s] [01m[K/home/wellyowo/locobot_sim/locobot_ws/src/ThirdParty/rplidar_ros/sdk/src/dataunpacker/unpacker/../dataunpacker.h:54:103:[m[K [01;35m[Kwarning: [m[Kunused parameter ‘[01m[Ksize[m[K’ [[01;35m[K-Wunused-parameter[m[K]
[5.257s]    54 |         virtual void onCustomSampleDataDecoded(_u8 ansType, _u32 customCode, const void* data, [01;35m[Ksize_t size[m[K) {}
[5.257s]       |                                                                                                [01;35m[K~~~~~~~^~~~[m[K
[5.257s] [01m[K/home/wellyowo/locobot_sim/locobot_ws/src/ThirdParty/rplidar_ros/sdk/src/dataunpacker/unpacker/../dataunpacker.h:[m[K In member function ‘[01m[Kvirtual void sl::internal::LIDARSampleDataListener::onDecodingError(int, _u8, const void*, size_t)[m[K’:
[5.257s] [01m[K/home/wellyowo/locobot_sim/locobot_ws/src/ThirdParty/rplidar_ros/sdk/src/dataunpacker/unpacker/../dataunpacker.h:56:42:[m[K [01;35m[Kwarning: [m[Kunused parameter ‘[01m[KerrMsg[m[K’ [[01;35m[K-Wunused-parameter[m[K]
[5.257s]    56 |         virtual void onDecodingError([01;35m[Kint errMsg[m[K, _u8 ansType, const void* payload, size_t size) {}
[5.258s]       |                                      [01;35m[K~~~~^~~~~~[m[K
[5.258s] [01m[K/home/wellyowo/locobot_sim/locobot_ws/src/ThirdParty/rplidar_ros/sdk/src/dataunpacker/unpacker/../dataunpacker.h:56:54:[m[K [01;35m[Kwarning: [m[Kunused parameter ‘[01m[KansType[m[K’ [[01;35m[K-Wunused-parameter[m[K]
[5.258s]    56 |         virtual void onDecodingError(int errMsg, [01;35m[K_u8 ansType[m[K, const void* payload, size_t size) {}
[5.258s]       |                                                  [01;35m[K~~~~^~~~~~~[m[K
[5.258s] [01m[K/home/wellyowo/locobot_sim/locobot_ws/src/ThirdParty/rplidar_ros/sdk/src/dataunpacker/unpacker/../dataunpacker.h:56:75:[m[K [01;35m[Kwarning: [m[Kunused parameter ‘[01m[Kpayload[m[K’ [[01;35m[K-Wunused-parameter[m[K]
[5.258s]    56 |         virtual void onDecodingError(int errMsg, _u8 ansType, [01;35m[Kconst void* payload[m[K, size_t size) {}
[5.258s]       |                                                               [01;35m[K~~~~~~~~~~~~^~~~~~~[m[K
[5.258s] [01m[K/home/wellyowo/locobot_sim/locobot_ws/src/ThirdParty/rplidar_ros/sdk/src/dataunpacker/unpacker/../dataunpacker.h:56:91:[m[K [01;35m[Kwarning: [m[Kunused parameter ‘[01m[Ksize[m[K’ [[01;35m[K-Wunused-parameter[m[K]
[5.258s]    56 |         virtual void onDecodingError(int errMsg, _u8 ansType, const void* payload, [01;35m[Ksize_t size[m[K) {}
[5.258s]       |                                                                                    [01;35m[K~~~~~~~^~~~[m[K
[5.267s] [ 47%] [32mBuilding CXX object CMakeFiles/rplidar_composition.dir/sdk/src/dataunpacker/unpacker/handler_normalnode.cpp.o[0m
[5.405s] In file included from [01m[K/home/wellyowo/locobot_sim/locobot_ws/src/ThirdParty/rplidar_ros/./sdk/include/rplidar_protocol.h:36[m[K,
[5.405s]                  from [01m[K/home/wellyowo/locobot_sim/locobot_ws/src/ThirdParty/rplidar_ros/./sdk/include/rplidar.h:39[m[K,
[5.406s]                  from [01m[K/home/wellyowo/locobot_sim/locobot_ws/src/ThirdParty/rplidar_ros/./sdk/src/sdkcommon.h:49[m[K,
[5.406s]                  from [01m[K/home/wellyowo/locobot_sim/locobot_ws/src/ThirdParty/rplidar_ros/sdk/src/dataunpacker/unpacker/../dataunnpacker_commondef.h:41[m[K,
[5.406s]                  from [01m[K/home/wellyowo/locobot_sim/locobot_ws/src/ThirdParty/rplidar_ros/sdk/src/dataunpacker/unpacker/handler_capsules.cpp:39[m[K:
[5.406s] [01m[K/home/wellyowo/locobot_sim/locobot_ws/src/ThirdParty/rplidar_ros/./sdk/include/sl_lidar_protocol.h:66:16:[m[K [01;35m[Kwarning: [m[KISO C++ forbids zero-size array ‘[01m[Kdata[m[K’ [[01;35m[K-Wpedantic[m[K]
[5.406s]    66 |     sl_u8 data[[01;35m[K0[m[K];
[5.407s]       |                [01;35m[K^[m[K
[5.410s] In file included from [01m[K/home/wellyowo/locobot_sim/locobot_ws/src/ThirdParty/rplidar_ros/./sdk/include/rplidar_cmd.h:36[m[K,
[5.410s]                  from [01m[K/home/wellyowo/locobot_sim/locobot_ws/src/ThirdParty/rplidar_ros/./sdk/include/rplidar.h:40[m[K,
[5.410s]                  from [01m[K/home/wellyowo/locobot_sim/locobot_ws/src/ThirdParty/rplidar_ros/./sdk/src/sdkcommon.h:49[m[K,
[5.413s]                  from [01m[K/home/wellyowo/locobot_sim/locobot_ws/src/ThirdParty/rplidar_ros/sdk/src/dataunpacker/unpacker/../dataunnpacker_commondef.h:41[m[K,
[5.414s]                  from [01m[K/home/wellyowo/locobot_sim/locobot_ws/src/ThirdParty/rplidar_ros/sdk/src/dataunpacker/unpacker/handler_capsules.cpp:39[m[K:
[5.414s] [01m[K/home/wellyowo/locobot_sim/locobot_ws/src/ThirdParty/rplidar_ros/./sdk/include/sl_lidar_cmd.h:324:20:[m[K [01;35m[Kwarning: [m[KISO C++ forbids zero-size array ‘[01m[Kpayload[m[K’ [[01;35m[K-Wpedantic[m[K]
[5.414s]   324 |     sl_u8  payload[[01;35m[K0[m[K];
[5.414s]       |                    [01;35m[K^[m[K
[5.502s] [ 50%] [32mBuilding CXX object CMakeFiles/rplidar_node.dir/sdk/src/rplidar_driver.cpp.o[0m
[5.648s] In file included from [01m[K/home/wellyowo/locobot_sim/locobot_ws/src/ThirdParty/rplidar_ros/./sdk/include/rplidar_protocol.h:36[m[K,
[5.649s]                  from [01m[K/home/wellyowo/locobot_sim/locobot_ws/src/ThirdParty/rplidar_ros/./sdk/include/rplidar.h:39[m[K,
[5.650s]                  from [01m[K/home/wellyowo/locobot_sim/locobot_ws/src/ThirdParty/rplidar_ros/./sdk/src/sdkcommon.h:49[m[K,
[5.654s]                  from [01m[K/home/wellyowo/locobot_sim/locobot_ws/src/ThirdParty/rplidar_ros/sdk/src/dataunpacker/unpacker/../dataunnpacker_commondef.h:41[m[K,
[5.654s]                  from [01m[K/home/wellyowo/locobot_sim/locobot_ws/src/ThirdParty/rplidar_ros/sdk/src/dataunpacker/unpacker/handler_capsules.cpp:39[m[K:
[5.655s] [01m[K/home/wellyowo/locobot_sim/locobot_ws/src/ThirdParty/rplidar_ros/./sdk/include/sl_lidar_protocol.h:66:16:[m[K [01;35m[Kwarning: [m[KISO C++ forbids zero-size array ‘[01m[Kdata[m[K’ [[01;35m[K-Wpedantic[m[K]
[5.655s]    66 |     sl_u8 data[[01;35m[K0[m[K];
[5.655s]       |                [01;35m[K^[m[K
[5.655s] In file included from [01m[K/home/wellyowo/locobot_sim/locobot_ws/src/ThirdParty/rplidar_ros/./sdk/include/rplidar_cmd.h:36[m[K,
[5.655s]                  from [01m[K/home/wellyowo/locobot_sim/locobot_ws/src/ThirdParty/rplidar_ros/./sdk/include/rplidar.h:40[m[K,
[5.655s]                  from [01m[K/home/wellyowo/locobot_sim/locobot_ws/src/ThirdParty/rplidar_ros/./sdk/src/sdkcommon.h:49[m[K,
[5.655s]                  from [01m[K/home/wellyowo/locobot_sim/locobot_ws/src/ThirdParty/rplidar_ros/sdk/src/dataunpacker/unpacker/../dataunnpacker_commondef.h:41[m[K,
[5.655s]                  from [01m[K/home/wellyowo/locobot_sim/locobot_ws/src/ThirdParty/rplidar_ros/sdk/src/dataunpacker/unpacker/handler_capsules.cpp:39[m[K:
[5.656s] [01m[K/home/wellyowo/locobot_sim/locobot_ws/src/ThirdParty/rplidar_ros/./sdk/include/sl_lidar_cmd.h:324:20:[m[K [01;35m[Kwarning: [m[KISO C++ forbids zero-size array ‘[01m[Kpayload[m[K’ [[01;35m[K-Wpedantic[m[K]
[5.656s]   324 |     sl_u8  payload[[01;35m[K0[m[K];
[5.670s]       |                    [01;35m[K^[m[K
[6.180s] In file included from [01m[K/home/wellyowo/locobot_sim/locobot_ws/src/ThirdParty/rplidar_ros/./sdk/include/rplidar_protocol.h:36[m[K,
[6.181s]                  from [01m[K/home/wellyowo/locobot_sim/locobot_ws/src/ThirdParty/rplidar_ros/./sdk/include/rplidar.h:39[m[K,
[6.181s]                  from [01m[K/home/wellyowo/locobot_sim/locobot_ws/src/ThirdParty/rplidar_ros/./sdk/src/sdkcommon.h:49[m[K,
[6.181s]                  from [01m[K/home/wellyowo/locobot_sim/locobot_ws/src/ThirdParty/rplidar_ros/sdk/src/dataunpacker/unpacker/../dataunnpacker_commondef.h:41[m[K,
[6.181s]                  from [01m[K/home/wellyowo/locobot_sim/locobot_ws/src/ThirdParty/rplidar_ros/sdk/src/dataunpacker/unpacker/handler_hqnode.cpp:39[m[K:
[6.182s] [01m[K/home/wellyowo/locobot_sim/locobot_ws/src/ThirdParty/rplidar_ros/./sdk/include/sl_lidar_protocol.h:66:16:[m[K [01;35m[Kwarning: [m[KISO C++ forbids zero-size array ‘[01m[Kdata[m[K’ [[01;35m[K-Wpedantic[m[K]
[6.182s]    66 |     sl_u8 data[[01;35m[K0[m[K];
[6.182s]       |                [01;35m[K^[m[K
[6.182s] In file included from [01m[K/home/wellyowo/locobot_sim/locobot_ws/src/ThirdParty/rplidar_ros/./sdk/include/rplidar_cmd.h:36[m[K,
[6.182s]                  from [01m[K/home/wellyowo/locobot_sim/locobot_ws/src/ThirdParty/rplidar_ros/./sdk/include/rplidar.h:40[m[K,
[6.182s]                  from [01m[K/home/wellyowo/locobot_sim/locobot_ws/src/ThirdParty/rplidar_ros/./sdk/src/sdkcommon.h:49[m[K,
[6.182s]                  from [01m[K/home/wellyowo/locobot_sim/locobot_ws/src/ThirdParty/rplidar_ros/sdk/src/dataunpacker/unpacker/../dataunnpacker_commondef.h:41[m[K,
[6.183s]                  from [01m[K/home/wellyowo/locobot_sim/locobot_ws/src/ThirdParty/rplidar_ros/sdk/src/dataunpacker/unpacker/handler_hqnode.cpp:39[m[K:
[6.183s] [01m[K/home/wellyowo/locobot_sim/locobot_ws/src/ThirdParty/rplidar_ros/./sdk/include/sl_lidar_cmd.h:324:20:[m[K [01;35m[Kwarning: [m[KISO C++ forbids zero-size array ‘[01m[Kpayload[m[K’ [[01;35m[K-Wpedantic[m[K]
[6.183s]   324 |     sl_u8  payload[[01;35m[K0[m[K];
[6.183s]       |                    [01;35m[K^[m[K
[6.218s] In file included from [01m[K/home/wellyowo/locobot_sim/locobot_ws/src/ThirdParty/rplidar_ros/./sdk/include/rplidar_protocol.h:36[m[K,
[6.219s]                  from [01m[K/home/wellyowo/locobot_sim/locobot_ws/src/ThirdParty/rplidar_ros/./sdk/include/rplidar.h:39[m[K,
[6.219s]                  from [01m[K/home/wellyowo/locobot_sim/locobot_ws/src/ThirdParty/rplidar_ros/./sdk/src/sdkcommon.h:49[m[K,
[6.221s]                  from [01m[K/home/wellyowo/locobot_sim/locobot_ws/src/ThirdParty/rplidar_ros/sdk/src/dataunpacker/dataunnpacker_commondef.h:41[m[K,
[6.222s]                  from [01m[K/home/wellyowo/locobot_sim/locobot_ws/src/ThirdParty/rplidar_ros/sdk/src/dataunpacker/dataunpacker.cpp:39[m[K:
[6.222s] [01m[K/home/wellyowo/locobot_sim/locobot_ws/src/ThirdParty/rplidar_ros/./sdk/include/sl_lidar_protocol.h:66:16:[m[K [01;35m[Kwarning: [m[KISO C++ forbids zero-size array ‘[01m[Kdata[m[K’ [[01;35m[K-Wpedantic[m[K]
[6.222s]    66 |     sl_u8 data[[01;35m[K0[m[K];
[6.222s]       |                [01;35m[K^[m[K
[6.231s] In file included from [01m[K/home/wellyowo/locobot_sim/locobot_ws/src/ThirdParty/rplidar_ros/./sdk/include/rplidar_cmd.h:36[m[K,
[6.231s]                  from [01m[K/home/wellyowo/locobot_sim/locobot_ws/src/ThirdParty/rplidar_ros/./sdk/include/rplidar.h:40[m[K,
[6.231s]                  from [01m[K/home/wellyowo/locobot_sim/locobot_ws/src/ThirdParty/rplidar_ros/./sdk/src/sdkcommon.h:49[m[K,
[6.231s]                  from [01m[K/home/wellyowo/locobot_sim/locobot_ws/src/ThirdParty/rplidar_ros/sdk/src/dataunpacker/dataunnpacker_commondef.h:41[m[K,
[6.231s]                  from [01m[K/home/wellyowo/locobot_sim/locobot_ws/src/ThirdParty/rplidar_ros/sdk/src/dataunpacker/dataunpacker.cpp:39[m[K:
[6.232s] [01m[K/home/wellyowo/locobot_sim/locobot_ws/src/ThirdParty/rplidar_ros/./sdk/include/sl_lidar_cmd.h:324:20:[m[K [01;35m[Kwarning: [m[KISO C++ forbids zero-size array ‘[01m[Kpayload[m[K’ [[01;35m[K-Wpedantic[m[K]
[6.232s]   324 |     sl_u8  payload[[01;35m[K0[m[K];
[6.232s]       |                    [01;35m[K^[m[K
[6.267s] [ 52%] [32mBuilding CXX object CMakeFiles/rplidar_composition.dir/sdk/src/hal/thread.cpp.o[0m
[6.423s] [01m[K/home/wellyowo/locobot_sim/locobot_ws/src/ThirdParty/rplidar_ros/sdk/src/arch/linux/net_serial.cpp:[m[K In member function ‘[01m[Kbool rp::arch::net::raw_serial::open(const char*, uint32_t, uint32_t)[m[K’:
[6.424s] [01m[K/home/wellyowo/locobot_sim/locobot_ws/src/ThirdParty/rplidar_ros/sdk/src/arch/linux/net_serial.cpp:97:74:[m[K [01;35m[Kwarning: [m[Kunused parameter ‘[01m[Kflags[m[K’ [[01;35m[K-Wunused-parameter[m[K]
[6.424s]    97 | bool raw_serial::open(const char * portname, uint32_t baudrate, [01;35m[Kuint32_t flags[m[K)
[6.424s]       |                                                                 [01;35m[K~~~~~~~~~^~~~~[m[K
[6.429s] In file included from [01m[K/home/wellyowo/locobot_sim/locobot_ws/src/ThirdParty/rplidar_ros/./sdk/include/rplidar_protocol.h:36[m[K,
[6.429s]                  from [01m[K/home/wellyowo/locobot_sim/locobot_ws/src/ThirdParty/rplidar_ros/./sdk/include/rplidar.h:39[m[K,
[6.429s]                  from [01m[K/home/wellyowo/locobot_sim/locobot_ws/src/ThirdParty/rplidar_ros/./sdk/src/sdkcommon.h:49[m[K,
[6.429s]                  from [01m[K/home/wellyowo/locobot_sim/locobot_ws/src/ThirdParty/rplidar_ros/sdk/src/arch/linux/net_socket.cpp:10[m[K:
[6.429s] [01m[K/home/wellyowo/locobot_sim/locobot_ws/src/ThirdParty/rplidar_ros/./sdk/include/sl_lidar_protocol.h:66:16:[m[K [01;35m[Kwarning: [m[KISO C++ forbids zero-size array ‘[01m[Kdata[m[K’ [[01;35m[K-Wpedantic[m[K]
[6.430s]    66 |     sl_u8 data[[01;35m[K0[m[K];
[6.430s]       |                [01;35m[K^[m[K
[6.430s] In file included from [01m[K/home/wellyowo/locobot_sim/locobot_ws/src/ThirdParty/rplidar_ros/./sdk/include/rplidar_cmd.h:36[m[K,
[6.430s]                  from [01m[K/home/wellyowo/locobot_sim/locobot_ws/src/ThirdParty/rplidar_ros/./sdk/include/rplidar.h:40[m[K,
[6.433s]                  from [01m[K/home/wellyowo/locobot_sim/locobot_ws/src/ThirdParty/rplidar_ros/./sdk/src/sdkcommon.h:49[m[K,
[6.433s]                  from [01m[K/home/wellyowo/locobot_sim/locobot_ws/src/ThirdParty/rplidar_ros/sdk/src/arch/linux/net_socket.cpp:10[m[K:
[6.434s] [01m[K/home/wellyowo/locobot_sim/locobot_ws/src/ThirdParty/rplidar_ros/./sdk/include/sl_lidar_cmd.h:324:20:[m[K [01;35m[Kwarning: [m[KISO C++ forbids zero-size array ‘[01m[Kpayload[m[K’ [[01;35m[K-Wpedantic[m[K]
[6.434s]   324 |     sl_u8  payload[[01;35m[K0[m[K];
[6.434s]       |                    [01;35m[K^[m[K
[6.443s] [01m[K/home/wellyowo/locobot_sim/locobot_ws/src/ThirdParty/rplidar_ros/sdk/src/arch/linux/net_serial.cpp:[m[K In member function ‘[01m[Kvirtual void rp::arch::net::raw_serial::flush(_u32)[m[K’:
[6.444s] [01m[K/home/wellyowo/locobot_sim/locobot_ws/src/ThirdParty/rplidar_ros/sdk/src/arch/linux/net_serial.cpp:281:30:[m[K [01;35m[Kwarning: [m[Kunused parameter ‘[01m[Kflags[m[K’ [[01;35m[K-Wunused-parameter[m[K]
[6.444s]   281 | void raw_serial::flush( [01;35m[K_u32 flags[m[K)
[6.444s]       |                         [01;35m[K~~~~~^~~~~[m[K
[6.444s] [01m[K/home/wellyowo/locobot_sim/locobot_ws/src/ThirdParty/rplidar_ros/sdk/src/arch/linux/net_serial.cpp:[m[K In member function ‘[01m[Kvirtual int rp::arch::net::raw_serial::waitforsent(_u32, size_t*)[m[K’:
[6.444s] [01m[K/home/wellyowo/locobot_sim/locobot_ws/src/ThirdParty/rplidar_ros/sdk/src/arch/linux/net_serial.cpp:286:34:[m[K [01;35m[Kwarning: [m[Kunused parameter ‘[01m[Ktimeout[m[K’ [[01;35m[K-Wunused-parameter[m[K]
[6.444s]   286 | int raw_serial::waitforsent([01;35m[K_u32 timeout[m[K, size_t * returned_size)
[6.444s]       |                             [01;35m[K~~~~~^~~~~~~[m[K
[6.445s] [01m[K/home/wellyowo/locobot_sim/locobot_ws/src/ThirdParty/rplidar_ros/sdk/src/arch/linux/net_serial.cpp:[m[K In member function ‘[01m[Kvirtual int rp::arch::net::raw_serial::waitforrecv(_u32, size_t*)[m[K’:
[6.445s] [01m[K/home/wellyowo/locobot_sim/locobot_ws/src/ThirdParty/rplidar_ros/sdk/src/arch/linux/net_serial.cpp:292:34:[m[K [01;35m[Kwarning: [m[Kunused parameter ‘[01m[Ktimeout[m[K’ [[01;35m[K-Wunused-parameter[m[K]
[6.445s]   292 | int raw_serial::waitforrecv([01;35m[K_u32 timeout[m[K, size_t * returned_size)
[6.446s]       |                             [01;35m[K~~~~~^~~~~~~[m[K
[6.460s] [01m[K/home/wellyowo/locobot_sim/locobot_ws/src/ThirdParty/rplidar_ros/sdk/src/arch/linux/net_serial.cpp:[m[K In member function ‘[01m[Kvirtual void rp::arch::net::raw_serial::cancelOperation()[m[K’:
[6.460s] [01m[K/home/wellyowo/locobot_sim/locobot_ws/src/ThirdParty/rplidar_ros/sdk/src/arch/linux/net_serial.cpp:427:5:[m[K [01;35m[Kwarning: [m[Kvalue computed is not used [[01;35m[K-Wunused-value[m[K]
[6.460s]   427 |     [01;35m[K(int)::write(_selfpipe[1], "x", 1)[m[K;
[6.461s]       |     [01;35m[K^~~~~~~~~~~~~~~~~~~~~~~~~~~~~~~~~~[m[K
[6.563s] In file included from [01m[K/home/wellyowo/locobot_sim/locobot_ws/src/ThirdParty/rplidar_ros/./sdk/include/rplidar_protocol.h:36[m[K,
[6.563s]                  from [01m[K/home/wellyowo/locobot_sim/locobot_ws/src/ThirdParty/rplidar_ros/./sdk/include/rplidar.h:39[m[K,
[6.564s]                  from [01m[K/home/wellyowo/locobot_sim/locobot_ws/src/ThirdParty/rplidar_ros/./sdk/src/sdkcommon.h:49[m[K,
[6.564s]                  from [01m[K/home/wellyowo/locobot_sim/locobot_ws/src/ThirdParty/rplidar_ros/sdk/src/dataunpacker/dataunnpacker_commondef.h:41[m[K,
[6.564s]                  from [01m[K/home/wellyowo/locobot_sim/locobot_ws/src/ThirdParty/rplidar_ros/sdk/src/dataunpacker/dataunpacker.cpp:39[m[K:
[6.564s] [01m[K/home/wellyowo/locobot_sim/locobot_ws/src/ThirdParty/rplidar_ros/./sdk/include/sl_lidar_protocol.h:66:16:[m[K [01;35m[Kwarning: [m[KISO C++ forbids zero-size array ‘[01m[Kdata[m[K’ [[01;35m[K-Wpedantic[m[K]
[6.564s]    66 |     sl_u8 data[[01;35m[K0[m[K];
[6.564s]       |                [01;35m[K^[m[K
[6.609s] In file included from [01m[K/home/wellyowo/locobot_sim/locobot_ws/src/ThirdParty/rplidar_ros/./sdk/include/rplidar_cmd.h:36[m[K,
[6.609s]                  from [01m[K/home/wellyowo/locobot_sim/locobot_ws/src/ThirdParty/rplidar_ros/./sdk/include/rplidar.h:40[m[K,
[6.610s]                  from [01m[K/home/wellyowo/locobot_sim/locobot_ws/src/ThirdParty/rplidar_ros/./sdk/src/sdkcommon.h:49[m[K,
[6.610s]                  from [01m[K/home/wellyowo/locobot_sim/locobot_ws/src/ThirdParty/rplidar_ros/sdk/src/dataunpacker/dataunnpacker_commondef.h:41[m[K,
[6.610s]                  from [01m[K/home/wellyowo/locobot_sim/locobot_ws/src/ThirdParty/rplidar_ros/sdk/src/dataunpacker/dataunpacker.cpp:39[m[K:
[6.610s] [01m[K/home/wellyowo/locobot_sim/locobot_ws/src/ThirdParty/rplidar_ros/./sdk/include/sl_lidar_cmd.h:324:20:[m[K [01;35m[Kwarning: [m[KISO C++ forbids zero-size array ‘[01m[Kpayload[m[K’ [[01;35m[K-Wpedantic[m[K]
[6.610s]   324 |     sl_u8  payload[[01;35m[K0[m[K];
[6.610s]       |                    [01;35m[K^[m[K
[6.647s] In file included from [01m[K/home/wellyowo/locobot_sim/locobot_ws/src/ThirdParty/rplidar_ros/sdk/src/dataunpacker/unpacker/handler_capsules.cpp:40[m[K:
[6.648s] [01m[K/home/wellyowo/locobot_sim/locobot_ws/src/ThirdParty/rplidar_ros/sdk/src/dataunpacker/unpacker/../dataunpacker.h:[m[K In member function ‘[01m[Kvirtual void sl::internal::LIDARSampleDataListener::onCustomSampleDataDecoded(_u8, _u32, const void*, size_t)[m[K’:
[6.652s] [01m[K/home/wellyowo/locobot_sim/locobot_ws/src/ThirdParty/rplidar_ros/sdk/src/dataunpacker/unpacker/../dataunpacker.h:54:52:[m[K [01;35m[Kwarning: [m[Kunused parameter ‘[01m[KansType[m[K’ [[01;35m[K-Wunused-parameter[m[K]
[6.653s]    54 |         virtual void onCustomSampleDataDecoded([01;35m[K_u8 ansType[m[K, _u32 customCode, const void* data, size_t size) {}
[6.653s]       |                                                [01;35m[K~~~~^~~~~~~[m[K
[6.653s] [01m[K/home/wellyowo/locobot_sim/locobot_ws/src/ThirdParty/rplidar_ros/sdk/src/dataunpacker/unpacker/../dataunpacker.h:54:66:[m[K [01;35m[Kwarning: [m[Kunused parameter ‘[01m[KcustomCode[m[K’ [[01;35m[K-Wunused-parameter[m[K]
[6.653s]    54 |         virtual void onCustomSampleDataDecoded(_u8 ansType, [01;35m[K_u32 customCode[m[K, const void* data, size_t size) {}
[6.654s]       |                                                             [01;35m[K~~~~~^~~~~~~~~~[m[K
[6.655s] [01m[K/home/wellyowo/locobot_sim/locobot_ws/src/ThirdParty/rplidar_ros/sdk/src/dataunpacker/unpacker/../dataunpacker.h:54:90:[m[K [01;35m[Kwarning: [m[Kunused parameter ‘[01m[Kdata[m[K’ [[01;35m[K-Wunused-parameter[m[K]
[6.655s]    54 |         virtual void onCustomSampleDataDecoded(_u8 ansType, _u32 customCode, [01;35m[Kconst void* data[m[K, size_t size) {}
[6.656s]       |                                                                              [01;35m[K~~~~~~~~~~~~^~~~[m[K
[6.656s] [01m[K/home/wellyowo/locobot_sim/locobot_ws/src/ThirdParty/rplidar_ros/sdk/src/dataunpacker/unpacker/../dataunpacker.h:54:103:[m[K [01;35m[Kwarning: [m[Kunused parameter ‘[01m[Ksize[m[K’ [[01;35m[K-Wunused-parameter[m[K]
[6.656s]    54 |         virtual void onCustomSampleDataDecoded(_u8 ansType, _u32 customCode, const void* data, [01;35m[Ksize_t size[m[K) {}
[6.656s]       |                                                                                                [01;35m[K~~~~~~~^~~~[m[K
[6.656s] [01m[K/home/wellyowo/locobot_sim/locobot_ws/src/ThirdParty/rplidar_ros/sdk/src/dataunpacker/unpacker/../dataunpacker.h:[m[K In member function ‘[01m[Kvirtual void sl::internal::LIDARSampleDataListener::onDecodingError(int, _u8, const void*, size_t)[m[K’:
[6.656s] [01m[K/home/wellyowo/locobot_sim/locobot_ws/src/ThirdParty/rplidar_ros/sdk/src/dataunpacker/unpacker/../dataunpacker.h:56:42:[m[K [01;35m[Kwarning: [m[Kunused parameter ‘[01m[KerrMsg[m[K’ [[01;35m[K-Wunused-parameter[m[K]
[6.656s]    56 |         virtual void onDecodingError([01;35m[Kint errMsg[m[K, _u8 ansType, const void* payload, size_t size) {}
[6.656s]       |                                      [01;35m[K~~~~^~~~~~[m[K
[6.656s] [01m[K/home/wellyowo/locobot_sim/locobot_ws/src/ThirdParty/rplidar_ros/sdk/src/dataunpacker/unpacker/../dataunpacker.h:56:54:[m[K [01;35m[Kwarning: [m[Kunused parameter ‘[01m[KansType[m[K’ [[01;35m[K-Wunused-parameter[m[K]
[6.656s]    56 |         virtual void onDecodingError(int errMsg, [01;35m[K_u8 ansType[m[K, const void* payload, size_t size) {}
[6.656s]       |                                                  [01;35m[K~~~~^~~~~~~[m[K
[6.657s] [01m[K/home/wellyowo/locobot_sim/locobot_ws/src/ThirdParty/rplidar_ros/sdk/src/dataunpacker/unpacker/../dataunpacker.h:56:75:[m[K [01;35m[Kwarning: [m[Kunused parameter ‘[01m[Kpayload[m[K’ [[01;35m[K-Wunused-parameter[m[K]
[6.657s]    56 |         virtual void onDecodingError(int errMsg, _u8 ansType, [01;35m[Kconst void* payload[m[K, size_t size) {}
[6.657s]       |                                                               [01;35m[K~~~~~~~~~~~~^~~~~~~[m[K
[6.657s] [01m[K/home/wellyowo/locobot_sim/locobot_ws/src/ThirdParty/rplidar_ros/sdk/src/dataunpacker/unpacker/../dataunpacker.h:56:91:[m[K [01;35m[Kwarning: [m[Kunused parameter ‘[01m[Ksize[m[K’ [[01;35m[K-Wunused-parameter[m[K]
[6.657s]    56 |         virtual void onDecodingError(int errMsg, _u8 ansType, const void* payload, [01;35m[Ksize_t size[m[K) {}
[6.662s]       |                                                                                    [01;35m[K~~~~~~~^~~~[m[K
[6.663s] [ 55%] [32mBuilding CXX object CMakeFiles/rplidar_node.dir/sdk/src/sl_async_transceiver.cpp.o[0m
[6.709s] [01m[K/home/wellyowo/locobot_sim/locobot_ws/src/ThirdParty/rplidar_ros/sdk/src/dataunpacker/unpacker/handler_capsules.cpp:[m[K In member function ‘[01m[Kvoid sl::internal::unpacker::UnpackerHandler_DenseCapsuleNode::_onScanNodeDenseCapsuleData(rplidar_response_dense_capsule_measurement_nodes_t&, sl::internal::LIDARSampleDataUnpackerInner*)[m[K’:
[6.709s] [01m[K/home/wellyowo/locobot_sim/locobot_ws/src/ThirdParty/rplidar_ros/sdk/src/dataunpacker/unpacker/handler_capsules.cpp:763:30:[m[K [01;35m[Kwarning: [m[Ktype qualifiers ignored on cast result type [[01;35m[K-Wignored-qualifiers[m[K]
[6.709s]   763 |             const int dist = [01;35m[Kstatic_cast<const int>(_cached_previous_dense_capsuledata.cabins[pos].distance)[m[K;
[6.710s]       |                              [01;35m[K^~~~~~~~~~~~~~~~~~~~~~~~~~~~~~~~~~~~~~~~~~~~~~~~~~~~~~~~~~~~~~~~~~~~~~~~~~~~~~~[m[K
[6.741s] [ 57%] [32mBuilding CXX object CMakeFiles/rplidar_node.dir/sdk/src/sl_crc.cpp.o[0m
[6.810s] In file included from [01m[K/home/wellyowo/locobot_sim/locobot_ws/src/ThirdParty/rplidar_ros/./sdk/include/sl_lidar_cmd.h:41[m[K,
[6.811s]                  from [01m[K/home/wellyowo/locobot_sim/locobot_ws/src/ThirdParty/rplidar_ros/./sdk/include/sl_crc.h:36[m[K,
[6.811s]                  from [01m[K/home/wellyowo/locobot_sim/locobot_ws/src/ThirdParty/rplidar_ros/sdk/src/sl_crc.cpp:33[m[K:
[6.812s] [01m[K/home/wellyowo/locobot_sim/locobot_ws/src/ThirdParty/rplidar_ros/./sdk/include/sl_lidar_protocol.h:66:16:[m[K [01;35m[Kwarning: [m[KISO C++ forbids zero-size array ‘[01m[Kdata[m[K’ [[01;35m[K-Wpedantic[m[K]
[6.813s]    66 |     sl_u8 data[[01;35m[K0[m[K];
[6.813s]       |                [01;35m[K^[m[K
[6.813s] In file included from [01m[K/home/wellyowo/locobot_sim/locobot_ws/src/ThirdParty/rplidar_ros/./sdk/include/sl_crc.h:36[m[K,
[6.816s]                  from [01m[K/home/wellyowo/locobot_sim/locobot_ws/src/ThirdParty/rplidar_ros/sdk/src/sl_crc.cpp:33[m[K:
[6.817s] [01m[K/home/wellyowo/locobot_sim/locobot_ws/src/ThirdParty/rplidar_ros/./sdk/include/sl_lidar_cmd.h:324:20:[m[K [01;35m[Kwarning: [m[KISO C++ forbids zero-size array ‘[01m[Kpayload[m[K’ [[01;35m[K-Wpedantic[m[K]
[6.817s]   324 |     sl_u8  payload[[01;35m[K0[m[K];
[6.817s]       |                    [01;35m[K^[m[K
[6.898s] [ 60%] [32mBuilding CXX object CMakeFiles/rplidar_node.dir/sdk/src/sl_lidar_driver.cpp.o[0m
[6.932s] In file included from [01m[K/home/wellyowo/locobot_sim/locobot_ws/src/ThirdParty/rplidar_ros/./sdk/include/rplidar_protocol.h:36[m[K,
[6.933s]                  from [01m[K/home/wellyowo/locobot_sim/locobot_ws/src/ThirdParty/rplidar_ros/./sdk/include/rplidar.h:39[m[K,
[6.936s]                  from [01m[K/home/wellyowo/locobot_sim/locobot_ws/src/ThirdParty/rplidar_ros/./sdk/src/sdkcommon.h:49[m[K,
[6.937s]                  from [01m[K/home/wellyowo/locobot_sim/locobot_ws/src/ThirdParty/rplidar_ros/sdk/src/hal/thread.cpp:35[m[K:
[6.937s] [01m[K/home/wellyowo/locobot_sim/locobot_ws/src/ThirdParty/rplidar_ros/./sdk/include/sl_lidar_protocol.h:66:16:[m[K [01;35m[Kwarning: [m[KISO C++ forbids zero-size array ‘[01m[Kdata[m[K’ [[01;35m[K-Wpedantic[m[K]
[6.937s]    66 |     sl_u8 data[[01;35m[K0[m[K];
[6.938s]       |                [01;35m[K^[m[K
[6.945s] In file included from [01m[K/home/wellyowo/locobot_sim/locobot_ws/src/ThirdParty/rplidar_ros/./sdk/src/arch/linux/arch_linux.h:42[m[K,
[6.946s]                  from [01m[K/home/wellyowo/locobot_sim/locobot_ws/src/ThirdParty/rplidar_ros/./sdk/src/sdkcommon.h:41[m[K,
[6.946s]                  from [01m[K/home/wellyowo/locobot_sim/locobot_ws/src/ThirdParty/rplidar_ros/sdk/src/arch/linux/net_socket.cpp:10[m[K:
[6.946s] [01m[K/home/wellyowo/locobot_sim/locobot_ws/src/ThirdParty/rplidar_ros/sdk/src/arch/linux/net_socket.cpp:[m[K In member function ‘[01m[Kvirtual u_result rp::arch::net::DGramSocketImpl::sendTo(const rp::net::SocketAddress*, const void*, size_t)[m[K’:
[6.946s] [01m[K/home/wellyowo/locobot_sim/locobot_ws/src/ThirdParty/rplidar_ros/sdk/src/arch/linux/net_socket.cpp:733:24:[m[K [01;35m[Kwarning: [m[Kcomparison of integer expressions of different signedness: ‘[01m[Kint[m[K’ and ‘[01m[Ksize_t[m[K’ {aka ‘[01m[Klong unsigned int[m[K’} [[01;35m[K-Wsign-compare[m[K]
[6.946s]   733 |             assert([01;35m[Kans == len[m[K);
[6.947s]       |                    [01;35m[K~~~~^~~~~~[m[K
[6.947s] In file included from [01m[K/home/wellyowo/locobot_sim/locobot_ws/src/ThirdParty/rplidar_ros/./sdk/include/rplidar_cmd.h:36[m[K,
[6.947s]                  from [01m[K/home/wellyowo/locobot_sim/locobot_ws/src/ThirdParty/rplidar_ros/./sdk/include/rplidar.h:40[m[K,
[6.947s]                  from [01m[K/home/wellyowo/locobot_sim/locobot_ws/src/ThirdParty/rplidar_ros/./sdk/src/sdkcommon.h:49[m[K,
[6.947s]                  from [01m[K/home/wellyowo/locobot_sim/locobot_ws/src/ThirdParty/rplidar_ros/sdk/src/hal/thread.cpp:35[m[K:
[6.947s] [01m[K/home/wellyowo/locobot_sim/locobot_ws/src/ThirdParty/rplidar_ros/./sdk/include/sl_lidar_cmd.h:324:20:[m[K [01;35m[Kwarning: [m[KISO C++ forbids zero-size array ‘[01m[Kpayload[m[K’ [[01;35m[K-Wpedantic[m[K]
[6.947s]   324 |     sl_u8  payload[[01;35m[K0[m[K];
[6.947s]       |                    [01;35m[K^[m[K
[7.018s] In file included from [01m[K/home/wellyowo/locobot_sim/locobot_ws/src/ThirdParty/rplidar_ros/./sdk/include/rplidar_protocol.h:36[m[K,
[7.018s]                  from [01m[K/home/wellyowo/locobot_sim/locobot_ws/src/ThirdParty/rplidar_ros/./sdk/include/rplidar.h:39[m[K,
[7.018s]                  from [01m[K/home/wellyowo/locobot_sim/locobot_ws/src/ThirdParty/rplidar_ros/sdk/src/sdkcommon.h:49[m[K,
[7.018s]                  from [01m[K/home/wellyowo/locobot_sim/locobot_ws/src/ThirdParty/rplidar_ros/sdk/src/rplidar_driver.cpp:33[m[K:
[7.018s] [01m[K/home/wellyowo/locobot_sim/locobot_ws/src/ThirdParty/rplidar_ros/./sdk/include/sl_lidar_protocol.h:66:16:[m[K [01;35m[Kwarning: [m[KISO C++ forbids zero-size array ‘[01m[Kdata[m[K’ [[01;35m[K-Wpedantic[m[K]
[7.019s]    66 |     sl_u8 data[[01;35m[K0[m[K];
[7.019s]       |                [01;35m[K^[m[K
[7.055s] In file included from [01m[K/home/wellyowo/locobot_sim/locobot_ws/src/ThirdParty/rplidar_ros/./sdk/include/rplidar_cmd.h:36[m[K,
[7.055s]                  from [01m[K/home/wellyowo/locobot_sim/locobot_ws/src/ThirdParty/rplidar_ros/./sdk/include/rplidar.h:40[m[K,
[7.055s]                  from [01m[K/home/wellyowo/locobot_sim/locobot_ws/src/ThirdParty/rplidar_ros/sdk/src/sdkcommon.h:49[m[K,
[7.055s]                  from [01m[K/home/wellyowo/locobot_sim/locobot_ws/src/ThirdParty/rplidar_ros/sdk/src/rplidar_driver.cpp:33[m[K:
[7.055s] [01m[K/home/wellyowo/locobot_sim/locobot_ws/src/ThirdParty/rplidar_ros/./sdk/include/sl_lidar_cmd.h:324:20:[m[K [01;35m[Kwarning: [m[KISO C++ forbids zero-size array ‘[01m[Kpayload[m[K’ [[01;35m[K-Wpedantic[m[K]
[7.055s]   324 |     sl_u8  payload[[01;35m[K0[m[K];
[7.055s]       |                    [01;35m[K^[m[K
[7.304s] In file included from [01m[K/home/wellyowo/locobot_sim/locobot_ws/src/ThirdParty/rplidar_ros/sdk/src/hal/thread.cpp:43[m[K:
[7.305s] [01m[K/home/wellyowo/locobot_sim/locobot_ws/src/ThirdParty/rplidar_ros/./sdk/src/arch/linux/thread.hpp:[m[K In static member function ‘[01m[Kstatic rp::hal::Thread rp::hal::Thread::create(thread_proc_t, void*)[m[K’:
[7.305s] [01m[K/home/wellyowo/locobot_sim/locobot_ws/src/ThirdParty/rplidar_ros/./sdk/src/arch/linux/thread.hpp:52:57:[m[K [01;35m[Kwarning: [m[Kcast between incompatible function types from ‘[01m[Kthread_proc_t[m[K’ {aka ‘[01m[Klong unsigned int (*)(void*)[m[K’} to ‘[01m[Kvoid* (*)(void*)[m[K’ [[01;35m[K-Wcast-function-type[m[K]
[7.306s]    52 |     pthread_create((pthread_t *)&newborn._handle, NULL, [01;35m[K(void * (*)(void *))proc[m[K, data);
[7.306s]       |                                                         [01;35m[K^~~~~~~~~~~~~~~~~~~~~~~~[m[K
[7.322s] [01m[K/home/wellyowo/locobot_sim/locobot_ws/src/ThirdParty/rplidar_ros/./sdk/src/arch/linux/thread.hpp:[m[K In member function ‘[01m[Ku_result rp::hal::Thread::join(long unsigned int)[m[K’:
[7.322s] [01m[K/home/wellyowo/locobot_sim/locobot_ws/src/ThirdParty/rplidar_ros/./sdk/src/arch/linux/thread.hpp:176:37:[m[K [01;35m[Kwarning: [m[Kunused parameter ‘[01m[Ktimeout[m[K’ [[01;35m[K-Wunused-parameter[m[K]
[7.322s]   176 | u_result Thread::join([01;35m[Kunsigned long timeout[m[K)
[7.322s]       |                       [01;35m[K~~~~~~~~~~~~~~^~~~~~~[m[K
[7.443s] In file included from [01m[K/home/wellyowo/locobot_sim/locobot_ws/src/ThirdParty/rplidar_ros/./sdk/include/rplidar_protocol.h:36[m[K,
[7.444s]                  from [01m[K/home/wellyowo/locobot_sim/locobot_ws/src/ThirdParty/rplidar_ros/./sdk/include/rplidar.h:39[m[K,
[7.444s]                  from [01m[K/home/wellyowo/locobot_sim/locobot_ws/src/ThirdParty/rplidar_ros/./sdk/src/sdkcommon.h:49[m[K,
[7.444s]                  from [01m[K/home/wellyowo/locobot_sim/locobot_ws/src/ThirdParty/rplidar_ros/sdk/src/dataunpacker/unpacker/../dataunnpacker_commondef.h:41[m[K,
[7.444s]                  from [01m[K/home/wellyowo/locobot_sim/locobot_ws/src/ThirdParty/rplidar_ros/sdk/src/dataunpacker/unpacker/handler_normalnode.cpp:39[m[K:
[7.444s] [01m[K/home/wellyowo/locobot_sim/locobot_ws/src/ThirdParty/rplidar_ros/./sdk/include/sl_lidar_protocol.h:66:16:[m[K [01;35m[Kwarning: [m[KISO C++ forbids zero-size array ‘[01m[Kdata[m[K’ [[01;35m[K-Wpedantic[m[K]
[7.445s]    66 |     sl_u8 data[[01;35m[K0[m[K];
[7.445s]       |                [01;35m[K^[m[K
[7.445s] In file included from [01m[K/home/wellyowo/locobot_sim/locobot_ws/src/ThirdParty/rplidar_ros/./sdk/include/rplidar_cmd.h:36[m[K,
[7.450s]                  from [01m[K/home/wellyowo/locobot_sim/locobot_ws/src/ThirdParty/rplidar_ros/./sdk/include/rplidar.h:40[m[K,
[7.450s]                  from [01m[K/home/wellyowo/locobot_sim/locobot_ws/src/ThirdParty/rplidar_ros/./sdk/src/sdkcommon.h:49[m[K,
[7.450s]                  from [01m[K/home/wellyowo/locobot_sim/locobot_ws/src/ThirdParty/rplidar_ros/sdk/src/dataunpacker/unpacker/../dataunnpacker_commondef.h:41[m[K,
[7.451s]                  from [01m[K/home/wellyowo/locobot_sim/locobot_ws/src/ThirdParty/rplidar_ros/sdk/src/dataunpacker/unpacker/handler_normalnode.cpp:39[m[K:
[7.451s] [01m[K/home/wellyowo/locobot_sim/locobot_ws/src/ThirdParty/rplidar_ros/./sdk/include/sl_lidar_cmd.h:324:20:[m[K [01;35m[Kwarning: [m[KISO C++ forbids zero-size array ‘[01m[Kpayload[m[K’ [[01;35m[K-Wpedantic[m[K]
[7.451s]   324 |     sl_u8  payload[[01;35m[K0[m[K];
[7.451s]       |                    [01;35m[K^[m[K
[7.489s] [01m[K/home/wellyowo/locobot_sim/locobot_ws/src/ThirdParty/rplidar_ros/sdk/src/arch/linux/net_serial.cpp:[m[K In member function ‘[01m[Kbool rp::arch::net::raw_serial::open(const char*, uint32_t, uint32_t)[m[K’:
[7.490s] [01m[K/home/wellyowo/locobot_sim/locobot_ws/src/ThirdParty/rplidar_ros/sdk/src/arch/linux/net_serial.cpp:97:74:[m[K [01;35m[Kwarning: [m[Kunused parameter ‘[01m[Kflags[m[K’ [[01;35m[K-Wunused-parameter[m[K]
[7.494s]    97 | bool raw_serial::open(const char * portname, uint32_t baudrate, [01;35m[Kuint32_t flags[m[K)
[7.494s]       |                                                                 [01;35m[K~~~~~~~~~^~~~~[m[K
[7.501s] [01m[K/home/wellyowo/locobot_sim/locobot_ws/src/ThirdParty/rplidar_ros/sdk/src/arch/linux/net_serial.cpp:[m[K In member function ‘[01m[Kvirtual void rp::arch::net::raw_serial::flush(_u32)[m[K’:
[7.501s] [01m[K/home/wellyowo/locobot_sim/locobot_ws/src/ThirdParty/rplidar_ros/sdk/src/arch/linux/net_serial.cpp:281:30:[m[K [01;35m[Kwarning: [m[Kunused parameter ‘[01m[Kflags[m[K’ [[01;35m[K-Wunused-parameter[m[K]
[7.501s]   281 | void raw_serial::flush( [01;35m[K_u32 flags[m[K)
[7.501s]       |                         [01;35m[K~~~~~^~~~~[m[K
[7.501s] [01m[K/home/wellyowo/locobot_sim/locobot_ws/src/ThirdParty/rplidar_ros/sdk/src/arch/linux/net_serial.cpp:[m[K In member function ‘[01m[Kvirtual int rp::arch::net::raw_serial::waitforsent(_u32, size_t*)[m[K’:
[7.502s] [01m[K/home/wellyowo/locobot_sim/locobot_ws/src/ThirdParty/rplidar_ros/sdk/src/arch/linux/net_serial.cpp:286:34:[m[K [01;35m[Kwarning: [m[Kunused parameter ‘[01m[Ktimeout[m[K’ [[01;35m[K-Wunused-parameter[m[K]
[7.502s]   286 | int raw_serial::waitforsent([01;35m[K_u32 timeout[m[K, size_t * returned_size)
[7.502s]       |                             [01;35m[K~~~~~^~~~~~~[m[K
[7.503s] [01m[K/home/wellyowo/locobot_sim/locobot_ws/src/ThirdParty/rplidar_ros/sdk/src/arch/linux/net_serial.cpp:[m[K In member function ‘[01m[Kvirtual int rp::arch::net::raw_serial::waitforrecv(_u32, size_t*)[m[K’:
[7.507s] [01m[K/home/wellyowo/locobot_sim/locobot_ws/src/ThirdParty/rplidar_ros/sdk/src/arch/linux/net_serial.cpp:292:34:[m[K [01;35m[Kwarning: [m[Kunused parameter ‘[01m[Ktimeout[m[K’ [[01;35m[K-Wunused-parameter[m[K]
[7.508s]   292 | int raw_serial::waitforrecv([01;35m[K_u32 timeout[m[K, size_t * returned_size)
[7.508s]       |                             [01;35m[K~~~~~^~~~~~~[m[K
[7.517s] [01m[K/home/wellyowo/locobot_sim/locobot_ws/src/ThirdParty/rplidar_ros/sdk/src/arch/linux/net_serial.cpp:[m[K In member function ‘[01m[Kvirtual void rp::arch::net::raw_serial::cancelOperation()[m[K’:
[7.517s] [01m[K/home/wellyowo/locobot_sim/locobot_ws/src/ThirdParty/rplidar_ros/sdk/src/arch/linux/net_serial.cpp:427:5:[m[K [01;35m[Kwarning: [m[Kvalue computed is not used [[01;35m[K-Wunused-value[m[K]
[7.517s]   427 |     [01;35m[K(int)::write(_selfpipe[1], "x", 1)[m[K;
[7.517s]       |     [01;35m[K^~~~~~~~~~~~~~~~~~~~~~~~~~~~~~~~~~[m[K
[7.594s] In file included from [01m[K/home/wellyowo/locobot_sim/locobot_ws/src/ThirdParty/rplidar_ros/sdk/src/dataunpacker/unpacker/handler_capsules.cpp:40[m[K:
[7.594s] [01m[K/home/wellyowo/locobot_sim/locobot_ws/src/ThirdParty/rplidar_ros/sdk/src/dataunpacker/unpacker/../dataunpacker.h:[m[K In member function ‘[01m[Kvirtual void sl::internal::LIDARSampleDataListener::onCustomSampleDataDecoded(_u8, _u32, const void*, size_t)[m[K’:
[7.594s] [01m[K/home/wellyowo/locobot_sim/locobot_ws/src/ThirdParty/rplidar_ros/sdk/src/dataunpacker/unpacker/../dataunpacker.h:54:52:[m[K [01;35m[Kwarning: [m[Kunused parameter ‘[01m[KansType[m[K’ [[01;35m[K-Wunused-parameter[m[K]
[7.595s]    54 |         virtual void onCustomSampleDataDecoded([01;35m[K_u8 ansType[m[K, _u32 customCode, const void* data, size_t size) {}
[7.595s]       |                                                [01;35m[K~~~~^~~~~~~[m[K
[7.595s] [01m[K/home/wellyowo/locobot_sim/locobot_ws/src/ThirdParty/rplidar_ros/sdk/src/dataunpacker/unpacker/../dataunpacker.h:54:66:[m[K [01;35m[Kwarning: [m[Kunused parameter ‘[01m[KcustomCode[m[K’ [[01;35m[K-Wunused-parameter[m[K]
[7.595s]    54 |         virtual void onCustomSampleDataDecoded(_u8 ansType, [01;35m[K_u32 customCode[m[K, const void* data, size_t size) {}
[7.595s]       |                                                             [01;35m[K~~~~~^~~~~~~~~~[m[K
[7.595s] [01m[K/home/wellyowo/locobot_sim/locobot_ws/src/ThirdParty/rplidar_ros/sdk/src/dataunpacker/unpacker/../dataunpacker.h:54:90:[m[K [01;35m[Kwarning: [m[Kunused parameter ‘[01m[Kdata[m[K’ [[01;35m[K-Wunused-parameter[m[K]
[7.595s]    54 |         virtual void onCustomSampleDataDecoded(_u8 ansType, _u32 customCode, [01;35m[Kconst void* data[m[K, size_t size) {}
[7.595s]       |                                                                              [01;35m[K~~~~~~~~~~~~^~~~[m[K
[7.595s] [01m[K/home/wellyowo/locobot_sim/locobot_ws/src/ThirdParty/rplidar_ros/sdk/src/dataunpacker/unpacker/../dataunpacker.h:54:103:[m[K [01;35m[Kwarning: [m[Kunused parameter ‘[01m[Ksize[m[K’ [[01;35m[K-Wunused-parameter[m[K]
[7.595s]    54 |         virtual void onCustomSampleDataDecoded(_u8 ansType, _u32 customCode, const void* data, [01;35m[Ksize_t size[m[K) {}
[7.596s]       |                                                                                                [01;35m[K~~~~~~~^~~~[m[K
[7.596s] [01m[K/home/wellyowo/locobot_sim/locobot_ws/src/ThirdParty/rplidar_ros/sdk/src/dataunpacker/unpacker/../dataunpacker.h:[m[K In member function ‘[01m[Kvirtual void sl::internal::LIDARSampleDataListener::onDecodingError(int, _u8, const void*, size_t)[m[K’:
[7.596s] [01m[K/home/wellyowo/locobot_sim/locobot_ws/src/ThirdParty/rplidar_ros/sdk/src/dataunpacker/unpacker/../dataunpacker.h:56:42:[m[K [01;35m[Kwarning: [m[Kunused parameter ‘[01m[KerrMsg[m[K’ [[01;35m[K-Wunused-parameter[m[K]
[7.596s]    56 |         virtual void onDecodingError([01;35m[Kint errMsg[m[K, _u8 ansType, const void* payload, size_t size) {}
[7.597s]       |                                      [01;35m[K~~~~^~~~~~[m[K
[7.597s] [01m[K/home/wellyowo/locobot_sim/locobot_ws/src/ThirdParty/rplidar_ros/sdk/src/dataunpacker/unpacker/../dataunpacker.h:56:54:[m[K [01;35m[Kwarning: [m[Kunused parameter ‘[01m[KansType[m[K’ [[01;35m[K-Wunused-parameter[m[K]
[7.604s]    56 |         virtual void onDecodingError(int errMsg, [01;35m[K_u8 ansType[m[K, const void* payload, size_t size) {}
[7.604s]       |                                                  [01;35m[K~~~~^~~~~~~[m[K
[7.605s] [01m[K/home/wellyowo/locobot_sim/locobot_ws/src/ThirdParty/rplidar_ros/sdk/src/dataunpacker/unpacker/../dataunpacker.h:56:75:[m[K [01;35m[Kwarning: [m[Kunused parameter ‘[01m[Kpayload[m[K’ [[01;35m[K-Wunused-parameter[m[K]
[7.605s]    56 |         virtual void onDecodingError(int errMsg, _u8 ansType, [01;35m[Kconst void* payload[m[K, size_t size) {}
[7.605s]       |                                                               [01;35m[K~~~~~~~~~~~~^~~~~~~[m[K
[7.605s] [01m[K/home/wellyowo/locobot_sim/locobot_ws/src/ThirdParty/rplidar_ros/sdk/src/dataunpacker/unpacker/../dataunpacker.h:56:91:[m[K [01;35m[Kwarning: [m[Kunused parameter ‘[01m[Ksize[m[K’ [[01;35m[K-Wunused-parameter[m[K]
[7.606s]    56 |         virtual void onDecodingError(int errMsg, _u8 ansType, const void* payload, [01;35m[Ksize_t size[m[K) {}
[7.606s]       |                                                                                    [01;35m[K~~~~~~~^~~~[m[K
[7.675s] [01m[K/home/wellyowo/locobot_sim/locobot_ws/src/ThirdParty/rplidar_ros/sdk/src/dataunpacker/unpacker/handler_capsules.cpp:[m[K In member function ‘[01m[Kvoid sl::internal::unpacker::UnpackerHandler_DenseCapsuleNode::_onScanNodeDenseCapsuleData(rplidar_response_dense_capsule_measurement_nodes_t&, sl::internal::LIDARSampleDataUnpackerInner*)[m[K’:
[7.675s] [01m[K/home/wellyowo/locobot_sim/locobot_ws/src/ThirdParty/rplidar_ros/sdk/src/dataunpacker/unpacker/handler_capsules.cpp:763:30:[m[K [01;35m[Kwarning: [m[Ktype qualifiers ignored on cast result type [[01;35m[K-Wignored-qualifiers[m[K]
[7.675s]   763 |             const int dist = [01;35m[Kstatic_cast<const int>(_cached_previous_dense_capsuledata.cabins[pos].distance)[m[K;
[7.675s]       |                              [01;35m[K^~~~~~~~~~~~~~~~~~~~~~~~~~~~~~~~~~~~~~~~~~~~~~~~~~~~~~~~~~~~~~~~~~~~~~~~~~~~~~~[m[K
[7.814s] In file included from [01m[K/home/wellyowo/locobot_sim/locobot_ws/src/ThirdParty/rplidar_ros/sdk/src/dataunpacker/dataunpacker.cpp:40[m[K:
[7.815s] [01m[K/home/wellyowo/locobot_sim/locobot_ws/src/ThirdParty/rplidar_ros/sdk/src/dataunpacker/dataunpacker.h:[m[K In member function ‘[01m[Kvirtual void sl::internal::LIDARSampleDataListener::onCustomSampleDataDecoded(_u8, _u32, const void*, size_t)[m[K’:
[7.815s] [01m[K/home/wellyowo/locobot_sim/locobot_ws/src/ThirdParty/rplidar_ros/sdk/src/dataunpacker/dataunpacker.h:54:52:[m[K [01;35m[Kwarning: [m[Kunused parameter ‘[01m[KansType[m[K’ [[01;35m[K-Wunused-parameter[m[K]
[7.815s]    54 |         virtual void onCustomSampleDataDecoded([01;35m[K_u8 ansType[m[K, _u32 customCode, const void* data, size_t size) {}
[7.815s]       |                                                [01;35m[K~~~~^~~~~~~[m[K
[7.815s] [01m[K/home/wellyowo/locobot_sim/locobot_ws/src/ThirdParty/rplidar_ros/sdk/src/dataunpacker/dataunpacker.h:54:66:[m[K [01;35m[Kwarning: [m[Kunused parameter ‘[01m[KcustomCode[m[K’ [[01;35m[K-Wunused-parameter[m[K]
[7.815s]    54 |         virtual void onCustomSampleDataDecoded(_u8 ansType, [01;35m[K_u32 customCode[m[K, const void* data, size_t size) {}
[7.815s]       |                                                             [01;35m[K~~~~~^~~~~~~~~~[m[K
[7.815s] [01m[K/home/wellyowo/locobot_sim/locobot_ws/src/ThirdParty/rplidar_ros/sdk/src/dataunpacker/dataunpacker.h:54:90:[m[K [01;35m[Kwarning: [m[Kunused parameter ‘[01m[Kdata[m[K’ [[01;35m[K-Wunused-parameter[m[K]
[7.815s]    54 |         virtual void onCustomSampleDataDecoded(_u8 ansType, _u32 customCode, [01;35m[Kconst void* data[m[K, size_t size) {}
[7.815s]       |                                                                              [01;35m[K~~~~~~~~~~~~^~~~[m[K
[7.816s] [01m[K/home/wellyowo/locobot_sim/locobot_ws/src/ThirdParty/rplidar_ros/sdk/src/dataunpacker/dataunpacker.h:54:103:[m[K [01;35m[Kwarning: [m[Kunused parameter ‘[01m[Ksize[m[K’ [[01;35m[K-Wunused-parameter[m[K]
[7.816s]    54 |         virtual void onCustomSampleDataDecoded(_u8 ansType, _u32 customCode, const void* data, [01;35m[Ksize_t size[m[K) {}
[7.816s]       |                                                                                                [01;35m[K~~~~~~~^~~~[m[K
[7.816s] [01m[K/home/wellyowo/locobot_sim/locobot_ws/src/ThirdParty/rplidar_ros/sdk/src/dataunpacker/dataunpacker.h:[m[K In member function ‘[01m[Kvirtual void sl::internal::LIDARSampleDataListener::onDecodingError(int, _u8, const void*, size_t)[m[K’:
[7.816s] [01m[K/home/wellyowo/locobot_sim/locobot_ws/src/ThirdParty/rplidar_ros/sdk/src/dataunpacker/dataunpacker.h:56:42:[m[K [01;35m[Kwarning: [m[Kunused parameter ‘[01m[KerrMsg[m[K’ [[01;35m[K-Wunused-parameter[m[K]
[7.816s]    56 |         virtual void onDecodingError([01;35m[Kint errMsg[m[K, _u8 ansType, const void* payload, size_t size) {}
[7.816s]       |                                      [01;35m[K~~~~^~~~~~[m[K
[7.816s] [01m[K/home/wellyowo/locobot_sim/locobot_ws/src/ThirdParty/rplidar_ros/sdk/src/dataunpacker/dataunpacker.h:56:54:[m[K [01;35m[Kwarning: [m[Kunused parameter ‘[01m[KansType[m[K’ [[01;35m[K-Wunused-parameter[m[K]
[7.816s]    56 |         virtual void onDecodingError(int errMsg, [01;35m[K_u8 ansType[m[K, const void* payload, size_t size) {}
[7.817s]       |                                                  [01;35m[K~~~~^~~~~~~[m[K
[7.817s] [01m[K/home/wellyowo/locobot_sim/locobot_ws/src/ThirdParty/rplidar_ros/sdk/src/dataunpacker/dataunpacker.h:56:75:[m[K [01;35m[Kwarning: [m[Kunused parameter ‘[01m[Kpayload[m[K’ [[01;35m[K-Wunused-parameter[m[K]
[7.817s]    56 |         virtual void onDecodingError(int errMsg, _u8 ansType, [01;35m[Kconst void* payload[m[K, size_t size) {}
[7.817s]       |                                                               [01;35m[K~~~~~~~~~~~~^~~~~~~[m[K
[7.821s] [01m[K/home/wellyowo/locobot_sim/locobot_ws/src/ThirdParty/rplidar_ros/sdk/src/dataunpacker/dataunpacker.h:56:91:[m[K [01;35m[Kwarning: [m[Kunused parameter ‘[01m[Ksize[m[K’ [[01;35m[K-Wunused-parameter[m[K]
[7.821s]    56 |         virtual void onDecodingError(int errMsg, _u8 ansType, const void* payload, [01;35m[Ksize_t size[m[K) {}
[7.821s]       |                                                                                    [01;35m[K~~~~~~~^~~~[m[K
[7.962s] In file included from [01m[K/home/wellyowo/locobot_sim/locobot_ws/src/ThirdParty/rplidar_ros/./sdk/include/rplidar_protocol.h:36[m[K,
[7.962s]                  from [01m[K/home/wellyowo/locobot_sim/locobot_ws/src/ThirdParty/rplidar_ros/./sdk/include/rplidar.h:39[m[K,
[7.964s]                  from [01m[K/home/wellyowo/locobot_sim/locobot_ws/src/ThirdParty/rplidar_ros/sdk/src/sdkcommon.h:49[m[K,
[7.965s]                  from [01m[K/home/wellyowo/locobot_sim/locobot_ws/src/ThirdParty/rplidar_ros/sdk/src/sl_async_transceiver.cpp:35[m[K:
[7.965s] [01m[K/home/wellyowo/locobot_sim/locobot_ws/src/ThirdParty/rplidar_ros/./sdk/include/sl_lidar_protocol.h:66:16:[m[K [01;35m[Kwarning: [m[KISO C++ forbids zero-size array ‘[01m[Kdata[m[K’ [[01;35m[K-Wpedantic[m[K]
[7.965s]    66 |     sl_u8 data[[01;35m[K0[m[K];
[7.965s]       |                [01;35m[K^[m[K
[7.965s] [ 63%] [32mBuilding CXX object CMakeFiles/rplidar_node.dir/sdk/src/sl_lidarprotocol_codec.cpp.o[0m
[7.965s] In file included from [01m[K/home/wellyowo/locobot_sim/locobot_ws/src/ThirdParty/rplidar_ros/./sdk/include/rplidar_cmd.h:36[m[K,
[7.965s]                  from [01m[K/home/wellyowo/locobot_sim/locobot_ws/src/ThirdParty/rplidar_ros/./sdk/include/rplidar.h:40[m[K,
[7.965s]                  from [01m[K/home/wellyowo/locobot_sim/locobot_ws/src/ThirdParty/rplidar_ros/sdk/src/sdkcommon.h:49[m[K,
[7.965s]                  from [01m[K/home/wellyowo/locobot_sim/locobot_ws/src/ThirdParty/rplidar_ros/sdk/src/sl_async_transceiver.cpp:35[m[K:
[7.966s] [01m[K/home/wellyowo/locobot_sim/locobot_ws/src/ThirdParty/rplidar_ros/./sdk/include/sl_lidar_cmd.h:324:20:[m[K [01;35m[Kwarning: [m[KISO C++ forbids zero-size array ‘[01m[Kpayload[m[K’ [[01;35m[K-Wpedantic[m[K]
[7.966s]   324 |     sl_u8  payload[[01;35m[K0[m[K];
[7.967s]       |                    [01;35m[K^[m[K
[8.043s] [ 65%] [32mBuilding CXX object CMakeFiles/rplidar_node.dir/sdk/src/sl_serial_channel.cpp.o[0m
[8.128s] [ 68%] [32mBuilding CXX object CMakeFiles/rplidar_node.dir/sdk/src/sl_tcp_channel.cpp.o[0m
[8.179s] In file included from [01m[K/home/wellyowo/locobot_sim/locobot_ws/src/ThirdParty/rplidar_ros/sdk/src/dataunpacker/unpacker/handler_hqnode.cpp:40[m[K:
[8.180s] [01m[K/home/wellyowo/locobot_sim/locobot_ws/src/ThirdParty/rplidar_ros/sdk/src/dataunpacker/unpacker/../dataunpacker.h:[m[K In member function ‘[01m[Kvirtual void sl::internal::LIDARSampleDataListener::onCustomSampleDataDecoded(_u8, _u32, const void*, size_t)[m[K’:
[8.180s] [01m[K/home/wellyowo/locobot_sim/locobot_ws/src/ThirdParty/rplidar_ros/sdk/src/dataunpacker/unpacker/../dataunpacker.h:54:52:[m[K [01;35m[Kwarning: [m[Kunused parameter ‘[01m[KansType[m[K’ [[01;35m[K-Wunused-parameter[m[K]
[8.180s]    54 |         virtual void onCustomSampleDataDecoded([01;35m[K_u8 ansType[m[K, _u32 customCode, const void* data, size_t size) {}
[8.180s]       |                                                [01;35m[K~~~~^~~~~~~[m[K
[8.180s] [01m[K/home/wellyowo/locobot_sim/locobot_ws/src/ThirdParty/rplidar_ros/sdk/src/dataunpacker/unpacker/../dataunpacker.h:54:66:[m[K [01;35m[Kwarning: [m[Kunused parameter ‘[01m[KcustomCode[m[K’ [[01;35m[K-Wunused-parameter[m[K]
[8.181s]    54 |         virtual void onCustomSampleDataDecoded(_u8 ansType, [01;35m[K_u32 customCode[m[K, const void* data, size_t size) {}
[8.181s]       |                                                             [01;35m[K~~~~~^~~~~~~~~~[m[K
[8.181s] [01m[K/home/wellyowo/locobot_sim/locobot_ws/src/ThirdParty/rplidar_ros/sdk/src/dataunpacker/unpacker/../dataunpacker.h:54:90:[m[K [01;35m[Kwarning: [m[Kunused parameter ‘[01m[Kdata[m[K’ [[01;35m[K-Wunused-parameter[m[K]
[8.181s]    54 |         virtual void onCustomSampleDataDecoded(_u8 ansType, _u32 customCode, [01;35m[Kconst void* data[m[K, size_t size) {}
[8.181s]       |                                                                              [01;35m[K~~~~~~~~~~~~^~~~[m[K
[8.186s] [01m[K/home/wellyowo/locobot_sim/locobot_ws/src/ThirdParty/rplidar_ros/sdk/src/dataunpacker/unpacker/../dataunpacker.h:54:103:[m[K [01;35m[Kwarning: [m[Kunused parameter ‘[01m[Ksize[m[K’ [[01;35m[K-Wunused-parameter[m[K]
[8.186s]    54 |         virtual void onCustomSampleDataDecoded(_u8 ansType, _u32 customCode, const void* data, [01;35m[Ksize_t size[m[K) {}
[8.186s]       |                                                                                                [01;35m[K~~~~~~~^~~~[m[K
[8.186s] [01m[K/home/wellyowo/locobot_sim/locobot_ws/src/ThirdParty/rplidar_ros/sdk/src/dataunpacker/unpacker/../dataunpacker.h:[m[K In member function ‘[01m[Kvirtual void sl::internal::LIDARSampleDataListener::onDecodingError(int, _u8, const void*, size_t)[m[K’:
[8.186s] [01m[K/home/wellyowo/locobot_sim/locobot_ws/src/ThirdParty/rplidar_ros/sdk/src/dataunpacker/unpacker/../dataunpacker.h:56:42:[m[K [01;35m[Kwarning: [m[Kunused parameter ‘[01m[KerrMsg[m[K’ [[01;35m[K-Wunused-parameter[m[K]
[8.186s]    56 |         virtual void onDecodingError([01;35m[Kint errMsg[m[K, _u8 ansType, const void* payload, size_t size) {}
[8.186s]       |                                      [01;35m[K~~~~^~~~~~[m[K
[8.186s] [01m[K/home/wellyowo/locobot_sim/locobot_ws/src/ThirdParty/rplidar_ros/sdk/src/dataunpacker/unpacker/../dataunpacker.h:56:54:[m[K [01;35m[Kwarning: [m[Kunused parameter ‘[01m[KansType[m[K’ [[01;35m[K-Wunused-parameter[m[K]
[8.187s]    56 |         virtual void onDecodingError(int errMsg, [01;35m[K_u8 ansType[m[K, const void* payload, size_t size) {}
[8.187s]       |                                                  [01;35m[K~~~~^~~~~~~[m[K
[8.187s] [01m[K/home/wellyowo/locobot_sim/locobot_ws/src/ThirdParty/rplidar_ros/sdk/src/dataunpacker/unpacker/../dataunpacker.h:56:75:[m[K [01;35m[Kwarning: [m[Kunused parameter ‘[01m[Kpayload[m[K’ [[01;35m[K-Wunused-parameter[m[K]
[8.187s]    56 |         virtual void onDecodingError(int errMsg, _u8 ansType, [01;35m[Kconst void* payload[m[K, size_t size) {}
[8.187s]       |                                                               [01;35m[K~~~~~~~~~~~~^~~~~~~[m[K
[8.187s] [01m[K/home/wellyowo/locobot_sim/locobot_ws/src/ThirdParty/rplidar_ros/sdk/src/dataunpacker/unpacker/../dataunpacker.h:56:91:[m[K [01;35m[Kwarning: [m[Kunused parameter ‘[01m[Ksize[m[K’ [[01;35m[K-Wunused-parameter[m[K]
[8.187s]    56 |         virtual void onDecodingError(int errMsg, _u8 ansType, const void* payload, [01;35m[Ksize_t size[m[K) {}
[8.187s]       |                                                                                    [01;35m[K~~~~~~~^~~~[m[K
[8.212s] [ 71%] [32mBuilding CXX object CMakeFiles/rplidar_node.dir/sdk/src/sl_udp_channel.cpp.o[0m
[8.322s] [ 73%] [32mBuilding CXX object CMakeFiles/rplidar_composition.dir/sdk/src/rplidar_driver.cpp.o[0m
[8.347s] [01m[K/home/wellyowo/locobot_sim/locobot_ws/src/ThirdParty/rplidar_ros/sdk/src/rplidar_driver.cpp:[m[K In member function ‘[01m[Ku_result rp::standalone::rplidar::RPlidarDriver::connect(const char*, _u32, _u32)[m[K’:
[8.347s] [01m[K/home/wellyowo/locobot_sim/locobot_ws/src/ThirdParty/rplidar_ros/sdk/src/rplidar_driver.cpp:67:77:[m[K [01;35m[Kwarning: [m[Kunused parameter ‘[01m[Kflag[m[K’ [[01;35m[K-Wunused-parameter[m[K]
[8.347s]    67 |     u_result RPlidarDriver::connect(const char *path, _u32 portOrBaud, [01;35m[K_u32 flag[m[K)
[8.347s]       |                                                                        [01;35m[K~~~~~^~~~[m[K
[8.347s] [01m[K/home/wellyowo/locobot_sim/locobot_ws/src/ThirdParty/rplidar_ros/sdk/src/rplidar_driver.cpp:[m[K In member function ‘[01m[Ku_result rp::standalone::rplidar::RPlidarDriver::reset(_u32)[m[K’:
[8.348s] [01m[K/home/wellyowo/locobot_sim/locobot_ws/src/ThirdParty/rplidar_ros/sdk/src/rplidar_driver.cpp:101:40:[m[K [01;35m[Kwarning: [m[Kunused parameter ‘[01m[Ktimeout[m[K’ [[01;35m[K-Wunused-parameter[m[K]
[8.348s]   101 |     u_result RPlidarDriver::reset([01;35m[K_u32 timeout[m[K)
[8.348s]       |                                   [01;35m[K~~~~~^~~~~~~[m[K
[8.368s] [01m[K/home/wellyowo/locobot_sim/locobot_ws/src/ThirdParty/rplidar_ros/sdk/src/rplidar_driver.cpp:[m[K In member function ‘[01m[Ku_result rp::standalone::rplidar::RPlidarDriver::getScanDataWithInterval(rplidar_response_measurement_node_t*, size_t&)[m[K’:
[8.368s] [01m[K/home/wellyowo/locobot_sim/locobot_ws/src/ThirdParty/rplidar_ros/sdk/src/rplidar_driver.cpp:180:91:[m[K [01;35m[Kwarning: [m[Kunused parameter ‘[01m[Knodebuffer[m[K’ [[01;35m[K-Wunused-parameter[m[K]
[8.368s]   180 |     u_result RPlidarDriver::getScanDataWithInterval([01;35m[Krplidar_response_measurement_node_t * nodebuffer[m[K, size_t & count)
[8.368s]       |                                                     [01;35m[K~~~~~~~~~~~~~~~~~~~~~~~~~~~~~~~~~~~~~~^~~~~~~~~~[m[K
[8.368s] [01m[K/home/wellyowo/locobot_sim/locobot_ws/src/ThirdParty/rplidar_ros/sdk/src/rplidar_driver.cpp:180:112:[m[K [01;35m[Kwarning: [m[Kunused parameter ‘[01m[Kcount[m[K’ [[01;35m[K-Wunused-parameter[m[K]
[8.369s]   180 |     u_result RPlidarDriver::getScanDataWithInterval(rplidar_response_measurement_node_t * nodebuffer, [01;35m[Ksize_t & count[m[K)
[8.369s]       |                                                                                                       [01;35m[K~~~~~~~~~^~~~~[m[K
[8.369s] [ 76%] [32mBuilding CXX object CMakeFiles/rplidar_composition.dir/sdk/src/sl_async_transceiver.cpp.o[0m
[8.806s] [ 78%] [32mBuilding CXX object CMakeFiles/rplidar_composition.dir/sdk/src/sl_crc.cpp.o[0m
[8.837s] In file included from [01m[K/home/wellyowo/locobot_sim/locobot_ws/src/ThirdParty/rplidar_ros/./sdk/include/sl_lidar_cmd.h:41[m[K,
[8.837s]                  from [01m[K/home/wellyowo/locobot_sim/locobot_ws/src/ThirdParty/rplidar_ros/./sdk/include/sl_lidar_driver.h:54[m[K,
[8.838s]                  from [01m[K/home/wellyowo/locobot_sim/locobot_ws/src/ThirdParty/rplidar_ros/sdk/src/sl_tcp_channel.cpp:33[m[K:
[8.838s] [01m[K/home/wellyowo/locobot_sim/locobot_ws/src/ThirdParty/rplidar_ros/./sdk/include/sl_lidar_protocol.h:66:16:[m[K [01;35m[Kwarning: [m[KISO C++ forbids zero-size array ‘[01m[Kdata[m[K’ [[01;35m[K-Wpedantic[m[K]
[8.838s]    66 |     sl_u8 data[[01;35m[K0[m[K];
[8.838s]       |                [01;35m[K^[m[K
[8.838s] In file included from [01m[K/home/wellyowo/locobot_sim/locobot_ws/src/ThirdParty/rplidar_ros/./sdk/include/sl_lidar_driver.h:54[m[K,
[8.838s]                  from [01m[K/home/wellyowo/locobot_sim/locobot_ws/src/ThirdParty/rplidar_ros/sdk/src/sl_tcp_channel.cpp:33[m[K:
[8.838s] [01m[K/home/wellyowo/locobot_sim/locobot_ws/src/ThirdParty/rplidar_ros/./sdk/include/sl_lidar_cmd.h:324:20:[m[K [01;35m[Kwarning: [m[KISO C++ forbids zero-size array ‘[01m[Kpayload[m[K’ [[01;35m[K-Wpedantic[m[K]
[8.838s]   324 |     sl_u8  payload[[01;35m[K0[m[K];
[8.838s]       |                    [01;35m[K^[m[K
[8.867s] In file included from [01m[K/home/wellyowo/locobot_sim/locobot_ws/src/ThirdParty/rplidar_ros/./sdk/include/sl_lidar_cmd.h:41[m[K,
[8.867s]                  from [01m[K/home/wellyowo/locobot_sim/locobot_ws/src/ThirdParty/rplidar_ros/./sdk/include/sl_crc.h:36[m[K,
[8.867s]                  from [01m[K/home/wellyowo/locobot_sim/locobot_ws/src/ThirdParty/rplidar_ros/sdk/src/sl_crc.cpp:33[m[K:
[8.867s] [01m[K/home/wellyowo/locobot_sim/locobot_ws/src/ThirdParty/rplidar_ros/./sdk/include/sl_lidar_protocol.h:66:16:[m[K [01;35m[Kwarning: [m[KISO C++ forbids zero-size array ‘[01m[Kdata[m[K’ [[01;35m[K-Wpedantic[m[K]
[8.867s]    66 |     sl_u8 data[[01;35m[K0[m[K];
[8.868s]       |                [01;35m[K^[m[K
[8.868s] In file included from [01m[K/home/wellyowo/locobot_sim/locobot_ws/src/ThirdParty/rplidar_ros/./sdk/include/sl_crc.h:36[m[K,
[8.868s]                  from [01m[K/home/wellyowo/locobot_sim/locobot_ws/src/ThirdParty/rplidar_ros/sdk/src/sl_crc.cpp:33[m[K:
[8.868s] [01m[K/home/wellyowo/locobot_sim/locobot_ws/src/ThirdParty/rplidar_ros/./sdk/include/sl_lidar_cmd.h:324:20:[m[K [01;35m[Kwarning: [m[KISO C++ forbids zero-size array ‘[01m[Kpayload[m[K’ [[01;35m[K-Wpedantic[m[K]
[8.868s]   324 |     sl_u8  payload[[01;35m[K0[m[K];
[8.868s]       |                    [01;35m[K^[m[K
[8.868s] [01m[K/home/wellyowo/locobot_sim/locobot_ws/src/ThirdParty/rplidar_ros/sdk/src/sl_tcp_channel.cpp:[m[K In member function ‘[01m[Kvoid sl::TcpChannel::setStatus(_u32)[m[K’:
[8.868s] [01m[K/home/wellyowo/locobot_sim/locobot_ws/src/ThirdParty/rplidar_ros/sdk/src/sl_tcp_channel.cpp:109:29:[m[K [01;35m[Kwarning: [m[Kunused parameter ‘[01m[Kflag[m[K’ [[01;35m[K-Wunused-parameter[m[K]
[8.868s]   109 |         void setStatus([01;35m[K_u32 flag[m[K){}
[8.868s]       |                        [01;35m[K~~~~~^~~~[m[K
[8.913s] [ 81%] [32mBuilding CXX object CMakeFiles/rplidar_composition.dir/sdk/src/sl_lidar_driver.cpp.o[0m
[8.938s] In file included from [01m[K/home/wellyowo/locobot_sim/locobot_ws/src/ThirdParty/rplidar_ros/sdk/src/dataunpacker/dataunpacker.cpp:40[m[K:
[8.938s] [01m[K/home/wellyowo/locobot_sim/locobot_ws/src/ThirdParty/rplidar_ros/sdk/src/dataunpacker/dataunpacker.h:[m[K In member function ‘[01m[Kvirtual void sl::internal::LIDARSampleDataListener::onCustomSampleDataDecoded(_u8, _u32, const void*, size_t)[m[K’:
[8.942s] [01m[K/home/wellyowo/locobot_sim/locobot_ws/src/ThirdParty/rplidar_ros/sdk/src/dataunpacker/dataunpacker.h:54:52:[m[K [01;35m[Kwarning: [m[Kunused parameter ‘[01m[KansType[m[K’ [[01;35m[K-Wunused-parameter[m[K]
[8.943s]    54 |         virtual void onCustomSampleDataDecoded([01;35m[K_u8 ansType[m[K, _u32 customCode, const void* data, size_t size) {}
[8.943s]       |                                                [01;35m[K~~~~^~~~~~~[m[K
[8.943s] [01m[K/home/wellyowo/locobot_sim/locobot_ws/src/ThirdParty/rplidar_ros/sdk/src/dataunpacker/dataunpacker.h:54:66:[m[K [01;35m[Kwarning: [m[Kunused parameter ‘[01m[KcustomCode[m[K’ [[01;35m[K-Wunused-parameter[m[K]
[8.943s]    54 |         virtual void onCustomSampleDataDecoded(_u8 ansType, [01;35m[K_u32 customCode[m[K, const void* data, size_t size) {}
[8.943s]       |                                                             [01;35m[K~~~~~^~~~~~~~~~[m[K
[8.943s] [01m[K/home/wellyowo/locobot_sim/locobot_ws/src/ThirdParty/rplidar_ros/sdk/src/dataunpacker/dataunpacker.h:54:90:[m[K [01;35m[Kwarning: [m[Kunused parameter ‘[01m[Kdata[m[K’ [[01;35m[K-Wunused-parameter[m[K]
[8.943s]    54 |         virtual void onCustomSampleDataDecoded(_u8 ansType, _u32 customCode, [01;35m[Kconst void* data[m[K, size_t size) {}
[8.943s]       |                                                                              [01;35m[K~~~~~~~~~~~~^~~~[m[K
[8.943s] [01m[K/home/wellyowo/locobot_sim/locobot_ws/src/ThirdParty/rplidar_ros/sdk/src/dataunpacker/dataunpacker.h:54:103:[m[K [01;35m[Kwarning: [m[Kunused parameter ‘[01m[Ksize[m[K’ [[01;35m[K-Wunused-parameter[m[K]
[8.943s]    54 |         virtual void onCustomSampleDataDecoded(_u8 ansType, _u32 customCode, const void* data, [01;35m[Ksize_t size[m[K) {}
[8.944s]       |                                                                                                [01;35m[K~~~~~~~^~~~[m[K
[8.944s] [01m[K/home/wellyowo/locobot_sim/locobot_ws/src/ThirdParty/rplidar_ros/sdk/src/dataunpacker/dataunpacker.h:[m[K In member function ‘[01m[Kvirtual void sl::internal::LIDARSampleDataListener::onDecodingError(int, _u8, const void*, size_t)[m[K’:
[8.944s] [01m[K/home/wellyowo/locobot_sim/locobot_ws/src/ThirdParty/rplidar_ros/sdk/src/dataunpacker/dataunpacker.h:56:42:[m[K [01;35m[Kwarning: [m[Kunused parameter ‘[01m[KerrMsg[m[K’ [[01;35m[K-Wunused-parameter[m[K]
[8.944s]    56 |         virtual void onDecodingError([01;35m[Kint errMsg[m[K, _u8 ansType, const void* payload, size_t size) {}
[8.944s]       |                                      [01;35m[K~~~~^~~~~~[m[K
[8.944s] [01m[K/home/wellyowo/locobot_sim/locobot_ws/src/ThirdParty/rplidar_ros/sdk/src/dataunpacker/dataunpacker.h:56:54:[m[K [01;35m[Kwarning: [m[Kunused parameter ‘[01m[KansType[m[K’ [[01;35m[K-Wunused-parameter[m[K]
[8.944s]    56 |         virtual void onDecodingError(int errMsg, [01;35m[K_u8 ansType[m[K, const void* payload, size_t size) {}
[8.944s]       |                                                  [01;35m[K~~~~^~~~~~~[m[K
[8.944s] [01m[K/home/wellyowo/locobot_sim/locobot_ws/src/ThirdParty/rplidar_ros/sdk/src/dataunpacker/dataunpacker.h:56:75:[m[K [01;35m[Kwarning: [m[Kunused parameter ‘[01m[Kpayload[m[K’ [[01;35m[K-Wunused-parameter[m[K]
[8.944s]    56 |         virtual void onDecodingError(int errMsg, _u8 ansType, [01;35m[Kconst void* payload[m[K, size_t size) {}
[8.945s]       |                                                               [01;35m[K~~~~~~~~~~~~^~~~~~~[m[K
[8.945s] [01m[K/home/wellyowo/locobot_sim/locobot_ws/src/ThirdParty/rplidar_ros/sdk/src/dataunpacker/dataunpacker.h:56:91:[m[K [01;35m[Kwarning: [m[Kunused parameter ‘[01m[Ksize[m[K’ [[01;35m[K-Wunused-parameter[m[K]
[8.945s]    56 |         virtual void onDecodingError(int errMsg, _u8 ansType, const void* payload, [01;35m[Ksize_t size[m[K) {}
[8.945s]       |                                                                                    [01;35m[K~~~~~~~^~~~[m[K
[9.196s] In file included from [01m[K/home/wellyowo/locobot_sim/locobot_ws/src/ThirdParty/rplidar_ros/sdk/src/sl_async_transceiver.cpp:44[m[K:
[9.197s] [01m[K/home/wellyowo/locobot_sim/locobot_ws/src/ThirdParty/rplidar_ros/sdk/src/sl_async_transceiver.h:[m[K In member function ‘[01m[Kvirtual void sl::internal::IAsyncProtocolCodec::onChannelError(u_result)[m[K’:
[9.197s] [01m[K/home/wellyowo/locobot_sim/locobot_ws/src/ThirdParty/rplidar_ros/sdk/src/sl_async_transceiver.h:90:48:[m[K [01;35m[Kwarning: [m[Kunused parameter ‘[01m[KerrCode[m[K’ [[01;35m[K-Wunused-parameter[m[K]
[9.197s]    90 |         virtual void   onChannelError([01;35m[Ku_result errCode[m[K) {}
[9.197s]       |                                       [01;35m[K~~~~~~~~~^~~~~~~[m[K
[9.264s] [ 84%] [32mBuilding CXX object CMakeFiles/rplidar_composition.dir/sdk/src/sl_lidarprotocol_codec.cpp.o[0m
[9.353s] In file included from [01m[K/home/wellyowo/locobot_sim/locobot_ws/src/ThirdParty/rplidar_ros/./sdk/include/rplidar_protocol.h:36[m[K,
[9.353s]                  from [01m[K/home/wellyowo/locobot_sim/locobot_ws/src/ThirdParty/rplidar_ros/./sdk/include/rplidar.h:39[m[K,
[9.353s]                  from [01m[K/home/wellyowo/locobot_sim/locobot_ws/src/ThirdParty/rplidar_ros/./sdk/src/sdkcommon.h:49[m[K,
[9.353s]                  from [01m[K/home/wellyowo/locobot_sim/locobot_ws/src/ThirdParty/rplidar_ros/sdk/src/hal/thread.cpp:35[m[K:
[9.353s] [01m[K/home/wellyowo/locobot_sim/locobot_ws/src/ThirdParty/rplidar_ros/./sdk/include/sl_lidar_protocol.h:66:16:[m[K [01;35m[Kwarning: [m[KISO C++ forbids zero-size array ‘[01m[Kdata[m[K’ [[01;35m[K-Wpedantic[m[K]
[9.353s]    66 |     sl_u8 data[[01;35m[K0[m[K];
[9.353s]       |                [01;35m[K^[m[K
[9.353s] In file included from [01m[K/home/wellyowo/locobot_sim/locobot_ws/src/ThirdParty/rplidar_ros/./sdk/include/rplidar_cmd.h:36[m[K,
[9.353s]                  from [01m[K/home/wellyowo/locobot_sim/locobot_ws/src/ThirdParty/rplidar_ros/./sdk/include/rplidar.h:40[m[K,
[9.353s]                  from [01m[K/home/wellyowo/locobot_sim/locobot_ws/src/ThirdParty/rplidar_ros/./sdk/src/sdkcommon.h:49[m[K,
[9.354s]                  from [01m[K/home/wellyowo/locobot_sim/locobot_ws/src/ThirdParty/rplidar_ros/sdk/src/hal/thread.cpp:35[m[K:
[9.354s] [01m[K/home/wellyowo/locobot_sim/locobot_ws/src/ThirdParty/rplidar_ros/./sdk/include/sl_lidar_cmd.h:324:20:[m[K [01;35m[Kwarning: [m[KISO C++ forbids zero-size array ‘[01m[Kpayload[m[K’ [[01;35m[K-Wpedantic[m[K]
[9.354s]   324 |     sl_u8  payload[[01;35m[K0[m[K];
[9.354s]       |                    [01;35m[K^[m[K
[9.386s] In file included from [01m[K/home/wellyowo/locobot_sim/locobot_ws/src/ThirdParty/rplidar_ros/./sdk/include/sl_lidar_cmd.h:41[m[K,
[9.388s]                  from [01m[K/home/wellyowo/locobot_sim/locobot_ws/src/ThirdParty/rplidar_ros/./sdk/include/sl_lidar_driver.h:54[m[K,
[9.388s]                  from [01m[K/home/wellyowo/locobot_sim/locobot_ws/src/ThirdParty/rplidar_ros/sdk/src/sl_udp_channel.cpp:33[m[K:
[9.389s] [01m[K/home/wellyowo/locobot_sim/locobot_ws/src/ThirdParty/rplidar_ros/./sdk/include/sl_lidar_protocol.h:66:16:[m[K [01;35m[Kwarning: [m[KISO C++ forbids zero-size array ‘[01m[Kdata[m[K’ [[01;35m[K-Wpedantic[m[K]
[9.389s]    66 |     sl_u8 data[[01;35m[K0[m[K];
[9.389s]       |                [01;35m[K^[m[K
[9.389s] In file included from [01m[K/home/wellyowo/locobot_sim/locobot_ws/src/ThirdParty/rplidar_ros/./sdk/include/sl_lidar_driver.h:54[m[K,
[9.389s]                  from [01m[K/home/wellyowo/locobot_sim/locobot_ws/src/ThirdParty/rplidar_ros/sdk/src/sl_udp_channel.cpp:33[m[K:
[9.389s] [01m[K/home/wellyowo/locobot_sim/locobot_ws/src/ThirdParty/rplidar_ros/./sdk/include/sl_lidar_cmd.h:324:20:[m[K [01;35m[Kwarning: [m[KISO C++ forbids zero-size array ‘[01m[Kpayload[m[K’ [[01;35m[K-Wpedantic[m[K]
[9.398s]   324 |     sl_u8  payload[[01;35m[K0[m[K];
[9.398s]       |                    [01;35m[K^[m[K
[9.399s] [01m[K/home/wellyowo/locobot_sim/locobot_ws/src/ThirdParty/rplidar_ros/sdk/src/sl_udp_channel.cpp:[m[K In member function ‘[01m[Kvoid sl::UdpChannel::setStatus(_u32)[m[K’:
[9.399s] [01m[K/home/wellyowo/locobot_sim/locobot_ws/src/ThirdParty/rplidar_ros/sdk/src/sl_udp_channel.cpp:112:29:[m[K [01;35m[Kwarning: [m[Kunused parameter ‘[01m[Kflag[m[K’ [[01;35m[K-Wunused-parameter[m[K]
[9.399s]   112 |         void setStatus([01;35m[K_u32 flag[m[K){}
[9.399s]       |                        [01;35m[K~~~~~^~~~[m[K
[9.473s] In file included from [01m[K/home/wellyowo/locobot_sim/locobot_ws/src/ThirdParty/rplidar_ros/./sdk/include/rplidar_protocol.h:36[m[K,
[9.473s]                  from [01m[K/home/wellyowo/locobot_sim/locobot_ws/src/ThirdParty/rplidar_ros/./sdk/include/rplidar.h:39[m[K,
[9.473s]                  from [01m[K/home/wellyowo/locobot_sim/locobot_ws/src/ThirdParty/rplidar_ros/sdk/src/sdkcommon.h:49[m[K,
[9.473s]                  from [01m[K/home/wellyowo/locobot_sim/locobot_ws/src/ThirdParty/rplidar_ros/sdk/src/sl_lidar_driver.cpp:33[m[K:
[9.473s] [01m[K/home/wellyowo/locobot_sim/locobot_ws/src/ThirdParty/rplidar_ros/./sdk/include/sl_lidar_protocol.h:66:16:[m[K [01;35m[Kwarning: [m[KISO C++ forbids zero-size array ‘[01m[Kdata[m[K’ [[01;35m[K-Wpedantic[m[K]
[9.474s]    66 |     sl_u8 data[[01;35m[K0[m[K];
[9.474s]       |                [01;35m[K^[m[K
[9.474s] In file included from [01m[K/home/wellyowo/locobot_sim/locobot_ws/src/ThirdParty/rplidar_ros/./sdk/include/rplidar_cmd.h:36[m[K,
[9.474s]                  from [01m[K/home/wellyowo/locobot_sim/locobot_ws/src/ThirdParty/rplidar_ros/./sdk/include/rplidar.h:40[m[K,
[9.474s]                  from [01m[K/home/wellyowo/locobot_sim/locobot_ws/src/ThirdParty/rplidar_ros/sdk/src/sdkcommon.h:49[m[K,
[9.474s]                  from [01m[K/home/wellyowo/locobot_sim/locobot_ws/src/ThirdParty/rplidar_ros/sdk/src/sl_lidar_driver.cpp:33[m[K:
[9.474s] [01m[K/home/wellyowo/locobot_sim/locobot_ws/src/ThirdParty/rplidar_ros/./sdk/include/sl_lidar_cmd.h:324:20:[m[K [01;35m[Kwarning: [m[KISO C++ forbids zero-size array ‘[01m[Kpayload[m[K’ [[01;35m[K-Wpedantic[m[K]
[9.474s]   324 |     sl_u8  payload[[01;35m[K0[m[K];
[9.474s]       |                    [01;35m[K^[m[K
[9.555s] In file included from [01m[K/home/wellyowo/locobot_sim/locobot_ws/src/ThirdParty/rplidar_ros/./sdk/include/rplidar_protocol.h:36[m[K,
[9.555s]                  from [01m[K/home/wellyowo/locobot_sim/locobot_ws/src/ThirdParty/rplidar_ros/./sdk/include/rplidar.h:39[m[K,
[9.555s]                  from [01m[K/home/wellyowo/locobot_sim/locobot_ws/src/ThirdParty/rplidar_ros/sdk/src/sdkcommon.h:49[m[K,
[9.555s]                  from [01m[K/home/wellyowo/locobot_sim/locobot_ws/src/ThirdParty/rplidar_ros/sdk/src/sl_lidar_driver.cpp:33[m[K:
[9.556s] [01m[K/home/wellyowo/locobot_sim/locobot_ws/src/ThirdParty/rplidar_ros/./sdk/include/sl_lidar_protocol.h:66:16:[m[K [01;35m[Kwarning: [m[KISO C++ forbids zero-size array ‘[01m[Kdata[m[K’ [[01;35m[K-Wpedantic[m[K]
[9.556s]    66 |     sl_u8 data[[01;35m[K0[m[K];
[9.556s]       |                [01;35m[K^[m[K
[9.556s] In file included from [01m[K/home/wellyowo/locobot_sim/locobot_ws/src/ThirdParty/rplidar_ros/./sdk/include/rplidar_cmd.h:36[m[K,
[9.556s]                  from [01m[K/home/wellyowo/locobot_sim/locobot_ws/src/ThirdParty/rplidar_ros/./sdk/include/rplidar.h:40[m[K,
[9.556s]                  from [01m[K/home/wellyowo/locobot_sim/locobot_ws/src/ThirdParty/rplidar_ros/sdk/src/sdkcommon.h:49[m[K,
[9.556s]                  from [01m[K/home/wellyowo/locobot_sim/locobot_ws/src/ThirdParty/rplidar_ros/sdk/src/sl_lidar_driver.cpp:33[m[K:
[9.556s] [01m[K/home/wellyowo/locobot_sim/locobot_ws/src/ThirdParty/rplidar_ros/./sdk/include/sl_lidar_cmd.h:324:20:[m[K [01;35m[Kwarning: [m[KISO C++ forbids zero-size array ‘[01m[Kpayload[m[K’ [[01;35m[K-Wpedantic[m[K]
[9.556s]   324 |     sl_u8  payload[[01;35m[K0[m[K];
[9.556s]       |                    [01;35m[K^[m[K
[9.556s] [ 86%] [32mBuilding CXX object CMakeFiles/rplidar_composition.dir/sdk/src/sl_tcp_channel.cpp.o[0m
[9.583s] [ 89%] [32mBuilding CXX object CMakeFiles/rplidar_composition.dir/sdk/src/sl_serial_channel.cpp.o[0m
[9.623s] In file included from [01m[K/home/wellyowo/locobot_sim/locobot_ws/src/ThirdParty/rplidar_ros/sdk/src/hal/thread.cpp:43[m[K:
[9.624s] [01m[K/home/wellyowo/locobot_sim/locobot_ws/src/ThirdParty/rplidar_ros/./sdk/src/arch/linux/thread.hpp:[m[K In static member function ‘[01m[Kstatic rp::hal::Thread rp::hal::Thread::create(thread_proc_t, void*)[m[K’:
[9.624s] [01m[K/home/wellyowo/locobot_sim/locobot_ws/src/ThirdParty/rplidar_ros/./sdk/src/arch/linux/thread.hpp:52:57:[m[K [01;35m[Kwarning: [m[Kcast between incompatible function types from ‘[01m[Kthread_proc_t[m[K’ {aka ‘[01m[Klong unsigned int (*)(void*)[m[K’} to ‘[01m[Kvoid* (*)(void*)[m[K’ [[01;35m[K-Wcast-function-type[m[K]
[9.625s]    52 |     pthread_create((pthread_t *)&newborn._handle, NULL, [01;35m[K(void * (*)(void *))proc[m[K, data);
[9.625s]       |                                                         [01;35m[K^~~~~~~~~~~~~~~~~~~~~~~~[m[K
[9.635s] [01m[K/home/wellyowo/locobot_sim/locobot_ws/src/ThirdParty/rplidar_ros/./sdk/src/arch/linux/thread.hpp:[m[K In member function ‘[01m[Ku_result rp::hal::Thread::join(long unsigned int)[m[K’:
[9.637s] [01m[K/home/wellyowo/locobot_sim/locobot_ws/src/ThirdParty/rplidar_ros/./sdk/src/arch/linux/thread.hpp:176:37:[m[K [01;35m[Kwarning: [m[Kunused parameter ‘[01m[Ktimeout[m[K’ [[01;35m[K-Wunused-parameter[m[K]
[9.638s]   176 | u_result Thread::join([01;35m[Kunsigned long timeout[m[K)
[9.639s]       |                       [01;35m[K~~~~~~~~~~~~~~^~~~~~~[m[K
[9.660s] In file included from [01m[K/home/wellyowo/locobot_sim/locobot_ws/src/ThirdParty/rplidar_ros/sdk/src/dataunpacker/unpacker/handler_normalnode.cpp:40[m[K:
[9.661s] [01m[K/home/wellyowo/locobot_sim/locobot_ws/src/ThirdParty/rplidar_ros/sdk/src/dataunpacker/unpacker/../dataunpacker.h:[m[K In member function ‘[01m[Kvirtual void sl::internal::LIDARSampleDataListener::onCustomSampleDataDecoded(_u8, _u32, const void*, size_t)[m[K’:
[9.661s] [01m[K/home/wellyowo/locobot_sim/locobot_ws/src/ThirdParty/rplidar_ros/sdk/src/dataunpacker/unpacker/../dataunpacker.h:54:52:[m[K [01;35m[Kwarning: [m[Kunused parameter ‘[01m[KansType[m[K’ [[01;35m[K-Wunused-parameter[m[K]
[9.661s]    54 |         virtual void onCustomSampleDataDecoded([01;35m[K_u8 ansType[m[K, _u32 customCode, const void* data, size_t size) {}
[9.661s]       |                                                [01;35m[K~~~~^~~~~~~[m[K
[9.661s] [01m[K/home/wellyowo/locobot_sim/locobot_ws/src/ThirdParty/rplidar_ros/sdk/src/dataunpacker/unpacker/../dataunpacker.h:54:66:[m[K [01;35m[Kwarning: [m[Kunused parameter ‘[01m[KcustomCode[m[K’ [[01;35m[K-Wunused-parameter[m[K]
[9.663s]    54 |         virtual void onCustomSampleDataDecoded(_u8 ansType, [01;35m[K_u32 customCode[m[K, const void* data, size_t size) {}
[9.667s]       |                                                             [01;35m[K~~~~~^~~~~~~~~~[m[K
[9.668s] [01m[K/home/wellyowo/locobot_sim/locobot_ws/src/ThirdParty/rplidar_ros/sdk/src/dataunpacker/unpacker/../dataunpacker.h:54:90:[m[K [01;35m[Kwarning: [m[Kunused parameter ‘[01m[Kdata[m[K’ [[01;35m[K-Wunused-parameter[m[K]
[9.672s]    54 |         virtual void onCustomSampleDataDecoded(_u8 ansType, _u32 customCode, [01;35m[Kconst void* data[m[K, size_t size) {}
[9.672s]       |                                                                              [01;35m[K~~~~~~~~~~~~^~~~[m[K
[9.678s] [01m[K/home/wellyowo/locobot_sim/locobot_ws/src/ThirdParty/rplidar_ros/sdk/src/dataunpacker/unpacker/../dataunpacker.h:54:103:[m[K [01;35m[Kwarning: [m[Kunused parameter ‘[01m[Ksize[m[K’ [[01;35m[K-Wunused-parameter[m[K]
[9.678s]    54 |         virtual void onCustomSampleDataDecoded(_u8 ansType, _u32 customCode, const void* data, [01;35m[Ksize_t size[m[K) {}
[9.678s]       |                                                                                                [01;35m[K~~~~~~~^~~~[m[K
[9.678s] [01m[K/home/wellyowo/locobot_sim/locobot_ws/src/ThirdParty/rplidar_ros/sdk/src/dataunpacker/unpacker/../dataunpacker.h:[m[K In member function ‘[01m[Kvirtual void sl::internal::LIDARSampleDataListener::onDecodingError(int, _u8, const void*, size_t)[m[K’:
[9.678s] [01m[K/home/wellyowo/locobot_sim/locobot_ws/src/ThirdParty/rplidar_ros/sdk/src/dataunpacker/unpacker/../dataunpacker.h:56:42:[m[K [01;35m[Kwarning: [m[Kunused parameter ‘[01m[KerrMsg[m[K’ [[01;35m[K-Wunused-parameter[m[K]
[9.678s]    56 |         virtual void onDecodingError([01;35m[Kint errMsg[m[K, _u8 ansType, const void* payload, size_t size) {}
[9.678s]       |                                      [01;35m[K~~~~^~~~~~[m[K
[9.678s] [01m[K/home/wellyowo/locobot_sim/locobot_ws/src/ThirdParty/rplidar_ros/sdk/src/dataunpacker/unpacker/../dataunpacker.h:56:54:[m[K [01;35m[Kwarning: [m[Kunused parameter ‘[01m[KansType[m[K’ [[01;35m[K-Wunused-parameter[m[K]
[9.679s]    56 |         virtual void onDecodingError(int errMsg, [01;35m[K_u8 ansType[m[K, const void* payload, size_t size) {}
[9.679s]       |                                                  [01;35m[K~~~~^~~~~~~[m[K
[9.683s] [01m[K/home/wellyowo/locobot_sim/locobot_ws/src/ThirdParty/rplidar_ros/sdk/src/dataunpacker/unpacker/../dataunpacker.h:56:75:[m[K [01;35m[Kwarning: [m[Kunused parameter ‘[01m[Kpayload[m[K’ [[01;35m[K-Wunused-parameter[m[K]
[9.683s]    56 |         virtual void onDecodingError(int errMsg, _u8 ansType, [01;35m[Kconst void* payload[m[K, size_t size) {}
[9.683s]       |                                                               [01;35m[K~~~~~~~~~~~~^~~~~~~[m[K
[9.688s] [01m[K/home/wellyowo/locobot_sim/locobot_ws/src/ThirdParty/rplidar_ros/sdk/src/dataunpacker/unpacker/../dataunpacker.h:56:91:[m[K [01;35m[Kwarning: [m[Kunused parameter ‘[01m[Ksize[m[K’ [[01;35m[K-Wunused-parameter[m[K]
[9.688s]    56 |         virtual void onDecodingError(int errMsg, _u8 ansType, const void* payload, [01;35m[Ksize_t size[m[K) {}
[9.688s]       |                                                                                    [01;35m[K~~~~~~~^~~~[m[K
[9.942s] In file included from [01m[K/home/wellyowo/locobot_sim/locobot_ws/src/ThirdParty/rplidar_ros/./sdk/include/rplidar_protocol.h:36[m[K,
[9.942s]                  from [01m[K/home/wellyowo/locobot_sim/locobot_ws/src/ThirdParty/rplidar_ros/./sdk/include/rplidar.h:39[m[K,
[9.943s]                  from [01m[K/home/wellyowo/locobot_sim/locobot_ws/src/ThirdParty/rplidar_ros/sdk/src/sdkcommon.h:49[m[K,
[9.943s]                  from [01m[K/home/wellyowo/locobot_sim/locobot_ws/src/ThirdParty/rplidar_ros/sdk/src/sl_lidarprotocol_codec.cpp:35[m[K:
[9.943s] [01m[K/home/wellyowo/locobot_sim/locobot_ws/src/ThirdParty/rplidar_ros/./sdk/include/sl_lidar_protocol.h:66:16:[m[K [01;35m[Kwarning: [m[KISO C++ forbids zero-size array ‘[01m[Kdata[m[K’ [[01;35m[K-Wpedantic[m[K]
[9.943s]    66 |     sl_u8 data[[01;35m[K0[m[K];
[9.943s]       |                [01;35m[K^[m[K
[9.943s] In file included from [01m[K/home/wellyowo/locobot_sim/locobot_ws/src/ThirdParty/rplidar_ros/./sdk/include/rplidar_cmd.h:36[m[K,
[9.947s]                  from [01m[K/home/wellyowo/locobot_sim/locobot_ws/src/ThirdParty/rplidar_ros/./sdk/include/rplidar.h:40[m[K,
[9.947s]                  from [01m[K/home/wellyowo/locobot_sim/locobot_ws/src/ThirdParty/rplidar_ros/sdk/src/sdkcommon.h:49[m[K,
[9.947s]                  from [01m[K/home/wellyowo/locobot_sim/locobot_ws/src/ThirdParty/rplidar_ros/sdk/src/sl_lidarprotocol_codec.cpp:35[m[K:
[9.947s] [01m[K/home/wellyowo/locobot_sim/locobot_ws/src/ThirdParty/rplidar_ros/./sdk/include/sl_lidar_cmd.h:324:20:[m[K [01;35m[Kwarning: [m[KISO C++ forbids zero-size array ‘[01m[Kpayload[m[K’ [[01;35m[K-Wpedantic[m[K]
[9.948s]   324 |     sl_u8  payload[[01;35m[K0[m[K];
[9.948s]       |                    [01;35m[K^[m[K
[9.985s] In file included from [01m[K/home/wellyowo/locobot_sim/locobot_ws/src/ThirdParty/rplidar_ros/./sdk/include/rplidar_protocol.h:36[m[K,
[9.985s]                  from [01m[K/home/wellyowo/locobot_sim/locobot_ws/src/ThirdParty/rplidar_ros/./sdk/include/rplidar.h:39[m[K,
[9.986s]                  from [01m[K/home/wellyowo/locobot_sim/locobot_ws/src/ThirdParty/rplidar_ros/sdk/src/sdkcommon.h:49[m[K,
[9.986s]                  from [01m[K/home/wellyowo/locobot_sim/locobot_ws/src/ThirdParty/rplidar_ros/sdk/src/rplidar_driver.cpp:33[m[K:
[9.986s] [01m[K/home/wellyowo/locobot_sim/locobot_ws/src/ThirdParty/rplidar_ros/./sdk/include/sl_lidar_protocol.h:66:16:[m[K [01;35m[Kwarning: [m[KISO C++ forbids zero-size array ‘[01m[Kdata[m[K’ [[01;35m[K-Wpedantic[m[K]
[9.986s]    66 |     sl_u8 data[[01;35m[K0[m[K];
[9.986s]       |                [01;35m[K^[m[K
[9.987s] In file included from [01m[K/home/wellyowo/locobot_sim/locobot_ws/src/ThirdParty/rplidar_ros/./sdk/include/rplidar_cmd.h:36[m[K,
[9.988s]                  from [01m[K/home/wellyowo/locobot_sim/locobot_ws/src/ThirdParty/rplidar_ros/./sdk/include/rplidar.h:40[m[K,
[9.988s]                  from [01m[K/home/wellyowo/locobot_sim/locobot_ws/src/ThirdParty/rplidar_ros/sdk/src/sdkcommon.h:49[m[K,
[9.988s]                  from [01m[K/home/wellyowo/locobot_sim/locobot_ws/src/ThirdParty/rplidar_ros/sdk/src/rplidar_driver.cpp:33[m[K:
[9.989s] [01m[K/home/wellyowo/locobot_sim/locobot_ws/src/ThirdParty/rplidar_ros/./sdk/include/sl_lidar_cmd.h:324:20:[m[K [01;35m[Kwarning: [m[KISO C++ forbids zero-size array ‘[01m[Kpayload[m[K’ [[01;35m[K-Wpedantic[m[K]
[9.989s]   324 |     sl_u8  payload[[01;35m[K0[m[K];
[9.989s]       |                    [01;35m[K^[m[K
[10.097s] In file included from [01m[K/home/wellyowo/locobot_sim/locobot_ws/src/ThirdParty/rplidar_ros/./sdk/include/sl_lidar_cmd.h:41[m[K,
[10.098s]                  from [01m[K/home/wellyowo/locobot_sim/locobot_ws/src/ThirdParty/rplidar_ros/./sdk/include/sl_lidar_driver.h:54[m[K,
[10.098s]                  from [01m[K/home/wellyowo/locobot_sim/locobot_ws/src/ThirdParty/rplidar_ros/sdk/src/sl_serial_channel.cpp:33[m[K:
[10.098s] [01m[K/home/wellyowo/locobot_sim/locobot_ws/src/ThirdParty/rplidar_ros/./sdk/include/sl_lidar_protocol.h:66:16:[m[K [01;35m[Kwarning: [m[KISO C++ forbids zero-size array ‘[01m[Kdata[m[K’ [[01;35m[K-Wpedantic[m[K]
[10.098s]    66 |     sl_u8 data[[01;35m[K0[m[K];
[10.098s]       |                [01;35m[K^[m[K
[10.099s] In file included from [01m[K/home/wellyowo/locobot_sim/locobot_ws/src/ThirdParty/rplidar_ros/./sdk/include/sl_lidar_driver.h:54[m[K,
[10.102s]                  from [01m[K/home/wellyowo/locobot_sim/locobot_ws/src/ThirdParty/rplidar_ros/sdk/src/sl_serial_channel.cpp:33[m[K:
[10.105s] [01m[K/home/wellyowo/locobot_sim/locobot_ws/src/ThirdParty/rplidar_ros/./sdk/include/sl_lidar_cmd.h:324:20:[m[K [01;35m[Kwarning: [m[KISO C++ forbids zero-size array ‘[01m[Kpayload[m[K’ [[01;35m[K-Wpedantic[m[K]
[10.106s]   324 |     sl_u8  payload[[01;35m[K0[m[K];
[10.117s]       |                    [01;35m[K^[m[K
[10.133s] In file included from [01m[K/home/wellyowo/locobot_sim/locobot_ws/src/ThirdParty/rplidar_ros/./sdk/include/sl_lidar_cmd.h:41[m[K,
[10.133s]                  from [01m[K/home/wellyowo/locobot_sim/locobot_ws/src/ThirdParty/rplidar_ros/./sdk/include/sl_lidar_driver.h:54[m[K,
[10.134s]                  from [01m[K/home/wellyowo/locobot_sim/locobot_ws/src/ThirdParty/rplidar_ros/sdk/src/sl_tcp_channel.cpp:33[m[K:
[10.134s] [01m[K/home/wellyowo/locobot_sim/locobot_ws/src/ThirdParty/rplidar_ros/./sdk/include/sl_lidar_protocol.h:66:16:[m[K [01;35m[Kwarning: [m[KISO C++ forbids zero-size array ‘[01m[Kdata[m[K’ [[01;35m[K-Wpedantic[m[K]
[10.134s]    66 |     sl_u8 data[[01;35m[K0[m[K];
[10.134s]       |                [01;35m[K^[m[K
[10.136s] In file included from [01m[K/home/wellyowo/locobot_sim/locobot_ws/src/ThirdParty/rplidar_ros/./sdk/include/sl_lidar_driver.h:54[m[K,
[10.137s]                  from [01m[K/home/wellyowo/locobot_sim/locobot_ws/src/ThirdParty/rplidar_ros/sdk/src/sl_tcp_channel.cpp:33[m[K:
[10.137s] [01m[K/home/wellyowo/locobot_sim/locobot_ws/src/ThirdParty/rplidar_ros/./sdk/include/sl_lidar_cmd.h:324:20:[m[K [01;35m[Kwarning: [m[KISO C++ forbids zero-size array ‘[01m[Kpayload[m[K’ [[01;35m[K-Wpedantic[m[K]
[10.137s]   324 |     sl_u8  payload[[01;35m[K0[m[K];
[10.137s]       |                    [01;35m[K^[m[K
[10.160s] [01m[K/home/wellyowo/locobot_sim/locobot_ws/src/ThirdParty/rplidar_ros/sdk/src/sl_tcp_channel.cpp:[m[K In member function ‘[01m[Kvoid sl::TcpChannel::setStatus(_u32)[m[K’:
[10.160s] [01m[K/home/wellyowo/locobot_sim/locobot_ws/src/ThirdParty/rplidar_ros/sdk/src/sl_tcp_channel.cpp:109:29:[m[K [01;35m[Kwarning: [m[Kunused parameter ‘[01m[Kflag[m[K’ [[01;35m[K-Wunused-parameter[m[K]
[10.160s]   109 |         void setStatus([01;35m[K_u32 flag[m[K){}
[10.160s]       |                        [01;35m[K~~~~~^~~~[m[K
[10.232s] In file included from [01m[K/home/wellyowo/locobot_sim/locobot_ws/src/ThirdParty/rplidar_ros/sdk/src/sl_lidarprotocol_codec.cpp:49[m[K:
[10.233s] [01m[K/home/wellyowo/locobot_sim/locobot_ws/src/ThirdParty/rplidar_ros/sdk/src/sl_async_transceiver.h:[m[K In member function ‘[01m[Kvirtual void sl::internal::IAsyncProtocolCodec::onChannelError(u_result)[m[K’:
[10.233s] [01m[K/home/wellyowo/locobot_sim/locobot_ws/src/ThirdParty/rplidar_ros/sdk/src/sl_async_transceiver.h:90:48:[m[K [01;35m[Kwarning: [m[Kunused parameter ‘[01m[KerrCode[m[K’ [[01;35m[K-Wunused-parameter[m[K]
[10.233s]    90 |         virtual void   onChannelError([01;35m[Ku_result errCode[m[K) {}
[10.233s]       |                                       [01;35m[K~~~~~~~~~^~~~~~~[m[K
[10.246s] [ 92%] [32mBuilding CXX object CMakeFiles/rplidar_composition.dir/sdk/src/sl_udp_channel.cpp.o[0m
[10.473s] In file included from [01m[K/home/wellyowo/locobot_sim/locobot_ws/src/ThirdParty/rplidar_ros/sdk/src/sl_lidar_driver.cpp:50[m[K:
[10.473s] [01m[K/home/wellyowo/locobot_sim/locobot_ws/src/ThirdParty/rplidar_ros/sdk/src/dataunpacker/dataunpacker.h:[m[K In member function ‘[01m[Kvirtual void sl::internal::LIDARSampleDataListener::onCustomSampleDataDecoded(_u8, _u32, const void*, size_t)[m[K’:
[10.474s] [01m[K/home/wellyowo/locobot_sim/locobot_ws/src/ThirdParty/rplidar_ros/sdk/src/dataunpacker/dataunpacker.h:54:52:[m[K [01;35m[Kwarning: [m[Kunused parameter ‘[01m[KansType[m[K’ [[01;35m[K-Wunused-parameter[m[K]
[10.474s]    54 |         virtual void onCustomSampleDataDecoded([01;35m[K_u8 ansType[m[K, _u32 customCode, const void* data, size_t size) {}
[10.474s]       |                                                [01;35m[K~~~~^~~~~~~[m[K
[10.474s] [01m[K/home/wellyowo/locobot_sim/locobot_ws/src/ThirdParty/rplidar_ros/sdk/src/dataunpacker/dataunpacker.h:54:66:[m[K [01;35m[Kwarning: [m[Kunused parameter ‘[01m[KcustomCode[m[K’ [[01;35m[K-Wunused-parameter[m[K]
[10.474s]    54 |         virtual void onCustomSampleDataDecoded(_u8 ansType, [01;35m[K_u32 customCode[m[K, const void* data, size_t size) {}
[10.474s]       |                                                             [01;35m[K~~~~~^~~~~~~~~~[m[K
[10.475s] [01m[K/home/wellyowo/locobot_sim/locobot_ws/src/ThirdParty/rplidar_ros/sdk/src/dataunpacker/dataunpacker.h:54:90:[m[K [01;35m[Kwarning: [m[Kunused parameter ‘[01m[Kdata[m[K’ [[01;35m[K-Wunused-parameter[m[K]
[10.475s]    54 |         virtual void onCustomSampleDataDecoded(_u8 ansType, _u32 customCode, [01;35m[Kconst void* data[m[K, size_t size) {}
[10.475s]       |                                                                              [01;35m[K~~~~~~~~~~~~^~~~[m[K
[10.475s] [01m[K/home/wellyowo/locobot_sim/locobot_ws/src/ThirdParty/rplidar_ros/sdk/src/dataunpacker/dataunpacker.h:54:103:[m[K [01;35m[Kwarning: [m[Kunused parameter ‘[01m[Ksize[m[K’ [[01;35m[K-Wunused-parameter[m[K]
[10.475s]    54 |         virtual void onCustomSampleDataDecoded(_u8 ansType, _u32 customCode, const void* data, [01;35m[Ksize_t size[m[K) {}
[10.479s]       |                                                                                                [01;35m[K~~~~~~~^~~~[m[K
[10.479s] [01m[K/home/wellyowo/locobot_sim/locobot_ws/src/ThirdParty/rplidar_ros/sdk/src/dataunpacker/dataunpacker.h:[m[K In member function ‘[01m[Kvirtual void sl::internal::LIDARSampleDataListener::onDecodingError(int, _u8, const void*, size_t)[m[K’:
[10.479s] [01m[K/home/wellyowo/locobot_sim/locobot_ws/src/ThirdParty/rplidar_ros/sdk/src/dataunpacker/dataunpacker.h:56:42:[m[K [01;35m[Kwarning: [m[Kunused parameter ‘[01m[KerrMsg[m[K’ [[01;35m[K-Wunused-parameter[m[K]
[10.479s]    56 |         virtual void onDecodingError([01;35m[Kint errMsg[m[K, _u8 ansType, const void* payload, size_t size) {}
[10.479s]       |                                      [01;35m[K~~~~^~~~~~[m[K
[10.479s] [01m[K/home/wellyowo/locobot_sim/locobot_ws/src/ThirdParty/rplidar_ros/sdk/src/dataunpacker/dataunpacker.h:56:54:[m[K [01;35m[Kwarning: [m[Kunused parameter ‘[01m[KansType[m[K’ [[01;35m[K-Wunused-parameter[m[K]
[10.479s]    56 |         virtual void onDecodingError(int errMsg, [01;35m[K_u8 ansType[m[K, const void* payload, size_t size) {}
[10.479s]       |                                                  [01;35m[K~~~~^~~~~~~[m[K
[10.479s] [01m[K/home/wellyowo/locobot_sim/locobot_ws/src/ThirdParty/rplidar_ros/sdk/src/dataunpacker/dataunpacker.h:56:75:[m[K [01;35m[Kwarning: [m[Kunused parameter ‘[01m[Kpayload[m[K’ [[01;35m[K-Wunused-parameter[m[K]
[10.479s]    56 |         virtual void onDecodingError(int errMsg, _u8 ansType, [01;35m[Kconst void* payload[m[K, size_t size) {}
[10.480s]       |                                                               [01;35m[K~~~~~~~~~~~~^~~~~~~[m[K
[10.480s] [01m[K/home/wellyowo/locobot_sim/locobot_ws/src/ThirdParty/rplidar_ros/sdk/src/dataunpacker/dataunpacker.h:56:91:[m[K [01;35m[Kwarning: [m[Kunused parameter ‘[01m[Ksize[m[K’ [[01;35m[K-Wunused-parameter[m[K]
[10.480s]    56 |         virtual void onDecodingError(int errMsg, _u8 ansType, const void* payload, [01;35m[Ksize_t size[m[K) {}
[10.480s]       |                                                                                    [01;35m[K~~~~~~~^~~~[m[K
[10.524s] In file included from [01m[K/home/wellyowo/locobot_sim/locobot_ws/src/ThirdParty/rplidar_ros/sdk/src/sl_lidar_driver.cpp:51[m[K:
[10.524s] [01m[K/home/wellyowo/locobot_sim/locobot_ws/src/ThirdParty/rplidar_ros/sdk/src/sl_async_transceiver.h:[m[K In member function ‘[01m[Kvirtual void sl::internal::IAsyncProtocolCodec::onChannelError(u_result)[m[K’:
[10.524s] [01m[K/home/wellyowo/locobot_sim/locobot_ws/src/ThirdParty/rplidar_ros/sdk/src/sl_async_transceiver.h:90:48:[m[K [01;35m[Kwarning: [m[Kunused parameter ‘[01m[KerrCode[m[K’ [[01;35m[K-Wunused-parameter[m[K]
[10.524s]    90 |         virtual void   onChannelError([01;35m[Ku_result errCode[m[K) {}
[10.525s]       |                                       [01;35m[K~~~~~~~~~^~~~~~~[m[K
[10.651s] [01m[K/home/wellyowo/locobot_sim/locobot_ws/src/ThirdParty/rplidar_ros/sdk/src/sl_lidar_driver.cpp:[m[K In member function ‘[01m[Kvirtual sl_result sl::SlamtecLidarDriver::reset(sl_u32)[m[K’:
[10.651s] [01m[K/home/wellyowo/locobot_sim/locobot_ws/src/ThirdParty/rplidar_ros/sdk/src/sl_lidar_driver.cpp:511:32:[m[K [01;35m[Kwarning: [m[Kunused parameter ‘[01m[KtimeoutInMs[m[K’ [[01;35m[K-Wunused-parameter[m[K]
[10.651s]   511 |         sl_result reset([01;35m[Ksl_u32 timeoutInMs = DEFAULT_TIMEOUT[m[K)
[10.651s]       |                         [01;35m[K~~~~~~~^~~~~~~~~~~~~~~~~~~~~~~~~~~~~[m[K
[10.675s] [01m[K/home/wellyowo/locobot_sim/locobot_ws/src/ThirdParty/rplidar_ros/sdk/src/sl_lidar_driver.cpp:[m[K In member function ‘[01m[Kvirtual sl_result sl::SlamtecLidarDriver::startScan(bool, bool, sl_u32, sl::LidarScanMode*)[m[K’:
[10.675s] [01m[K/home/wellyowo/locobot_sim/locobot_ws/src/ThirdParty/rplidar_ros/sdk/src/sl_lidar_driver.cpp:586:69:[m[K [01;35m[Kwarning: [m[Kunused parameter ‘[01m[Koptions[m[K’ [[01;35m[K-Wunused-parameter[m[K]
[10.675s]   586 |         sl_result startScan(bool force, bool useTypicalScan, [01;35m[Ksl_u32 options = 0[m[K, LidarScanMode* outUsedScanMode = nullptr)
[10.684s]       |                                                              [01;35m[K~~~~~~~^~~~~~~~~~~[m[K
[10.694s] [01m[K/home/wellyowo/locobot_sim/locobot_ws/src/ThirdParty/rplidar_ros/sdk/src/sl_lidar_driver.cpp:[m[K In member function ‘[01m[Kvirtual sl_result sl::SlamtecLidarDriver::stop(sl_u32)[m[K’:
[10.694s] [01m[K/home/wellyowo/locobot_sim/locobot_ws/src/ThirdParty/rplidar_ros/sdk/src/sl_lidar_driver.cpp:763:31:[m[K [01;35m[Kwarning: [m[Kunused parameter ‘[01m[Ktimeout[m[K’ [[01;35m[K-Wunused-parameter[m[K]
[10.694s]   763 |         sl_result stop([01;35m[Ksl_u32 timeout = DEFAULT_TIMEOUT[m[K)
[10.694s]       |                        [01;35m[K~~~~~~~^~~~~~~~~~~~~~~~~~~~~~~~~[m[K
[10.706s] [01m[K/home/wellyowo/locobot_sim/locobot_ws/src/ThirdParty/rplidar_ros/sdk/src/sl_lidar_driver.cpp:[m[K In member function ‘[01m[Kvirtual sl_result sl::SlamtecLidarDriver::getFrequency(const sl::LidarScanMode&, const sl_lidar_response_measurement_node_hq_t*, size_t, float&)[m[K’:
[10.706s] [01m[K/home/wellyowo/locobot_sim/locobot_ws/src/ThirdParty/rplidar_ros/sdk/src/sl_lidar_driver.cpp:880:110:[m[K [01;35m[Kwarning: [m[Kunused parameter ‘[01m[Knodes[m[K’ [[01;35m[K-Wunused-parameter[m[K]
[10.706s]   880 |         sl_result getFrequency(const LidarScanMode& scanMode, [01;35m[Kconst sl_lidar_response_measurement_node_hq_t* nodes[m[K, size_t count, float& frequency)
[10.706s]       |                                                               [01;35m[K~~~~~~~~~~~~~~~~~~~~~~~~~~~~~~~~~~~~~~~~~~~~~~~^~~~~[m[K
[10.717s] [01m[K/home/wellyowo/locobot_sim/locobot_ws/src/ThirdParty/rplidar_ros/sdk/src/sl_lidar_driver.cpp:[m[K In member function ‘[01m[Kvirtual sl_result sl::SlamtecLidarDriver::getMotorInfo(sl::LidarMotorInfo&, sl_u32)[m[K’:
[10.717s] [01m[K/home/wellyowo/locobot_sim/locobot_ws/src/ThirdParty/rplidar_ros/sdk/src/sl_lidar_driver.cpp:1023:66:[m[K [01;35m[Kwarning: [m[Kunused parameter ‘[01m[KtimeoutInMs[m[K’ [[01;35m[K-Wunused-parameter[m[K]
[10.717s]  1023 |         sl_result getMotorInfo(LidarMotorInfo &motorInfo, [01;35m[Ksl_u32 timeoutInMs[m[K)
[10.717s]       |                                                           [01;35m[K~~~~~~~^~~~~~~~~~~[m[K
[10.720s] [01m[K/home/wellyowo/locobot_sim/locobot_ws/src/ThirdParty/rplidar_ros/sdk/src/sl_lidar_driver.cpp:[m[K In member function ‘[01m[Ku_result sl::SlamtecLidarDriver::getScanModeCount(sl_u16&, sl_u32)[m[K’:
[10.720s] [01m[K/home/wellyowo/locobot_sim/locobot_ws/src/ThirdParty/rplidar_ros/sdk/src/sl_lidar_driver.cpp:1199:61:[m[K [01;35m[Kwarning: [m[Kunused parameter ‘[01m[KtimeoutInMs[m[K’ [[01;35m[K-Wunused-parameter[m[K]
[10.720s]  1199 |         u_result getScanModeCount(sl_u16& modeCount, [01;35m[Ksl_u32 timeoutInMs = DEFAULT_TIMEOUT[m[K)
[10.720s]       |                                                      [01;35m[K~~~~~~~^~~~~~~~~~~~~~~~~~~~~~~~~~~~~[m[K
[10.772s] /home/wellyowo/locobot_sim/locobot_ws/src/ThirdParty/rplidar_ros/sdk/src/sl_lidar_driver.cpp: In instantiation of ‘[01m[Kvoid sl::RawSampleNodeHolder<T>::pushNode(_u64, const T*) [with T = sl_lidar_response_measurement_node_hq_t; _u64 = long unsigned int][m[K’:
[10.772s] [01m[K/home/wellyowo/locobot_sim/locobot_ws/src/ThirdParty/rplidar_ros/sdk/src/sl_lidar_driver.cpp:1648:42:[m[K   required from here
[10.773s] [01m[K/home/wellyowo/locobot_sim/locobot_ws/src/ThirdParty/rplidar_ros/sdk/src/sl_lidar_driver.cpp:202:28:[m[K [01;35m[Kwarning: [m[Kunused parameter ‘[01m[Ktimestamp_uS[m[K’ [[01;35m[K-Wunused-parameter[m[K]
[10.773s]   202 |         void pushNode([01;35m[K_u64 timestamp_uS[m[K, const T* node)
[10.773s]       |                       [01;35m[K~~~~~^~~~~~~~~~~~[m[K
[10.817s] In file included from [01m[K/home/wellyowo/locobot_sim/locobot_ws/src/ThirdParty/rplidar_ros/./sdk/include/rplidar_protocol.h:36[m[K,
[10.817s]                  from [01m[K/home/wellyowo/locobot_sim/locobot_ws/src/ThirdParty/rplidar_ros/./sdk/include/rplidar.h:39[m[K,
[10.817s]                  from [01m[K/home/wellyowo/locobot_sim/locobot_ws/src/ThirdParty/rplidar_ros/sdk/src/sdkcommon.h:49[m[K,
[10.817s]                  from [01m[K/home/wellyowo/locobot_sim/locobot_ws/src/ThirdParty/rplidar_ros/sdk/src/sl_async_transceiver.cpp:35[m[K:
[10.818s] [01m[K/home/wellyowo/locobot_sim/locobot_ws/src/ThirdParty/rplidar_ros/./sdk/include/sl_lidar_protocol.h:66:16:[m[K [01;35m[Kwarning: [m[KISO C++ forbids zero-size array ‘[01m[Kdata[m[K’ [[01;35m[K-Wpedantic[m[K]
[10.818s]    66 |     sl_u8 data[[01;35m[K0[m[K];
[10.819s]       |                [01;35m[K^[m[K
[10.819s] In file included from [01m[K/home/wellyowo/locobot_sim/locobot_ws/src/ThirdParty/rplidar_ros/./sdk/include/rplidar_cmd.h:36[m[K,
[10.819s]                  from [01m[K/home/wellyowo/locobot_sim/locobot_ws/src/ThirdParty/rplidar_ros/./sdk/include/rplidar.h:40[m[K,
[10.819s]                  from [01m[K/home/wellyowo/locobot_sim/locobot_ws/src/ThirdParty/rplidar_ros/sdk/src/sdkcommon.h:49[m[K,
[10.819s]                  from [01m[K/home/wellyowo/locobot_sim/locobot_ws/src/ThirdParty/rplidar_ros/sdk/src/sl_async_transceiver.cpp:35[m[K:
[10.819s] [01m[K/home/wellyowo/locobot_sim/locobot_ws/src/ThirdParty/rplidar_ros/./sdk/include/sl_lidar_cmd.h:324:20:[m[K [01;35m[Kwarning: [m[KISO C++ forbids zero-size array ‘[01m[Kpayload[m[K’ [[01;35m[K-Wpedantic[m[K]
[10.819s]   324 |     sl_u8  payload[[01;35m[K0[m[K];
[10.819s]       |                    [01;35m[K^[m[K
[10.830s] In file included from [01m[K/home/wellyowo/locobot_sim/locobot_ws/src/ThirdParty/rplidar_ros/sdk/src/sl_lidar_driver.cpp:50[m[K:
[10.830s] [01m[K/home/wellyowo/locobot_sim/locobot_ws/src/ThirdParty/rplidar_ros/sdk/src/dataunpacker/dataunpacker.h:[m[K In member function ‘[01m[Kvirtual void sl::internal::LIDARSampleDataListener::onCustomSampleDataDecoded(_u8, _u32, const void*, size_t)[m[K’:
[10.831s] [01m[K/home/wellyowo/locobot_sim/locobot_ws/src/ThirdParty/rplidar_ros/sdk/src/dataunpacker/dataunpacker.h:54:52:[m[K [01;35m[Kwarning: [m[Kunused parameter ‘[01m[KansType[m[K’ [[01;35m[K-Wunused-parameter[m[K]
[10.831s]    54 |         virtual void onCustomSampleDataDecoded([01;35m[K_u8 ansType[m[K, _u32 customCode, const void* data, size_t size) {}
[10.831s]       |                                                [01;35m[K~~~~^~~~~~~[m[K
[10.831s] [01m[K/home/wellyowo/locobot_sim/locobot_ws/src/ThirdParty/rplidar_ros/sdk/src/dataunpacker/dataunpacker.h:54:66:[m[K [01;35m[Kwarning: [m[Kunused parameter ‘[01m[KcustomCode[m[K’ [[01;35m[K-Wunused-parameter[m[K]
[10.831s]    54 |         virtual void onCustomSampleDataDecoded(_u8 ansType, [01;35m[K_u32 customCode[m[K, const void* data, size_t size) {}
[10.831s]       |                                                             [01;35m[K~~~~~^~~~~~~~~~[m[K
[10.831s] [01m[K/home/wellyowo/locobot_sim/locobot_ws/src/ThirdParty/rplidar_ros/sdk/src/dataunpacker/dataunpacker.h:54:90:[m[K [01;35m[Kwarning: [m[Kunused parameter ‘[01m[Kdata[m[K’ [[01;35m[K-Wunused-parameter[m[K]
[10.831s]    54 |         virtual void onCustomSampleDataDecoded(_u8 ansType, _u32 customCode, [01;35m[Kconst void* data[m[K, size_t size) {}
[10.831s]       |                                                                              [01;35m[K~~~~~~~~~~~~^~~~[m[K
[10.831s] [01m[K/home/wellyowo/locobot_sim/locobot_ws/src/ThirdParty/rplidar_ros/sdk/src/dataunpacker/dataunpacker.h:54:103:[m[K [01;35m[Kwarning: [m[Kunused parameter ‘[01m[Ksize[m[K’ [[01;35m[K-Wunused-parameter[m[K]
[10.831s]    54 |         virtual void onCustomSampleDataDecoded(_u8 ansType, _u32 customCode, const void* data, [01;35m[Ksize_t size[m[K) {}
[10.832s]       |                                                                                                [01;35m[K~~~~~~~^~~~[m[K
[10.832s] [01m[K/home/wellyowo/locobot_sim/locobot_ws/src/ThirdParty/rplidar_ros/sdk/src/dataunpacker/dataunpacker.h:[m[K In member function ‘[01m[Kvirtual void sl::internal::LIDARSampleDataListener::onDecodingError(int, _u8, const void*, size_t)[m[K’:
[10.832s] [01m[K/home/wellyowo/locobot_sim/locobot_ws/src/ThirdParty/rplidar_ros/sdk/src/dataunpacker/dataunpacker.h:56:42:[m[K [01;35m[Kwarning: [m[Kunused parameter ‘[01m[KerrMsg[m[K’ [[01;35m[K-Wunused-parameter[m[K]
[10.832s]    56 |         virtual void onDecodingError([01;35m[Kint errMsg[m[K, _u8 ansType, const void* payload, size_t size) {}
[10.832s]       |                                      [01;35m[K~~~~^~~~~~[m[K
[10.832s] [01m[K/home/wellyowo/locobot_sim/locobot_ws/src/ThirdParty/rplidar_ros/sdk/src/dataunpacker/dataunpacker.h:56:54:[m[K [01;35m[Kwarning: [m[Kunused parameter ‘[01m[KansType[m[K’ [[01;35m[K-Wunused-parameter[m[K]
[10.835s]    56 |         virtual void onDecodingError(int errMsg, [01;35m[K_u8 ansType[m[K, const void* payload, size_t size) {}
[10.835s]       |                                                  [01;35m[K~~~~^~~~~~~[m[K
[10.835s] [01m[K/home/wellyowo/locobot_sim/locobot_ws/src/ThirdParty/rplidar_ros/sdk/src/dataunpacker/dataunpacker.h:56:75:[m[K [01;35m[Kwarning: [m[Kunused parameter ‘[01m[Kpayload[m[K’ [[01;35m[K-Wunused-parameter[m[K]
[10.835s]    56 |         virtual void onDecodingError(int errMsg, _u8 ansType, [01;35m[Kconst void* payload[m[K, size_t size) {}
[10.835s]       |                                                               [01;35m[K~~~~~~~~~~~~^~~~~~~[m[K
[10.835s] [01m[K/home/wellyowo/locobot_sim/locobot_ws/src/ThirdParty/rplidar_ros/sdk/src/dataunpacker/dataunpacker.h:56:91:[m[K [01;35m[Kwarning: [m[Kunused parameter ‘[01m[Ksize[m[K’ [[01;35m[K-Wunused-parameter[m[K]
[10.835s]    56 |         virtual void onDecodingError(int errMsg, _u8 ansType, const void* payload, [01;35m[Ksize_t size[m[K) {}
[10.835s]       |                                                                                    [01;35m[K~~~~~~~^~~~[m[K
[10.876s] In file included from [01m[K/home/wellyowo/locobot_sim/locobot_ws/src/ThirdParty/rplidar_ros/sdk/src/sl_lidar_driver.cpp:51[m[K:
[10.877s] [01m[K/home/wellyowo/locobot_sim/locobot_ws/src/ThirdParty/rplidar_ros/sdk/src/sl_async_transceiver.h:[m[K In member function ‘[01m[Kvirtual void sl::internal::IAsyncProtocolCodec::onChannelError(u_result)[m[K’:
[10.880s] [01m[K/home/wellyowo/locobot_sim/locobot_ws/src/ThirdParty/rplidar_ros/sdk/src/sl_async_transceiver.h:90:48:[m[K [01;35m[Kwarning: [m[Kunused parameter ‘[01m[KerrCode[m[K’ [[01;35m[K-Wunused-parameter[m[K]
[10.881s]    90 |         virtual void   onChannelError([01;35m[Ku_result errCode[m[K) {}
[10.881s]       |                                       [01;35m[K~~~~~~~~~^~~~~~~[m[K
[10.971s] [01m[K/home/wellyowo/locobot_sim/locobot_ws/src/ThirdParty/rplidar_ros/sdk/src/sl_lidar_driver.cpp:[m[K At global scope:
[10.971s] [01m[K/home/wellyowo/locobot_sim/locobot_ws/src/ThirdParty/rplidar_ros/sdk/src/sl_lidar_driver.cpp:83:17:[m[K [01;35m[Kwarning: [m[K‘[01m[Kvoid sl::convert(const sl_lidar_response_measurement_node_hq_t&, sl_lidar_response_measurement_node_t&)[m[K’ defined but not used [[01;35m[K-Wunused-function[m[K]
[10.971s]    83 |     static void [01;35m[Kconvert[m[K(const sl_lidar_response_measurement_node_hq_t& from, sl_lidar_response_measurement_node_t& to)
[10.971s]       |                 [01;35m[K^~~~~~~[m[K
[10.971s] [01m[K/home/wellyowo/locobot_sim/locobot_ws/src/ThirdParty/rplidar_ros/sdk/src/sl_lidar_driver.cpp:75:17:[m[K [01;35m[Kwarning: [m[K‘[01m[Kvoid sl::convert(const sl_lidar_response_measurement_node_t&, sl_lidar_response_measurement_node_hq_t&)[m[K’ defined but not used [[01;35m[K-Wunused-function[m[K]
[10.971s]    75 |     static void [01;35m[Kconvert[m[K(const sl_lidar_response_measurement_node_t& from, sl_lidar_response_measurement_node_hq_t& to)
[10.971s]       |                 [01;35m[K^~~~~~~[m[K
[10.972s] [01m[K/home/wellyowo/locobot_sim/locobot_ws/src/ThirdParty/rplidar_ros/sdk/src/sl_lidar_driver.cpp:70:17:[m[K [01;35m[Kwarning: [m[K‘[01m[Kvoid sl::printDeprecationWarn(const char*, const char*)[m[K’ defined but not used [[01;35m[K-Wunused-function[m[K]
[10.972s]    70 |     static void [01;35m[KprintDeprecationWarn[m[K(const char* fn, const char* replacement)
[10.972s]       |                 [01;35m[K^~~~~~~~~~~~~~~~~~~~[m[K
[11.029s] [01m[K/home/wellyowo/locobot_sim/locobot_ws/src/ThirdParty/rplidar_ros/sdk/src/sl_lidar_driver.cpp:[m[K In member function ‘[01m[Kvirtual sl_result sl::SlamtecLidarDriver::reset(sl_u32)[m[K’:
[11.029s] [01m[K/home/wellyowo/locobot_sim/locobot_ws/src/ThirdParty/rplidar_ros/sdk/src/sl_lidar_driver.cpp:511:32:[m[K [01;35m[Kwarning: [m[Kunused parameter ‘[01m[KtimeoutInMs[m[K’ [[01;35m[K-Wunused-parameter[m[K]
[11.030s]   511 |         sl_result reset([01;35m[Ksl_u32 timeoutInMs = DEFAULT_TIMEOUT[m[K)
[11.031s]       |                         [01;35m[K~~~~~~~^~~~~~~~~~~~~~~~~~~~~~~~~~~~~[m[K
[11.055s] [01m[K/home/wellyowo/locobot_sim/locobot_ws/src/ThirdParty/rplidar_ros/sdk/src/sl_lidar_driver.cpp:[m[K In member function ‘[01m[Kvirtual sl_result sl::SlamtecLidarDriver::startScan(bool, bool, sl_u32, sl::LidarScanMode*)[m[K’:
[11.056s] [01m[K/home/wellyowo/locobot_sim/locobot_ws/src/ThirdParty/rplidar_ros/sdk/src/sl_lidar_driver.cpp:586:69:[m[K [01;35m[Kwarning: [m[Kunused parameter ‘[01m[Koptions[m[K’ [[01;35m[K-Wunused-parameter[m[K]
[11.061s]   586 |         sl_result startScan(bool force, bool useTypicalScan, [01;35m[Ksl_u32 options = 0[m[K, LidarScanMode* outUsedScanMode = nullptr)
[11.061s]       |                                                              [01;35m[K~~~~~~~^~~~~~~~~~~[m[K
[11.070s] [01m[K/home/wellyowo/locobot_sim/locobot_ws/src/ThirdParty/rplidar_ros/sdk/src/sl_lidar_driver.cpp:[m[K In member function ‘[01m[Kvirtual sl_result sl::SlamtecLidarDriver::stop(sl_u32)[m[K’:
[11.071s] [01m[K/home/wellyowo/locobot_sim/locobot_ws/src/ThirdParty/rplidar_ros/sdk/src/sl_lidar_driver.cpp:763:31:[m[K [01;35m[Kwarning: [m[Kunused parameter ‘[01m[Ktimeout[m[K’ [[01;35m[K-Wunused-parameter[m[K]
[11.071s]   763 |         sl_result stop([01;35m[Ksl_u32 timeout = DEFAULT_TIMEOUT[m[K)
[11.071s]       |                        [01;35m[K~~~~~~~^~~~~~~~~~~~~~~~~~~~~~~~~[m[K
[11.090s] [01m[K/home/wellyowo/locobot_sim/locobot_ws/src/ThirdParty/rplidar_ros/sdk/src/sl_lidar_driver.cpp:[m[K In member function ‘[01m[Kvirtual sl_result sl::SlamtecLidarDriver::getFrequency(const sl::LidarScanMode&, const sl_lidar_response_measurement_node_hq_t*, size_t, float&)[m[K’:
[11.091s] [01m[K/home/wellyowo/locobot_sim/locobot_ws/src/ThirdParty/rplidar_ros/sdk/src/sl_lidar_driver.cpp:880:110:[m[K [01;35m[Kwarning: [m[Kunused parameter ‘[01m[Knodes[m[K’ [[01;35m[K-Wunused-parameter[m[K]
[11.091s]   880 |         sl_result getFrequency(const LidarScanMode& scanMode, [01;35m[Kconst sl_lidar_response_measurement_node_hq_t* nodes[m[K, size_t count, float& frequency)
[11.091s]       |                                                               [01;35m[K~~~~~~~~~~~~~~~~~~~~~~~~~~~~~~~~~~~~~~~~~~~~~~~^~~~~[m[K
[11.104s] [01m[K/home/wellyowo/locobot_sim/locobot_ws/src/ThirdParty/rplidar_ros/sdk/src/sl_lidar_driver.cpp:[m[K In member function ‘[01m[Kvirtual sl_result sl::SlamtecLidarDriver::getMotorInfo(sl::LidarMotorInfo&, sl_u32)[m[K’:
[11.104s] [01m[K/home/wellyowo/locobot_sim/locobot_ws/src/ThirdParty/rplidar_ros/sdk/src/sl_lidar_driver.cpp:1023:66:[m[K [01;35m[Kwarning: [m[Kunused parameter ‘[01m[KtimeoutInMs[m[K’ [[01;35m[K-Wunused-parameter[m[K]
[11.104s]  1023 |         sl_result getMotorInfo(LidarMotorInfo &motorInfo, [01;35m[Ksl_u32 timeoutInMs[m[K)
[11.105s]       |                                                           [01;35m[K~~~~~~~^~~~~~~~~~~[m[K
[11.109s] [01m[K/home/wellyowo/locobot_sim/locobot_ws/src/ThirdParty/rplidar_ros/sdk/src/sl_lidar_driver.cpp:[m[K In member function ‘[01m[Ku_result sl::SlamtecLidarDriver::getScanModeCount(sl_u16&, sl_u32)[m[K’:
[11.109s] [01m[K/home/wellyowo/locobot_sim/locobot_ws/src/ThirdParty/rplidar_ros/sdk/src/sl_lidar_driver.cpp:1199:61:[m[K [01;35m[Kwarning: [m[Kunused parameter ‘[01m[KtimeoutInMs[m[K’ [[01;35m[K-Wunused-parameter[m[K]
[11.110s]  1199 |         u_result getScanModeCount(sl_u16& modeCount, [01;35m[Ksl_u32 timeoutInMs = DEFAULT_TIMEOUT[m[K)
[11.110s]       |                                                      [01;35m[K~~~~~~~^~~~~~~~~~~~~~~~~~~~~~~~~~~~~[m[K
[11.114s] In file included from [01m[K/home/wellyowo/locobot_sim/locobot_ws/src/ThirdParty/rplidar_ros/./sdk/include/sl_lidar_cmd.h:41[m[K,
[11.114s]                  from [01m[K/home/wellyowo/locobot_sim/locobot_ws/src/ThirdParty/rplidar_ros/./sdk/include/sl_lidar_driver.h:54[m[K,
[11.114s]                  from [01m[K/home/wellyowo/locobot_sim/locobot_ws/src/ThirdParty/rplidar_ros/sdk/src/sl_serial_channel.cpp:33[m[K:
[11.114s] [01m[K/home/wellyowo/locobot_sim/locobot_ws/src/ThirdParty/rplidar_ros/./sdk/include/sl_lidar_protocol.h:66:16:[m[K [01;35m[Kwarning: [m[KISO C++ forbids zero-size array ‘[01m[Kdata[m[K’ [[01;35m[K-Wpedantic[m[K]
[11.115s]    66 |     sl_u8 data[[01;35m[K0[m[K];
[11.115s]       |                [01;35m[K^[m[K
[11.115s] In file included from [01m[K/home/wellyowo/locobot_sim/locobot_ws/src/ThirdParty/rplidar_ros/./sdk/include/sl_lidar_driver.h:54[m[K,
[11.115s]                  from [01m[K/home/wellyowo/locobot_sim/locobot_ws/src/ThirdParty/rplidar_ros/sdk/src/sl_serial_channel.cpp:33[m[K:
[11.115s] [01m[K/home/wellyowo/locobot_sim/locobot_ws/src/ThirdParty/rplidar_ros/./sdk/include/sl_lidar_cmd.h:324:20:[m[K [01;35m[Kwarning: [m[KISO C++ forbids zero-size array ‘[01m[Kpayload[m[K’ [[01;35m[K-Wpedantic[m[K]
[11.115s]   324 |     sl_u8  payload[[01;35m[K0[m[K];
[11.116s]       |                    [01;35m[K^[m[K
[11.336s] In file included from [01m[K/home/wellyowo/locobot_sim/locobot_ws/src/ThirdParty/rplidar_ros/./sdk/include/rplidar_protocol.h:36[m[K,
[11.336s]                  from [01m[K/home/wellyowo/locobot_sim/locobot_ws/src/ThirdParty/rplidar_ros/./sdk/include/rplidar.h:39[m[K,
[11.337s]                  from [01m[K/home/wellyowo/locobot_sim/locobot_ws/src/ThirdParty/rplidar_ros/sdk/src/sdkcommon.h:49[m[K,
[11.337s]                  from [01m[K/home/wellyowo/locobot_sim/locobot_ws/src/ThirdParty/rplidar_ros/sdk/src/sl_lidarprotocol_codec.cpp:35[m[K:
[11.337s] [01m[K/home/wellyowo/locobot_sim/locobot_ws/src/ThirdParty/rplidar_ros/./sdk/include/sl_lidar_protocol.h:66:16:[m[K [01;35m[Kwarning: [m[KISO C++ forbids zero-size array ‘[01m[Kdata[m[K’ [[01;35m[K-Wpedantic[m[K]
[11.337s]    66 |     sl_u8 data[[01;35m[K0[m[K];
[11.337s]       |                [01;35m[K^[m[K
[11.338s] In file included from [01m[K/home/wellyowo/locobot_sim/locobot_ws/src/ThirdParty/rplidar_ros/./sdk/include/rplidar_cmd.h:36[m[K,
[11.338s]                  from [01m[K/home/wellyowo/locobot_sim/locobot_ws/src/ThirdParty/rplidar_ros/./sdk/include/rplidar.h:40[m[K,
[11.338s]                  from [01m[K/home/wellyowo/locobot_sim/locobot_ws/src/ThirdParty/rplidar_ros/sdk/src/sdkcommon.h:49[m[K,
[11.338s]                  from [01m[K/home/wellyowo/locobot_sim/locobot_ws/src/ThirdParty/rplidar_ros/sdk/src/sl_lidarprotocol_codec.cpp:35[m[K:
[11.338s] [01m[K/home/wellyowo/locobot_sim/locobot_ws/src/ThirdParty/rplidar_ros/./sdk/include/sl_lidar_cmd.h:324:20:[m[K [01;35m[Kwarning: [m[KISO C++ forbids zero-size array ‘[01m[Kpayload[m[K’ [[01;35m[K-Wpedantic[m[K]
[11.338s]   324 |     sl_u8  payload[[01;35m[K0[m[K];
[11.339s]       |                    [01;35m[K^[m[K
[11.472s] /home/wellyowo/locobot_sim/locobot_ws/src/ThirdParty/rplidar_ros/sdk/src/sl_lidar_driver.cpp: In instantiation of ‘[01m[Kvoid sl::RawSampleNodeHolder<T>::pushNode(_u64, const T*) [with T = sl_lidar_response_measurement_node_hq_t; _u64 = long unsigned int][m[K’:
[11.474s] [01m[K/home/wellyowo/locobot_sim/locobot_ws/src/ThirdParty/rplidar_ros/sdk/src/sl_lidar_driver.cpp:1648:42:[m[K   required from here
[11.478s] [01m[K/home/wellyowo/locobot_sim/locobot_ws/src/ThirdParty/rplidar_ros/sdk/src/sl_lidar_driver.cpp:202:28:[m[K [01;35m[Kwarning: [m[Kunused parameter ‘[01m[Ktimestamp_uS[m[K’ [[01;35m[K-Wunused-parameter[m[K]
[11.479s]   202 |         void pushNode([01;35m[K_u64 timestamp_uS[m[K, const T* node)
[11.480s]       |                       [01;35m[K~~~~~^~~~~~~~~~~~[m[K
[11.519s] In file included from [01m[K/home/wellyowo/locobot_sim/locobot_ws/src/ThirdParty/rplidar_ros/./sdk/include/sl_lidar_cmd.h:41[m[K,
[11.520s]                  from [01m[K/home/wellyowo/locobot_sim/locobot_ws/src/ThirdParty/rplidar_ros/./sdk/include/sl_lidar_driver.h:54[m[K,
[11.520s]                  from [01m[K/home/wellyowo/locobot_sim/locobot_ws/src/ThirdParty/rplidar_ros/sdk/src/sl_udp_channel.cpp:33[m[K:
[11.520s] [01m[K/home/wellyowo/locobot_sim/locobot_ws/src/ThirdParty/rplidar_ros/./sdk/include/sl_lidar_protocol.h:66:16:[m[K [01;35m[Kwarning: [m[KISO C++ forbids zero-size array ‘[01m[Kdata[m[K’ [[01;35m[K-Wpedantic[m[K]
[11.521s]    66 |     sl_u8 data[[01;35m[K0[m[K];
[11.521s]       |                [01;35m[K^[m[K
[11.524s] In file included from [01m[K/home/wellyowo/locobot_sim/locobot_ws/src/ThirdParty/rplidar_ros/./sdk/include/sl_lidar_driver.h:54[m[K,
[11.525s]                  from [01m[K/home/wellyowo/locobot_sim/locobot_ws/src/ThirdParty/rplidar_ros/sdk/src/sl_udp_channel.cpp:33[m[K:
[11.525s] [01m[K/home/wellyowo/locobot_sim/locobot_ws/src/ThirdParty/rplidar_ros/./sdk/include/sl_lidar_cmd.h:324:20:[m[K [01;35m[Kwarning: [m[KISO C++ forbids zero-size array ‘[01m[Kpayload[m[K’ [[01;35m[K-Wpedantic[m[K]
[11.525s]   324 |     sl_u8  payload[[01;35m[K0[m[K];
[11.525s]       |                    [01;35m[K^[m[K
[11.546s] [01m[K/home/wellyowo/locobot_sim/locobot_ws/src/ThirdParty/rplidar_ros/sdk/src/sl_udp_channel.cpp:[m[K In member function ‘[01m[Kvoid sl::UdpChannel::setStatus(_u32)[m[K’:
[11.546s] [01m[K/home/wellyowo/locobot_sim/locobot_ws/src/ThirdParty/rplidar_ros/sdk/src/sl_udp_channel.cpp:112:29:[m[K [01;35m[Kwarning: [m[Kunused parameter ‘[01m[Kflag[m[K’ [[01;35m[K-Wunused-parameter[m[K]
[11.547s]   112 |         void setStatus([01;35m[K_u32 flag[m[K){}
[11.547s]       |                        [01;35m[K~~~~~^~~~[m[K
[11.598s] [01m[K/home/wellyowo/locobot_sim/locobot_ws/src/ThirdParty/rplidar_ros/sdk/src/rplidar_driver.cpp:[m[K In member function ‘[01m[Ku_result rp::standalone::rplidar::RPlidarDriver::connect(const char*, _u32, _u32)[m[K’:
[11.599s] [01m[K/home/wellyowo/locobot_sim/locobot_ws/src/ThirdParty/rplidar_ros/sdk/src/rplidar_driver.cpp:67:77:[m[K [01;35m[Kwarning: [m[Kunused parameter ‘[01m[Kflag[m[K’ [[01;35m[K-Wunused-parameter[m[K]
[11.599s]    67 |     u_result RPlidarDriver::connect(const char *path, _u32 portOrBaud, [01;35m[K_u32 flag[m[K)
[11.599s]       |                                                                        [01;35m[K~~~~~^~~~[m[K
[11.600s] [01m[K/home/wellyowo/locobot_sim/locobot_ws/src/ThirdParty/rplidar_ros/sdk/src/rplidar_driver.cpp:[m[K In member function ‘[01m[Ku_result rp::standalone::rplidar::RPlidarDriver::reset(_u32)[m[K’:
[11.600s] [01m[K/home/wellyowo/locobot_sim/locobot_ws/src/ThirdParty/rplidar_ros/sdk/src/rplidar_driver.cpp:101:40:[m[K [01;35m[Kwarning: [m[Kunused parameter ‘[01m[Ktimeout[m[K’ [[01;35m[K-Wunused-parameter[m[K]
[11.600s]   101 |     u_result RPlidarDriver::reset([01;35m[K_u32 timeout[m[K)
[11.600s]       |                                   [01;35m[K~~~~~^~~~~~~[m[K
[11.600s] [01m[K/home/wellyowo/locobot_sim/locobot_ws/src/ThirdParty/rplidar_ros/sdk/src/rplidar_driver.cpp:[m[K In member function ‘[01m[Ku_result rp::standalone::rplidar::RPlidarDriver::getScanDataWithInterval(rplidar_response_measurement_node_t*, size_t&)[m[K’:
[11.600s] [01m[K/home/wellyowo/locobot_sim/locobot_ws/src/ThirdParty/rplidar_ros/sdk/src/rplidar_driver.cpp:180:91:[m[K [01;35m[Kwarning: [m[Kunused parameter ‘[01m[Knodebuffer[m[K’ [[01;35m[K-Wunused-parameter[m[K]
[11.600s]   180 |     u_result RPlidarDriver::getScanDataWithInterval([01;35m[Krplidar_response_measurement_node_t * nodebuffer[m[K, size_t & count)
[11.600s]       |                                                     [01;35m[K~~~~~~~~~~~~~~~~~~~~~~~~~~~~~~~~~~~~~~^~~~~~~~~~[m[K
[11.616s] [01m[K/home/wellyowo/locobot_sim/locobot_ws/src/ThirdParty/rplidar_ros/sdk/src/rplidar_driver.cpp:180:112:[m[K [01;35m[Kwarning: [m[Kunused parameter ‘[01m[Kcount[m[K’ [[01;35m[K-Wunused-parameter[m[K]
[11.617s]   180 |     u_result RPlidarDriver::getScanDataWithInterval(rplidar_response_measurement_node_t * nodebuffer, [01;35m[Ksize_t & count[m[K)
[11.623s]       |                                                                                                       [01;35m[K~~~~~~~~~^~~~~[m[K
[12.000s] In file included from [01m[K/home/wellyowo/locobot_sim/locobot_ws/src/ThirdParty/rplidar_ros/sdk/src/sl_async_transceiver.cpp:44[m[K:
[12.000s] [01m[K/home/wellyowo/locobot_sim/locobot_ws/src/ThirdParty/rplidar_ros/sdk/src/sl_async_transceiver.h:[m[K In member function ‘[01m[Kvirtual void sl::internal::IAsyncProtocolCodec::onChannelError(u_result)[m[K’:
[12.000s] [01m[K/home/wellyowo/locobot_sim/locobot_ws/src/ThirdParty/rplidar_ros/sdk/src/sl_async_transceiver.h:90:48:[m[K [01;35m[Kwarning: [m[Kunused parameter ‘[01m[KerrCode[m[K’ [[01;35m[K-Wunused-parameter[m[K]
[12.001s]    90 |         virtual void   onChannelError([01;35m[Ku_result errCode[m[K) {}
[12.001s]       |                                       [01;35m[K~~~~~~~~~^~~~~~~[m[K
[12.735s] [01m[K/home/wellyowo/locobot_sim/locobot_ws/src/ThirdParty/rplidar_ros/sdk/src/sl_lidar_driver.cpp:[m[K At global scope:
[12.739s] [01m[K/home/wellyowo/locobot_sim/locobot_ws/src/ThirdParty/rplidar_ros/sdk/src/sl_lidar_driver.cpp:83:17:[m[K [01;35m[Kwarning: [m[K‘[01m[Kvoid sl::convert(const sl_lidar_response_measurement_node_hq_t&, sl_lidar_response_measurement_node_t&)[m[K’ defined but not used [[01;35m[K-Wunused-function[m[K]
[12.740s]    83 |     static void [01;35m[Kconvert[m[K(const sl_lidar_response_measurement_node_hq_t& from, sl_lidar_response_measurement_node_t& to)
[12.740s]       |                 [01;35m[K^~~~~~~[m[K
[12.740s] [01m[K/home/wellyowo/locobot_sim/locobot_ws/src/ThirdParty/rplidar_ros/sdk/src/sl_lidar_driver.cpp:75:17:[m[K [01;35m[Kwarning: [m[K‘[01m[Kvoid sl::convert(const sl_lidar_response_measurement_node_t&, sl_lidar_response_measurement_node_hq_t&)[m[K’ defined but not used [[01;35m[K-Wunused-function[m[K]
[12.740s]    75 |     static void [01;35m[Kconvert[m[K(const sl_lidar_response_measurement_node_t& from, sl_lidar_response_measurement_node_hq_t& to)
[12.741s]       |                 [01;35m[K^~~~~~~[m[K
[12.741s] [01m[K/home/wellyowo/locobot_sim/locobot_ws/src/ThirdParty/rplidar_ros/sdk/src/sl_lidar_driver.cpp:70:17:[m[K [01;35m[Kwarning: [m[K‘[01m[Kvoid sl::printDeprecationWarn(const char*, const char*)[m[K’ defined but not used [[01;35m[K-Wunused-function[m[K]
[12.741s]    70 |     static void [01;35m[KprintDeprecationWarn[m[K(const char* fn, const char* replacement)
[12.741s]       |                 [01;35m[K^~~~~~~~~~~~~~~~~~~~[m[K
[12.744s] In file included from [01m[K/home/wellyowo/locobot_sim/locobot_ws/src/ThirdParty/rplidar_ros/sdk/src/sl_lidarprotocol_codec.cpp:49[m[K:
[12.744s] [01m[K/home/wellyowo/locobot_sim/locobot_ws/src/ThirdParty/rplidar_ros/sdk/src/sl_async_transceiver.h:[m[K In member function ‘[01m[Kvirtual void sl::internal::IAsyncProtocolCodec::onChannelError(u_result)[m[K’:
[12.744s] [01m[K/home/wellyowo/locobot_sim/locobot_ws/src/ThirdParty/rplidar_ros/sdk/src/sl_async_transceiver.h:90:48:[m[K [01;35m[Kwarning: [m[Kunused parameter ‘[01m[KerrCode[m[K’ [[01;35m[K-Wunused-parameter[m[K]
[12.744s]    90 |         virtual void   onChannelError([01;35m[Ku_result errCode[m[K) {}
[12.744s]       |                                       [01;35m[K~~~~~~~~~^~~~~~~[m[K
[27.383s] In file included from [01m[K/home/wellyowo/locobot_sim/locobot_ws/src/ThirdParty/rplidar_ros/./sdk/include/sl_lidar_cmd.h:41[m[K,
[27.383s]                  from [01m[K/home/wellyowo/locobot_sim/locobot_ws/src/ThirdParty/rplidar_ros/./sdk/include/sl_lidar_driver.h:54[m[K,
[27.384s]                  from [01m[K/home/wellyowo/locobot_sim/locobot_ws/src/ThirdParty/rplidar_ros/./sdk/include/sl_lidar.h:36[m[K,
[27.384s]                  from [01m[K/home/wellyowo/locobot_sim/locobot_ws/src/ThirdParty/rplidar_ros/src/rplidar_node.cpp:38[m[K:
[27.384s] [01m[K/home/wellyowo/locobot_sim/locobot_ws/src/ThirdParty/rplidar_ros/./sdk/include/sl_lidar_protocol.h:66:16:[m[K [01;35m[Kwarning: [m[KISO C++ forbids zero-size array ‘[01m[Kdata[m[K’ [[01;35m[K-Wpedantic[m[K]
[27.384s]    66 |     sl_u8 data[[01;35m[K0[m[K];
[27.384s]       |                [01;35m[K^[m[K
[27.384s] In file included from [01m[K/home/wellyowo/locobot_sim/locobot_ws/src/ThirdParty/rplidar_ros/./sdk/include/sl_lidar_driver.h:54[m[K,
[27.385s]                  from [01m[K/home/wellyowo/locobot_sim/locobot_ws/src/ThirdParty/rplidar_ros/./sdk/include/sl_lidar.h:36[m[K,
[27.385s]                  from [01m[K/home/wellyowo/locobot_sim/locobot_ws/src/ThirdParty/rplidar_ros/src/rplidar_node.cpp:38[m[K:
[27.385s] [01m[K/home/wellyowo/locobot_sim/locobot_ws/src/ThirdParty/rplidar_ros/./sdk/include/sl_lidar_cmd.h:324:20:[m[K [01;35m[Kwarning: [m[KISO C++ forbids zero-size array ‘[01m[Kpayload[m[K’ [[01;35m[K-Wpedantic[m[K]
[27.385s]   324 |     sl_u8  payload[[01;35m[K0[m[K];
[27.385s]       |                    [01;35m[K^[m[K
[28.514s] In file included from [01m[K/home/wellyowo/locobot_sim/locobot_ws/src/ThirdParty/rplidar_ros/./sdk/include/sl_lidar_cmd.h:41[m[K,
[28.515s]                  from [01m[K/home/wellyowo/locobot_sim/locobot_ws/src/ThirdParty/rplidar_ros/./sdk/include/sl_lidar_driver.h:54[m[K,
[28.515s]                  from [01m[K/home/wellyowo/locobot_sim/locobot_ws/src/ThirdParty/rplidar_ros/./sdk/include/sl_lidar.h:36[m[K,
[28.515s]                  from [01m[K/home/wellyowo/locobot_sim/locobot_ws/src/ThirdParty/rplidar_ros/src/rplidar_node.cpp:38[m[K:
[28.515s] [01m[K/home/wellyowo/locobot_sim/locobot_ws/src/ThirdParty/rplidar_ros/./sdk/include/sl_lidar_protocol.h:66:16:[m[K [01;35m[Kwarning: [m[KISO C++ forbids zero-size array ‘[01m[Kdata[m[K’ [[01;35m[K-Wpedantic[m[K]
[28.515s]    66 |     sl_u8 data[[01;35m[K0[m[K];
[28.518s]       |                [01;35m[K^[m[K
[28.518s] In file included from [01m[K/home/wellyowo/locobot_sim/locobot_ws/src/ThirdParty/rplidar_ros/./sdk/include/sl_lidar_driver.h:54[m[K,
[28.520s]                  from [01m[K/home/wellyowo/locobot_sim/locobot_ws/src/ThirdParty/rplidar_ros/./sdk/include/sl_lidar.h:36[m[K,
[28.520s]                  from [01m[K/home/wellyowo/locobot_sim/locobot_ws/src/ThirdParty/rplidar_ros/src/rplidar_node.cpp:38[m[K:
[28.521s] [01m[K/home/wellyowo/locobot_sim/locobot_ws/src/ThirdParty/rplidar_ros/./sdk/include/sl_lidar_cmd.h:324:20:[m[K [01;35m[Kwarning: [m[KISO C++ forbids zero-size array ‘[01m[Kpayload[m[K’ [[01;35m[K-Wpedantic[m[K]
[28.521s]   324 |     sl_u8  payload[[01;35m[K0[m[K];
[28.521s]       |                    [01;35m[K^[m[K
[40.841s] [ 94%] [32m[1mLinking CXX executable rplidar_composition[0m
[41.196s] [ 97%] [32m[1mLinking CXX executable rplidar_node[0m
[42.805s] [ 97%] Built target rplidar_composition
[43.212s] [ 97%] Built target rplidar_node
[55.643s] [100%] [32m[1mLinking CXX executable rplidar_client[0m
[58.113s] [100%] Built target rplidar_client
[58.183s] Invoked command in '/home/wellyowo/locobot_sim/locobot_ws/build/rplidar_ros' returned '0': CMAKE_PREFIX_PATH=/opt/ros/humble /usr/bin/cmake --build /home/wellyowo/locobot_sim/locobot_ws/build/rplidar_ros -- -j16 -l16
[58.186s] Invoking command in '/home/wellyowo/locobot_sim/locobot_ws/build/rplidar_ros': CMAKE_PREFIX_PATH=/opt/ros/humble /usr/bin/cmake --install /home/wellyowo/locobot_sim/locobot_ws/build/rplidar_ros
[63.053s] -- Install configuration: ""
[63.053s] -- Execute custom install script
[63.053s] -- Symlinking: /home/wellyowo/locobot_sim/locobot_ws/install/rplidar_ros/share/rplidar_ros/launch/rplidar_a1_launch.py
[63.053s] -- Symlinking: /home/wellyowo/locobot_sim/locobot_ws/install/rplidar_ros/share/rplidar_ros/launch/rplidar_a2m12_launch.py
[63.053s] -- Symlinking: /home/wellyowo/locobot_sim/locobot_ws/install/rplidar_ros/share/rplidar_ros/launch/rplidar_a2m7_launch.py
[63.053s] -- Symlinking: /home/wellyowo/locobot_sim/locobot_ws/install/rplidar_ros/share/rplidar_ros/launch/rplidar_a2m8_launch.py
[63.053s] -- Symlinking: /home/wellyowo/locobot_sim/locobot_ws/install/rplidar_ros/share/rplidar_ros/launch/rplidar_a3_launch.py
[63.053s] -- Symlinking: /home/wellyowo/locobot_sim/locobot_ws/install/rplidar_ros/share/rplidar_ros/launch/rplidar_c1_launch.py
[63.053s] -- Symlinking: /home/wellyowo/locobot_sim/locobot_ws/install/rplidar_ros/share/rplidar_ros/launch/rplidar_s1_launch.py
[63.053s] -- Symlinking: /home/wellyowo/locobot_sim/locobot_ws/install/rplidar_ros/share/rplidar_ros/launch/rplidar_s1_tcp_launch.py
[63.053s] -- Symlinking: /home/wellyowo/locobot_sim/locobot_ws/install/rplidar_ros/share/rplidar_ros/launch/rplidar_s2_launch.py
[63.053s] -- Symlinking: /home/wellyowo/locobot_sim/locobot_ws/install/rplidar_ros/share/rplidar_ros/launch/rplidar_s2e_launch.py
[63.053s] -- Symlinking: /home/wellyowo/locobot_sim/locobot_ws/install/rplidar_ros/share/rplidar_ros/launch/rplidar_s3_launch.py
[63.061s] -- Symlinking: /home/wellyowo/locobot_sim/locobot_ws/install/rplidar_ros/share/rplidar_ros/launch/rplidar_t1_launch.py
[63.061s] -- Symlinking: /home/wellyowo/locobot_sim/locobot_ws/install/rplidar_ros/share/rplidar_ros/launch/view_rplidar_a1_launch.py
[63.061s] -- Symlinking: /home/wellyowo/locobot_sim/locobot_ws/install/rplidar_ros/share/rplidar_ros/launch/view_rplidar_a2m12_launch.py
[63.061s] -- Symlinking: /home/wellyowo/locobot_sim/locobot_ws/install/rplidar_ros/share/rplidar_ros/launch/view_rplidar_a2m7_launch.py
[63.061s] -- Symlinking: /home/wellyowo/locobot_sim/locobot_ws/install/rplidar_ros/share/rplidar_ros/launch/view_rplidar_a2m8_launch.py
[63.061s] -- Symlinking: /home/wellyowo/locobot_sim/locobot_ws/install/rplidar_ros/share/rplidar_ros/launch/view_rplidar_a3_launch.py
[63.061s] -- Symlinking: /home/wellyowo/locobot_sim/locobot_ws/install/rplidar_ros/share/rplidar_ros/launch/view_rplidar_c1_launch.py
[63.062s] -- Symlinking: /home/wellyowo/locobot_sim/locobot_ws/install/rplidar_ros/share/rplidar_ros/launch/view_rplidar_s1_launch.py
[63.062s] -- Symlinking: /home/wellyowo/locobot_sim/locobot_ws/install/rplidar_ros/share/rplidar_ros/launch/view_rplidar_s1_tcp_launch.py
[63.062s] -- Symlinking: /home/wellyowo/locobot_sim/locobot_ws/install/rplidar_ros/share/rplidar_ros/launch/view_rplidar_s2_launch.py
[63.062s] -- Symlinking: /home/wellyowo/locobot_sim/locobot_ws/install/rplidar_ros/share/rplidar_ros/launch/view_rplidar_s2e_launch.py
[63.062s] -- Symlinking: /home/wellyowo/locobot_sim/locobot_ws/install/rplidar_ros/share/rplidar_ros/launch/view_rplidar_s3_launch.py
[63.062s] -- Symlinking: /home/wellyowo/locobot_sim/locobot_ws/install/rplidar_ros/share/rplidar_ros/launch/view_rplidar_t1_launch.py
[63.062s] -- Symlinking: /home/wellyowo/locobot_sim/locobot_ws/install/rplidar_ros/share/rplidar_ros/rviz/rplidar_ros.rviz
[63.062s] -- Symlinking: /home/wellyowo/locobot_sim/locobot_ws/install/rplidar_ros/lib/rplidar_ros/rplidar_node
[63.062s] -- Symlinking: /home/wellyowo/locobot_sim/locobot_ws/install/rplidar_ros/lib/rplidar_ros/rplidar_composition
[63.062s] -- Symlinking: /home/wellyowo/locobot_sim/locobot_ws/install/rplidar_ros/lib/rplidar_ros/rplidar_client
[63.062s] -- Symlinking: /home/wellyowo/locobot_sim/locobot_ws/install/rplidar_ros/share/ament_index/resource_index/package_run_dependencies/rplidar_ros
[63.062s] -- Symlinking: /home/wellyowo/locobot_sim/locobot_ws/install/rplidar_ros/share/ament_index/resource_index/parent_prefix_path/rplidar_ros
[63.072s] -- Symlinking: /home/wellyowo/locobot_sim/locobot_ws/install/rplidar_ros/share/rplidar_ros/environment/ament_prefix_path.sh
[63.072s] -- Symlinking: /home/wellyowo/locobot_sim/locobot_ws/install/rplidar_ros/share/rplidar_ros/environment/ament_prefix_path.dsv
[63.072s] -- Symlinking: /home/wellyowo/locobot_sim/locobot_ws/install/rplidar_ros/share/rplidar_ros/environment/path.sh
[63.073s] -- Symlinking: /home/wellyowo/locobot_sim/locobot_ws/install/rplidar_ros/share/rplidar_ros/environment/path.dsv
[63.086s] -- Symlinking: /home/wellyowo/locobot_sim/locobot_ws/install/rplidar_ros/share/rplidar_ros/local_setup.bash
[63.086s] -- Symlinking: /home/wellyowo/locobot_sim/locobot_ws/install/rplidar_ros/share/rplidar_ros/local_setup.sh
[63.086s] -- Symlinking: /home/wellyowo/locobot_sim/locobot_ws/install/rplidar_ros/share/rplidar_ros/local_setup.zsh
[63.086s] -- Symlinking: /home/wellyowo/locobot_sim/locobot_ws/install/rplidar_ros/share/rplidar_ros/local_setup.dsv
[63.087s] -- Symlinking: /home/wellyowo/locobot_sim/locobot_ws/install/rplidar_ros/share/rplidar_ros/package.dsv
[63.087s] -- Symlinking: /home/wellyowo/locobot_sim/locobot_ws/install/rplidar_ros/share/ament_index/resource_index/packages/rplidar_ros
[63.087s] -- Symlinking: /home/wellyowo/locobot_sim/locobot_ws/install/rplidar_ros/share/rplidar_ros/cmake/ament_cmake_export_dependencies-extras.cmake
[63.087s] -- Symlinking: /home/wellyowo/locobot_sim/locobot_ws/install/rplidar_ros/share/rplidar_ros/cmake/ament_cmake_export_include_directories-extras.cmake
[63.087s] -- Symlinking: /home/wellyowo/locobot_sim/locobot_ws/install/rplidar_ros/share/rplidar_ros/cmake/rplidar_rosConfig.cmake
[63.087s] -- Symlinking: /home/wellyowo/locobot_sim/locobot_ws/install/rplidar_ros/share/rplidar_ros/cmake/rplidar_rosConfig-version.cmake
[63.087s] -- Symlinking: /home/wellyowo/locobot_sim/locobot_ws/install/rplidar_ros/share/rplidar_ros/package.xml
[63.131s] Invoked command in '/home/wellyowo/locobot_sim/locobot_ws/build/rplidar_ros' returned '0': CMAKE_PREFIX_PATH=/opt/ros/humble /usr/bin/cmake --install /home/wellyowo/locobot_sim/locobot_ws/build/rplidar_ros
